el_for_eng:S0001L01B01	I want	θέλω να	f0d0a68d-c993-43dd-90fc-945c16847e7e
el_for_eng:S0001L02B01	to speak	μιλάω	c42cd1a7-26b1-448e-ac93-d4e90518fe5c
el_for_eng:S0001L02U01	I want to speak	θέλω να μιλάω	9a224d8d-2abd-423b-9609-34f8c5091d1a
el_for_eng:S0001L03B01	to speak Greek	μιλάω ελληνικά	197c7208-ec78-40e6-a107-adf12017dd17
el_for_eng:S0001L03U01	I want to speak Greek	θέλω να μιλάω ελληνικά	f7a2b36f-17b7-4e8b-a50d-68d97310e061
el_for_eng:S0001L04B01	to speak with you	μιλάω μαζί σου	d6915689-fb00-4f01-b1d7-13e26b91b9a9
el_for_eng:S0001L04U01	I want to speak Greek with you	θέλω να μιλάω ελληνικά μαζί σου	a54a05d6-538f-49eb-b6c1-b6394fee7ea2
el_for_eng:S0001L04U02	I want to speak with you	θέλω να μιλάω μαζί σου	37e9d867-7255-4081-b833-d72c39dab8f5
el_for_eng:S0001L05B01	to speak Greek now	μιλάω ελληνικά τώρα	be4ff13e-6166-4296-9c2b-d58d04e3fe95
el_for_eng:S0001L05B02	to speak with you now	μιλάω μαζί σου τώρα	92129138-ed73-474b-8641-12ef1564b47f
el_for_eng:S0001L05U01	I want to speak Greek with you now	θέλω να μιλάω ελληνικά μαζί σου τώρα	61a5e802-c54b-4809-b6dc-c429265c5d55
el_for_eng:S0001L05U02	I want to speak Greek now	θέλω να μιλάω ελληνικά τώρα	1dc0fa65-3ef5-4c56-8bd6-c5beb7154be9
el_for_eng:S0001L05U03	I want to speak with you now	θέλω να μιλάω μαζί σου τώρα	b71b894f-7741-425e-b286-5f2a5d38efd0
el_for_eng:S0001L05U04	I want to speak now	θέλω να μιλάω τώρα	c91e335d-aeb4-4678-9436-a85b044ba967
el_for_eng:S0001L05U05	I want to speak with you in Greek now	θέλω να μιλάω μαζί σου ελληνικά τώρα	858f6c21-b420-4789-a6f1-616707e4c8e8
el_for_eng:S0002L01B01	I'm trying to speak	προσπαθώ να μιλάω	444f450a-4936-4b63-97f0-7f07bb6031bc
el_for_eng:S0002L01U01	I'm trying to speak Greek with you	προσπαθώ να μιλάω ελληνικά μαζί σου	4ef4c8d2-8521-4dee-906c-977688e19b99
el_for_eng:S0002L01U02	I'm trying to speak Greek now	προσπαθώ να μιλάω ελληνικά τώρα	d0c62fe1-8d04-4565-a40a-0c2ae120921c
el_for_eng:S0002L01U03	I'm trying to speak with you now	προσπαθώ να μιλάω μαζί σου τώρα	41d65a73-becf-48b8-8c2f-ff2e3f1d9c2f
el_for_eng:S0002L02B01	I'm trying to learn	προσπαθώ να μάθω	eeb1a96a-e17a-4a4e-a93a-41848afd0781
el_for_eng:S0002L02B02	I want to learn	θέλω να μάθω	c3f37ff9-f195-48fe-b6fd-84eede06dac0
el_for_eng:S0002L02B03	I'm trying to learn Greek	προσπαθώ να μάθω ελληνικά	1efcad3a-069b-432a-af24-28e03fa8edc2
el_for_eng:S0002L02U01	I want to learn Greek with you	θέλω να μάθω ελληνικά μαζί σου	c064871f-5051-4d2d-9f5d-0b74ff891e40
el_for_eng:S0002L02U02	I'm trying to learn Greek now	προσπαθώ να μάθω ελληνικά τώρα	406df94f-a5b0-45a8-bc1d-fa5df6831114
el_for_eng:S0002L02U03	I'm trying to learn Greek with you now	προσπαθώ να μάθω ελληνικά μαζί σου τώρα	cd0bfe2c-cc5b-4f95-8b94-3737db8740f7
el_for_eng:S0002L02U04	I want to learn Greek now	θέλω να μάθω ελληνικά τώρα	adb9fd55-848c-4027-8263-55302d560136
el_for_eng:S0002L02U05	I want to learn Greek with you now	θέλω να μάθω ελληνικά μαζί σου τώρα	42104632-ba8c-4d60-b7e1-4bca4344cb78
el_for_eng:S0003L01B01	how to speak	πώς να μιλάω	a358638e-529b-4769-b47c-a81cf9ca2bbb
el_for_eng:S0003L01B02	how to learn	πώς να μάθω	653949f9-d7a2-40cb-9101-8bbca6e5f919
el_for_eng:S0003L01U01	I want to learn how to speak Greek	θέλω να μάθω πώς να μιλάω ελληνικά	7d8829c6-13d8-4765-a599-2dd6d377306f
el_for_eng:S0003L01U02	I'm trying to learn how to speak Greek	προσπαθώ να μάθω πώς να μιλάω ελληνικά	792052e4-df67-49ec-880b-436d52a65a54
el_for_eng:S0003L01U03	I want to learn how to speak with you	θέλω να μάθω πώς να μιλάω μαζί σου	23da87cc-e8aa-47ff-864e-27dc6d9aa6ee
el_for_eng:S0003L01U04	I'm trying to learn how to speak Greek now	προσπαθώ να μάθω πώς να μιλάω ελληνικά τώρα	3078790a-43d8-4802-a4fd-ca9430b3a2e0
el_for_eng:S0003L01U05	I want to learn how to speak Greek with you	θέλω να μάθω πώς να μιλάω ελληνικά μαζί σου	fb818b8e-6b8a-49a7-b129-1d684ff3d78c
el_for_eng:S0003L02B01	to speak often	μιλάω συχνά	80d4a38a-f447-4557-ba02-f56331f11f3f
el_for_eng:S0003L02B02	I want to speak often	θέλω να μιλάω συχνά	e5c4bd45-0021-43e8-a1e2-b557b4999c37
el_for_eng:S0003L02B03	I'm trying to speak often	προσπαθώ να μιλάω συχνά	e92b2e81-cead-40bb-8a2e-48a1f68bb30e
el_for_eng:S0003L02U01	I want to speak Greek often	θέλω να μιλάω ελληνικά συχνά	6623700f-921e-4419-b5f4-21c7211e406e
el_for_eng:S0003L02U02	I'm trying to speak Greek often now	προσπαθώ να μιλάω ελληνικά συχνά τώρα	be1a2286-bc90-421b-9d82-118cd32ab358
el_for_eng:S0003L02U03	I want to speak with you often	θέλω να μιλάω μαζί σου συχνά	f378daaf-cf51-4c6b-a2cb-8dab5f4d0638
el_for_eng:S0003L02U04	I want to speak Greek with you often	θέλω να μιλάω ελληνικά μαζί σου συχνά	cd273ad1-dc66-4e75-85d0-e0f1f6f4bfea
el_for_eng:S0003L02U05	I'm trying to speak with you often now	προσπαθώ να μιλάω μαζί σου συχνά τώρα	a487d217-4211-4393-b36d-78a3aba68aed
el_for_eng:S0003L03B01	as often as possible	όσο πιο συχνά γίνεται	2e924c67-c49f-49c6-a831-cb18ea673e64
el_for_eng:S0003L03B02	to speak as often as possible	μιλάω όσο πιο συχνά γίνεται	8513ec27-ca43-499a-8295-9de9076ff37d
el_for_eng:S0003L03B03	I want to speak as often as possible	θέλω να μιλάω όσο πιο συχνά γίνεται	d752ca03-af9e-45d0-a5c8-6c1c416e2ce9
el_for_eng:S0003L03U01	I want to speak Greek as often as possible	θέλω να μιλάω ελληνικά όσο πιο συχνά γίνεται	fe22fb73-6a51-406d-a824-8e73d2ae4382
el_for_eng:S0003L03U02	I'm trying to speak Greek as often as possible	προσπαθώ να μιλάω ελληνικά όσο πιο συχνά γίνεται	cddc2ce9-d2cf-42bc-93bb-9ecb256bdb98
el_for_eng:S0003L03U03	I want to speak with you as often as possible	θέλω να μιλάω μαζί σου όσο πιο συχνά γίνεται	c398b51f-bc44-4743-a6be-92d5cc8084fc
el_for_eng:S0003L03U04	I want to learn Greek as often as possible	θέλω να μάθω ελληνικά όσο πιο συχνά γίνεται	355612a4-f29c-4b44-8dac-0eadfff5183b
el_for_eng:S0003L03U05	I'm trying to speak Greek with you as often as possible	προσπαθώ να μιλάω ελληνικά μαζί σου όσο πιο συχνά γίνεται	61176c70-1cb3-4a87-81ba-8c19855083d0
el_for_eng:S0003L03U06	I want to speak Greek with you as often as possible	θέλω να μιλάω ελληνικά μαζί σου όσο πιο συχνά γίνεται	63246844-27e6-41f8-b0f9-3ebb095c82c7
el_for_eng:S0004L01B01	how to say	πώς να λέω	b488af57-ff6c-46b8-8b87-50f1138668f2
el_for_eng:S0004L01B02	I want to say	θέλω να λέω	9e069408-1b90-42a8-b610-96e523b63266
el_for_eng:S0004L01B03	I'm trying to say	προσπαθώ να λέω	753c3aa6-1f9e-41b5-aea2-8f1d041511a8
el_for_eng:S0004L01U01	I want to learn how to say things in Greek	θέλω να μάθω πώς να λέω ελληνικά	80770e04-dbfb-44b4-a512-64851c4834b4
el_for_eng:S0004L01U02	I'm trying to learn how to say things often	προσπαθώ να μάθω πώς να λέω συχνά	916b4b0d-63a8-42c8-8eb8-ee17b8006139
el_for_eng:S0004L01U03	I want to say things with you now	θέλω να λέω μαζί σου τώρα	605f0d1b-c4a9-4e00-ae06-173514b5273e
el_for_eng:S0004L01U04	I'm trying to say things in Greek now	προσπαθώ να λέω ελληνικά τώρα	837bd339-544a-4047-a11a-57afca396919
el_for_eng:S0004L01U05	I want to say things in Greek as often as possible	θέλω να λέω ελληνικά όσο πιο συχνά γίνεται	e920d40a-ce16-4d6e-81e2-e83bfc69569c
el_for_eng:S0004L02B01	to say something	λέω κάτι	23c1ddb2-360b-4b9b-b1fc-45c76bec29e2
el_for_eng:S0004L02B02	I want to say something	θέλω να λέω κάτι	e31ed9ff-9351-4e5d-b8b2-1b11b9517434
el_for_eng:S0004L02B03	how to say something	πώς να λέω κάτι	405ff9e0-c7a8-46b3-89b2-2f42c9d43e03
el_for_eng:S0004L02U01	I want to say something now	θέλω να λέω κάτι τώρα	91393080-40f9-4057-b239-18e15acb0e2a
el_for_eng:S0004L02U02	I'm trying to say something in Greek	προσπαθώ να λέω κάτι ελληνικά	252ee8b7-dd6d-4a86-b49b-b7729b8e30e9
el_for_eng:S0004L02U03	I want to say something with you	θέλω να λέω κάτι μαζί σου	4a0e63d1-2ba7-4d8a-9c44-b1803ebe7d8e
el_for_eng:S0004L02U04	I want to learn how to say something	θέλω να μάθω πώς να λέω κάτι	71627004-6d6e-47fe-a5f1-012aab9a11b0
el_for_eng:S0004L02U05	I'm trying to say something often	προσπαθώ να λέω κάτι συχνά	c7fc338a-0f45-414d-81ed-bc916a4f0d6c
el_for_eng:S0004L03B01	in Greek	στα ελληνικά	a0d0f8fa-b39d-4c3d-be14-be8117ace270
el_for_eng:S0004L03B02	to say something in Greek	λέω κάτι στα ελληνικά	a6d0c1be-f09b-4525-8a3d-65d8f36bec43
el_for_eng:S0004L03B03	I want to say something in Greek	θέλω να λέω κάτι στα ελληνικά	1a4de512-2048-4534-8654-be2e49a9d9f0
el_for_eng:S0004L03B04	to speak in Greek	μιλάω στα ελληνικά	ea51d000-5c20-45ac-8c57-e8e9c11051bb
el_for_eng:S0004L03C01	Greek	ελληνικά	9cb1839d-a59d-415e-bcab-392d1484f639
el_for_eng:S0004L03U01	I want to say something in Greek now	θέλω να λέω κάτι στα ελληνικά τώρα	f0f51a6c-55c7-4fac-9892-f57c2f93e86d
el_for_eng:S0004L03U02	I'm trying to speak in Greek as often as possible	προσπαθώ να μιλάω στα ελληνικά όσο πιο συχνά γίνεται	0ea04122-6ae8-4f3b-8dcd-8b9d31b892e3
el_for_eng:S0004L03U03	I want to speak in Greek with you	θέλω να μιλάω στα ελληνικά μαζί σου	d7f94ac9-9fcf-4c0a-ae62-5dc63ba9bdfc
el_for_eng:S0004L03U04	I want to say something in Greek with you now	θέλω να λέω κάτι στα ελληνικά μαζί σου τώρα	54ac3bb0-d0da-4d86-a91f-c137bf1c172e
el_for_eng:S0004L03U05	I'm trying to learn how to say something in Greek	προσπαθώ να μάθω πώς να λέω κάτι στα ελληνικά	dcf01ff9-d334-4954-97b1-85cee7daadad
el_for_eng:S0004L03U06	I want to speak in Greek as often as possible	θέλω να μιλάω στα ελληνικά όσο πιο συχνά γίνεται	761c54f4-76c0-470f-9eff-0114a07aa9d6
el_for_eng:S0005L01B01	I'm going to practise	θα εξασκηθώ να	7c71592b-4f65-45a9-86a2-66f5d953cd05
el_for_eng:S0005L01B02	I'm going to practise speaking	θα εξασκηθώ να μιλάω	4ae4c2de-6966-490e-ba97-6fb9cbf46242
el_for_eng:S0005L01B03	I'm going to practise speaking Greek	θα εξασκηθώ να μιλάω ελληνικά	a9b446b1-2dc1-46eb-9022-4d9e2e429c15
el_for_eng:S0005L01B04	I'm going to practise saying something	θα εξασκηθώ να λέω κάτι	ea93ea01-7930-420c-b84a-6f276b3696e4
el_for_eng:S0005L01C01	practise	εξασκηθώ	0e25f989-acfc-44d4-94b9-c059caf5b366
el_for_eng:S0005L01U01	I'm going to practise speaking Greek now	θα εξασκηθώ να μιλάω ελληνικά τώρα	ab133055-ebfd-40fa-af9a-710868f02ffc
el_for_eng:S0005L01U02	I'm going to practise speaking in Greek as often as possible	θα εξασκηθώ να μιλάω στα ελληνικά όσο πιο συχνά γίνεται	41aeafaa-4f71-4b84-a0c6-3459a5043038
el_for_eng:S0005L01U03	I'm going to practise speaking Greek with you	θα εξασκηθώ να μιλάω ελληνικά μαζί σου	7ea9d3f4-825c-4576-88e1-e859a130f9ce
el_for_eng:S0005L01U04	I'm going to practise saying something in Greek	θα εξασκηθώ να λέω κάτι στα ελληνικά	5c4143b8-f95e-4d78-8cbf-1697a7d9466e
el_for_eng:S0005L01U05	I'm going to practise speaking Greek with you now	θα εξασκηθώ να μιλάω ελληνικά μαζί σου τώρα	49c3ff71-c7f1-4346-8f28-b7a65b704610
el_for_eng:S0005L01U06	I'm going to practise saying something in Greek with you	θα εξασκηθώ να λέω κάτι στα ελληνικά μαζί σου	a21e33b7-0c4b-4548-9241-477372b98fe8
el_for_eng:S0005L02B01	with someone else	με κάποιον άλλο	5a5b1912-5e42-4625-9cc8-e141ca03c0bd
el_for_eng:S0005L02B02	to speak with someone else	μιλάω με κάποιον άλλο	0d93f6cb-e018-4dc0-a62d-5940a522eb12
el_for_eng:S0005L02B03	to say something with someone else	λέω κάτι με κάποιον άλλο	f7c65df5-a471-4eef-ad65-cb62344e6d77
el_for_eng:S0005L02B04	I'm going to practise speaking with someone else	θα εξασκηθώ να μιλάω με κάποιον άλλο	0290cfa1-e78d-442b-b744-d4317cdcc830
el_for_eng:S0005L02U01	I'm going to practise speaking with someone else now	θα εξασκηθώ να μιλάω με κάποιον άλλο τώρα	fd5ed5f8-adb5-4a4d-9906-3b1e28da7419
el_for_eng:S0005L02U02	I want to speak Greek with someone else	θέλω να μιλάω ελληνικά με κάποιον άλλο	6aa609b3-9cc9-453b-ae98-7162858bc7fa
el_for_eng:S0005L02U03	I'm trying to speak Greek with someone else as often as possible	προσπαθώ να μιλάω ελληνικά με κάποιον άλλο όσο πιο συχνά γίνεται	806b7b77-9fc1-4d5a-a7ff-55c6998d33fa
el_for_eng:S0005L02U04	I'm going to practise speaking in Greek with someone else	θα εξασκηθώ να μιλάω στα ελληνικά με κάποιον άλλο	5671b3b1-6729-4201-9e37-e00609db052d
el_for_eng:S0005L02U05	I want to speak Greek with someone else now	θέλω να μιλάω ελληνικά με κάποιον άλλο τώρα	dcda771a-7aec-4500-9e87-0647c401844d
el_for_eng:S0005L02U06	I want to say something in Greek to someone else	θέλω να λέω κάτι στα ελληνικά με κάποιον άλλο	68f1d579-c96e-4b67-a3f1-a989beb4a318
el_for_eng:S0006L01B01	I'm trying to remember	προσπαθώ να θυμηθώ	7c79ee93-5e06-4ef5-9a07-d6d82a07d2c9
el_for_eng:S0006L01B02	I want to remember	θέλω να θυμηθώ	29fc732c-b5e2-41b4-bfb8-673b0b258f92
el_for_eng:S0006L01B03	I'm trying to remember something	προσπαθώ να θυμηθώ κάτι	80c466a6-b620-468d-9312-99b7c9c5778c
el_for_eng:S0006L01U01	I'm trying to remember something in Greek	προσπαθώ να θυμηθώ κάτι στα ελληνικά	a49247a4-d6eb-47c8-a126-04422fa62f72
el_for_eng:S0006L01U02	I want to remember how to say something in Greek	θέλω να θυμηθώ πώς να λέω κάτι στα ελληνικά	9fbe3eba-3ee3-4146-857b-2442259e6343
el_for_eng:S0006L01U03	I'm trying to remember how to speak Greek	προσπαθώ να θυμηθώ πώς να μιλάω ελληνικά	65b0f1f3-8dfe-4b02-80f5-693301ce859c
el_for_eng:S0006L01U04	I want to remember something now	θέλω να θυμηθώ κάτι τώρα	0896ef39-09cd-48bf-b837-2f8dc8c94d65
el_for_eng:S0006L01U05	I want to remember something in Greek with you	θέλω να θυμηθώ κάτι στα ελληνικά μαζί σου	bc73a0d1-7166-497e-940d-ffcebd7f1a33
el_for_eng:S0006L01U06	I'm trying to remember how to say something with someone else	προσπαθώ να θυμηθώ πώς να λέω κάτι με κάποιον άλλο	d79e1cfb-67b7-4b0e-a030-50caeb7058c7
el_for_eng:S0006L02B01	I'm trying to remember a word	προσπαθώ να θυμηθώ μια λέξη	194edbda-fc02-497b-bd61-9e5f1408735f
el_for_eng:S0006L02B02	I want to remember a word	θέλω να θυμηθώ μια λέξη	dca71237-0baf-4572-8825-d6530bcfc454
el_for_eng:S0006L02B03	how to say a word in Greek	πώς να λέω μια λέξη στα ελληνικά	49c93d5d-adeb-49b1-9635-cf50001ecf91
el_for_eng:S0006L02U01	I'm trying to remember a word in Greek	προσπαθώ να θυμηθώ μια λέξη στα ελληνικά	bd051ebe-e8aa-491a-a553-23dac24556a0
el_for_eng:S0006L02U02	I want to say a word in Greek now	θέλω να λέω μια λέξη στα ελληνικά τώρα	9c44594f-3b63-434a-8590-ffe77572ea0b
el_for_eng:S0006L02U03	I'm going to practise saying a word in Greek	θα εξασκηθώ να λέω μια λέξη στα ελληνικά	9b6b8125-07f0-4d1d-b6c5-06f71a1aef7b
el_for_eng:S0006L02U04	I want to remember a word now	θέλω να θυμηθώ μια λέξη τώρα	6aa77e9f-9cea-428d-90e6-a44d403d2c7d
el_for_eng:S0006L02U05	I'm trying to remember a Greek word with you	προσπαθώ να θυμηθώ μια λέξη στα ελληνικά μαζί σου	4503ef66-6c2b-4cb9-8428-ebff05d67f0f
el_for_eng:S0006L02U06	I want to say a word in Greek as often as possible	θέλω να λέω μια λέξη στα ελληνικά όσο πιο συχνά γίνεται	152e66af-a91a-4467-b602-d96c212fde74
el_for_eng:S0007L01B01	I want to try	θέλω να προσπαθήσω	00f9cd6f-16ac-42fc-8a6e-341cd22c384e
el_for_eng:S0007L01B02	I want to try now	θέλω να προσπαθήσω τώρα	90a3eb54-4f74-4173-ae22-22aeb7250895
el_for_eng:S0007L01B03	I want to try with you	θέλω να προσπαθήσω μαζί σου	5274bc8d-8654-4538-bab0-b4ce9a160add
el_for_eng:S0007L01U01	I want to try with you now	θέλω να προσπαθήσω μαζί σου τώρα	2a3d6c23-892f-4e40-bc07-3b7b49b5a149
el_for_eng:S0007L01U02	I want to try with someone else now	θέλω να προσπαθήσω με κάποιον άλλο τώρα	c6b39504-15fb-42bf-b83a-53a7ba652388
el_for_eng:S0007L01U03	I want to try something in Greek	θέλω να προσπαθήσω κάτι στα ελληνικά	a4606196-9469-464f-a26e-187fc00badda
el_for_eng:S0007L01U04	I want to try something with you	θέλω να προσπαθήσω κάτι μαζί σου	6670439a-636e-47df-a4e4-9a32c2e21962
el_for_eng:S0007L01U05	I want to try something in Greek with you now	θέλω να προσπαθήσω κάτι στα ελληνικά μαζί σου τώρα	bf646a1c-ff05-4499-a3a3-efc32c41709a
el_for_eng:S0007L02B01	as much as I can	όσο μπορώ	189c2d75-e07c-4dd7-8286-c7d1ab5cbfc8
el_for_eng:S0007L02B02	I want to try as much as I can	θέλω να προσπαθήσω όσο μπορώ	23da2929-213b-461f-b349-59c987167acb
el_for_eng:S0007L02B03	to speak as much as I can	μιλάω όσο μπορώ	b0bee911-3267-4eb3-98d2-f38439df50b1
el_for_eng:S0007L02B04	to learn as much as I can	μάθω όσο μπορώ	c64f2f33-cfb7-4d19-a8ff-c7a5cc3e9256
el_for_eng:S0007L02U01	I want to try as much as I can now	θέλω να προσπαθήσω όσο μπορώ τώρα	1ac46519-1d81-4dd0-8e22-90536189712a
el_for_eng:S0007L02U02	I want to speak Greek as much as I can	θέλω να μιλάω ελληνικά όσο μπορώ	f8cd2dc4-0b52-47c0-a0d9-db1cf502d7da
el_for_eng:S0007L02U03	I'm trying to speak Greek as much as I can	προσπαθώ να μιλάω ελληνικά όσο μπορώ	ab0eade9-6b20-4eae-a9b7-5959e569ada3
el_for_eng:S0007L02U04	I want to learn as much as I can now	θέλω να μάθω όσο μπορώ τώρα	c74ece3d-26cf-41bf-a8ff-532225017d53
el_for_eng:S0007L02U05	I want to try as much as I can with you	θέλω να προσπαθήσω όσο μπορώ μαζί σου	67882406-0871-4cd8-8f71-2a3f182aa69b
el_for_eng:S0007L02U06	I'm going to practise speaking Greek as much as I can	θα εξασκηθώ να μιλάω ελληνικά όσο μπορώ	909ae718-db95-42e3-ba0c-917a514e9889
el_for_eng:S0007L03B01	I want to try today	θέλω να προσπαθήσω σήμερα	ad6f9038-df1e-44d6-b5f4-06e9ed7bca30
el_for_eng:S0007L03B02	I want to try as much as I can today	θέλω να προσπαθήσω όσο μπορώ σήμερα	be8fc065-e210-4dca-8c2c-6955ee49ff16
el_for_eng:S0007L03B03	I'm trying to speak Greek today	προσπαθώ να μιλάω ελληνικά σήμερα	5186356a-1473-41a3-8753-d28277e38dc3
el_for_eng:S0007L03U01	I want to speak Greek today	θέλω να μιλάω ελληνικά σήμερα	85bf0bdb-19ac-4c09-9e6e-293893fbb7b0
el_for_eng:S0007L03U02	I'm going to practise speaking Greek today	θα εξασκηθώ να μιλάω ελληνικά σήμερα	61ce6206-5b82-4f25-ab8a-1ff88a9aa041
el_for_eng:S0007L03U03	I'm trying to learn Greek today	προσπαθώ να μάθω ελληνικά σήμερα	baa1a43f-d2d4-4a4a-acab-5d305161688a
el_for_eng:S0007L03U04	I want to say something in Greek today	θέλω να λέω κάτι στα ελληνικά σήμερα	8ebf8775-acd3-4b8b-bbed-bb64d2c71516
el_for_eng:S0007L03U05	I want to speak with you as much as I can today	θέλω να μιλάω μαζί σου όσο μπορώ σήμερα	3e5e50a0-2a1c-4809-acc4-eb84b612aebb
el_for_eng:S0007L03U06	I'm going to practise speaking with someone else today	θα εξασκηθώ να μιλάω με κάποιον άλλο σήμερα	6d7c171d-af42-4adf-942c-ffc87fd5da60
el_for_eng:S0008L01B01	I'm going to try to	θα προσπαθήσω να	830910d5-7f65-4526-aad2-8a5b1d14c0a2
el_for_eng:S0008L01B02	I'm going to try to speak	θα προσπαθήσω να μιλάω	e193a46c-5b9f-4be8-b8f6-03809c21ae5c
el_for_eng:S0008L01B03	I'm going to try to say something	θα προσπαθήσω να λέω κάτι	d523c5e3-0b11-456f-bfae-e18f00ea64d2
el_for_eng:S0008L01B04	I'm going to try to remember	θα προσπαθήσω να θυμηθώ	9b26c530-570d-418b-9ee3-d3e6f74079dc
el_for_eng:S0008L01C01	to try	προσπαθήσω	6a115c5a-f432-4c24-9c46-349676a1f296
el_for_eng:S0008L01U01	I'm going to try to speak Greek today	θα προσπαθήσω να μιλάω ελληνικά σήμερα	39067b45-87da-4055-aa92-5880c5babbab
el_for_eng:S0008L01U02	I'm going to try to speak Greek as much as I can	θα προσπαθήσω να μιλάω ελληνικά όσο μπορώ	bda74979-d586-43c4-845c-9dc99741d7e1
el_for_eng:S0008L01U03	I'm going to try to say something in Greek now	θα προσπαθήσω να λέω κάτι στα ελληνικά τώρα	2f596f76-4b65-4a0d-898e-4149f1a449ac
el_for_eng:S0008L01U04	I'm going to try to speak with someone else today	θα προσπαθήσω να μιλάω με κάποιον άλλο σήμερα	882c66ed-bea1-49ac-a265-4f4b5f554e4b
el_for_eng:S0008L01U05	I'm going to try to remember a word in Greek	θα προσπαθήσω να θυμηθώ μια λέξη στα ελληνικά	cccd3d82-595d-40c0-a9a8-7014cd01ecc4
el_for_eng:S0008L01U06	I'm going to try to speak Greek as often as possible	θα προσπαθήσω να μιλάω ελληνικά όσο πιο συχνά γίνεται	bb0e16c4-8502-429b-8966-b8874dfad9f2
el_for_eng:S0008L02B01	I'm going to try to explain	θα προσπαθήσω να εξηγήσω	87e783f9-8c4d-4e37-8491-ca7134c278a5
el_for_eng:S0008L02B02	I want to explain	θέλω να εξηγήσω	0eaba807-221a-4aac-86a5-a2a961770404
el_for_eng:S0008L02B03	I'm going to try to explain something	θα προσπαθήσω να εξηγήσω κάτι	06d4efa2-5482-4bfd-ad9a-a3eb407d110f
el_for_eng:S0008L02U01	I'm going to try to explain something in Greek	θα προσπαθήσω να εξηγήσω κάτι στα ελληνικά	bf7b7bb1-7bea-4e59-9613-8c1e8522686a
el_for_eng:S0008L02U02	I want to explain something with you now	θέλω να εξηγήσω κάτι μαζί σου τώρα	e23760c0-78f6-43d1-8031-e751a928993a
el_for_eng:S0008L02U03	I'm going to try to explain something in Greek today	θα προσπαθήσω να εξηγήσω κάτι στα ελληνικά σήμερα	5238f729-10e2-420c-840d-896099762482
el_for_eng:S0008L02U04	I want to explain how to speak Greek	θέλω να εξηγήσω πώς να μιλάω ελληνικά	87e6d91b-85df-4123-924f-fca11faf1cf9
el_for_eng:S0008L02U05	I'm going to try to explain something to someone else	θα προσπαθήσω να εξηγήσω κάτι με κάποιον άλλο	2875795f-a911-4b0f-9532-7d2b22d651e3
el_for_eng:S0008L02U06	I want to explain something in Greek as often as possible	θέλω να εξηγήσω κάτι στα ελληνικά όσο πιο συχνά γίνεται	97c3fd92-acc1-4443-bfd4-d32ac3ad98bc
el_for_eng:S0008L03B01	what I mean	τι εννοώ	3e12bd47-60fb-4075-9cdc-4793f6eb2457
el_for_eng:S0008L03B02	I'm going to try to explain what I mean	θα προσπαθήσω να εξηγήσω τι εννοώ	7337a2a8-1e6d-4e00-ba86-e60eae03ba8c
el_for_eng:S0008L03B03	I want to explain what I mean	θέλω να εξηγήσω τι εννοώ	670d4284-9323-4a10-b749-6648bdaecf3f
el_for_eng:S0008L03B04	I'm trying to say what I mean	προσπαθώ να λέω τι εννοώ	cf54214c-0349-4e1d-a392-a880482e9896
el_for_eng:S0008L03C01	what	τι	2151d2eb-445a-48a2-b2c2-bb3b5a8e8f8c
el_for_eng:S0008L03C02	I mean	εννοώ	bcaa831f-7b86-458d-bdce-1346a831fc9e
el_for_eng:S0008L03U01	I'm going to try to explain what I mean in Greek	θα προσπαθήσω να εξηγήσω τι εννοώ στα ελληνικά	808b02e8-d6e6-4753-80cf-cf1cc8b9c2ca
el_for_eng:S0008L03U02	I want to explain what I mean with you now	θέλω να εξηγήσω τι εννοώ μαζί σου τώρα	035c5307-7fc6-471c-ad16-455ad5c9b3d2
el_for_eng:S0008L03U03	I'm trying to say what I mean in Greek	προσπαθώ να λέω τι εννοώ στα ελληνικά	7bc24c94-28ff-4375-9518-0a8dd7a0a86f
el_for_eng:S0008L03U04	I want to explain what I mean as much as I can	θέλω να εξηγήσω τι εννοώ όσο μπορώ	002d2128-d4bd-4bf8-b6bd-f010abe62ae5
el_for_eng:S0008L03U05	I'm going to try to explain what I mean today	θα προσπαθήσω να εξηγήσω τι εννοώ σήμερα	2186be1f-3df5-4c41-9d6c-96a1723b6ac5
el_for_eng:S0008L03U06	I want to explain what I mean to someone else	θέλω να εξηγήσω τι εννοώ με κάποιον άλλο	3fb670d2-6642-4790-91cd-630736fba7c7
el_for_eng:S0009L01B01	I speak a little Greek	μιλάω λίγα ελληνικά	76bb5328-af90-4a82-adda-020f228e77ca
el_for_eng:S0009L01B02	I want to say a little in Greek	θέλω να λέω λίγα στα ελληνικά	6ee9502a-d69f-474a-a021-3d973065b17d
el_for_eng:S0009L01B03	I'm trying to learn a little	προσπαθώ να μάθω λίγα	8ed1612c-d7dd-46b6-97fe-6fce3b1dac7b
el_for_eng:S0009L01U01	I speak a little Greek with you now	μιλάω λίγα ελληνικά μαζί σου τώρα	a1505650-d64d-4bfa-b520-f9db3c1feb9b
el_for_eng:S0009L01U02	I want to speak a little Greek today	θέλω να μιλάω λίγα ελληνικά σήμερα	01f84a9f-3c11-46b3-9e1a-2f0218ace3ad
el_for_eng:S0009L01U03	I'm trying to learn a little Greek	προσπαθώ να μάθω λίγα ελληνικά	d37b186b-daaa-422e-80f9-04c80de49274
el_for_eng:S0009L01U04	I'm going to try to explain a little in Greek	θα προσπαθήσω να εξηγήσω λίγα στα ελληνικά	9fabe108-66c2-4674-822a-085f7e395af6
el_for_eng:S0009L01U05	I want to say a little in Greek with someone else	θέλω να λέω λίγα στα ελληνικά με κάποιον άλλο	5da12e72-32d4-4541-b5ac-e1c6e087015b
el_for_eng:S0009L01U06	I'm going to practise speaking a little Greek today	θα εξασκηθώ να μιλάω λίγα ελληνικά σήμερα	bacdfb3c-5a39-4aff-a9b4-341efb86c42b
el_for_eng:S0009L01U07	I want to learn a little in Greek as often as possible	θέλω να μάθω λίγα στα ελληνικά όσο πιο συχνά γίνεται	4e83cd28-5f0b-44bf-a175-4dfdc70be5d4
el_for_eng:S0009L01U08	I'm trying to remember a little in Greek	προσπαθώ να θυμηθώ λίγα στα ελληνικά	a9037a83-403e-4abc-b1ed-1685460834a1
el_for_eng:S0010L01B01	I'm not sure	δεν είμαι σίγουρος	bf5064d0-0244-489b-b5d0-ae372a2427c7
el_for_eng:S0010L01B02	I'm not sure now	δεν είμαι σίγουρος τώρα	f3132576-0450-4497-aedb-e0c7cd7d8097
el_for_eng:S0010L01B03	I'm not sure how to speak Greek	δεν είμαι σίγουρος πώς να μιλάω ελληνικά	27e48c06-0186-42d6-922c-8ab6b3b1752d
el_for_eng:S0010L01B04	I'm not sure what I mean	δεν είμαι σίγουρος τι εννοώ	f31f2ebb-14aa-42df-9fd1-59c17309d58b
el_for_eng:S0010L01C01	not	δεν	ba79020a-26d1-4264-8601-5f7332859e6e
el_for_eng:S0010L01C02	I am	είμαι	b5895cc2-427b-484a-928b-70efa9fb161c
el_for_eng:S0010L01U01	I'm not sure how to speak Greek with you	δεν είμαι σίγουρος πώς να μιλάω ελληνικά μαζί σου	95c9062d-a915-4067-9c74-6187cecea4e0
el_for_eng:S0010L01U02	I'm not sure how to say something in Greek	δεν είμαι σίγουρος πώς να λέω κάτι στα ελληνικά	b6a01f60-ff14-423c-a27d-0df64a871225
el_for_eng:S0010L01U03	I'm not sure what I mean now	δεν είμαι σίγουρος τι εννοώ τώρα	7fdcf8f8-eda3-4484-8685-35603010f69a
el_for_eng:S0010L01U04	I'm not sure how to explain a little in Greek	δεν είμαι σίγουρος πώς να εξηγήσω λίγα στα ελληνικά	ceac5c08-ec98-47b6-a616-132b8ff852fa
el_for_eng:S0010L01U05	I'm not sure how to speak with someone else	δεν είμαι σίγουρος πώς να μιλάω με κάποιον άλλο	fa1bdc9e-9d5c-435e-a275-8bbf8b793739
el_for_eng:S0010L01U06	I'm not sure how to remember a word in Greek	δεν είμαι σίγουρος πώς να θυμηθώ μια λέξη στα ελληνικά	74ef31a5-9232-43d3-b91d-057edf8fde9f
el_for_eng:S0010L02B01	if I can	αν μπορώ να	f2d80fbc-7300-4271-bac4-a3fc6a60ef9d
el_for_eng:S0010L02B02	I'm not sure if I can speak	δεν είμαι σίγουρος αν μπορώ να μιλάω	72ec4932-b644-47f5-a653-6e7e3b5d530c
el_for_eng:S0010L02B03	I'm not sure if I can remember	δεν είμαι σίγουρος αν μπορώ να θυμηθώ	e91735b4-ffdc-4962-857d-6ef065b76a52
el_for_eng:S0010L02B04	I'm not sure if I can say something in Greek	δεν είμαι σίγουρος αν μπορώ να λέω κάτι στα ελληνικά	36a2c87e-c851-43b4-9405-7e5d12bbf9ba
el_for_eng:S0010L02C01	if	αν	3b0fd689-44d0-435d-a4a0-b92584ac6a18
el_for_eng:S0010L02C02	I can	μπορώ	dee629fc-65b4-4a50-ba8e-c6cb2fc0bae6
el_for_eng:S0010L02U01	I'm not sure if I can speak Greek today	δεν είμαι σίγουρος αν μπορώ να μιλάω ελληνικά σήμερα	a3220ed2-c168-49c5-817d-c2c9efd03c87
el_for_eng:S0010L02U02	I'm not sure if I can explain what I mean	δεν είμαι σίγουρος αν μπορώ να εξηγήσω τι εννοώ	1f34d380-3dc6-4f8b-a17c-f2fed0e61090
el_for_eng:S0010L02U03	I'm not sure if I can learn a little Greek now	δεν είμαι σίγουρος αν μπορώ να μάθω λίγα ελληνικά τώρα	b5b13ce9-583f-4eb1-9b03-e418fb629f13
el_for_eng:S0010L02U04	I'm not sure if I can speak with someone else today	δεν είμαι σίγουρος αν μπορώ να μιλάω με κάποιον άλλο σήμερα	032da2d6-e3ad-4cba-ad4c-fa05c7637f8d
el_for_eng:S0010L02U05	I'm not sure if I can say something in Greek with you	δεν είμαι σίγουρος αν μπορώ να λέω κάτι στα ελληνικά μαζί σου	eeb51616-0e20-409a-9556-76d1ca84327f
el_for_eng:S0010L02U06	I'm not sure if I can speak Greek as often as possible	δεν είμαι σίγουρος αν μπορώ να μιλάω ελληνικά όσο πιο συχνά γίνεται	d48a6c47-2742-4870-aa7c-ce130954bc0d
el_for_eng:S0010L03B01	the whole sentence	ολόκληρη την πρόταση	c28f5e32-4d1a-45e3-b6a7-d447adf00637
el_for_eng:S0010L03B02	I'm not sure if I can remember the whole sentence	δεν είμαι σίγουρος αν μπορώ να θυμηθώ ολόκληρη την πρόταση	a6b228ac-32e9-4b3e-9518-de96b1a658da
el_for_eng:S0010L03B03	I want to remember the whole sentence	θέλω να θυμηθώ ολόκληρη την πρόταση	9f7d1ee5-8f57-4dcc-8a55-0b3beb28e7a6
el_for_eng:S0010L03B04	how to say the whole sentence in Greek	πώς να λέω ολόκληρη την πρόταση στα ελληνικά	2631cdef-e10b-4894-b92f-5210d01767fb
el_for_eng:S0010L03C01	whole	ολόκληρη	53466675-bb49-4d99-90fa-a2bda0e83342
el_for_eng:S0010L03C02	sentence	πρόταση	cf494633-bd06-4611-b48b-fd4de02e7a7a
el_for_eng:S0010L03U01	I'm not sure if I can remember the whole sentence in Greek	δεν είμαι σίγουρος αν μπορώ να θυμηθώ ολόκληρη την πρόταση στα ελληνικά	003e32a6-e805-4f12-a22f-238a93f0fb36
el_for_eng:S0010L03U02	I want to remember the whole sentence now	θέλω να θυμηθώ ολόκληρη την πρόταση τώρα	f4b826dd-d31e-4159-9d49-76369ea2a005
el_for_eng:S0010L03U03	I'm trying to say the whole sentence in Greek	προσπαθώ να λέω ολόκληρη την πρόταση στα ελληνικά	cc9e913b-65e4-44c3-b369-33d60ed9588c
el_for_eng:S0010L03U04	I'm going to try to say the whole sentence in Greek today	θα προσπαθήσω να λέω ολόκληρη την πρόταση στα ελληνικά σήμερα	93a4903e-d58b-4ee6-acc1-b5957067b7e5
el_for_eng:S0010L03U05	I'm not sure if I can explain the whole sentence in Greek	δεν είμαι σίγουρος αν μπορώ να εξηγήσω ολόκληρη την πρόταση στα ελληνικά	fe5dd298-bb99-4551-a478-1331fb267daf
el_for_eng:S0010L03U06	I want to learn the whole sentence as often as possible	θέλω να μάθω ολόκληρη την πρόταση όσο πιο συχνά γίνεται	f9e66c5e-1a78-4fa9-a508-5b2a6defde9b
el_for_eng:S0011L01B01	I'd like to	θα ήθελα να	1e389b18-4b9b-4831-8464-40a671e1a8f6
el_for_eng:S0011L01B02	I'd like to speak	θα ήθελα να μιλάω	2c2ac82a-0fb4-4566-a0f8-172ac5c54e48
el_for_eng:S0011L01B03	I'd like to learn	θα ήθελα να μάθω	cf68b739-2466-4f59-9b99-99ca7badf46d
el_for_eng:S0011L01B04	I'd like to say something in Greek	θα ήθελα να λέω κάτι στα ελληνικά	7c979464-552a-4720-9781-1f15c1f0cb73
el_for_eng:S0011L01C01	I'd like	θα ήθελα	6c3afcbc-27ad-4f4e-9002-f83158d692f1
el_for_eng:S0011L01U01	I'd like to speak Greek with you now	θα ήθελα να μιλάω ελληνικά μαζί σου τώρα	08ec79c6-c43b-4a95-8583-66b1307b4a47
el_for_eng:S0011L01U02	I'd like to learn a little Greek today	θα ήθελα να μάθω λίγα ελληνικά σήμερα	f4f13158-0b89-485d-a02f-3fae72fd4c13
el_for_eng:S0011L01U03	I'd like to say something in Greek with someone else	θα ήθελα να λέω κάτι στα ελληνικά με κάποιον άλλο	7d46b0c6-d6ce-4402-95f1-71ba2c38336e
el_for_eng:S0011L01U04	I'd like to explain what I mean in Greek	θα ήθελα να εξηγήσω τι εννοώ στα ελληνικά	33a8b501-bd39-4722-9948-ef5bcd1c4b67
el_for_eng:S0011L01U05	I'd like to speak Greek as often as possible	θα ήθελα να μιλάω ελληνικά όσο πιο συχνά γίνεται	6c3c3511-9a1a-4e6e-bf5c-b13217d41d16
el_for_eng:S0011L01U06	I'd like to remember the whole sentence now	θα ήθελα να θυμηθώ ολόκληρη την πρόταση τώρα	02a1a403-557b-4c70-92f2-02f4acd4312a
el_for_eng:S0011L02B01	to be able to speak	μπορέσω να μιλήσω	f70a780c-37d2-4fcc-a586-2a358f7e4042
el_for_eng:S0011L02B02	I'd like to be able to speak	θα ήθελα να μπορέσω να μιλήσω	ead69557-7e7c-4e95-a681-e61e17eb075a
el_for_eng:S0011L02B03	I'd like to be able to speak Greek	θα ήθελα να μπορέσω να μιλήσω ελληνικά	37046f5a-8c4e-4330-b675-b3bc1e481195
el_for_eng:S0011L02B04	I want to be able to speak Greek	θέλω να μπορέσω να μιλήσω ελληνικά	99e1f8f0-2491-4add-9eec-b31e5362c160
el_for_eng:S0011L02U01	I'd like to be able to speak Greek today	θα ήθελα να μπορέσω να μιλήσω ελληνικά σήμερα	6ee62529-18b8-441f-b068-d510f6604e40
el_for_eng:S0011L02U02	I want to be able to speak Greek with you now	θέλω να μπορέσω να μιλήσω ελληνικά μαζί σου τώρα	6c8c885b-13f1-4c7a-ab54-9ecf9e6dcece
el_for_eng:S0011L02U03	I'd like to be able to speak Greek with someone else	θα ήθελα να μπορέσω να μιλήσω ελληνικά με κάποιον άλλο	0b3a1831-82a2-4810-b959-6f03b3279119
el_for_eng:S0011L02U04	I want to be able to speak Greek as often as possible	θέλω να μπορέσω να μιλήσω ελληνικά όσο πιο συχνά γίνεται	8f9a3e0c-eb91-4b01-8f11-9679f8ff1f81
el_for_eng:S0011L02U05	I'd like to be able to speak a little Greek now	θα ήθελα να μπορέσω να μιλήσω λίγα ελληνικά τώρα	a71177cd-a89a-48e8-8695-e6c93d4c3b21
el_for_eng:S0011L02U06	I want to be able to speak Greek with you today	θέλω να μπορέσω να μιλήσω ελληνικά μαζί σου σήμερα	3ad023c6-1338-4504-9367-70a382f60155
el_for_eng:S0011L03B01	after you finish	αφού τελειώσεις	f8546267-b991-44b1-9ea3-e32ebc23102c
el_for_eng:S0011L03B02	I'd like to speak after you finish	θα ήθελα να μιλάω αφού τελειώσεις	38a97c43-1ccf-409f-8af0-cc4471cc8906
el_for_eng:S0011L03B03	I want to speak after you finish	θέλω να μιλάω αφού τελειώσεις	cb0466fd-1316-40e5-9566-eaf7c175a36b
el_for_eng:S0011L03B04	I'm going to try to speak after you finish	θα προσπαθήσω να μιλάω αφού τελειώσεις	fd7a5d82-f5d5-4fca-ae89-b8bff286c0f2
el_for_eng:S0011L03C01	after	αφού	4e7a0760-3a1a-481b-b5ff-9ef91af4dc03
el_for_eng:S0011L03C02	you finish	τελειώσεις	94f27dea-aa35-41d6-96cf-d7ccaa714097
el_for_eng:S0011L03U01	I'd like to be able to speak after you finish	θα ήθελα να μπορέσω να μιλήσω αφού τελειώσεις	f473d3f0-aec2-4431-8c1a-d685e1a92f27
el_for_eng:S0011L03U02	I want to speak Greek after you finish	θέλω να μιλάω ελληνικά αφού τελειώσεις	f2bee970-6da1-4fc4-9ca9-9d2e2a5d6613
el_for_eng:S0011L03U03	I'm going to try to say something in Greek after you finish	θα προσπαθήσω να λέω κάτι στα ελληνικά αφού τελειώσεις	e6482019-10a2-45c6-a31b-8f60541fd417
el_for_eng:S0011L03U04	I'd like to explain what I mean after you finish	θα ήθελα να εξηγήσω τι εννοώ αφού τελειώσεις	0ed83e90-894c-40cc-a77c-46114839751d
el_for_eng:S0011L03U05	I'm going to practise speaking Greek after you finish	θα εξασκηθώ να μιλάω ελληνικά αφού τελειώσεις	50e3f098-fee9-4adb-96b5-ea0a12b12a8a
el_for_eng:S0011L03U06	I'm not sure if I can speak after you finish	δεν είμαι σίγουρος αν μπορώ να μιλάω αφού τελειώσεις	804226fb-247c-48e3-a37a-39f5425c2ecf
el_for_eng:S0012L01B01	I wouldn't like to	δεν θα ήθελα να	b9471227-3e49-412b-8c88-91633d1288c4
el_for_eng:S0012L01B02	I wouldn't like to speak	δεν θα ήθελα να μιλάω	d89e4e49-d987-44ab-8aaa-cde81170c112
el_for_eng:S0012L01B03	I wouldn't like to say something in Greek	δεν θα ήθελα να λέω κάτι στα ελληνικά	a28f4f34-d261-423a-bb5f-ebe7ec326765
el_for_eng:S0012L01B04	I wouldn't like to try	δεν θα ήθελα να προσπαθήσω	74ffd07d-4124-4334-bb5a-41f022eaf51e
el_for_eng:S0012L01C01	not	δεν	ba79020a-26d1-4264-8601-5f7332859e6e
el_for_eng:S0012L01C02	I'd like	θα ήθελα	6c3afcbc-27ad-4f4e-9002-f83158d692f1
el_for_eng:S0012L01U01	I wouldn't like to speak in Greek today	δεν θα ήθελα να μιλάω στα ελληνικά σήμερα	e79d7761-90ce-4039-a392-06ab20ec42da
el_for_eng:S0012L01U02	I wouldn't like to explain what I mean now	δεν θα ήθελα να εξηγήσω τι εννοώ τώρα	fa9b81b1-0c52-49ae-a5cc-e8828ae81ed2
el_for_eng:S0012L01U03	I wouldn't like to say something in Greek with someone else	δεν θα ήθελα να λέω κάτι στα ελληνικά με κάποιον άλλο	6c408518-7a57-4fa0-aeff-5659031ea6e5
el_for_eng:S0012L01U04	I wouldn't like to speak a little Greek today	δεν θα ήθελα να μιλάω λίγα ελληνικά σήμερα	53cdf2da-b7e0-4b72-9be6-ed9672fbeb88
el_for_eng:S0012L01U05	I wouldn't like to learn that now	δεν θα ήθελα να μάθω κάτι τώρα	923a61a5-c41a-4c33-8c1c-aa27dde67455
el_for_eng:S0012L01U06	I wouldn't like to speak after you finish	δεν θα ήθελα να μιλάω αφού τελειώσεις	5623c76a-8ae1-4992-a1e7-714c394fd66a
el_for_eng:S0012L02B01	I wouldn't like to guess	δεν θα ήθελα να μαντέψω	b0146a16-5bc5-48c2-8021-a45d3f65278c
el_for_eng:S0012L02B02	I'd like to guess	θα ήθελα να μαντέψω	f65657cf-163b-4411-a730-3672eaea5284
el_for_eng:S0012L02B03	I'm not sure if I can guess	δεν είμαι σίγουρος αν μπορώ να μαντέψω	3d3b301e-b7af-468a-96a1-7d1b2b91e06f
el_for_eng:S0012L02U01	I'd like to guess what I mean	θα ήθελα να μαντέψω τι εννοώ	4da5e533-febf-412c-8a23-b31f30b4cb6e
el_for_eng:S0012L02U02	I'm not sure if I can guess what I mean	δεν είμαι σίγουρος αν μπορώ να μαντέψω τι εννοώ	1db4c26f-9c6b-404e-8fbc-ed1d2b38a6a7
el_for_eng:S0012L02U03	I wouldn't like to guess something in Greek now	δεν θα ήθελα να μαντέψω κάτι στα ελληνικά τώρα	4fe44256-f226-405a-804e-055f3d079880
el_for_eng:S0012L02U04	I'm going to try to guess the whole sentence	θα προσπαθήσω να μαντέψω ολόκληρη την πρόταση	119abf38-11a7-4c8c-83e6-915fa41f2b40
el_for_eng:S0012L02U05	I'm trying to guess the whole sentence	προσπαθώ να μαντέψω ολόκληρη την πρόταση	778bcd19-9ff3-45a4-928b-9325f2de2225
el_for_eng:S0012L02U06	I'd like to guess what I mean in Greek	θα ήθελα να μαντέψω τι εννοώ στα ελληνικά	9228c0ac-8c73-4f9f-b0db-62c7d9ee2589
el_for_eng:S0012L03B01	what's going to happen	τι θα γίνει	04104ae1-26d0-4989-9400-11403c0c3ca8
el_for_eng:S0012L03B02	I wouldn't like to guess what's going to happen	δεν θα ήθελα να μαντέψω τι θα γίνει	0e579b04-28e4-4531-b2fc-949cd773625a
el_for_eng:S0012L03B03	I'd like to know what's going to happen	θα ήθελα να μάθω τι θα γίνει	8a031ad1-419d-4fcc-9429-204a2f711948
el_for_eng:S0012L03B04	I'm not sure what's going to happen	δεν είμαι σίγουρος τι θα γίνει	4fa44739-ff88-4809-aa7e-adbfd8fb7f86
el_for_eng:S0012L03C01	what	τι	2151d2eb-445a-48a2-b2c2-bb3b5a8e8f8c
el_for_eng:S0012L03C02	will happen	θα γίνει	63983b94-3e8b-45b9-a2ae-b58eec457d20
el_for_eng:S0012L03U01	I'm not sure what's going to happen now	δεν είμαι σίγουρος τι θα γίνει τώρα	169e3db3-bdb0-40de-9134-6421e4f805db
el_for_eng:S0012L03U02	I'd like to know what's going to happen today	θα ήθελα να μάθω τι θα γίνει σήμερα	cb3dce19-d6a7-4f72-8340-35c2fb8e69fb
el_for_eng:S0012L03U03	I'm trying to remember what's going to happen now	προσπαθώ να θυμηθώ τι θα γίνει τώρα	77e7072e-f05d-49ec-af3d-e9d17fa56e56
el_for_eng:S0012L03U04	I'm not sure if I can remember what's going to happen	δεν είμαι σίγουρος αν μπορώ να θυμηθώ τι θα γίνει	58cf33b6-d98e-4282-b905-32bb94e57611
el_for_eng:S0012L03U05	I'd like to explain what's going to happen today	θα ήθελα να εξηγήσω τι θα γίνει σήμερα	e0387b08-ab20-496e-ab95-2138a27faecd
el_for_eng:S0012L03U06	I'm going to try to guess what's going to happen today	θα προσπαθήσω να μαντέψω τι θα γίνει σήμερα	a1c64b92-80e3-48d5-9447-0f378e92f7fe
el_for_eng:S0012L04B01	what's going to happen tomorrow	τι θα γίνει αύριο	830a345e-97e2-4c17-8a12-509332a5d604
el_for_eng:S0012L04B02	I'd like to speak Greek tomorrow	θα ήθελα να μιλάω ελληνικά αύριο	b1812a9c-b856-47d7-860f-44bc084a2e8f
el_for_eng:S0012L04B03	I'm going to practise speaking tomorrow	θα εξασκηθώ να μιλάω αύριο	27fa8188-51e7-49f5-95d3-b1d6d11e02be
el_for_eng:S0012L04U01	I'm not sure what's going to happen tomorrow	δεν είμαι σίγουρος τι θα γίνει αύριο	035b7efe-5cb1-4d87-8c47-035b8754c086
el_for_eng:S0012L04U02	I'm going to practise speaking Greek tomorrow	θα εξασκηθώ να μιλάω ελληνικά αύριο	2878fb15-827e-49c4-94f6-a8fba61ff3a3
el_for_eng:S0012L04U03	I'd like to be able to speak Greek tomorrow	θα ήθελα να μπορέσω να μιλήσω ελληνικά αύριο	2a76e0fb-3e4b-499b-95e6-e833ccf5c0a9
el_for_eng:S0012L04U04	I'm not sure if I can explain what's going to happen tomorrow	δεν είμαι σίγουρος αν μπορώ να εξηγήσω τι θα γίνει αύριο	95836630-f2c5-4e9e-87a4-ff7580801e79
el_for_eng:S0012L04U05	I'd like to remember the whole sentence tomorrow	θα ήθελα να θυμηθώ ολόκληρη την πρόταση αύριο	9e35bf4c-a5de-46e8-a64a-5f422a4d54c3
el_for_eng:S0012L04U06	I'm going to try to guess what's going to happen tomorrow	θα προσπαθήσω να μαντέψω τι θα γίνει αύριο	d063a503-4b87-465a-8395-6ed21bb6fa1a
el_for_eng:S0013L01B01	you speak Greek	μιλάς ελληνικά	5ef98c2f-4634-4650-bd8c-e7db73a8d407
el_for_eng:S0013L01B02	you speak a little Greek	μιλάς λίγα ελληνικά	08912f1d-0e89-4c4b-95bd-8803f9b83c0b
el_for_eng:S0013L01B03	you speak with someone else	μιλάς με κάποιον άλλο	eef4d087-f933-48bd-8a66-fdb33af5dd9a
el_for_eng:S0013L01U01	you speak Greek now	μιλάς ελληνικά τώρα	735436df-7a70-49a8-bf7a-8622e041be85
el_for_eng:S0013L01U02	you speak Greek with someone else today	μιλάς ελληνικά με κάποιον άλλο σήμερα	3991ba9d-7dd5-453d-986c-b084a6ab5891
el_for_eng:S0013L01U03	you speak a little Greek now	μιλάς λίγα ελληνικά τώρα	1fb380d8-8fb2-4a40-8ecb-9283ee429d7d
el_for_eng:S0013L01U04	you speak Greek with someone else now	μιλάς ελληνικά με κάποιον άλλο τώρα	65ee8c7b-fb29-4334-8959-c61d4605b6df
el_for_eng:S0013L01U05	you speak a little Greek with someone else	μιλάς λίγα ελληνικά με κάποιον άλλο	e07b2c9c-b77f-4c3f-8d75-e84e2244e8e0
el_for_eng:S0013L02B01	you speak very often	μιλάς πολύ συχνά	520aa198-20dc-47e5-b6d9-9130790278e9
el_for_eng:S0013L02B02	I speak very little	μιλάω πολύ λίγα	426137b0-509d-485b-856b-1dce298c6ca7
el_for_eng:S0013L02B03	speak very often	μιλάω πολύ συχνά	c2558f31-c862-44d3-9acc-8e0ef4696fde
el_for_eng:S0013L02U01	do you speak Greek very often?	μιλάς ελληνικά πολύ συχνά;	6fedb39b-4e8f-4e0d-b0d0-d12c645936e0
el_for_eng:S0013L02U02	I speak very little Greek	μιλάω πολύ λίγα ελληνικά	965f92a8-da56-47ac-9ac3-baa7df76e54d
el_for_eng:S0013L02U03	you speak Greek very often now	μιλάς ελληνικά πολύ συχνά τώρα	ed1d7edf-0ec6-4790-ae39-5f48c378c30f
el_for_eng:S0013L02U04	I wouldn't like to explain very much now	δεν θα ήθελα να εξηγήσω πολύ τώρα	76d65beb-bfc9-420a-8e1a-78a8c06c2e44
el_for_eng:S0013L02U05	I'd like to speak Greek very often	θα ήθελα να μιλάω ελληνικά πολύ συχνά	e29de5c5-716a-49f5-830f-60af4c0abb24
el_for_eng:S0013L03B01	you speak Greek well	μιλάς ελληνικά καλά	82e8410c-ce9d-40f7-83cf-bbaa3ef4d0ee
el_for_eng:S0013L03B02	I speak Greek well	μιλάω ελληνικά καλά	fec5b997-83e1-4710-a052-195116d8fcf5
el_for_eng:S0013L03B03	I'd like to speak Greek well	θα ήθελα να μιλάω ελληνικά καλά	0d5baf30-8615-4ed1-a57c-6ab8505315f6
el_for_eng:S0013L03U01	you speak Greek very well	μιλάς ελληνικά πολύ καλά	fad1ec14-dfea-45c8-aa2e-7c5221202b0e
el_for_eng:S0013L03U02	I speak Greek well now	μιλάω ελληνικά καλά τώρα	8be49a04-48e7-42e7-ba3a-f983ed58e911
el_for_eng:S0013L03U03	I'd like to speak Greek well tomorrow	θα ήθελα να μιλάω ελληνικά καλά αύριο	b3a0afb2-8540-4add-a11a-4c258621fb64
el_for_eng:S0013L03U04	I'm not sure if I can speak Greek well	δεν είμαι σίγουρος αν μπορώ να μιλάω ελληνικά καλά	b26f41f2-0af8-454a-a9d7-ddff59397c9a
el_for_eng:S0013L03U05	you speak Greek very well today	μιλάς ελληνικά πολύ καλά σήμερα	822fb3eb-710d-433b-96fe-6966e3904cb1
el_for_eng:S0013L03U06	you speak Greek well with someone else	μιλάς ελληνικά καλά με κάποιον άλλο	d034a43a-f9f9-40bd-b84e-4af26155ef3d
el_for_eng:S0014L01B01	all day	όλη μέρα	82c9038f-54ab-4ce1-9de6-8e0f54e8534f
el_for_eng:S0014L01B02	speak Greek all day	μιλάω ελληνικά όλη μέρα	232cf0b1-1f87-42c1-b7d5-818bb6adf736
el_for_eng:S0014L01B03	you speak Greek all day	μιλάς ελληνικά όλη μέρα	7d0c5077-648e-41f6-84df-ddec7efa48dd
el_for_eng:S0014L01B04	learn Greek all day	μάθω ελληνικά όλη μέρα	067d3935-e76c-446d-8985-6e71f3c8f753
el_for_eng:S0014L01C01	all	όλη	b51ccfef-c841-44a4-a3a4-21d649bb3bc3
el_for_eng:S0014L01C02	day	μέρα	f02c85f4-dcc4-4d3b-9cb4-11e580887661
el_for_eng:S0014L01U01	I'd like to speak Greek all day tomorrow	θα ήθελα να μιλάω ελληνικά όλη μέρα αύριο	3af3a9a8-e702-48fa-9ab0-bbc2616f6495
el_for_eng:S0014L01U02	do you speak Greek all day today?	μιλάς ελληνικά όλη μέρα σήμερα;	04238008-2234-4a94-ba2e-e00bd3c5c0dd
el_for_eng:S0014L01U03	I wouldn't like to speak Greek all day	δεν θα ήθελα να μιλάω ελληνικά όλη μέρα	ae754714-ac90-405f-a861-628ca3a7bbd8
el_for_eng:S0014L01U04	I'm not sure if I can speak Greek all day	δεν είμαι σίγουρος αν μπορώ να μιλάω ελληνικά όλη μέρα	015d1d53-383a-4b92-b197-a88d263e6b4a
el_for_eng:S0014L01U05	I speak Greek well all day	μιλάω ελληνικά καλά όλη μέρα	e3cb0c0e-9fe3-4984-9b7e-0453e5121cac
el_for_eng:S0014L01U06	I'm going to try to speak Greek all day today	θα προσπαθήσω να μιλάω ελληνικά όλη μέρα σήμερα	270b3882-b194-43c5-9129-3d5546aa778e
el_for_eng:S0014L01U07	I'd like to be able to speak Greek all day	θα ήθελα να μπορέσω να μιλήσω ελληνικά όλη μέρα	11663b1b-c010-4e04-8729-7417025d26f8
el_for_eng:S0014L01U08	I speak a little Greek all day	μιλάω λίγα ελληνικά όλη μέρα	9bed8f50-8ba2-4f26-abda-4f88e002e24f
el_for_eng:S0015L01B01	and I want to speak	και θέλω να μιλάω	bd2e41f8-9e10-463f-8ad7-277014fa7da5
el_for_eng:S0015L01B02	and you speak Greek well	και μιλάς ελληνικά καλά	837ca0bb-610b-451c-8703-831e7a81655b
el_for_eng:S0015L01B03	and I'm trying to learn	και προσπαθώ να μάθω	4321a487-17c8-4213-85fe-87006b9d249c
el_for_eng:S0015L01U01	and you speak Greek very well today	και μιλάς ελληνικά πολύ καλά σήμερα	aef4c1f8-cdeb-4a14-ab80-8a31c8148e23
el_for_eng:S0015L01U02	and I speak a little Greek now	και μιλάω λίγα ελληνικά τώρα	eae5e134-2ada-4092-b789-741f421d1b48
el_for_eng:S0015L01U03	and I'd like to speak Greek tomorrow	και θα ήθελα να μιλάω ελληνικά αύριο	c1a06163-1905-4ce3-ab1f-3ab1d99494ef
el_for_eng:S0015L01U04	and I'm not sure what's going to happen today	και δεν είμαι σίγουρος τι θα γίνει σήμερα	ddf56fce-a2b4-4fb5-b24c-742444bbfaed
el_for_eng:S0015L01U05	and I wouldn't like to guess what's going to happen tomorrow	και δεν θα ήθελα να μαντέψω τι θα γίνει αύριο	8b0ee176-01af-46ab-8a46-a1c9e7c4d779
el_for_eng:S0015L01U06	and do you speak Greek all day?	και μιλάς ελληνικά όλη μέρα;	ae3a7d7c-971c-4218-b916-7d1260c5f609
el_for_eng:S0015L02B01	with me	μαζί μου	a6794488-4583-403a-9d57-ae165f528256
el_for_eng:S0015L02B02	you speak Greek with me	μιλάς ελληνικά μαζί μου	36ffd76b-1da2-4e19-9716-0acda0849ee6
el_for_eng:S0015L02B03	you speak with me tomorrow	μιλάς μαζί μου αύριο	a9ad183d-df89-4ea3-8d42-af0cb7b35d10
el_for_eng:S0015L02B04	you speak Greek with me all day	μιλάς ελληνικά μαζί μου όλη μέρα	6e4c86eb-74ab-4552-a175-7171e0fb6d3b
el_for_eng:S0015L02C01	with, together	μαζί	72b5302e-a865-44b5-8889-f54bd42da070
el_for_eng:S0015L02C02	me	μου	d3b3529c-ec1a-4927-b94a-260869f41ff2
el_for_eng:S0015L02U01	and I want you to speak Greek with me tomorrow	και θέλω να μιλάς ελληνικά μαζί μου αύριο	978bceec-fde0-40a7-8568-30fdcad89f84
el_for_eng:S0015L02U02	I'd like you to speak Greek with me today	θα ήθελα να μιλάς ελληνικά μαζί μου σήμερα	6e582e9d-cc7c-4772-accb-41e245901426
el_for_eng:S0015L02U03	I wouldn't like you to speak Greek with me all day	δεν θα ήθελα να μιλάς ελληνικά μαζί μου όλη μέρα	0899cce5-6a8e-4150-b186-2bf5959a74d1
el_for_eng:S0015L02U04	and you speak Greek with me very well	και μιλάς ελληνικά μαζί μου πολύ καλά	0c993f89-13db-4a69-ad73-5db299991866
el_for_eng:S0015L02U05	I want you to speak Greek with me now	θέλω να μιλάς ελληνικά μαζί μου τώρα	62d29c64-b1fb-4607-8faf-b40707ae8c9a
el_for_eng:S0015L02U06	and I want you to speak with me all day tomorrow	και θέλω να μιλάς μαζί μου όλη μέρα αύριο	6eba2285-6cb3-4a40-9234-0973b1989dad
el_for_eng:S0016L01B01	he wants to	θέλει να	580291c7-aacb-4256-aa66-a447f89ae824
el_for_eng:S0016L01B02	he wants me to remember	θέλει να θυμηθώ	ff876019-92cc-4d1b-8128-6a8e853e824c
el_for_eng:S0016L01B03	he wants you to speak Greek	θέλει να μιλάς ελληνικά	92544ec6-14c2-44f1-b390-a8b1fb459ed7
el_for_eng:S0016L01B04	he wants me to say something	θέλει να λέω κάτι	0ff3e92b-c9b2-4948-bc20-14f5db0c4f74
el_for_eng:S0016L01C01	he wants	θέλει	69ed1b21-ddbc-40fe-9fb2-f10fd4a969e3
el_for_eng:S0016L01U01	he wants you to speak Greek with me	θέλει να μιλάς ελληνικά μαζί μου	bd01d156-e717-4829-a581-d66bb294f1c3
el_for_eng:S0016L01U02	he wants you to speak very well	θέλει να μιλάς πολύ καλά	cd9f2024-7fda-417c-a6f1-b9af0c244511
el_for_eng:S0016L01U03	he wants me to learn a little Greek today	θέλει να μάθω λίγα ελληνικά σήμερα	d22dda55-a768-41f6-9a27-d7f462c6ec40
el_for_eng:S0016L01U04	he wants you to speak Greek with me now	θέλει να μιλάς ελληνικά μαζί μου τώρα	271c47ff-0316-4400-8d96-d56aa450d1e0
el_for_eng:S0016L01U05	and he wants me to explain what I mean	και θέλει να εξηγήσω τι εννοώ	78af8cf5-26b4-4df1-b0aa-343d499afd17
el_for_eng:S0016L01U06	he wants you to speak a little Greek today	θέλει να μιλάς λίγα ελληνικά σήμερα	3e288025-b6b0-4bb8-87bf-5656eeb37cbf
el_for_eng:S0016L02B01	he wants to come back	θέλει να επιστρέψει	b6a8efb6-a486-47a1-88d0-95e10c1fb542
el_for_eng:S0016L02B02	he wants to come back tomorrow	θέλει να επιστρέψει αύριο	ecc8d2d7-24c7-46e4-9794-374e8921d5ee
el_for_eng:S0016L02B03	he wants to come back with me	θέλει να επιστρέψει μαζί μου	d3f909da-2c88-4b41-8e60-c18f2f3a808c
el_for_eng:S0016L02U01	he wants to come back with me today	θέλει να επιστρέψει μαζί μου σήμερα	7c8c3e7f-1d35-4c74-ab87-e48c57fa67b7
el_for_eng:S0016L02U02	and he wants to come back with someone else	και θέλει να επιστρέψει με κάποιον άλλο	77601cc4-b839-4b68-ba4b-71a35c5e888d
el_for_eng:S0016L02U03	he wants to come back after you finish	θέλει να επιστρέψει αφού τελειώσεις	b1923fbb-c56b-47f3-a293-2c31fb9dd326
el_for_eng:S0016L02U04	does he want to come back now?	θέλει να επιστρέψει τώρα;	4f60a12c-04dc-4515-ad9a-e72edb8b798e
el_for_eng:S0016L02U05	he wants to come back with you tomorrow	θέλει να επιστρέψει μαζί σου αύριο	b70d96f8-1669-4dc2-9218-d4819209eaf4
el_for_eng:S0016L03B01	with everyone else	με όλους τους άλλους	745a49e0-eaf1-4858-8be4-24bd91eb78c5
el_for_eng:S0016L03B02	he wants to come back with everyone else	θέλει να επιστρέψει με όλους τους άλλους	5aad23ff-bf0d-42ab-9d68-1bff02e0d5f8
el_for_eng:S0016L03B03	you speak Greek with everyone else	μιλάς ελληνικά με όλους τους άλλους	b1ea5ff4-e896-4328-aeef-0bf3616a7993
el_for_eng:S0016L03B04	he wants you to speak with everyone else	θέλει να μιλάς με όλους τους άλλους	3a695606-98a6-4b1a-9ae1-0be70c3fd55a
el_for_eng:S0016L03C01	with	με	98197616-0230-42c8-8d02-0d9ea8a6625c
el_for_eng:S0016L03C02	everyone, all	όλους	6f5fdd7b-75b4-42a6-9b73-dad2d5a67a70
el_for_eng:S0016L03C03	others, else	άλλους	8770bdce-416f-4948-8531-7576cb58fdc5
el_for_eng:S0016L03U01	he wants to come back with everyone else today	θέλει να επιστρέψει με όλους τους άλλους σήμερα	79a0bfc2-065a-4f9c-833c-6d241c07ddfb
el_for_eng:S0016L03U02	he wants you to speak Greek with everyone else tomorrow	θέλει να μιλάς ελληνικά με όλους τους άλλους αύριο	eb263619-2f3f-4b4a-88ae-8514ac509621
el_for_eng:S0016L03U03	he wants you to speak with everyone else now	θέλει να μιλάς με όλους τους άλλους τώρα	0d418e18-d440-4f37-93d9-0e0ff8949402
el_for_eng:S0016L03U04	he wants to come back with everyone else after you finish	θέλει να επιστρέψει με όλους τους άλλους αφού τελειώσεις	559f617b-82f4-4a4c-93b1-2b5adca136eb
el_for_eng:S0016L03U05	you speak Greek with everyone else very well	μιλάς ελληνικά με όλους τους άλλους πολύ καλά	4a609517-849d-4fd7-af92-ebdcb44cbf2a
el_for_eng:S0016L03U06	and he wants to come back with everyone else tomorrow	και θέλει να επιστρέψει με όλους τους άλλους αύριο	258a94be-6672-41f3-add8-1c3119d398d7
el_for_eng:S0016L04B01	he wants to come back later on	θέλει να επιστρέψει αργότερα	7d467c60-409c-4b74-a4b1-5324d7814abd
el_for_eng:S0016L04B02	you speak Greek later on	μιλάς ελληνικά αργότερα	b0fa2433-1074-4d3e-81cf-ab62af01e517
el_for_eng:S0016L04B03	he wants to come back with everyone else later on	θέλει να επιστρέψει με όλους τους άλλους αργότερα	26250f92-723c-4861-a971-5a1432838c1d
el_for_eng:S0016L04U01	he wants to come back with everyone else later on today	θέλει να επιστρέψει με όλους τους άλλους αργότερα σήμερα	2f487679-d930-4e6b-9be1-4e667f4983e9
el_for_eng:S0016L04U02	he wants to come back later on today	θέλει να επιστρέψει αργότερα σήμερα	6373a432-c52f-4fe4-8e4a-40d0b8258da8
el_for_eng:S0016L04U03	does he want you to speak Greek later on?	θέλει να μιλάς ελληνικά αργότερα;	2c82fc8b-74ec-48c2-b0d9-fa374a3296a1
el_for_eng:S0016L04U04	and he wants to come back later on	και θέλει να επιστρέψει αργότερα	3984fce4-f688-4b53-91ac-258877f5611e
el_for_eng:S0016L04U05	I speak a little Greek later on	μιλάω λίγα ελληνικά αργότερα	b544fa94-b4ef-417d-8ee0-0dd2e87e6547
el_for_eng:S0016L04U06	he wants to come back with me later on today	θέλει να επιστρέψει μαζί μου αργότερα σήμερα	7bf3fb66-cb64-4f53-8693-8193da8d496c
el_for_eng:S0017L01B01	she wants to	θέλει να	467e4ad1-f48a-46b4-b7ed-5305756845ae
el_for_eng:S0017L01B02	she wants me to try	θέλει να προσπαθήσω	206ce777-3336-41fe-b14b-6c82522b4119
el_for_eng:S0017L01B03	she wants me to learn Greek	θέλει να μάθω ελληνικά	22772e08-6552-4299-99e3-bdf4000c9b4c
el_for_eng:S0017L01B04	she wants me to explain	θέλει να εξηγήσω	88416116-4215-434b-afd9-11b886524713
el_for_eng:S0017L01C01	she wants	θέλει	3775655a-a549-4fdf-a351-53e7e9678acc
el_for_eng:S0017L01U01	she wants me to speak Greek well	θέλει να μιλάω ελληνικά καλά	94e31c01-da98-4318-953e-75eac44203c6
el_for_eng:S0017L01U02	she wants me to say something in Greek now	θέλει να λέω κάτι στα ελληνικά τώρα	b9247195-b54f-4cd8-ab57-5834821b2a0d
el_for_eng:S0017L01U03	she wants me to explain something today	θέλει να εξηγήσω κάτι σήμερα	26040d8c-1e6e-4c33-9723-490c282887e2
el_for_eng:S0017L01U04	she wants me to learn how to say something in Greek	θέλει να μάθω πώς να λέω κάτι στα ελληνικά	c9b4ffab-d5be-435c-b932-08819498a0c3
el_for_eng:S0017L01U05	she wants me to speak Greek all day	θέλει να μιλάω ελληνικά όλη μέρα	953c4871-9ad6-4c78-a30d-e284c445a10c
el_for_eng:S0017L01U06	she wants to come back with everyone else later on	θέλει να επιστρέψει με όλους τους άλλους αργότερα	bc1c9fd0-3ce6-4a08-b449-27b641e72045
el_for_eng:S0017L02B01	she wants to find out	θέλει να μάθει	79c0f019-db2f-4141-afbf-ba4869fec1c1
el_for_eng:S0017L02B02	she wants to learn Greek	θέλει να μάθει ελληνικά	18817a5a-3d61-4419-99e1-1508a9fde1e7
el_for_eng:S0017L02B03	once you finish, she wants to find out	αφού τελειώσεις, θέλει να μάθει	3eb0cead-c9e1-4353-91ec-1ac02f1929f0
el_for_eng:S0017L02U01	she wants to learn Greek with me	θέλει να μάθει ελληνικά μαζί μου	ba71199e-b9b3-4246-aafc-deac1dc387be
el_for_eng:S0017L02U02	she wants to find out something today	θέλει να μάθει κάτι σήμερα	43161f7b-47f4-43ae-aabb-deb56db81a76
el_for_eng:S0017L02U03	she wants to find out what I mean	θέλει να μάθει τι εννοώ	6c2b84b3-1ef4-49ab-9867-2dfd8823312c
el_for_eng:S0017L02U04	she wants to learn Greek very well	θέλει να μάθει ελληνικά πολύ καλά	79efab0d-0733-4414-aed6-73f3d6f99e7e
el_for_eng:S0017L02U05	once you finish, she wants to find out what I mean	αφού τελειώσεις, θέλει να μάθει τι εννοώ	bb50844f-029b-4a8f-ad32-b759fe5da1fb
el_for_eng:S0017L03B01	what is, which is	ποια είναι	3fcdab72-b29d-42eb-bb68-1c91982f6c19
el_for_eng:S0017L03B02	I want to find out which one it is	θέλω να μάθω ποια είναι	708d13b7-5bae-4e2d-bd69-3d5b13e54946
el_for_eng:S0017L03B03	she wants to find out which one it is	θέλει να μάθει ποια είναι	54fd1220-5d64-47f8-a6d1-1c92e60d7a58
el_for_eng:S0017L03B04	I'm not sure which one it is	δεν είμαι σίγουρος ποια είναι	216cdf4e-9f68-426a-b6f9-13997bbad723
el_for_eng:S0017L03C01	which, what	ποια	2d573cea-f395-49de-ac6c-2e3ddd42fa36
el_for_eng:S0017L03C02	is, are	είναι	bf4fbacf-dfce-48ef-a1e2-a3ce276ce060
el_for_eng:S0017L03U01	I'm trying to remember which one it is	προσπαθώ να θυμηθώ ποια είναι	41b23677-a8dd-414b-a852-2b1eaf19c4e1
el_for_eng:S0017L03U02	she wants to find out which one it is now	θέλει να μάθει ποια είναι τώρα	0f0765b1-a48a-427f-802b-6356ae9a032d
el_for_eng:S0017L03U03	I would like to know which one it is	θα ήθελα να μάθω ποια είναι	b714fff2-98c8-444f-b4d8-9839cbe23786
el_for_eng:S0017L03U04	she wants to find out which one it is today	θέλει να μάθει ποια είναι σήμερα	d532713a-081b-4044-900a-358e22283c33
el_for_eng:S0017L03U05	I wouldn't like to find out which one it is	δεν θα ήθελα να μάθω ποια είναι	e4de3db0-558b-4b56-ba86-2a9f6d02050e
el_for_eng:S0017L04B01	the answer	η απάντηση	d86adb01-4c03-466f-ac7f-5ed4c29c6e49
el_for_eng:S0017L04B02	what is the answer?	ποια είναι η απάντηση;	3086565e-5c11-423f-b27c-941be187b8a6
el_for_eng:S0017L04B03	I want to find out what the answer is	θέλω να μάθω ποια είναι η απάντηση	d050cd5c-f498-4a83-b227-44e17f6f43dc
el_for_eng:S0017L04B04	she wants to find out what the answer is	θέλει να μάθει ποια είναι η απάντηση	c3580d2c-67f7-4683-b5a2-d3534bcdc242
el_for_eng:S0017L04C01	the	η	7f00f010-072d-4fc7-9726-208ff5327344
el_for_eng:S0017L04C02	answer	απάντηση	015f6bd0-3a33-4de2-b438-3adb96f193e9
el_for_eng:S0017L04U01	I'm not sure what the answer is	δεν είμαι σίγουρος ποια είναι η απάντηση	aa3058f1-91ea-4ae7-9bea-b36738562ff8
el_for_eng:S0017L04U02	I'm trying to find out what the answer is	προσπαθώ να μάθω ποια είναι η απάντηση	53ea4289-16be-4b7d-9dbc-a1f6cea53f56
el_for_eng:S0017L04U03	I would like to know what the answer is	θα ήθελα να μάθω ποια είναι η απάντηση	25c2f669-3ac9-4be1-bf00-cc8b9387eaf6
el_for_eng:S0017L04U04	I wouldn't like to find out what the answer is	δεν θα ήθελα να μάθω ποια είναι η απάντηση	c9eaccc3-75b2-4a5c-a118-8b22f940d8c8
el_for_eng:S0017L04U05	if I can find out what the answer is, I'll explain what I mean	αν μπορώ να μάθω ποια είναι η απάντηση, θέλω να εξηγήσω τι εννοώ	e8004f66-a9f4-4a7b-ba69-f596965153ef
el_for_eng:S0017L04U06	she wants to find out what the answer is today	θέλει να μάθει ποια είναι η απάντηση σήμερα	3d48f8c1-3800-4712-a272-f57a595dbeeb
el_for_eng:S0018L01B01	we want to	θέλουμε να	35d7974a-fde0-4643-b3c0-320d6e31a619
el_for_eng:S0018L01B02	we want her to come back	θέλουμε να επιστρέψει	26df13bb-183a-4e4c-89b5-7d8645a8f41c
el_for_eng:S0018L01B03	we want you to speak Greek	θέλουμε να μιλάς ελληνικά	f0aeba8d-7d87-4da2-8070-c6ccce0739cb
el_for_eng:S0018L01B04	we want her to come back tomorrow	θέλουμε να επιστρέψει αύριο	03c993a1-53ca-448e-9a3b-cf5c263c9aac
el_for_eng:S0018L01C01	we want	θέλουμε	8e13b3c9-639d-4e9c-8e91-67fdd0b906c3
el_for_eng:S0018L01U01	we want her to learn something today	θέλουμε να μάθει κάτι σήμερα	bd190eb1-8631-4353-91e3-f42ea9bc7a49
el_for_eng:S0018L01U02	we don't want her to come back tomorrow	δεν θέλουμε να επιστρέψει αύριο	308950aa-71d7-431c-86db-5d59c56997b4
el_for_eng:S0018L01U03	we want you to speak Greek all day	θέλουμε να μιλάς ελληνικά όλη μέρα	8f14b70b-7cb2-43ca-a447-0eca1f7ef901
el_for_eng:S0018L01U04	we want you to speak Greek with me	θέλουμε να μιλάς ελληνικά μαζί μου	2cec81d6-75ef-401e-bd2b-3cfdfd427e2f
el_for_eng:S0018L01U05	we want you to speak Greek very well	θέλουμε να μιλάς ελληνικά πολύ καλά	54ed6567-84eb-4793-badf-ccbb6e7b7d15
el_for_eng:S0018L01U06	we want her to find out what the answer is	θέλουμε να μάθει ποια είναι η απάντηση	01e7e68a-7801-4796-ba82-97c9f5f8c5dc
el_for_eng:S0018L01U07	we want her to find out how to say something in Greek	θέλουμε να μάθει πώς να λέει κάτι στα ελληνικά	5f5e01a0-1621-47a1-bb25-1e9f106e9b09
el_for_eng:S0018L02B01	we want to meet	θέλουμε να συναντηθούμε	c9e8244b-b97d-4ede-af43-546fb9925aab
el_for_eng:S0018L02B02	we want to meet tomorrow	θέλουμε να συναντηθούμε αύριο	9d631974-a816-41b7-a021-b3a4eb2ba0bb
el_for_eng:S0018L02B03	we want to meet today	θέλουμε να συναντηθούμε σήμερα	a28daa4b-e3c8-426c-b3c3-a887f60fa643
el_for_eng:S0018L02U01	we want to meet with you	θέλουμε να συναντηθούμε μαζί σου	d3a987f1-3404-495c-97a7-1c5639813717
el_for_eng:S0018L02U02	we don't want to meet tomorrow	δεν θέλουμε να συναντηθούμε αύριο	9786145d-4905-4433-9c56-5b4481c74e75
el_for_eng:S0018L02U03	we want to meet with someone else	θέλουμε να συναντηθούμε με κάποιον άλλο	a33dedf1-2825-4d16-a024-2fac572cfe56
el_for_eng:S0018L02U04	we want to meet with me later on	θέλουμε να συναντηθούμε μαζί μου αργότερα	cb941aee-751f-4569-8003-afe9b64487cc
el_for_eng:S0018L02U05	we want to meet with someone else tomorrow	θέλουμε να συναντηθούμε με κάποιον άλλο αύριο	c2548029-13fb-47a4-9d14-a354ff49b9ac
el_for_eng:S0018L02U06	we want to meet as often as possible	θέλουμε να συναντηθούμε όσο πιο συχνά γίνεται	d325ac3c-61ec-4c19-9dad-42d7f3d07181
el_for_eng:S0018L02U07	we want to meet with everyone else today	θέλουμε να συναντηθούμε με όλους τους άλλους σήμερα	006f70f0-9923-4ea7-bd49-ce4d734eaf77
el_for_eng:S0018L03B01	at six	στις έξι	e7863a8b-1283-435e-af8e-40f3fe6e4a72
el_for_eng:S0018L03B02	we want her to come back at six	θέλουμε να επιστρέψει στις έξι	79bcaefa-ca95-4e81-8b68-fdc6e4d67ba6
el_for_eng:S0018L03B03	we want to meet at six	θέλουμε να συναντηθούμε στις έξι	df70aec3-f354-4308-89f2-e040993f28e8
el_for_eng:S0018L03C01	at	στις	f02922c8-277b-47db-b1cf-0af1cf1301a1
el_for_eng:S0018L03C02	six	έξι	2381c544-8d7a-4e42-9df4-17c21e3cb8d2
el_for_eng:S0018L03U01	we don't want to meet at six	δεν θέλουμε να συναντηθούμε στις έξι	061bee0d-61e2-4f68-a5cb-caec3376317e
el_for_eng:S0018L03U02	we want to meet at six tomorrow	θέλουμε να συναντηθούμε στις έξι αύριο	b4fc3dd8-62a0-40cb-b871-fef8c6a251db
el_for_eng:S0018L03U03	we want to meet at six today	θέλουμε να συναντηθούμε στις έξι σήμερα	7c06187c-c5a8-4888-9dfa-b6670d017b5c
el_for_eng:S0018L03U04	we want to meet at six with you	θέλουμε να συναντηθούμε στις έξι μαζί σου	7bcbea26-1a7e-4a0b-a50a-9d97056eb615
el_for_eng:S0018L03U05	we want to meet at six with someone else	θέλουμε να συναντηθούμε στις έξι με κάποιον άλλο	fb6c2432-5efb-40c8-abf9-38820e034986
el_for_eng:S0018L03U06	we want to meet at six as often as possible	θέλουμε να συναντηθούμε στις έξι όσο πιο συχνά γίνεται	0e77e47e-1021-4c99-b333-b2b49d9b8eb8
el_for_eng:S0018L03U07	we want to meet at six tomorrow with someone else	θέλουμε να συναντηθούμε στις έξι αύριο με κάποιον άλλο	80ba0822-ef14-4943-8575-ae9ea2057957
el_for_eng:S0018L04B01	the evening	το απόγευμα	43ca7a2c-b2ec-4576-9d2f-c26049aea3e6
el_for_eng:S0018L04B02	she wants to come back this evening	θέλει να επιστρέψει το απόγευμα	49e687dc-2b4c-4bb2-a0b8-8e17a711f2f6
el_for_eng:S0018L04B03	she wants to learn something this evening	θέλει να μάθει κάτι το απόγευμα	0ba67b93-dc35-41fe-802b-ec21d3e09846
el_for_eng:S0018L04B04	I want to speak Greek this evening	θέλω να μιλάω ελληνικά το απόγευμα	26ac41c1-2768-4d58-b947-818040d39f33
el_for_eng:S0018L04C01	the	το	7f00f010-072d-4fc7-9726-208ff5327344
el_for_eng:S0018L04C02	evening	απόγευμα	d4141067-7689-4e1a-9a61-7bc246417e2b
el_for_eng:S0018L04U01	we want to meet this evening	θέλουμε να συναντηθούμε το απόγευμα	be811b6d-47ec-4a47-877e-a967c1fbb9c5
el_for_eng:S0018L04U02	I'm going to try to remember this evening	θα προσπαθήσω να θυμηθώ το απόγευμα	c7456f7a-a9d2-404c-8650-b4826d003a93
el_for_eng:S0018L04U03	we don't want to meet this evening	δεν θέλουμε να συναντηθούμε το απόγευμα	e2687a98-4953-430b-b7ba-75050c5fc5b7
el_for_eng:S0018L04U04	she wants to come back at six this evening	θέλει να επιστρέψει στις έξι το απόγευμα	6cdc8cb5-6832-4514-b55a-abd2c2843d32
el_for_eng:S0018L04U05	I'm going to practise speaking Greek this evening	θα εξασκηθώ να μιλάω ελληνικά το απόγευμα	c511f5d6-2ec4-4475-acfe-ce5a208592aa
el_for_eng:S0018L04U06	we want to meet at six this evening	θέλουμε να συναντηθούμε στις έξι το απόγευμα	fd7ff587-8244-47f0-b2b8-95609e99466d
el_for_eng:S0018L04U07	we want to meet at six this evening with you	θέλουμε να συναντηθούμε στις έξι το απόγευμα μαζί σου	71deda0c-2991-4dab-ad84-61a9d636439b
el_for_eng:S0019L01B01	but I want to speak	αλλά θέλω να μιλάω	c1fe4df8-61f5-4389-905b-2a96978f9791
el_for_eng:S0019L01B02	but I'm not sure	αλλά δεν είμαι σίγουρος	441817ea-986d-487e-9a7d-202a8af3807f
el_for_eng:S0019L01B03	but I wouldn't want to guess	αλλά δεν θα ήθελα να μαντέψω	3981690c-5567-4c21-aef6-5dfd5255e5a6
el_for_eng:S0019L01U01	but she wants to come back tomorrow	αλλά θέλει να επιστρέψει αύριο	e90b0785-44dd-40e1-9b97-c351d4193d36
el_for_eng:S0019L01U02	but she wants to learn something today	αλλά θέλει να μάθει κάτι σήμερα	0c98b681-2f8f-44eb-9875-c0c2be7a3258
el_for_eng:S0019L01U03	but we want to meet tomorrow	αλλά θέλουμε να συναντηθούμε αύριο	08e650a3-3b6a-48ff-b37e-0592b077abd0
el_for_eng:S0019L01U04	but I want to speak Greek with you	αλλά θέλω να μιλάω ελληνικά μαζί σου	b82e0c87-5833-4dea-97f2-1cc3360cca07
el_for_eng:S0019L01U05	but we don't want her to come back tomorrow	αλλά δεν θέλουμε να επιστρέψει αύριο	dc6dbe84-8f48-4e33-93e3-9c26effdd31d
el_for_eng:S0019L01U06	but I'm going to try to explain what I mean	αλλά θα προσπαθήσω να εξηγήσω τι εννοώ	f7c135d8-5d55-43f0-bab0-bc7cf3988ee2
el_for_eng:S0019L01U07	but I'm not sure if I can remember	αλλά δεν είμαι σίγουρος αν μπορώ να θυμηθώ	6598e849-71e7-46e8-b24b-ab047c3d1594
el_for_eng:S0019L02B01	I don't want to	δεν θέλω να	2963936d-5657-4aa7-ad8e-a87f3fab4b44
el_for_eng:S0019L02B02	I don't want to remember	δεν θέλω να θυμηθώ	b73a3ec3-d1ba-4e18-9a76-8d289067615c
el_for_eng:S0019L02B03	but I don't want to speak	αλλά δεν θέλω να μιλάω	502c8233-c696-4fb8-9807-37670e64d60c
el_for_eng:S0019L02B04	I don't want to practise today	δεν θέλω να εξασκηθώ σήμερα	2d290590-6870-4c0a-a26f-d91646c9c6ac
el_for_eng:S0019L02U01	I don't want to learn anything today	δεν θέλω να μάθω κάτι σήμερα	696b349c-615f-4af7-9387-f01d83e4af10
el_for_eng:S0019L02U02	I don't want to speak Greek right now	δεν θέλω να μιλάω ελληνικά τώρα	0a981e99-f9af-4127-85a6-8f1e016ae5f4
el_for_eng:S0019L02U03	but I don't want to learn anything today	αλλά δεν θέλω να μάθω κάτι σήμερα	28efff47-c303-43c2-a93f-bf09e0386f6f
el_for_eng:S0019L02U04	but I don't want to explain what I mean	αλλά δεν θέλω να εξηγήσω τι εννοώ	9b87757d-c771-431a-9cdb-47bc1a6dd355
el_for_eng:S0019L02U05	I don't want to guess what will happen tomorrow	δεν θέλω να μαντέψω τι θα γίνει αύριο	273d89b4-7861-4364-8495-908e7869bb11
el_for_eng:S0019L02U06	I don't want to remember the whole sentence	δεν θέλω να θυμηθώ ολόκληρη την πρόταση	0b4c6925-d9ef-4edf-ac1c-54c963beed89
el_for_eng:S0019L02U07	but I don't want to speak Greek all day	αλλά δεν θέλω να μιλάω ελληνικά όλη μέρα	74f2237f-c96e-41b5-879a-f0f588cd4885
el_for_eng:S0019L03B01	to stop	σταματήσω να	0d42f4dc-c4d2-4ffd-b41f-47fd1c856005
el_for_eng:S0019L03B02	I don't want to stop speaking	δεν θέλω να σταματήσω να μιλάω	9cd4d856-67fd-48de-8d0d-073c7ef36fe8
el_for_eng:S0019L03B03	but I want to stop saying something	αλλά θέλω να σταματήσω να λέω κάτι	fe24c18b-f9de-43b6-97d7-868e1ab85ba3
el_for_eng:S0019L03B04	she wants me to stop speaking Greek	θέλει να σταματήσω να μιλάω ελληνικά	f830bb5a-c889-42b3-96b9-1b145b1399b7
el_for_eng:S0019L03C01	I stop	σταματήσω	d8b83814-2ee0-4f29-a363-82f8f588a2b4
el_for_eng:S0019L03U01	she wants me to stop speaking Greek now	θέλει να σταματήσω να μιλάω ελληνικά τώρα	5e48183f-5289-4bb0-9a64-009a65e8024f
el_for_eng:S0019L03U02	I don't want to stop speaking in Greek	δεν θέλω να σταματήσω να μιλάω στα ελληνικά	df088a85-c5f8-4fe4-89df-2604bed80c94
el_for_eng:S0019L03U03	she wants me to stop speaking Greek today	θέλει να σταματήσω να μιλάω ελληνικά σήμερα	52c4c5a9-5b93-4652-8a18-cc8530c3cf89
el_for_eng:S0019L03U04	but I don't want to stop speaking Greek	αλλά δεν θέλω να σταματήσω να μιλάω ελληνικά	35a9542a-6997-43ba-9145-2f57e7809426
el_for_eng:S0019L03U05	I don't want to stop speaking Greek with you	δεν θέλω να σταματήσω να μιλάω ελληνικά μαζί σου	d9c8db13-a0e8-4895-94a5-60661d0d02ef
el_for_eng:S0019L03U06	I don't want to stop speaking Greek this evening	δεν θέλω να σταματήσω να μιλάω ελληνικά το απόγευμα	9ccffaab-7187-4647-a00b-a728812d2715
el_for_eng:S0019L03U07	but I don't want to stop speaking Greek with everyone else	αλλά δεν θέλω να σταματήσω να μιλάω ελληνικά με όλους τους άλλους	98251f07-f3c4-43f1-8e04-5874f6ebf0a6
el_for_eng:S0019L04B01	I want to speak very well	θέλω να μιλάω πολύ καλά	32f48971-4e53-440f-a0ab-dd4c1bb02932
el_for_eng:S0019L04B02	she wants me to stop speaking today	θέλει να σταματήσω να μιλάω σήμερα	4d92101b-9ed4-40c8-84e9-2927994430c4
el_for_eng:S0019L04B03	but I don't want to stop talking	αλλά δεν θέλω να σταματήσω να μιλάω	1d701a4f-7e97-43bd-90d2-910071689fe6
el_for_eng:S0019L04U01	I don't want to stop speaking Greek	δεν θέλω να σταματήσω να μιλάω ελληνικά	f26e8b0e-d84e-4cd7-beb4-29ddc7714a65
el_for_eng:S0019L04U02	but I don't want to stop talking now	αλλά δεν θέλω να σταματήσω να μιλάω τώρα	34eaf1c2-6c4e-4199-bd62-96a49c16104c
el_for_eng:S0019L04U03	but she wants me to stop talking later on	αλλά θέλει να σταματήσω να μιλάω αργότερα	bc996217-a280-4496-8d3f-4f70f5ea3eaa
el_for_eng:S0019L04U04	but I want to speak Greek with someone else	αλλά θέλω να μιλάω ελληνικά με κάποιον άλλο	ba2a42a3-c4a2-41a7-baf2-35f75ee803f9
el_for_eng:S0019L04U05	I don't want to stop speaking Greek all day	δεν θέλω να σταματήσω να μιλάω ελληνικά όλη μέρα	89055ca6-022d-4aff-bd3c-83eaa4b9a140
el_for_eng:S0019L04U06	but I want to speak Greek as often as possible	αλλά θέλω να μιλάω ελληνικά όσο πιο συχνά γίνεται	88d909e7-7871-4844-a003-1a5865de9001
el_for_eng:S0019L04U07	but I don't want to stop speaking Greek tomorrow	αλλά δεν θέλω να σταματήσω να μιλάω ελληνικά αύριο	c5b2dd45-5340-4229-a0d5-28629054be88
el_for_eng:S0020L01B01	you want to	θέλεις να	39df7b61-9941-4921-849d-135badcd1a18
el_for_eng:S0020L01B02	do you want her to come back?	θέλεις να επιστρέψει;	cbd27d65-ab51-4870-82a9-ff88ebad2aee
el_for_eng:S0020L01B03	do you want me to explain something?	θέλεις να εξηγήσω κάτι;	8967c6e9-bac1-4fc0-b7a0-a77b1c6aa325
el_for_eng:S0020L01B04	do you want to speak Greek?	θέλεις να μιλάς ελληνικά;	d9225dcb-4341-4a0f-8cdf-975e4ca485a5
el_for_eng:S0020L01C01	you want	θέλεις	f0ad62a1-280a-497f-95c0-b819f861e071
el_for_eng:S0020L01U01	do you want me to find out something today?	θέλεις να μάθω κάτι σήμερα;	88e89933-da35-4d06-9ec4-753bfce38805
el_for_eng:S0020L01U02	do you want me to explain what I mean?	θέλεις να εξηγήσω τι εννοώ;	e2cb8916-507e-478e-9bff-92886cd25b1e
el_for_eng:S0020L01U03	do you want her to come back tomorrow?	θέλεις να επιστρέψει αύριο;	dd951618-758a-4a2e-8d64-90f4f083969b
el_for_eng:S0020L01U04	but do you want to speak Greek?	αλλά θέλεις να μιλάς ελληνικά;	5dc01a66-a2e5-4926-a466-1e9dd77812ca
el_for_eng:S0020L01U05	do you want to speak Greek with me?	θέλεις να μιλάς ελληνικά μαζί μου;	1e794b47-efd1-418e-bd72-9009aac4a0ad
el_for_eng:S0020L01U06	do you want me to stop speaking Greek?	θέλεις να σταματήσω να μιλάω ελληνικά;	b2febd0a-0c7d-4ccd-b2d0-97a073112780
el_for_eng:S0020L01U07	do you want her to find out what the answer is?	θέλεις να μάθει ποια είναι η απάντηση;	c383445d-3fff-4365-b9f2-6249562c5280
el_for_eng:S0020L02B01	but do you want to find out?	αλλά θέλεις να μάθεις;	d435f83b-1fb6-408b-b785-43a7addc947b
el_for_eng:S0020L02B02	do you want to learn Greek?	θέλεις να μάθεις ελληνικά;	eef088b9-a2df-4bc8-8354-f90a52b2f007
el_for_eng:S0020L02B03	do you want to find out what I mean?	θέλεις να μάθεις τι εννοώ;	e5028d5d-bee7-4903-a9c0-8ef99275f3f5
el_for_eng:S0020L02U01	do you want to learn something today?	θέλεις να μάθεις κάτι σήμερα;	210026fe-7382-45b9-a196-99b6ede02f55
el_for_eng:S0020L02U02	do you want to learn Greek with me?	θέλεις να μάθεις ελληνικά μαζί μου;	2e14c3a9-2379-4872-a055-0ad613fe8862
el_for_eng:S0020L02U03	do you want to learn Greek very well?	θέλεις να μάθεις ελληνικά πολύ καλά;	29e8916f-16a3-4943-836c-b47a46e936fa
el_for_eng:S0020L02U04	but don't you want to learn something today?	αλλά δεν θέλεις να μάθεις κάτι σήμερα;	16601982-3247-45b7-8a7d-39968ee6ee8b
el_for_eng:S0020L02U05	do you want to find out what the answer is?	θέλεις να μάθεις ποια είναι η απάντηση;	3cc919cd-dc71-485e-8414-7462eba88d28
el_for_eng:S0020L02U06	do you want to learn how to say something in Greek?	θέλεις να μάθεις πώς να λες κάτι στα ελληνικά;	bfe29008-0a16-4b7b-95a3-79648bb7d219
el_for_eng:S0020L02U07	do you want to learn Greek as often as possible?	θέλεις να μάθεις ελληνικά όσο πιο συχνά γίνεται;	cb21addc-4acc-420b-9f3a-4e9a4fe2326e
el_for_eng:S0020L03B01	his name	το όνομά του	7934d9fe-dbb3-4411-bb63-52d2a99e59c5
el_for_eng:S0020L03B02	I want to find out his name	θέλω να μάθω το όνομά του	bb3ee8e9-489b-4616-84ed-8b35d7dcdb1a
el_for_eng:S0020L03B03	she wants to find out his name	θέλει να μάθει το όνομά του	9193ebe8-6bc9-4106-9e89-c8008835120d
el_for_eng:S0020L03B04	do you want to learn his name?	θέλεις να μάθεις το όνομά του;	7f50153a-f6eb-47a5-a4c7-967944478b50
el_for_eng:S0020L03C01	the	το	7f00f010-072d-4fc7-9726-208ff5327344
el_for_eng:S0020L03C02	name	όνομα	4b1202e2-42a2-4280-92c7-4f1843000b0f
el_for_eng:S0020L03C03	his	του	785ed6c8-6c4b-42cb-9d56-0e42870a494b
el_for_eng:S0020L03U01	I don't want to find out his name	δεν θέλω να μάθω το όνομά του	edc894ed-4d12-45a7-a6d4-fdddfe943938
el_for_eng:S0020L03U02	I'm trying to remember his name	προσπαθώ να θυμηθώ το όνομά του	524b95a6-032e-4808-aefb-9f5c093ebe2f
el_for_eng:S0020L03U03	I want to find out his name tomorrow	θέλω να μάθω το όνομά του αύριο	a7f62f4b-371a-445b-8f82-5745c53583f7
el_for_eng:S0020L03U04	I want to find out his name today	θέλω να μάθω το όνομά του σήμερα	30a9a197-8d2a-4deb-8984-7185e28ace7e
el_for_eng:S0020L03U05	but do you want to learn his name?	αλλά θέλεις να μάθεις το όνομά του;	bfaae88a-e1f5-4cb5-86b0-e71c76597ae9
el_for_eng:S0020L03U06	I'm going to try to remember his name	θα προσπαθήσω να θυμηθώ το όνομά του	8b268e1d-8f92-49cf-9a40-ee01324e86a3
el_for_eng:S0020L03U07	I'm not sure I can remember his name	δεν είμαι σίγουρος αν μπορώ να θυμηθώ το όνομά του	b2583d41-7606-4bdf-ba8d-b5fbc5b18673
el_for_eng:S0020L04B01	I would like to learn quickly	θα ήθελα να μάθω γρήγορα	53aeda42-31d5-4c63-bc10-5e2416605d22
el_for_eng:S0020L04B02	I want to learn something quickly	θέλω να μάθω κάτι γρήγορα	534d1c8b-b9f7-4971-b5a5-0190704d1428
el_for_eng:S0020L04B03	I want to learn Greek quickly	θέλω να μάθω ελληνικά γρήγορα	1a935610-4163-4ace-893b-995b88c48b89
el_for_eng:S0020L04U01	I don't want to learn something quickly	δεν θέλω να μάθω κάτι γρήγορα	9861f487-64ab-4769-a263-4293093c0cc6
el_for_eng:S0020L04U02	but I want to learn very quickly	αλλά θέλω να μάθω πολύ γρήγορα	980b76da-f428-473f-8320-f30ddb5cc5c8
el_for_eng:S0020L04U03	do you want to learn Greek quickly?	θέλεις να μάθεις ελληνικά γρήγορα;	869c9418-3915-4141-b9d4-8025d72c712f
el_for_eng:S0020L04U04	I'm trying to speak Greek quickly	προσπαθώ να μιλάω ελληνικά γρήγορα	2d9e7622-531f-46ed-aa12-3ab4c49f9971
el_for_eng:S0020L04U05	you want to learn his name quickly	θέλεις να μάθεις το όνομά του γρήγορα	13525411-fcf4-4127-8016-9212be6411c7
el_for_eng:S0020L04U06	we want to meet quickly this evening	θέλουμε να συναντηθούμε γρήγορα το απόγευμα	64b657b0-1f99-41a0-900c-665f2c191edd
el_for_eng:S0020L04U07	she wants to find out what the answer is quickly	θέλει να μάθει ποια είναι η απάντηση γρήγορα	1a4f67b4-9477-476c-a4d7-cde730d6ce6e
el_for_eng:S0021L01B01	why am I not sure?	γιατί δεν είμαι σίγουρος;	51eac573-a159-479a-a4b3-010a08a85ab6
el_for_eng:S0021L01B02	why does she want to come back?	γιατί θέλει να επιστρέψει;	f7ee3e72-2897-4a57-9015-2f09a60951fc
el_for_eng:S0021L01B03	why do I want to speak Greek?	γιατί θέλω να μιλάω ελληνικά;	4671f514-c215-4ddf-881b-f77ccf1b4998
el_for_eng:S0021L01U01	why do you want to learn Greek?	γιατί θέλεις να μάθεις ελληνικά;	0a55b45f-6eb9-4bd0-a5eb-73a34c86e5a0
el_for_eng:S0021L01U02	why does she want to come back tomorrow?	γιατί θέλει να επιστρέψει αύριο;	1cab57d4-eb8b-4dfb-9415-316cc58a766a
el_for_eng:S0021L01U03	why don't I want to learn something quickly?	γιατί δεν θέλω να μάθω κάτι γρήγορα;	b80b9710-a7dc-44c9-9de0-3e0420238c89
el_for_eng:S0021L01U04	why don't you want to learn something today?	γιατί δεν θέλεις να μάθεις κάτι σήμερα;	bd0c192f-a780-4339-a5c6-129c68120ea5
el_for_eng:S0021L01U05	why don't I want to remember the whole sentence?	γιατί δεν θέλω να θυμηθώ ολόκληρη την πρόταση;	7e1ec87b-10fe-4954-bc87-3b1ce6569e08
el_for_eng:S0021L01U06	why do I want to speak Greek as often as possible?	γιατί θέλω να μιλάω ελληνικά όσο πιο συχνά γίνεται;	c6b4014a-068e-40dd-a2c9-cbef17bdfbaf
el_for_eng:S0021L01U07	why do we want to meet at six this evening?	γιατί θέλουμε να συναντηθούμε στις έξι το απόγευμα;	4107d621-52e4-40e5-a490-774469617df5
el_for_eng:S0021L02B01	are you learning something today?	μαθαίνεις κάτι σήμερα;	b401fd5b-083c-4821-81d0-9cbf3496df4b
el_for_eng:S0021L02B02	are you learning something quickly?	μαθαίνεις κάτι γρήγορα;	3e0cfdda-f015-420f-a2c7-d32bbe13786c
el_for_eng:S0021L02B03	why are you learning Greek?	γιατί μαθαίνεις ελληνικά;	29ed3ed6-b615-4ba0-a6ca-51af9b58aa58
el_for_eng:S0021L02U01	you are learning Greek all day	μαθαίνεις ελληνικά όλη μέρα	1f2f87a6-f924-4c65-a97e-012571d41197
el_for_eng:S0021L02U02	you are learning Greek very well	μαθαίνεις ελληνικά πολύ καλά	0cc8b8b6-c6f2-49cb-8602-4aa1b34c2fa5
el_for_eng:S0021L02U03	why are you learning Greek right now?	γιατί μαθαίνεις ελληνικά τώρα;	07bb156d-2504-4df9-b773-ae0f04aa1c17
el_for_eng:S0021L02U04	you are learning his name quickly	μαθαίνεις το όνομά του γρήγορα	dd7300d2-28e0-439c-b232-1d5b3e79b245
el_for_eng:S0021L02U05	are you learning Greek with someone else?	μαθαίνεις ελληνικά με κάποιον άλλο;	4b3d5cc9-5b27-4f5c-85bc-077764cbac4b
el_for_eng:S0021L02U06	why are you learning how to speak Greek?	γιατί μαθαίνεις πώς να μιλάς ελληνικά;	f7364719-3e9a-4801-8e07-3ef1edb6fcc6
el_for_eng:S0021L02U07	you are learning Greek as often as possible	μαθαίνεις ελληνικά όσο πιο συχνά γίνεται	f1665d3c-c6dc-4a98-a549-cad659a5ed7b
el_for_eng:S0021L03B01	her name	το όνομά της	5cc8e8c6-8b76-4474-8a7c-7e5b103e8fda
el_for_eng:S0021L03B02	I want to find out her name	θέλω να μάθω το όνομά της	c7107e72-0455-4550-b8cb-9c141770c1d8
el_for_eng:S0021L03B03	she wants to find out her name	θέλει να μάθει το όνομά της	6b605fcb-6d01-488d-a0af-3e0d212eb54e
el_for_eng:S0021L03B04	why are you learning her name?	γιατί μαθαίνεις το όνομά της;	8fdf1903-b723-4da1-bc5d-ee9254c88bd2
el_for_eng:S0021L03C01	the	το	7f00f010-072d-4fc7-9726-208ff5327344
el_for_eng:S0021L03C02	name	όνομα	4b1202e2-42a2-4280-92c7-4f1843000b0f
el_for_eng:S0021L03C03	her	της	12812c1c-88cd-4610-a58c-b9b6348c5b80
el_for_eng:S0021L03U01	I don't want to learn her name	δεν θέλω να μάθω το όνομά της	4a0e5f22-185d-43f4-bd78-74fd066c3c60
el_for_eng:S0021L03U02	do you want to learn her name?	θέλεις να μάθεις το όνομά της;	4b947db1-1b6f-4a1c-9e35-3a7f441638f7
el_for_eng:S0021L03U03	you are learning her name quickly	μαθαίνεις το όνομά της γρήγορα	12eb03e8-42c1-40ed-bd47-c7c883c5c53b
el_for_eng:S0021L03U04	I'm trying to remember her name	προσπαθώ να θυμηθώ το όνομά της	21ee1a5b-114e-4289-bcce-4d3af0671267
el_for_eng:S0021L03U05	I want to find out her name tomorrow	θέλω να μάθω το όνομά της αύριο	e315494d-c0ce-4d1a-a21c-ae4b56aa972a
el_for_eng:S0021L03U06	I'm going to try to remember her name	θα προσπαθήσω να θυμηθώ το όνομά της	ddb2380a-e67e-47c2-9196-6e4fcfc8c1cd
el_for_eng:S0021L03U07	I'm not sure I can remember her name	δεν είμαι σίγουρος αν μπορώ να θυμηθώ το όνομά της	642684e2-d5ef-47a9-9b42-a3d2df52f0d2
el_for_eng:S0022L01B01	because I want to learn	γιατί θέλω να μάθω	064a1d6f-57b7-436c-a0a4-cd8a072a3cdb
el_for_eng:S0022L01B02	because she wants to come back	γιατί θέλει να επιστρέψει	c84fba16-267d-4572-8e43-d2682243f4d2
el_for_eng:S0022L01B03	because I want to speak Greek	γιατί θέλω να μιλάω ελληνικά	cd88a077-79f0-43d2-929f-a763ece53510
el_for_eng:S0022L01U01	because she wants to come back tomorrow	γιατί θέλει να επιστρέψει αύριο	d807c29c-245b-4cb9-bbe4-00b2ab414808
el_for_eng:S0022L01U02	because I want to learn something quickly	γιατί θέλω να μάθω κάτι γρήγορα	1300d6f5-481a-48e5-ae9a-9302da468b41
el_for_eng:S0022L01U03	because you are learning Greek all day	γιατί μαθαίνεις ελληνικά όλη μέρα	eb5940a7-8434-4123-ae23-779dacd3c42c
el_for_eng:S0022L01U04	because I don't want to stop talking	γιατί δεν θέλω να σταματήσω να μιλάω	f3cee14d-1e51-4003-9286-a8530ccbb5d6
el_for_eng:S0022L01U05	because I don't want to remember the whole sentence	γιατί δεν θέλω να θυμηθώ ολόκληρη την πρόταση	3498f54c-56cc-488d-90d5-64dbc99ec13a
el_for_eng:S0022L01U06	because I want to speak Greek as often as possible	γιατί θέλω να μιλάω ελληνικά όσο πιο συχνά γίνεται	119ba6a9-c26d-4d35-a2ca-a313c10bc9d8
el_for_eng:S0022L01U07	because we want to meet at six this evening	γιατί θέλουμε να συναντηθούμε στις έξι το απόγευμα	d34e7819-6860-4f82-b885-9a896d87ef46
el_for_eng:S0022L02B01	I want to	θέλω να	802d5a23-2147-4aa2-93c0-3602af85f068
el_for_eng:S0022L02B02	I want to learn something today	θέλω να μάθω κάτι σήμερα	8c06bd28-72bb-4ec9-82e8-d75da11e969c
el_for_eng:S0022L02B03	I want to try as much as I can	θέλω να προσπαθήσω όσο μπορώ	23da2929-213b-461f-b349-59c987167acb
el_for_eng:S0022L02B04	I want to learn Greek quickly	θέλω να μάθω ελληνικά γρήγορα	1a935610-4163-4ace-893b-995b88c48b89
el_for_eng:S0022L02C01	I want	θέλω	f0d0a68d-c993-43dd-90fc-945c16847e7e
el_for_eng:S0022L02U01	but I want to explain what I mean	αλλά θέλω να εξηγήσω τι εννοώ	c5cabbb6-3369-4ffb-824e-f73488b63387
el_for_eng:S0022L02U02	I want to speak Greek with you	θέλω να μιλάω ελληνικά μαζί σου	a54a05d6-538f-49eb-b6c1-b6394fee7ea2
el_for_eng:S0022L02U03	I want to speak Greek all day	θέλω να μιλάω ελληνικά όλη μέρα	4c0cd163-fe86-4ac5-9917-2456701ff0cb
el_for_eng:S0022L02U04	I want to learn his name quickly	θέλω να μάθω το όνομά του γρήγορα	e8808efb-5d4a-4787-ac76-f624f9047afe
el_for_eng:S0022L02U05	I want to find out what the answer is	θέλω να μάθω ποια είναι η απάντηση	d050cd5c-f498-4a83-b227-44e17f6f43dc
el_for_eng:S0022L02U06	I want to remember the whole sentence	θέλω να θυμηθώ ολόκληρη την πρόταση	9f7d1ee5-8f57-4dcc-8a55-0b3beb28e7a6
el_for_eng:S0022L02U07	I want to speak Greek with someone else	θέλω να μιλάω ελληνικά με κάποιον άλλο	6aa609b3-9cc9-453b-ae98-7162858bc7fa
el_for_eng:S0022L03B01	I want to get to know someone	θέλω να γνωρίσω κάποιον	376e3e0f-23b0-4ebd-b8d3-dee1632912c2
el_for_eng:S0022L03B02	I would like to get to know someone	θα ήθελα να γνωρίσω κάποιον	e92e65a9-2455-40eb-b1c7-5fe364c35153
el_for_eng:S0022L03B03	but I want to get to know someone	αλλά θέλω να γνωρίσω κάποιον	be4a9130-e4a1-479c-a817-2cc63652a5aa
el_for_eng:S0022L03U01	because I want to get to know someone	γιατί θέλω να γνωρίσω κάποιον	9c3c9a1d-52d3-4d5f-b723-77e6b65ff666
el_for_eng:S0022L03U02	I would like to get to know someone tomorrow	θα ήθελα να γνωρίσω κάποιον αύριο	36869638-decd-4481-b191-722e4912b722
el_for_eng:S0022L03U03	she wants me to get to know someone later on	θέλει να γνωρίσω κάποιον αργότερα	c3f68b86-2b1b-45a9-bf92-a61845ea5189
el_for_eng:S0022L03U04	but I want to get to know someone today	αλλά θέλω να γνωρίσω κάποιον σήμερα	89bd0202-44a9-40e8-b765-a7cb8ec6b61a
el_for_eng:S0022L03U05	I don't want to meet anyone quickly	δεν θέλω να γνωρίσω γρήγορα	ff0a3da3-fec8-494d-a12a-b02ca4801c3c
el_for_eng:S0022L04B01	I want to get to know people	θέλω να γνωρίσω ανθρώπους	bcf77bce-d514-41f6-b0dd-f75a45539297
el_for_eng:S0022L04B02	I would like to get to know people	θα ήθελα να γνωρίσω ανθρώπους	24bfa893-0359-403a-8ab2-f69f84bd998a
el_for_eng:S0022L04B03	why do I want to get to know people?	γιατί θέλω να γνωρίσω ανθρώπους;	7902dd46-52ed-4ddf-abb2-b90a0b78c0f2
el_for_eng:S0022L04U01	I want to get to know people today	θέλω να γνωρίσω ανθρώπους σήμερα	9f7413fc-9127-4d9d-8658-a4fda33a1449
el_for_eng:S0022L04U02	I want to get to know people quickly	θέλω να γνωρίσω ανθρώπους γρήγορα	ed63cc38-0700-4a33-9c9c-b18ea34b2f05
el_for_eng:S0022L04U03	I don't want to get to know people right now	δεν θέλω να γνωρίσω ανθρώπους τώρα	e5b272f1-1ddd-4e97-a89b-cbbf890e6c38
el_for_eng:S0022L04U04	but I want to get to know people tomorrow	αλλά θέλω να γνωρίσω ανθρώπους αύριο	019a5e82-fcf1-4eaa-92ff-9f7b70dc5d2c
el_for_eng:S0022L04U05	because I want to get to know people later on	γιατί θέλω να γνωρίσω ανθρώπους αργότερα	bb1abf68-e629-4283-81bc-b3db1475a053
el_for_eng:S0022L05B01	who speak	που μιλάνε	8165a202-7367-483d-8243-68a10e8a5f91
el_for_eng:S0022L05B02	people who speak Greek	ανθρώπους που μιλάνε ελληνικά	9c5eda9a-5a1f-4cd9-b350-fc07e1e7877f
el_for_eng:S0022L05B03	I want to meet people who speak	θέλω να γνωρίσω ανθρώπους που μιλάνε	2404706e-f3e0-493d-9be9-19109e53d34b
el_for_eng:S0022L05B04	I want to meet people who speak Greek	θέλω να γνωρίσω ανθρώπους που μιλάνε ελληνικά	15b51eae-ca2f-458f-a103-2b78d4631780
el_for_eng:S0022L05C01	who	που	30ef2d40-4d3e-49ff-bc07-57f612e5865f
el_for_eng:S0022L05C02	they speak	μιλάνε	3470bc15-0480-4a80-b10c-943f5d812420
el_for_eng:S0022L05U01	I would like to meet people who speak Greek	θα ήθελα να γνωρίσω ανθρώπους που μιλάνε ελληνικά	0c5edcaf-28ff-4d7e-81f0-380162a3be96
el_for_eng:S0022L05U02	but I want to meet people who speak Greek	αλλά θέλω να γνωρίσω ανθρώπους που μιλάνε ελληνικά	30a6adfc-4db8-4cfa-b526-0195a1eb4be8
el_for_eng:S0022L05U03	why do I want to meet people who speak Greek?	γιατί θέλω να γνωρίσω ανθρώπους που μιλάνε ελληνικά;	c20fe076-f77b-4228-9e73-b24ce4994a9d
el_for_eng:S0022L05U04	I want to meet people who speak Greek today	θέλω να γνωρίσω ανθρώπους που μιλάνε ελληνικά σήμερα	4a76f125-fecd-4219-8088-0d5ac06ce535
el_for_eng:S0022L05U05	I don't want to meet people who speak Greek right now	δεν θέλω να γνωρίσω ανθρώπους που μιλάνε ελληνικά τώρα	050a016d-62f6-4ab8-9837-f340c73239cc
el_for_eng:S0022L05U06	because I want to meet people who speak Greek quickly	γιατί θέλω να γνωρίσω ανθρώπους που μιλάνε ελληνικά γρήγορα	14e7d34b-a812-4f1f-b0df-5b9d37361bc6
el_for_eng:S0023L01B01	I'm going to start	θα αρχίσω να	1e420a64-5fa9-4ff6-8c6e-a21ecd380b4b
el_for_eng:S0023L01B02	I'm going to start speaking	θα αρχίσω να μιλάω	569b6fdc-7e54-4568-9631-1ea0a796aabe
el_for_eng:S0023L01C01	I will start	θα αρχίσω	244e9538-790c-4e36-922a-d5d52a730c49
el_for_eng:S0023L01U01	I'm going to start practising today	θα αρχίσω να εξασκηθώ σήμερα	f18a2b9b-681e-4eb1-a416-770c9ca62e36
el_for_eng:S0023L01U02	but I'm going to start remembering something	αλλά θα αρχίσω να θυμηθώ κάτι	987c0f81-e555-4af9-a295-404beadcc24b
el_for_eng:S0023L01U03	why am I going to start learning Greek?	γιατί θα αρχίσω να μάθω ελληνικά;	3b16824b-9ccc-415e-956b-c72d4cb911f6
el_for_eng:S0023L01U04	I'm going to start speaking Greek tomorrow	θα αρχίσω να μιλάω ελληνικά αύριο	0025b580-185c-4a6e-a11b-5eb6cc1fd425
el_for_eng:S0023L01U05	I'm going to start speaking Greek all day	θα αρχίσω να μιλάω ελληνικά όλη μέρα	42064af7-561e-44f0-947c-540b26b963c1
el_for_eng:S0023L01U06	I'm going to start speaking Greek with someone else	θα αρχίσω να μιλάω ελληνικά με κάποιον άλλο	01cb6f8c-42b2-4f0e-9084-3e7dbe4cfe48
el_for_eng:S0023L01U07	I'm going to start speaking with people who speak Greek	θα αρχίσω να μιλάω με ανθρώπους που μιλάνε ελληνικά	e033caee-0c41-46a5-89e3-a6423f7ae58d
el_for_eng:S0023L03B01	but I want to learn more	αλλά θέλω να μάθω περισσότερο	67f9d13f-ffec-44c0-acfe-7f18a0dbf551
el_for_eng:S0023L03B02	I'm going to start speaking more	θα αρχίσω να μιλάω περισσότερο	e30cd834-f046-4c19-bbb2-0705e3a95ff3
el_for_eng:S0023L03B03	you are learning Greek more	μαθαίνεις ελληνικά περισσότερο	07f20c91-58d3-46c3-827a-5054ed90f903
el_for_eng:S0023L03U01	I want to speak Greek more	θέλω να μιλάω ελληνικά περισσότερο	adac95fd-d145-4dab-bc18-05bbb02d98a1
el_for_eng:S0023L03U02	do you want to speak Greek more?	θέλεις να μιλάς ελληνικά περισσότερο;	d69704e9-6d1a-4c9a-9d83-44a7d9d1f302
el_for_eng:S0023L03U03	why do I want to speak Greek more?	γιατί θέλω να μιλάω ελληνικά περισσότερο;	74bf1e5c-f3bd-4034-9c98-9f0844d4efca
el_for_eng:S0023L03U04	I'm going to practise speaking Greek more	θα εξασκηθώ να μιλάω ελληνικά περισσότερο	659c5357-205a-4092-9ea8-12d51a15df2d
el_for_eng:S0023L03U05	I don't want to speak Greek more right now	δεν θέλω να μιλάω ελληνικά περισσότερο τώρα	e8e665d3-5f19-4dfb-8449-bc2c8c9132eb
el_for_eng:S0023L03U06	I'm going to try to speak Greek more	θα προσπαθήσω να μιλάω ελληνικά περισσότερο	be4f042d-d923-4640-a512-a588405bc9c1
el_for_eng:S0023L03U07	I want to meet people who speak Greek more	θέλω να γνωρίσω ανθρώπους που μιλάνε ελληνικά περισσότερο	18ca073e-3016-4476-a326-e58e7deb7f56
el_for_eng:S0023L04B01	I want to learn Greek soon	θέλω να μάθω ελληνικά σύντομα	1c0a0e21-79bd-4153-a3ed-1170538f3cf6
el_for_eng:S0023L04B02	I want to speak Greek soon	θέλω να μιλάω ελληνικά σύντομα	078e4da2-651a-4db3-9ac5-0690167b5681
el_for_eng:S0023L04B03	but I'm going to start speaking soon	αλλά θα αρχίσω να μιλάω σύντομα	127dcfac-ef33-4dbc-822d-6f17482aa569
el_for_eng:S0023L04U01	I would like to learn Greek soon	θα ήθελα να μάθω ελληνικά σύντομα	1bb11c0a-af8c-43eb-a728-085d2cf1e1e3
el_for_eng:S0023L04U02	I'm going to practise speaking Greek soon	θα εξασκηθώ να μιλάω ελληνικά σύντομα	0cde91a1-3372-4abd-ac77-5f5bf04775b4
el_for_eng:S0023L04U03	I'm going to start talking more soon	θα αρχίσω να μιλάω περισσότερο σύντομα	d1ff1f47-db1d-484a-b390-163fc0d16d1f
el_for_eng:S0023L04U04	why do you want to learn Greek soon?	γιατί θέλεις να μάθεις ελληνικά σύντομα;	104bd840-45ac-4d6f-ae9d-5d37a799275a
el_for_eng:S0023L04U05	I don't want to stop speaking Greek soon	δεν θέλω να σταματήσω να μιλάω ελληνικά σύντομα	9041b127-628e-43a5-b422-aa8d51015bba
el_for_eng:S0023L04U06	I want to meet people who speak Greek soon	θέλω να γνωρίσω ανθρώπους που μιλάνε ελληνικά σύντομα	2a5e7c26-a2a7-4eef-977e-4393fd4bca70
el_for_eng:S0023L04U07	I'm going to start speaking with people who speak Greek soon	θα αρχίσω να μιλάω με ανθρώπους που μιλάνε ελληνικά σύντομα	28d26558-b044-4a0e-813b-2ffb8810fbe8
el_for_eng:S0024L01B01	I'm not going to be able to	δεν θα μπορέσω να	cba09495-445d-4f38-916e-aa1d5bd82031
el_for_eng:S0024L01B02	I'm not going to be able to speak	δεν θα μπορέσω να μιλάω	c20e2859-53e7-4c08-bd5e-29f4924b01af
el_for_eng:S0024L01B03	I'm not going to be able to remember	δεν θα μπορέσω να θυμηθώ	9d113a09-9235-4ec1-bf00-294a1d13031a
el_for_eng:S0024L01B04	I'm not going to be able to explain	δεν θα μπορέσω να εξηγήσω	5cf063ab-e922-4f21-954b-d58eb2299b54
el_for_eng:S0024L01U01	I'm not going to be able to learn quickly	δεν θα μπορέσω να μάθω γρήγορα	d0a295b5-5a03-41ab-914c-7b91f833fb28
el_for_eng:S0024L01U02	I'm not going to be able to explain what I mean	δεν θα μπορέσω να εξηγήσω τι εννοώ	dfac5352-01bb-48a3-bfae-69d4f0e163ab
el_for_eng:S0024L01U03	I'm not going to be able to remember her name	δεν θα μπορέσω να θυμηθώ το όνομά της	77a718dd-3bcc-4b14-83c0-9233a4be75e9
el_for_eng:S0024L01U04	I'm not going to be able to speak Greek tomorrow	δεν θα μπορέσω να μιλάω ελληνικά αύριο	e0be135c-ac8b-40b7-ac78-52aa389f2723
el_for_eng:S0024L01U05	why am I not going to be able to speak Greek tomorrow?	γιατί δεν θα μπορέσω να μιλάω ελληνικά αύριο;	e127936e-b0ba-41ed-baca-a5b895539f82
el_for_eng:S0024L01U06	but I'm not going to be able to speak Greek soon	αλλά δεν θα μπορέσω να μιλάω ελληνικά σύντομα	c6bf2148-771a-4b8f-bfac-4ad7cf7ec3f7
el_for_eng:S0024L01U07	why am I not going to be able to remember the whole sentence?	γιατί δεν θα μπορέσω να θυμηθώ ολόκληρη την πρόταση;	6966da05-82a7-4e32-b9ce-0534092d1175
el_for_eng:S0024L03B01	I want to learn easily	θέλω να μάθω εύκολα	476e305a-3823-4b23-9962-86f90df62312
el_for_eng:S0024L03B02	you are learning Greek easily	μαθαίνεις ελληνικά εύκολα	274af796-12a9-41c9-8598-5f2c6dc2d786
el_for_eng:S0024L03B03	but I want to remember easily	αλλά θέλω να θυμηθώ εύκολα	825c87fe-5751-4d91-b771-94b77c1c2112
el_for_eng:S0024L03U01	I want to speak Greek easily	θέλω να μιλάω ελληνικά εύκολα	715bdffe-0856-4cf5-9c47-4dc03c8c1c43
el_for_eng:S0024L03U02	I'm not going to be able to remember easily	δεν θα μπορέσω να θυμηθώ εύκολα	0e876b30-54fc-4b35-9b9d-96affaaac3f8
el_for_eng:S0024L03U03	I'm trying to speak Greek easily	προσπαθώ να μιλάω ελληνικά εύκολα	01084f34-9d09-4cc7-9848-24d120c57701
el_for_eng:S0024L03U04	I would like to remember her name easily	θα ήθελα να θυμηθώ το όνομά της εύκολα	3788edc4-f599-478a-a43e-bb463052cf54
el_for_eng:S0024L03U05	I'm going to start speaking Greek easily soon	θα αρχίσω να μιλάω ελληνικά εύκολα σύντομα	fdc972f1-10f1-4775-b965-e842c381d013
el_for_eng:S0024L03U06	why don't you want to learn Greek easily?	γιατί δεν θέλεις να μάθεις ελληνικά εύκολα;	14e7a436-923c-45f8-aba2-685393311a4e
el_for_eng:S0024L03U07	I want to meet people who speak Greek easily	θέλω να γνωρίσω ανθρώπους που μιλάνε ελληνικά εύκολα	e5517f33-baf7-48f8-bdc1-a2ba5d881fe5
el_for_eng:S0025L01B01	will you help me	θα με βοηθήσεις	bdac84d5-b4b8-4b4d-9180-b1bdaafd2a27
el_for_eng:S0025L01B02	will you help me a lot?	θα με βοηθήσεις πολύ;	9f4ae164-cfd6-49e4-bc4b-de08bacb790c
el_for_eng:S0025L01B03	will you help me right now?	θα με βοηθήσεις τώρα;	57204af3-0d40-4a26-87f3-968883af0240
el_for_eng:S0025L01B04	will you help me tomorrow?	θα με βοηθήσεις αύριο;	69bb2db7-f2d4-400c-85b8-9640356b729d
el_for_eng:S0025L01C01	will you help	θα βοηθήσεις	8b99c56c-642d-4c35-88bb-bc26b9105143
el_for_eng:S0025L01C02	me	με	d3b3529c-ec1a-4927-b94a-260869f41ff2
el_for_eng:S0025L01U01	will you help me today?	θα με βοηθήσεις σήμερα;	b20bc631-f129-4b3a-8a22-bb44be044fb8
el_for_eng:S0025L01U02	will you help me soon?	θα με βοηθήσεις σύντομα;	284e6246-693d-4db3-8f04-cb4f8a32d621
el_for_eng:S0025L01U03	won't you help me tomorrow?	δεν θα με βοηθήσεις αύριο;	5d4bdb85-43fc-4093-ae65-4572b7ec1a5b
el_for_eng:S0025L01U04	but will you help me tomorrow?	αλλά θα με βοηθήσεις αύριο;	33de24f8-5736-4e3f-896b-90d90e5b20fc
el_for_eng:S0025L01U05	why will you help me today?	γιατί θα με βοηθήσεις σήμερα;	c7f54216-c495-4af3-b59e-3edc49c356cd
el_for_eng:S0025L01U06	will you help me with someone else?	θα με βοηθήσεις με κάποιον άλλο;	257e4183-bbce-4439-9955-997073bb0709
el_for_eng:S0025L01U07	but won't you help me today?	αλλά δεν θα με βοηθήσεις σήμερα;	f6d05ae0-d4f5-40f9-9aaa-95bfe424cfc9
el_for_eng:S0025L02B01	before I have to	πριν πρέπει να	2451e79e-d30e-4845-8a96-8e9b81c1fa46
el_for_eng:S0025L02B02	before I have to remember something	πριν πρέπει να θυμηθώ κάτι	ce76d5d7-eb49-4f9e-8a4e-8d7a0855b2d4
el_for_eng:S0025L02B03	before I have to explain what I mean	πριν πρέπει να εξηγήσω τι εννοώ	7be43638-5179-42ae-a17e-ce39d7e16b58
el_for_eng:S0025L02B04	will you help me before I have to remember something?	θα με βοηθήσεις πριν πρέπει να θυμηθώ κάτι;	51f31161-922e-46e7-a04d-d5e60949ffef
el_for_eng:S0025L02C01	before	πριν	0c1fbd89-ed8e-4560-9a0f-4e3c68f2dd95
el_for_eng:S0025L02C02	it is necessary	πρέπει	084209bd-f350-485b-abd5-d36a1fe10260
el_for_eng:S0025L02U01	I want to speak Greek before I have to remember	θέλω να μιλάω ελληνικά πριν πρέπει να θυμηθώ	63616b9d-4fd7-43be-a2b9-267bd9cf6600
el_for_eng:S0025L02U02	why will you help me before I have to explain?	γιατί θα με βοηθήσεις πριν πρέπει να εξηγήσω;	31c234b1-394b-48c6-abc3-d3c3d14d1b36
el_for_eng:S0025L02U03	but will you help me before I have to learn something?	αλλά θα με βοηθήσεις πριν πρέπει να μάθω κάτι;	53f94bd6-db6d-4688-b37c-4ec05684f4c0
el_for_eng:S0025L02U04	will you help me before I have to speak Greek?	θα με βοηθήσεις πριν πρέπει να μιλάω ελληνικά;	4bbf9bd6-f3d5-4e49-aea7-c3fa418e91c2
el_for_eng:S0025L02U05	before I have to explain, I want to speak Greek	πριν πρέπει να εξηγήσω, θέλω να μιλάω ελληνικά	6e1bf9f7-ea01-41cd-b256-fbc14beb4482
el_for_eng:S0025L02U06	I'm going to start speaking Greek before I have to explain	θα αρχίσω να μιλάω ελληνικά πριν πρέπει να εξηγήσω	febf167a-bde2-4cdf-9a4b-23d5ab4befe0
el_for_eng:S0025L02U07	I want to speak Greek before I have to explain what I mean	θέλω να μιλάω ελληνικά πριν πρέπει να εξηγήσω τι εννοώ	d90ef165-efc0-4d9f-a752-d3beb972e411
el_for_eng:S0025L03B01	I want to go tomorrow	θέλω να φύγω αύριο	cfd6f34b-644f-4751-a7ec-80d57d89a5d7
el_for_eng:S0025L03B02	before I have to go	πριν πρέπει να φύγω	837c9c99-d9fb-4ee6-a8f7-867eb9d235d5
el_for_eng:S0025L03B03	I want to go soon	θέλω να φύγω σύντομα	ff124e61-1f0f-43e2-b596-5ce6b20da713
el_for_eng:S0025L03U01	why do you want me to go?	γιατί θέλεις να φύγω;	c4333dc3-798b-47f5-83a1-685e1be47709
el_for_eng:S0025L03U02	I don't want to go right now	δεν θέλω να φύγω τώρα	b61ea566-df68-4c92-9467-2dc03d5eb13f
el_for_eng:S0025L03U03	I would like to go tomorrow	θα ήθελα να φύγω αύριο	005d3e0a-4698-400f-bac9-a1226629d89e
el_for_eng:S0025L03U04	but I want to go soon	αλλά θέλω να φύγω σύντομα	87e768cf-7360-4d04-bc26-581e706d3bb1
el_for_eng:S0025L03U05	I'm not going to be able to go easily	δεν θα μπορέσω να φύγω εύκολα	c078b1fe-4321-43a7-b57f-e6291907115c
el_for_eng:S0025L03U06	are you going to help me before I have to go?	θα με βοηθήσεις πριν πρέπει να φύγω;	44000107-ed5d-4828-8523-1caff940c40d
el_for_eng:S0025L03U07	before I have to go, I want to speak Greek	πριν πρέπει να φύγω, θέλω να μιλάω ελληνικά	0630cdda-a053-4997-9b32-6fffe154b50c
el_for_eng:S0026L01B01	I like to	μου αρέσει να	e901b6b0-2424-4748-b6cb-9284b615bbd1
el_for_eng:S0026L01B02	I like learning something	μου αρέσει να μάθω κάτι	f1b829a7-da0a-4e7e-b9a9-4f2d41d5d1e4
el_for_eng:S0026L01B03	I like leaving soon	μου αρέσει να φύγω σύντομα	56f9a212-8b95-4011-8477-2c0fe1a238c5
el_for_eng:S0026L01B04	I like speaking Greek	μου αρέσει να μιλάω ελληνικά	ba08440e-87b9-4cfa-80d7-194105574342
el_for_eng:S0026L01C01	I like it	μου αρέσει	2f4ba365-9f05-4568-bee7-a0ad68ed7183
el_for_eng:S0026L01U01	I like explaining what I mean	μου αρέσει να εξηγήσω τι εννοώ	6678c226-fe5a-4275-8890-3b33e7d98984
el_for_eng:S0026L01U02	I like remembering something today	μου αρέσει να θυμηθώ κάτι σήμερα	b23470cc-4e10-4bea-9573-cbc569512630
el_for_eng:S0026L01U03	why do I like speaking Greek?	γιατί μου αρέσει να μιλάω ελληνικά;	9e9a2547-990e-4cfb-827b-b2c87f428f0b
el_for_eng:S0026L01U04	I like speaking Greek with you	μου αρέσει να μιλάω ελληνικά μαζί σου	aec9893c-2d65-4446-bfe9-dd20dab710df
el_for_eng:S0026L01U05	but I like speaking Greek more	αλλά μου αρέσει να μιλάω ελληνικά περισσότερο	6eceaf3c-e4cd-47db-adca-a770a87eced3
el_for_eng:S0026L01U06	I like learning how to say something in Greek	μου αρέσει να μάθω πώς να λέω κάτι στα ελληνικά	247ba7ff-245e-43a5-8fe1-880195c8e106
el_for_eng:S0026L01U07	I like meeting people who speak Greek	μου αρέσει να γνωρίσω ανθρώπους που μιλάνε ελληνικά	71bae4bd-73c6-45a6-a85a-199ce79da5c1
el_for_eng:S0026L02B01	I feel as if	νιώθω σαν να	b03ece09-d069-44df-b86a-8ec64ebfb16a
el_for_eng:S0026L02B02	I feel as if I'm speaking Greek	νιώθω σαν να μιλάω ελληνικά	58068a09-9d5b-40bb-834e-212b05f21278
el_for_eng:S0026L02C01	I feel	νιώθω	77570ad8-f6e8-41f1-ae81-05701895d980
el_for_eng:S0026L02C02	as if	σαν να	3701dbbf-99bd-4fce-be36-de0ab7693ea4
el_for_eng:S0026L02U02	but I feel as if I'm learning something today	αλλά νιώθω σαν να μάθω κάτι σήμερα	a2d97c8a-2d61-4a18-b779-244595227f54
el_for_eng:S0026L02U03	I feel as if I'm speaking Greek easily	νιώθω σαν να μιλάω ελληνικά εύκολα	e0f48dce-5823-4af7-a6ec-7590be61ad6c
el_for_eng:S0026L02U04	I like feeling as if I'm learning something	μου αρέσει να νιώθω σαν να μάθω κάτι	9f3fd7a9-0903-473a-8f64-65dce4c624d1
el_for_eng:S0026L02U05	I feel as if I'm speaking Greek very well	νιώθω σαν να μιλάω ελληνικά πολύ καλά	a0c79dc9-1c20-4fb0-8f29-64a2bd3d415c
el_for_eng:S0026L02U06	I don't want to feel as if I'm explaining something	δεν θέλω να νιώθω σαν να εξηγήσω κάτι	d727c025-6a28-4c94-b675-9bea21266545
el_for_eng:S0026L02U07	I like feeling as if I'm speaking Greek	μου αρέσει να νιώθω σαν να μιλάω ελληνικά	93a1b6a6-2d11-4b1a-b91a-42d52db53316
el_for_eng:S0026L03B01	I'm not sure	δεν είμαι σίγουρος	bf5064d0-0244-489b-b5d0-ae372a2427c7
el_for_eng:S0026L03B02	I feel as if I'm well	νιώθω σαν να είμαι καλά	dbcdcdd1-5966-4893-89d4-14a56dd52270
el_for_eng:S0026L03B03	but I'm not sure	αλλά δεν είμαι σίγουρος	441817ea-986d-487e-9a7d-202a8af3807f
el_for_eng:S0026L03U01	I like being with you	μου αρέσει να είμαι μαζί σου	1ac8652d-d1ab-4bee-b414-75ecf7834210
el_for_eng:S0026L03U02	I feel as if I'm with you now	νιώθω σαν να είμαι μαζί σου τώρα	83625edc-48c3-44d3-991d-3d08ab88ccb8
el_for_eng:S0026L03U03	I feel as if I'm with someone else	νιώθω σαν να είμαι με κάποιον άλλο	8667645b-da00-46ef-b545-921ab8c29dcf
el_for_eng:S0026L03U04	I like being with me tomorrow	μου αρέσει να είμαι μαζί μου αύριο	fd94424e-aa67-4663-8bac-f759c97e24f5
el_for_eng:S0026L03U05	I'm not sure if I can remember	δεν είμαι σίγουρος αν μπορώ να θυμηθώ	e91735b4-ffdc-4962-857d-6ef065b76a52
el_for_eng:S0026L04B01	nearly!	σχεδόν!	c754e0e9-8498-4440-a2a9-4620f98aba1f
el_for_eng:S0026L04B02	I'm nearly well	είμαι σχεδόν καλά	6c623632-327a-4b12-9e0c-bbb0c4925597
el_for_eng:S0026L04B03	but I'm nearly well today	αλλά είμαι σχεδόν καλά σήμερα	5592954f-6493-4111-94a6-6304fd2dfe72
el_for_eng:S0026L04U01	I feel as if I'm nearly well	νιώθω σαν να είμαι σχεδόν καλά	4fc8c2a1-afb6-4910-84bb-33787dbcbae2
el_for_eng:S0026L04U02	I feel as if I'm nearly there with you	νιώθω σαν να είμαι σχεδόν μαζί σου	79b3f0eb-56f3-4f4c-afb8-93385bfabf25
el_for_eng:S0026L04U03	I like being nearly with you	μου αρέσει να είμαι σχεδόν μαζί σου	d65b44ee-4454-4241-9afb-12cddd205ed7
el_for_eng:S0026L04U04	I'm nearly with everyone else now	είμαι σχεδόν με όλους τους άλλους τώρα	5c82fc0c-5f91-45a6-8fd9-72bd1d5d2301
el_for_eng:S0026L04U05	I like feeling as if I'm nearly well	μου αρέσει να νιώθω σαν να είμαι σχεδόν καλά	e10c39a3-a1a1-426e-899f-3480936c3740
el_for_eng:S0026L05B01	ready to	έτοιμος να	5544cfd6-6b12-4d9d-ae13-bc1557dd275e
el_for_eng:S0026L05B02	I'm ready to speak Greek	είμαι έτοιμος να μιλάω ελληνικά	7427d015-c9b8-420f-9e75-c2a903ee91dd
el_for_eng:S0026L05B03	I'm almost ready to explain	είμαι σχεδόν έτοιμος να εξηγήσω	f2fb3224-1c6d-412a-8c37-bb29a0d726e8
el_for_eng:S0026L05B04	I feel as if I'm ready to remember	νιώθω σαν να είμαι έτοιμος να θυμηθώ	14693815-9a9a-409b-a1bb-86a923d59426
el_for_eng:S0026L05U01	I'm not ready to explain what I mean	δεν είμαι έτοιμος να εξηγήσω τι εννοώ	3fca2c19-2ac0-407f-af4c-34ecc570eecc
el_for_eng:S0026L05U02	I'm almost ready to speak Greek	σχεδόν είμαι έτοιμος να μιλάω ελληνικά	bf01fed3-7050-4c8b-9625-dd9a73283e46
el_for_eng:S0026L05U03	why am I not ready to remember something?	γιατί δεν είμαι έτοιμος να θυμηθώ κάτι;	a8338392-f00c-4532-8f35-71280a8282b0
el_for_eng:S0026L05U04	I'm ready to speak Greek with you	είμαι έτοιμος να μιλάω ελληνικά μαζί σου	8ae62df6-eae7-4be8-82ab-1ad00e9063b8
el_for_eng:S0026L05U05	I feel as if I'm almost ready to explain	νιώθω σαν να είμαι σχεδόν έτοιμος να εξηγήσω	b7197dd2-dc90-4fbb-982b-3df56da8853f
el_for_eng:S0026L05U06	I want to be ready to speak Greek soon	θέλω να είμαι έτοιμος να μιλάω ελληνικά σύντομα	82ecc4d3-b5b6-4ef6-9965-280421ed9386
el_for_eng:S0026L05U07	I like feeling as if I'm ready to speak	μου αρέσει να νιώθω σαν να είμαι έτοιμος να μιλάω	2e297258-dfc6-4b62-ab1a-603dca9fa3dd
el_for_eng:S0027L01B01	I don't like to	δεν μου αρέσει να	5f414bed-8064-4f8f-98cf-48d406c812b8
el_for_eng:S0027L01B02	I don't like remembering	δεν μου αρέσει να θυμηθώ	2f37d6f1-07bd-4052-94b3-20290f6b470b
el_for_eng:S0027L01B03	I don't like leaving now	δεν μου αρέσει να φύγω τώρα	9cbac1dc-75c9-4b40-bfc0-72c1f2ae0c6e
el_for_eng:S0027L01B04	I don't like learning something quickly	δεν μου αρέσει να μάθω κάτι γρήγορα	488e4e5e-dca5-451a-9d00-9a26662465d8
el_for_eng:S0027L01C01	I don't like it	δεν μου αρέσει	b84f9c4a-1d01-4130-b174-a164b5b33c35
el_for_eng:S0027L01U01	I don't like speaking Greek right now	δεν μου αρέσει να μιλάω ελληνικά τώρα	50ebeca5-6f6c-4f4b-9ed1-0e63ccfa00e3
el_for_eng:S0027L01U02	why don't I like explaining what I mean?	γιατί δεν μου αρέσει να εξηγήσω τι εννοώ;	c9d46313-732f-4357-80d3-7974ae58f2fe
el_for_eng:S0027L01U03	but I don't like stopping talking	αλλά δεν μου αρέσει να σταματήσω να μιλάω	91c2a95e-6cc5-4ba7-81c6-05fd250fbcf1
el_for_eng:S0027L01U04	I don't like remembering the whole sentence	δεν μου αρέσει να θυμηθώ ολόκληρη την πρόταση	00d69869-e13c-46f1-bc9b-8e75c24725f1
el_for_eng:S0027L01U05	I don't like speaking Greek easily today	δεν μου αρέσει να μιλάω ελληνικά εύκολα σήμερα	11d336e3-6588-467e-84ca-600e2765f6aa
el_for_eng:S0027L01U06	I don't like speaking Greek with someone else	δεν μου αρέσει να μιλάω ελληνικά με κάποιον άλλο	15bccb7f-bb53-453a-ad50-6535f547d766
el_for_eng:S0027L01U07	I don't like feeling as if I'm nearly ready to go	δεν μου αρέσει να νιώθω σαν να είμαι σχεδόν έτοιμος να φύγω	f37a5dc3-978a-4abe-b36d-28453cd59c23
el_for_eng:S0027L02B01	why am I taking too much?	γιατί παίρνω πολύ;	dc8f31b7-2cee-403c-87d9-9bb47da8c096
el_for_eng:S0027L02B02	I'm taking something today	παίρνω κάτι σήμερα	2027b4ea-acfc-400c-b35b-e21595e7cff9
el_for_eng:S0027L02B03	I want to take something	θέλω να παίρνω κάτι	76c1736b-d006-43dc-9a28-e42d9e908b8c
el_for_eng:S0027L02U01	but I'm taking something today	αλλά παίρνω κάτι σήμερα	02c0383e-31ea-4872-a92b-88e6d49a22f4
el_for_eng:S0027L02U02	I don't want to take too much	δεν θέλω να παίρνω πολύ	ce033d76-12ec-4949-93dd-6b6a0d17fd09
el_for_eng:S0027L02U03	I don't like taking too much	δεν μου αρέσει να παίρνω πολύ	a67c36c2-4532-4455-a9aa-3a263444a955
el_for_eng:S0027L02U04	I don't want to take something quickly	δεν θέλω να παίρνω κάτι γρήγορα	ed08cd4f-342e-4553-9c76-08392367461b
el_for_eng:S0027L02U05	I like taking something tomorrow	μου αρέσει να παίρνω κάτι αύριο	6ca1da5b-36ad-4c83-94f4-e6973b0a80a4
el_for_eng:S0027L03B01	I want to learn a lot	θέλω να μάθω πολύ	2295aa80-7e46-402a-aaf7-dd357c99f2ea
el_for_eng:S0027L03B02	I feel as if I'm learning a lot	νιώθω σαν να μάθω πολύ	5c82360f-0d9e-4aeb-a57e-7452404de07f
el_for_eng:S0027L03B03	you are learning Greek a lot	μαθαίνεις ελληνικά πολύ	a503d0e7-409a-402a-b6eb-95cf994f02a3
el_for_eng:S0027L03U01	I speak Greek very well	μιλάω ελληνικά πολύ καλά	db945d09-42e3-4bad-90ab-e58d25b0b7d2
el_for_eng:S0027L03U02	I want to learn a lot of Greek	θέλω να μάθω πολύ ελληνικά	c3739b38-a34b-4aed-840b-d81e00e4ef34
el_for_eng:S0027L03U03	I don't like taking too much	δεν μου αρέσει να παίρνω πολύ	a67c36c2-4532-4455-a9aa-3a263444a955
el_for_eng:S0027L03U04	I like speaking Greek a lot	μου αρέσει να μιλάω ελληνικά πολύ	72af816d-e5b3-4511-b0c4-b46846cbbda0
el_for_eng:S0027L03U05	but I don't like taking too much	αλλά δεν μου αρέσει να παίρνω πολύ	f1a8162d-22ea-4994-876d-b793953ea5d7
el_for_eng:S0027L04B01	time!	χρόνο!	86715d22-5c6d-49bc-a0e7-f5e24826bc83
el_for_eng:S0027L04B02	I'm taking too much time	παίρνω πολύ χρόνο	142339b6-78fb-4953-bb10-60a06f312b51
el_for_eng:S0027L04B03	why am I taking too much time?	γιατί παίρνω πολύ χρόνο;	e720ff9a-5e66-43d8-86ac-75eac0caad41
el_for_eng:S0027L04U01	I don't want to take too much time	δεν θέλω να παίρνω πολύ χρόνο	9cf2290d-7c65-4b27-bc28-b477d7f59f7e
el_for_eng:S0027L04U02	I don't like taking too much time	δεν μου αρέσει να παίρνω πολύ χρόνο	3e58558b-d5bb-4a37-b1cf-a05654bdf6d5
el_for_eng:S0027L04U03	but I don't like taking too much time	αλλά δεν μου αρέσει να παίρνω πολύ χρόνο	a338f188-7ce1-4416-a473-7233b9ed42a6
el_for_eng:S0027L04U04	I don't like taking too much time today	δεν μου αρέσει να παίρνω πολύ χρόνο σήμερα	b0ae8006-d21a-490e-8736-dbf4817579fc
el_for_eng:S0027L04U05	I'm going to start taking more time soon	θα αρχίσω να παίρνω περισσότερο χρόνο σύντομα	4918413d-f51c-4ad7-92c2-7cb08d92140e
el_for_eng:S0027L05B01	in order to	για να	85c620ef-206b-4564-8904-ac49a799471d
el_for_eng:S0027L05B02	in order to remember something	για να θυμηθώ κάτι	b9180944-6f0f-4905-9392-61c24a32f644
el_for_eng:S0027L05B03	in order to speak Greek	για να μιλάω ελληνικά	faa32be1-2b49-4688-bcea-909166770478
el_for_eng:S0027L05B04	in order to learn how to say something	για να μάθω πώς να λέω κάτι	59cc34f8-79fb-44a9-ae39-829176ee1969
el_for_eng:S0027L05C01	for	για	804f6715-6a80-4f23-b028-a215491a6ca6
el_for_eng:S0027L05U01	are you learning Greek in order to speak well?	μαθαίνεις ελληνικά για να μιλάς καλά;	c3db0fbc-7c13-4d79-829f-8b7e20d46483
el_for_eng:S0027L05U02	I like learning something in order to speak Greek	μου αρέσει να μάθω κάτι για να μιλάω ελληνικά	e5f19dc5-ea3b-4eab-954e-4b7f61ad88b8
el_for_eng:S0027L05U03	I don't like taking too much time in order to remember	δεν μου αρέσει να παίρνω πολύ χρόνο για να θυμηθώ	3b22caf5-e79f-4307-8588-93a6360139e6
el_for_eng:S0027L05U04	I don't like taking time in order to leave easily	δεν μου αρέσει να παίρνω χρόνο για να φύγω εύκολα	a8fc53e0-9827-4783-b030-5d39bb190dde
el_for_eng:S0027L05U05	I'm going to start speaking Greek in order to meet people	θα αρχίσω να μιλάω ελληνικά για να γνωρίσω ανθρώπους	41e547b5-95c2-4a6d-819f-2302e48b6e2f
el_for_eng:S0027L05U06	why do I want to learn Greek in order to meet people?	γιατί θέλω να μάθω ελληνικά για να γνωρίσω ανθρώπους;	11c2b717-224f-4ec0-979d-618e8bd3a981
el_for_eng:S0027L05U07	I want to meet people who speak Greek in order to learn	θέλω να γνωρίσω ανθρώπους που μιλάνε ελληνικά για να μάθω	c4810fd4-489f-4537-b671-7d5e61a22d4c
el_for_eng:S0027L06B01	in order to answer	για να απαντήσω	f82bb4ca-5e35-41ce-8fe7-a67b1bb68612
el_for_eng:S0027L06B02	before I have to answer	πριν πρέπει να απαντήσω	a4d331d6-f578-4372-a469-c239abac4f5c
el_for_eng:S0027L06B03	I want to answer soon	θέλω να απαντήσω σύντομα	4bd07fc0-a044-4590-8625-798bdfab32f6
el_for_eng:S0027L06U01	I want to answer quickly	θέλω να απαντήσω γρήγορα	5d57f8c2-34b1-4829-89bc-90a29d992e73
el_for_eng:S0027L06U02	why do you want me to answer?	γιατί θέλεις να απαντήσω;	2467fccb-8627-4e98-8bed-01aa47a0ee0f
el_for_eng:S0027L06U03	I like answering quickly	μου αρέσει να απαντήσω γρήγορα	24310a09-a27f-4db3-a6a4-a45b1f10390a
el_for_eng:S0027L06U04	I'm not going to be able to answer easily	δεν θα μπορέσω να απαντήσω εύκολα	f85beaa9-d878-4335-b028-57be22e4c68a
el_for_eng:S0027L06U05	I don't want to take too much time to answer	δεν θέλω να παίρνω πολύ χρόνο για να απαντήσω	7deb17e8-11ae-4a67-b9fa-ae5cc1f671d7
el_for_eng:S0027L06U06	I don't like taking time to answer	δεν μου αρέσει να παίρνω χρόνο για να απαντήσω	0ecce640-9b1d-4623-8545-660cfba74163
el_for_eng:S0027L06U07	I don't like taking too much time to answer	δεν μου αρέσει να παίρνω πολύ χρόνο για να απαντήσω	08f0f73f-f9ed-4c14-bf18-6a3271a6b268
el_for_eng:S0028L01B01	it's useful to	είναι χρήσιμο να	cc3c9fdc-c8de-419d-94f7-1d09c2d40d59
el_for_eng:S0028L01B02	it's useful to remember something	είναι χρήσιμο να θυμηθώ κάτι	e136b7d3-c9da-4569-9fae-e34b3ad7128d
el_for_eng:S0028L01B03	it's useful to speak Greek	είναι χρήσιμο να μιλάω ελληνικά	a4eccf91-d5da-492b-887a-f7f4244e86e9
el_for_eng:S0028L01B04	it's useful to practise today	είναι χρήσιμο να εξασκηθώ σήμερα	8837b6c2-f9b6-466b-882d-f66bafc0a083
el_for_eng:S0028L01C01	it is useful	είναι χρήσιμο	5724b1fe-d8af-4b41-a3e3-14f14928ef37
el_for_eng:S0028L01U01	it's useful to answer quickly	είναι χρήσιμο να απαντήσω γρήγορα	6a6f68a7-bfeb-489c-9d13-0487ffc2b0a4
el_for_eng:S0028L01U02	why is it useful to learn Greek?	γιατί είναι χρήσιμο να μάθω ελληνικά;	bfe981c1-585d-4af7-ad1b-614e1508df0e
el_for_eng:S0028L01U03	it's useful to learn how to say something	είναι χρήσιμο να μάθω πώς να λέω κάτι	a8d07957-040e-4957-a51b-985281b67742
el_for_eng:S0028L01U04	it's not useful to take too much time	δεν είναι χρήσιμο να παίρνω πολύ χρόνο	3f3daf6c-bf0f-455e-8cf8-0b0f17a9c5b2
el_for_eng:S0028L01U05	it's useful to speak Greek with you	είναι χρήσιμο να μιλάω ελληνικά μαζί σου	f26db7d3-2d5a-4bcd-9176-5e580c78dd98
el_for_eng:S0028L01U06	but it's useful to remember the whole sentence	αλλά είναι χρήσιμο να θυμηθώ ολόκληρη την πρόταση	a4b81feb-94f9-42de-9e2f-51ffceca4ddd
el_for_eng:S0028L01U07	it's useful to meet people who speak Greek	είναι χρήσιμο να γνωρίσω ανθρώπους που μιλάνε ελληνικά	a0951039-b7c9-445f-baf7-bff0a0acfbc4
el_for_eng:S0028L02B01	you start to	αρχίζεις να	2aa71bf1-9daa-4697-a105-ca2586dd29cb
el_for_eng:S0028L02B02	you start speaking Greek	αρχίζεις να μιλάς ελληνικά	cf2709fb-167d-4a1d-bc5f-fff2908607f8
el_for_eng:S0028L02B03	you start learning Greek	αρχίζεις να μαθαίνεις ελληνικά	7d78089d-8a91-49a6-b352-f687edc0840e
el_for_eng:S0028L02B04	it's useful to start speaking	είναι χρήσιμο να αρχίζεις να μιλάς	4329f54c-2090-4f2e-b103-3c352b9d7c29
el_for_eng:S0028L02C01	you start	αρχίζεις	ff1f3be7-f6cc-41af-a5d8-76e3dd4dbb1c
el_for_eng:S0028L02U01	you start speaking Greek quickly	αρχίζεις να μιλάς ελληνικά γρήγορα	f7cf7e34-b0c2-4ef5-a187-627a87204748
el_for_eng:S0028L02U02	you start speaking Greek very well	αρχίζεις να μιλάς ελληνικά πολύ καλά	c6dbc591-5def-4e4e-b454-1633f714778b
el_for_eng:S0028L02U03	why do you start learning Greek?	γιατί αρχίζεις να μαθαίνεις ελληνικά;	f46beeab-aac8-45fb-88ef-48a747b0ea85
el_for_eng:S0028L02U04	but you start speaking Greek easily	αλλά αρχίζεις να μιλάς ελληνικά εύκολα	4d51ebea-2fcf-4c93-8dad-187ff3401bd7
el_for_eng:S0028L02U05	I like you starting to speak Greek	μου αρέσει να αρχίζεις να μιλάς ελληνικά	dc3611a6-f3fd-4548-85e1-91d3b8365881
el_for_eng:S0028L02U06	it's useful to start speaking Greek	είναι χρήσιμο να αρχίζεις να μιλάς ελληνικά	c6be7c2e-a683-472c-8184-58484ea4c733
el_for_eng:S0028L02U07	I don't like you starting to speak Greek now	δεν μου αρέσει να αρχίζεις να μιλάς ελληνικά τώρα	1714c1af-b439-46f3-b0d8-efa53cc5a9de
el_for_eng:S0028L03B01	you speak Greek all day	μιλάς ελληνικά όλη μέρα	7d0c5077-648e-41f6-84df-ddec7efa48dd
el_for_eng:S0028L03B02	you speak Greek very well	μιλάς ελληνικά πολύ καλά	fad1ec14-dfea-45c8-aa2e-7c5221202b0e
el_for_eng:S0028L03B03	but you speak Greek easily	αλλά μιλάς ελληνικά εύκολα	0c84ab47-f808-492b-b9ba-3d3dc13f6583
el_for_eng:S0028L03U01	why do you speak Greek all day?	γιατί μιλάς ελληνικά όλη μέρα;	fc52aacd-830b-4267-b3e7-41e94fa8c7de
el_for_eng:S0028L03U02	you speak Greek very well today	μιλάς ελληνικά πολύ καλά σήμερα	822fb3eb-710d-433b-96fe-6966e3904cb1
el_for_eng:S0028L03U03	you speak Greek with me all day	μιλάς ελληνικά μαζί μου όλη μέρα	6e4c86eb-74ab-4552-a175-7171e0fb6d3b
el_for_eng:S0028L03U04	you start speaking Greek with me	αρχίζεις να μιλάς ελληνικά μαζί μου	5c9ed8d1-e345-435c-88bd-51cd48b1b9fb
el_for_eng:S0028L03U05	why do you speak Greek with someone else?	γιατί μιλάς ελληνικά με κάποιον άλλο;	aaace5b9-c645-4730-a224-c268ca04a9a0
el_for_eng:S0028L03U06	I like that you start speaking Greek	μου αρέσει που αρχίζεις να μιλάς ελληνικά	8f6f0230-e87f-4868-ba0f-9be63ebc28e0
el_for_eng:S0028L03U07	it's useful to start speaking Greek with me	είναι χρήσιμο να αρχίζεις να μιλάς ελληνικά μαζί μου	1170eeaf-9b66-44fc-8c1f-aea0228521a1
el_for_eng:S0028L04B02	I want to answer as soon as possible	θέλω να απαντήσω όσο πιο σύντομα	f75f5246-0d66-424d-9c18-effdf22a358a
el_for_eng:S0028L04B03	you are learning Greek as soon as possible	μαθαίνεις ελληνικά όσο πιο σύντομα	bd9a3f54-586f-4898-9d5d-fe2b9182abc3
el_for_eng:S0028L04C01	as much as	όσο πιο	e27c5dac-ac8b-4301-937d-f5eb2a3af338
el_for_eng:S0028L04C02	soon	σύντομα	940ef78d-26c6-4940-9365-868160b72205
el_for_eng:S0028L04U02	you start speaking Greek as soon as possible!	αρχίζεις να μιλάς ελληνικά όσο πιο σύντομα	5287cad4-e1af-45dd-af85-2cf9d0e2cec6
el_for_eng:S0028L04U04	it's useful to learn Greek as soon as possible	είναι χρήσιμο να μάθω ελληνικά όσο πιο σύντομα	770c82e3-368d-46fe-9045-cf0dbbcbe3f1
el_for_eng:S0028L04U05	it's useful to start speaking as soon as possible	είναι χρήσιμο να αρχίζεις να μιλάς όσο πιο σύντομα	0a311483-af20-41af-96fb-976898ea2de3
el_for_eng:S0028L04U06	but you start learning Greek as soon as possible	αλλά αρχίζεις να μαθαίνεις ελληνικά όσο πιο σύντομα	7b8031c7-d328-4ca0-b8b2-1af8f83eb871
el_for_eng:S0028L04U07	why don't you start speaking Greek as soon as possible?	γιατί δεν αρχίζεις να μιλάς ελληνικά όσο πιο σύντομα;	2f1637f8-c823-4c92-8695-751eeb8b9124
el_for_eng:S0028L05B01	why can you?	γιατί μπορείς;	30470e5b-3dba-4746-940f-c41b1b7931d0
el_for_eng:S0028L05B02	but can you today?	αλλά μπορείς σήμερα;	1d865489-0f52-488b-b17d-196b6448d47b
el_for_eng:S0028L05B03	but you can do it very well	αλλά μπορείς πολύ καλά	db49ff71-7942-416f-8814-92ca2db131f4
el_for_eng:S0028L05U01	you are learning Greek as soon as you can	μαθαίνεις ελληνικά όσο πιο σύντομα μπορείς	a607e395-4e17-49ae-98e8-43145545b31f
el_for_eng:S0028L05U02	why are you learning Greek as soon as you can?	γιατί μαθαίνεις ελληνικά όσο πιο σύντομα μπορείς;	877cf2a6-0944-4918-9cf7-cff1115c4f18
el_for_eng:S0028L05U03	do you want to learn Greek as soon as you can?	θέλεις να μάθεις ελληνικά όσο πιο σύντομα μπορείς;	f70c2253-2ea4-4e25-b028-d25217ce53d3
el_for_eng:S0028L05U04	you start speaking Greek as soon as you can	αρχίζεις να μιλάς ελληνικά όσο πιο σύντομα μπορείς	1f3bd5c4-3037-4e61-995b-4d06283d6f17
el_for_eng:S0028L05U05	I like you starting to speak as soon as you can	μου αρέσει να αρχίζεις να μιλάς όσο πιο σύντομα μπορείς	f6882afe-8730-41cf-8d57-3e5a88192235
el_for_eng:S0028L05U06	why do you start speaking Greek as soon as you can?	γιατί αρχίζεις να μιλάς ελληνικά όσο πιο σύντομα μπορείς;	21dd7395-2247-4ee0-8237-5c581e3f01ce
el_for_eng:S0028L05U07	it's useful to start talking as soon as you can	είναι χρήσιμο να αρχίζεις να μιλάς όσο πιο σύντομα μπορείς	3485363a-a432-455a-8399-cb056e068527
el_for_eng:S0029L01B01	I'm looking forward to	ανυπομονώ να	2b0e66c7-11a2-483d-94fd-e2a6aa983f54
el_for_eng:S0029L01B02	I'm looking forward to remembering	ανυπομονώ να θυμηθώ	648b0956-7f7c-41b2-a5b8-54828703c790
el_for_eng:S0029L01B03	I don't look forward to going	δεν ανυπομονώ να φύγω	6e2bfe62-29e4-4fc6-9f53-60e099159c35
el_for_eng:S0029L01B04	I can't wait to learn something	ανυπομονώ να μάθω κάτι	37c693e6-6276-4438-b057-28ca79dc34b2
el_for_eng:S0029L01C01	I'm eager	ανυπομονώ	f571a7ee-7c45-49b5-bd40-04976cc196be
el_for_eng:S0029L01U01	but I'm looking forward to answering	αλλά ανυπομονώ να απαντήσω	bf3ae02b-225c-4d61-9248-bda633d36f38
el_for_eng:S0029L01U02	I can't wait to speak Greek	ανυπομονώ να μιλάω ελληνικά	8008b696-5144-4edf-a6d0-cb21961c0e2f
el_for_eng:S0029L01U03	I'm looking forward to practising today	ανυπομονώ να εξασκηθώ σήμερα	be20f1d3-236f-47bf-9988-4ec118c18690
el_for_eng:S0029L01U04	why am I looking forward to learning Greek?	γιατί ανυπομονώ να μάθω ελληνικά;	e4643da1-c024-4e1e-bed3-09f5f98313a4
el_for_eng:S0029L01U05	I'm looking forward to speaking Greek easily	ανυπομονώ να μιλάω ελληνικά εύκολα	33bd67b0-9483-4242-80c9-c370ba8693e1
el_for_eng:S0029L01U06	I can't wait to speak Greek with you	ανυπομονώ να μιλάω ελληνικά μαζί σου	52e95fe7-d7e9-4da4-a0b9-e231d8d0f6a8
el_for_eng:S0029L01U07	I'm looking forward to meeting people who speak Greek	ανυπομονώ να γνωρίσω ανθρώπους που μιλάνε ελληνικά	b69edc5f-7340-48af-a4a9-ea2da439181b
el_for_eng:S0029L02B01	I'm looking forward to speaking Greek	ανυπομονώ να μιλάω ελληνικά	3e8d9738-50c6-4aae-be95-d102dc24e204
el_for_eng:S0029L02B02	why do I want to speak Greek?	γιατί θέλω να μιλάω ελληνικά;	4671f514-c215-4ddf-881b-f77ccf1b4998
el_for_eng:S0029L02B03	I want to speak Greek all day	θέλω να μιλάω ελληνικά όλη μέρα	4c0cd163-fe86-4ac5-9917-2456701ff0cb
el_for_eng:S0029L02U01	I'm going to start speaking Greek soon	θα αρχίσω να μιλάω ελληνικά σύντομα	3aabb01a-7904-4076-b7b5-4419787f210d
el_for_eng:S0029L02U02	I'm looking forward to speaking Greek quickly	ανυπομονώ να μιλάω ελληνικά γρήγορα	ca0609ee-6d1a-4719-8f60-f734177cb72c
el_for_eng:S0029L02U03	but I want to speak Greek all day	αλλά θέλω να μιλάω ελληνικά όλη μέρα	ceacd5e9-008e-42ee-9968-115b3dd5f0c3
el_for_eng:S0029L02U04	I'm looking forward to speaking Greek very well	ανυπομονώ να μιλάω ελληνικά πολύ καλά	3ba41425-cdf6-4dfc-b7d5-411444099a9a
el_for_eng:S0029L02U05	I don't want to stop speaking Greek	δεν θέλω να σταματήσω να μιλάω ελληνικά	f26e8b0e-d84e-4cd7-beb4-29ddc7714a65
el_for_eng:S0029L02U06	I want to speak Greek with people who speak Greek	θέλω να μιλάω με ανθρώπους που μιλάνε ελληνικά	a03743ca-1078-49bb-811f-58fc99187cbd
el_for_eng:S0029L02U07	I'm trying to speak Greek as often as possible	προσπαθώ να μιλάω ελληνικά όσο πιο συχνά γίνεται	cddc2ce9-d2cf-42bc-93bb-9ecb256bdb98
el_for_eng:S0029L03B01	you speak Greek better	μιλάς ελληνικά καλύτερα	ced57e07-0ee0-40ea-a72f-ea7e979d6b5c
el_for_eng:S0029L03B02	I'm looking forward to speaking better	ανυπομονώ να μιλάω καλύτερα	d400b0c5-b7f1-4455-9b5e-df9719af31ed
el_for_eng:S0029L03B03	I want to speak Greek better	θέλω να μιλάω ελληνικά καλύτερα	0d26ebb6-6e4d-4e80-b90e-60fd7e6bf205
el_for_eng:S0029L03U01	do you want to speak Greek better?	θέλεις να μιλάς ελληνικά καλύτερα;	3825e99d-042c-4abb-a1fd-ab083c8d8040
el_for_eng:S0029L03U02	but you speak Greek better now	αλλά μιλάς ελληνικά καλύτερα τώρα	d31d35a4-d4fa-4924-8193-8819b098609e
el_for_eng:S0029L03U03	I'm looking forward to speaking Greek better	ανυπομονώ να μιλάω ελληνικά καλύτερα	93928536-3098-43bb-aeb0-ea2c81f52858
el_for_eng:S0029L03U04	why do I want to speak Greek better?	γιατί θέλω να μιλάω ελληνικά καλύτερα;	12fcd843-7c4a-4512-b5ee-553f8621e64b
el_for_eng:S0029L03U05	I like speaking Greek better	μου αρέσει να μιλάω ελληνικά καλύτερα	80e47e9f-4bb5-4951-bc7d-9ffed9d4a807
el_for_eng:S0029L03U06	it's useful to speak Greek better	είναι χρήσιμο να μιλάω ελληνικά καλύτερα	7d178624-ecbd-4b16-a2f5-eeed91f8f307
el_for_eng:S0029L03U07	I'm not going to be able to speak Greek better easily	δεν θα μπορέσω να μιλάω ελληνικά καλύτερα εύκολα	a934d607-3c30-48a0-b531-393e47b61edc
el_for_eng:S0029L05B01	why can I?	γιατί μπορώ;	36f43b8f-72d8-4984-9dd5-7a6dab03f0e7
el_for_eng:S0029L05B02	I can easily	μπορώ εύκολα	0f3f0ab4-37df-410f-832a-c6fd539acdd1
el_for_eng:S0029L05B03	but I can very well	αλλά μπορώ πολύ καλά	a21c596d-7975-4048-a988-8564f4e0e474
el_for_eng:S0029L05U01	I'm looking forward to answering as soon as I can	ανυπομονώ να απαντήσω όσο πιο σύντομα μπορώ	5a4c3f3b-82f4-4616-b2ee-81dc65f06936
el_for_eng:S0029L05U02	I'm looking forward to learning Greek as soon as I can	ανυπομονώ να μάθω ελληνικά όσο πιο σύντομα μπορώ	978c2288-5c00-42cc-a72b-a89fe58bbc59
el_for_eng:S0029L05U03	I'm looking forward to speaking better as soon as I can	ανυπομονώ να μιλάω καλύτερα όσο πιο σύντομα μπορώ	0eabb0d7-4b4f-4341-aa1e-d419240e639d
el_for_eng:S0029L05U04	I like speaking Greek as soon as I can	μου αρέσει να μιλάω ελληνικά όσο πιο σύντομα μπορώ	542c98a4-0af8-4806-a2b9-719623574f3f
el_for_eng:S0029L05U05	why do I want to speak Greek as soon as I can?	γιατί θέλω να μιλάω ελληνικά όσο πιο σύντομα μπορώ;	d13c2dcf-2ca5-4f9d-8a70-4f8432583ad4
el_for_eng:S0029L05U06	I'm looking forward to meeting people as soon as I can	ανυπομονώ να γνωρίσω ανθρώπους όσο πιο σύντομα μπορώ	f23f1d62-5013-48ec-a844-ff5bcfedbfdd
el_for_eng:S0029L05U07	I want to speak Greek better as soon as I can	θέλω να μιλάω ελληνικά καλύτερα όσο πιο σύντομα μπορώ	9aa7d23b-0b55-4d78-be03-8e46008ce3ec
el_for_eng:S0030L01B01	I wanted to	ήθελα να	dfaf495d-2289-4283-b15e-0a56c81320c3
el_for_eng:S0030L01B02	I wanted to learn something	ήθελα να μάθω κάτι	dc9207f0-4182-4a29-9933-5c1b9e5a7af0
el_for_eng:S0030L01B03	I wanted to remember something	ήθελα να θυμηθώ κάτι	77fb61ba-565a-4f81-8634-c6c9d251f4b1
el_for_eng:S0030L01B04	I didn't want to go now	δεν ήθελα να φύγω τώρα	a64a9cdd-e465-4c68-afc8-de286a80e1cd
el_for_eng:S0030L01C01	I wanted	ήθελα	c2117edf-2787-4bae-b202-4dddf2d07db5
el_for_eng:S0030L01U01	I wanted to speak Greek	ήθελα να μιλάω ελληνικά	99c59c67-000f-473b-9318-5e6d49f624a2
el_for_eng:S0030L01U02	I wanted to answer quickly	ήθελα να απαντήσω γρήγορα	c58d5b39-144d-414d-b683-315e19677cdb
el_for_eng:S0030L01U03	why did I want to learn Greek?	γιατί ήθελα να μάθω ελληνικά;	46486f5c-a9e9-4629-b765-69dfa8b03223
el_for_eng:S0030L01U04	but I wanted to explain what I mean	αλλά ήθελα να εξηγήσω τι εννοώ	e6093819-74a6-4de6-948d-4e2a5cc74223
el_for_eng:S0030L01U05	I wanted to speak Greek with you	ήθελα να μιλάω ελληνικά μαζί σου	35cf56b4-8c70-4cf8-b4b1-41cd611ddeab
el_for_eng:S0030L01U06	I wanted to speak Greek better	ήθελα να μιλάω ελληνικά καλύτερα	51ee0f0b-ebad-4b69-94fa-efc74ef95b44
el_for_eng:S0030L01U07	I wanted to meet people who speak Greek	ήθελα να γνωρίσω ανθρώπους που μιλάνε ελληνικά	3e60f28f-ace1-4c5c-8db0-bc717ebc15a2
el_for_eng:S0030L02B01	to ask you	σε ρωτήσω	ba0d13b0-b3a9-4d96-8adb-9392953f05cf
el_for_eng:S0030L02B02	I want to ask you something	θέλω να σε ρωτήσω κάτι	12398463-e158-4654-9d41-41d6331f8c6d
el_for_eng:S0030L02B03	I wanted to ask you something	ήθελα να σε ρωτήσω κάτι	5e7fa3db-7b1c-4ad0-8620-8dcc5394d27e
el_for_eng:S0030L02B04	I'm looking forward to asking you something	ανυπομονώ να σε ρωτήσω κάτι	b9a9bfac-8a37-4bff-8811-f46cd40f1c08
el_for_eng:S0030L02C01	you	σε	0b77c0fe-96e0-4ade-9418-e4e906066e11
el_for_eng:S0030L02C02	to ask	ρωτήσω	acd8ad6e-d813-4d12-a718-443897efd962
el_for_eng:S0030L02U01	why do I want to ask you something?	γιατί θέλω να σε ρωτήσω κάτι;	4caf0a35-ed59-48e0-982e-7c4368e3cbca
el_for_eng:S0030L02U02	I like asking you something	μου αρέσει να σε ρωτήσω κάτι	08af27af-b310-4a67-b076-e99e269e6d1e
el_for_eng:S0030L02U03	I wanted to ask you something tomorrow	ήθελα να σε ρωτήσω κάτι αύριο	04366fdd-3c0b-489e-a308-9ecd88396c2b
el_for_eng:S0030L02U04	I want to ask you something today	θέλω να σε ρωτήσω κάτι σήμερα	8d9e2a0b-45a5-4bf7-826b-d947819c8892
el_for_eng:S0030L02U05	I don't want to ask you something right now	δεν θέλω να σε ρωτήσω κάτι τώρα	42ff3611-b237-4d0f-a211-7b21c28c605e
el_for_eng:S0030L02U06	I didn't want to ask you something quickly	δεν ήθελα να σε ρωτήσω κάτι γρήγορα	f8e227f5-4769-4d14-9bb8-6791ae9ce5c6
el_for_eng:S0030L02U07	I'm not going to be able to ask you something easily	δεν θα μπορέσω να σε ρωτήσω κάτι εύκολα	591df4b5-bb6c-40f5-a7a5-7c91b4a7ab41
el_for_eng:S0030L04B01	yesterday!	χτες!	26ede807-4cee-4f40-a56e-2d800861047d
el_for_eng:S0030L04B02	I wanted to answer yesterday	ήθελα να απαντήσω χτες	993bf62e-b306-4d84-9f28-00e3c47efafb
el_for_eng:S0030L04B03	I didn't want to go yesterday	δεν ήθελα να φύγω χτες	2c4c2840-6095-43be-92ac-26b53b3a5db3
el_for_eng:S0030L04U01	I wanted to learn something yesterday	ήθελα να μάθω κάτι χτες	2cdee1f3-b29f-4623-8fdc-6524803d7927
el_for_eng:S0030L04U02	but I wanted to go yesterday	αλλά ήθελα να φύγω χτες	6b95bea4-4495-4f11-8c32-73f29c8eefe9
el_for_eng:S0030L04U03	I wanted to ask you something yesterday	ήθελα να σε ρωτήσω κάτι χτες	ee50877e-0853-4404-97b5-81f79ace28fc
el_for_eng:S0030L04U04	I wanted to speak Greek yesterday	ήθελα να μιλάω ελληνικά χτες	ef497c4a-f0f8-4843-aa1f-a74f3019289b
el_for_eng:S0030L04U05	I wanted to speak better yesterday	ήθελα να μιλάω καλύτερα χτες	92287810-5336-463c-bfda-3f61f474dd28
el_for_eng:S0030L04U06	why did I want to learn something yesterday?	γιατί ήθελα να μάθω κάτι χτες;	f33bd5d6-5d88-486d-848b-1c9777e5a9a5
el_for_eng:S0030L04U07	I wanted to meet people yesterday	ήθελα να γνωρίσω ανθρώπους χτες	9e932916-ec7c-4042-b978-26ca0c090809
el_for_eng:S0031L01B01	you wanted to	ήθελες να	5bbe9683-3807-4eb1-87c6-42d5bb9bdedc
el_for_eng:S0031L01B02	you wanted to learn something	ήθελες να μάθεις κάτι	32814f68-c131-4465-a5c0-2925c7685026
el_for_eng:S0031L01B03	you wanted to speak Greek	ήθελες να μιλάς ελληνικά	96c89a11-157d-4b3d-bad5-897205b46d5b
el_for_eng:S0031L01B04	you wanted to learn her name	ήθελες να μάθεις το όνομά της	db473859-47c9-4f1a-9294-c90eee0b1186
el_for_eng:S0031L01C01	you wanted	ήθελες	814401c2-01a6-4f40-a916-c0457915bca1
el_for_eng:S0031L01U01	why did you want to speak Greek?	γιατί ήθελες να μιλάς ελληνικά;	05b19799-d113-4243-ba78-3103e53859a9
el_for_eng:S0031L01U02	you wanted to learn how to say something	ήθελες να μάθεις πώς να λες κάτι	8e7f2d7c-31da-4372-b2e9-fc002a751128
el_for_eng:S0031L01U03	you didn't want to speak Greek right now	δεν ήθελες να μιλάς ελληνικά τώρα;	452a484d-95ed-4aaf-8307-154d990bf653
el_for_eng:S0031L01U04	you wanted to learn Greek quickly	ήθελες να μάθεις ελληνικά γρήγορα	bd157bb3-eaf4-4661-b6a4-82334bdd7970
el_for_eng:S0031L01U05	you wanted to start speaking Greek	ήθελες να αρχίζεις να μιλάς ελληνικά	027c3f9c-9d1b-467a-9121-f4ac0c313391
el_for_eng:S0031L01U06	you wanted to speak Greek more	ήθελες να μιλάς ελληνικά περισσότερο	8d0fc136-2ddd-412b-a5b7-0aee4703495e
el_for_eng:S0031L01U07	you wanted to find out what the answer is	ήθελες να μάθεις ποια είναι η απάντηση;	1f78531a-718b-4b7b-abe2-4aef377179a7
el_for_eng:S0031L02B01	you didn't want to speak	δεν ήθελες να μιλήσεις	694fe4b8-353b-422a-b43a-ba475cebebcb
el_for_eng:S0031L02B02	did you want to speak Greek?	ήθελες να μιλήσεις ελληνικά;	43ef7deb-3176-45b3-9af3-8045ace11552
el_for_eng:S0031L02B03	you wanted to speak more	ήθελες να μιλήσεις περισσότερο	1955d868-df41-4aef-a3f6-a602f21ca963
el_for_eng:S0031L02U01	you wanted to speak Greek yesterday	ήθελες να μιλήσεις ελληνικά χτες	81f9e499-a085-4587-b938-e36db8684530
el_for_eng:S0031L02U02	why did you want to speak Greek?	γιατί ήθελες να μιλήσεις ελληνικά;	05b19799-d113-4243-ba78-3103e53859a9
el_for_eng:S0031L02U03	you wanted to speak with someone else	ήθελες να μιλήσεις με κάποιον άλλο	e2c7ebf2-2910-4f15-9812-5a61eab585fd
el_for_eng:S0031L02U04	you wanted to speak Greek better	ήθελες να μιλήσεις ελληνικά καλύτερα	00d943c4-abe3-43e3-ba7f-3b9afcc34ede
el_for_eng:S0031L02U05	you didn't want to speak Greek yesterday	δεν ήθελες να μιλήσεις ελληνικά χτες	277a423b-3b91-497e-9585-086816c41721
el_for_eng:S0031L02U06	you wanted to speak Greek very well	ήθελες να μιλήσεις ελληνικά πολύ καλά	b3fecee3-d488-498e-a907-9afcb26d588f
el_for_eng:S0031L02U07	but you wanted to speak Greek soon	αλλά ήθελες να μιλήσεις ελληνικά σύντομα	a0a1a56f-440b-45c3-bd94-e2cf0396115b
el_for_eng:S0031L04B01	I don't want to go tonight	δεν θέλω να φύγω απόψε	31e87220-5be7-43b4-b453-81b5311d3e11
el_for_eng:S0031L04B02	do you want to learn something tonight?	θέλεις να μάθεις κάτι απόψε;	5c49c7b6-4095-4172-968c-8743670a87f1
el_for_eng:S0031L04B03	I want to speak Greek tonight	θέλω να μιλάω ελληνικά απόψε	56217ae1-fab6-4494-ad24-c792ea47623e
el_for_eng:S0031L04U01	I wanted to speak Greek tonight	ήθελα να μιλάω ελληνικά απόψε	176e7709-3825-4250-8873-9653836445b3
el_for_eng:S0031L04U02	we want to meet tonight	θέλουμε να συναντηθούμε απόψε	b19aedb8-c1f0-4c4b-8da7-8d116d833e4e
el_for_eng:S0031L04U03	you wanted to speak with me tonight	ήθελες να μιλήσεις μαζί μου απόψε	75ce61c6-144b-4d1e-89bf-cace18d77624
el_for_eng:S0031L04U04	I'm looking forward to speaking Greek tonight	ανυπομονώ να μιλάω ελληνικά απόψε	16fa1d9b-07c4-4bcc-a244-91b67c14fac0
el_for_eng:S0031L04U05	why do you want to learn something tonight?	γιατί θέλεις να μάθεις κάτι απόψε;	c2f2093a-20e6-4fc4-b7a9-74b09f217d63
el_for_eng:S0031L04U06	but I wanted to ask you something tonight	αλλά ήθελα να σε ρωτήσω κάτι απόψε	3ce911f0-4e11-4c3e-ab38-d727ab4e77d2
el_for_eng:S0031L04U07	I like speaking Greek tonight	μου αρέσει να μιλάω ελληνικά απόψε	1da5f4ff-167a-4943-a7a8-f0fa214c4f0b
el_for_eng:S0032L02B01	to show me	μου δείξεις	e6a1dc5e-28d0-4094-9185-5d26e7ecbf47
el_for_eng:S0032L02B02	did you want to show me something?	ήθελες να μου δείξεις κάτι;	be5a8953-306e-4fad-b24f-b637331acc41
el_for_eng:S0032L02B03	do you want to show me something?	θέλεις να μου δείξεις κάτι;	d3bc9d45-ece3-45d2-80dd-396173552084
el_for_eng:S0032L02B04	I'm looking forward to you showing me something	ανυπομονώ να μου δείξεις κάτι	c23d50ee-894c-494e-98bb-c7534dc7aaf9
el_for_eng:S0032L02C01	to me	μου	875932d0-049f-442d-ae30-baee3e6dd113
el_for_eng:S0032L02C02	you show	δείξεις	d03ae099-c727-400f-b58b-4142eeb29201
el_for_eng:S0032L02U01	I like you showing me something	μου αρέσει να μου δείξεις κάτι	5a16c02f-3243-42ab-ad29-e27f99123956
el_for_eng:S0032L02U02	did you want to show me something yesterday?	ήθελες να μου δείξεις κάτι χτες	297ba163-09f4-46c7-930b-496b414faffb
el_for_eng:S0032L02U03	why did you want to show me something?	γιατί ήθελες να μου δείξεις κάτι;	082b69e5-b16d-4cc9-af88-d0380202bf12
el_for_eng:S0032L02U04	do you want to show me something today?	θέλεις να μου δείξεις κάτι σήμερα;	f053c521-baaa-4f1c-a8fd-48ad072ac7f5
el_for_eng:S0032L02U05	it's useful for you to show me something	είναι χρήσιμο να μου δείξεις κάτι	79b8e5b8-b8b2-4562-9f66-0e454bfde580
el_for_eng:S0032L02U06	you don't want to show me something right now	δεν θέλεις να μου δείξεις κάτι τώρα	be0f31fa-c69f-462d-a7b4-b19b019e40aa
el_for_eng:S0032L02U07	I'm looking forward to you showing me something tonight	ανυπομονώ να μου δείξεις κάτι απόψε	68946b7b-d907-481f-b21b-a1bb86084bfb
el_for_eng:S0033L01B01	how long	πόσο καιρό	fca15d93-3355-4419-a44c-0918bfc842e5
el_for_eng:S0033L01B02	how long have you been learning Greek?	πόσο καιρό μαθαίνεις ελληνικά;	ba7e014e-d197-49ce-867f-80a339f594c4
el_for_eng:S0033L01B03	how long do I want to speak Greek?	πόσο καιρό θέλω να μιλάω ελληνικά;	e715a58a-b90d-479c-80fa-1d012cfe0a24
el_for_eng:S0033L01C01	how much	πόσο	e17f904c-35dc-4435-b9eb-d2dc1e19176d
el_for_eng:S0033L01C02	time	καιρό	86715d22-5c6d-49bc-a0e7-f5e24826bc83
el_for_eng:S0033L01U01	how long do you want to speak Greek?	πόσο καιρό θέλεις να μιλάς ελληνικά;	7b81ca2b-70eb-4543-9764-61e7de138256
el_for_eng:S0033L01U02	how long do you want to learn Greek?	πόσο καιρό θέλεις να μάθεις ελληνικά;	a1d57c89-dd51-4745-972a-4e917753da4f
el_for_eng:S0033L01U03	how long did you want to learn Greek?	πόσο καιρό ήθελες να μάθεις ελληνικά;	905d0113-e0f7-4e07-ad11-9412b691782e
el_for_eng:S0033L01U04	how long have you been learning Greek easily?	πόσο καιρό μαθαίνεις ελληνικά εύκολα;	47783cff-3298-41db-9e70-10bcf2ebd015
el_for_eng:S0033L01U05	how long have I been looking forward to speaking Greek?	πόσο καιρό ανυπομονώ να μιλάω ελληνικά;	85377e3c-1909-4ad3-9424-5c6bb97d1802
el_for_eng:S0033L01U06	how long have you been learning Greek better?	πόσο καιρό μαθαίνεις ελληνικά καλύτερα;	4e3e48e6-8759-4317-952a-ce21aad62c39
el_for_eng:S0033L01U07	how long have you been speaking Greek with someone else?	πόσο καιρό μιλάς ελληνικά με κάποιον άλλο;	ccd01458-fcc5-46b2-b754-f62e2eea9043
el_for_eng:S0034L01B01	he doesn't want to	δεν θέλει να	07c47e91-49e2-4e9c-8f58-28622f89e7c7
el_for_eng:S0034L01B02	he doesn't want me to learn anything	δεν θέλει να μάθω κάτι	d2801c1c-ed41-469a-b129-7add7ba00148
el_for_eng:S0034L01B03	he doesn't want me to go now	δεν θέλει να φύγω τώρα	6d8c9e5c-e4de-44e9-88df-b3d693ef3428
el_for_eng:S0034L01B04	he doesn't want me to speak Greek	δεν θέλει να μιλάω ελληνικά	7e2b45fc-f4c9-4708-9773-bebece6db1a4
el_for_eng:S0034L01U01	he doesn't want me to explain what I mean	δεν θέλει να εξηγήσω τι εννοώ	8183916c-2649-453e-85c8-36a268f676be
el_for_eng:S0034L01U02	he doesn't want to come back tomorrow	δεν θέλει να επιστρέψει αύριο	120d7496-46f6-4950-8675-a94f478e8fb2
el_for_eng:S0034L01U03	he doesn't want me to answer quickly	δεν θέλει να απαντήσω γρήγορα	28ef61be-a47c-4ec7-bfae-e76e4f7d6792
el_for_eng:S0034L01U04	why doesn't he want me to speak Greek?	γιατί δεν θέλει να μιλάω ελληνικά;	aebc577a-6150-4683-a9b1-b69669e0720b
el_for_eng:S0034L01U05	he doesn't want me to speak Greek tonight	δεν θέλει να μιλάω ελληνικά απόψε	089362bb-0117-4262-b94c-0af1def6ca6b
el_for_eng:S0034L01U06	but he doesn't want to learn anything today	αλλά δεν θέλει να μάθει κάτι σήμερα	b6ced942-3bc8-47c9-a232-10fc7112850f
el_for_eng:S0034L01U07	he doesn't want to find out what the answer is	δεν θέλει να μάθει ποια είναι η απάντηση	e6ee953c-aae8-434f-a009-3ef7fd20859a
el_for_eng:S0034L02B01	why is he quiet?	γιατί σιωπά;	f425c16d-ad02-4477-832e-6471de2a6666
el_for_eng:S0034L02B02	but he's quiet right now	αλλά σιωπά τώρα	ca922d8e-fbad-4cda-8b03-0d962f091d08
el_for_eng:S0034L02B03	he doesn't want to be quiet	δεν θέλει να σιωπά	0f109cf5-f4de-4f3f-ae36-5766bde044f9
el_for_eng:S0034L02U01	why is he quiet today?	γιατί σιωπά σήμερα;	c5c1a6f4-3f55-418f-925b-ee4d2108ff6a
el_for_eng:S0034L02U02	I like him being quiet	μου αρέσει να σιωπά	82d525ec-51b7-41fe-9e42-6209577b0d3d
el_for_eng:S0034L02U03	he wants to be quiet today	θέλει να σιωπά σήμερα	bdb7a5ec-7e82-459e-b074-179bfb9ff500
el_for_eng:S0034L02U04	he doesn't want to be quiet right now	δεν θέλει να σιωπά τώρα	6808f57e-ee26-42ed-b0a3-2989ba1acedb
el_for_eng:S0034L02U05	I don't like him being quiet	δεν μου αρέσει να σιωπά	bdd08ac6-bb48-4958-9bf6-732a404ddb01
el_for_eng:S0034L02U06	he doesn't want to be quiet tonight	δεν θέλει να σιωπά απόψε	40393dd0-a4c2-4d99-8036-cd1ab8100e3f
el_for_eng:S0034L02U07	is he quiet as often as possible?	σιωπά όσο πιο συχνά γίνεται;	99e5038b-e96b-45cf-9bd9-e0dd21bac7f7
el_for_eng:S0034L03B01	when it is	όταν είναι	3ff6ea57-bf67-4615-814e-70030e7fed6a
el_for_eng:S0034L03B02	he's quiet when it's useful	σιωπά όταν είναι χρήσιμο	e3a9c0a3-4e89-48fd-957b-64ca251f49ea
el_for_eng:S0034L03B03	he's quiet when he's ready	σιωπά όταν είναι έτοιμος	54ab196e-6884-418f-8f10-ab3115ae4f70
el_for_eng:S0034L03B04	why is he quiet when he's ready?	γιατί σιωπά όταν είναι έτοιμος;	56072e42-422d-4711-9039-97ce4a6f812f
el_for_eng:S0034L03C01	when	όταν	657ed5bb-56d8-4025-8324-8d50158e3191
el_for_eng:S0034L03C02	is	είναι	a03c78d7-7a44-4772-a374-9d8baf1f72a0
el_for_eng:S0034L03U01	he's quiet when he's ready to speak	σιωπά όταν είναι έτοιμος να μιλάω	a6ad9cce-5d3f-46ea-b2f9-f9735f170fb8
el_for_eng:S0034L03U02	he doesn't want to be quiet when it's useful	δεν θέλει να σιωπά όταν είναι χρήσιμο	656b04e5-6e63-434d-8803-be02eee6a342
el_for_eng:S0034L03U03	I want to speak Greek when it's useful	θέλω να μιλάω ελληνικά όταν είναι χρήσιμο	4a620036-6e20-4cb7-ad7a-3bd5bdba0a98
el_for_eng:S0034L03U04	I'm looking forward to learning Greek when it's useful	ανυπομονώ να μάθω ελληνικά όταν είναι χρήσιμο	95271801-5d4f-457e-ac0f-921a4e4ddad0
el_for_eng:S0034L03U05	he doesn't want me to speak Greek when it's useful	δεν θέλει να μιλάω ελληνικά όταν είναι χρήσιμο	288dab4e-386a-49fe-8b16-b8f723bcb963
el_for_eng:S0034L03U06	I like speaking Greek when it's useful	μου αρέσει να μιλάω ελληνικά όταν είναι χρήσιμο	a5d79efa-e030-407f-a054-78fb055d6a68
el_for_eng:S0034L03U07	it's useful to speak Greek when it's useful	είναι χρήσιμο να μιλάω ελληνικά όταν είναι χρήσιμο	cf37584a-fa24-4e8e-95e2-6ea9daa53dd1
el_for_eng:S0034L04B01	here!	εδώ!	f49e46f8-71c3-4dbc-afc5-d9c0e587a7c3
el_for_eng:S0034L04B02	he's quiet when here	σιωπά όταν είναι εδώ	a3426b7c-351b-4512-9574-aabbfafb4a90
el_for_eng:S0034L04B03	I want to learn something here	θέλω να μάθω κάτι εδώ	10eebc9d-e987-46f9-9a55-ca68cf4ab9ca
el_for_eng:S0034L04U01	I wanted to learn something here	ήθελα να μάθω κάτι εδώ	d271f793-c0d4-48fa-8321-abd4895f9fac
el_for_eng:S0034L04U02	I want to speak Greek here	θέλω να μιλάω ελληνικά εδώ	9f1bf0ff-e110-4dd1-ae27-3b08031e76d3
el_for_eng:S0034L04U03	why is he quiet when he's here?	γιατί σιωπά όταν είναι εδώ;	6776e34b-3b84-49aa-9698-9a09a2f6f329
el_for_eng:S0034L04U04	you want to speak Greek here?	θέλεις να μιλάς ελληνικά εδώ;	190f07f7-64cf-41d2-aa89-0aa3060d57bb
el_for_eng:S0034L04U05	I'm looking forward to speaking Greek here	ανυπομονώ να μιλάω ελληνικά εδώ	e9193ed4-bae5-453b-a7df-f4a47a42c744
el_for_eng:S0034L04U06	I like speaking Greek here	μου αρέσει να μιλάω ελληνικά εδώ	538470e4-0569-4e2e-be30-809982ca5b3b
el_for_eng:S0034L04U07	he doesn't want to be quiet when people are here	δεν θέλει να σιωπά όταν είναι εδώ	d5492ca3-b6dd-4dc3-b6e0-92731f05b8dd
el_for_eng:S0034L05B01	other people	άλλοι άνθρωποι	3570f754-c5ce-4fb0-abda-9509aabf5890
el_for_eng:S0034L05B02	other people speak Greek	άλλοι άνθρωποι μιλάνε ελληνικά	aa1d05b6-6f9b-4f9a-8ec8-4b9750fc4014
el_for_eng:S0034L05B03	he's quiet when other people are here	σιωπά όταν είναι εδώ άλλοι άνθρωποι	ab783ae5-2dd7-403b-8fff-32d4ceebbe60
el_for_eng:S0034L05B04	other people speak Greek quickly	άλλοι άνθρωποι μιλάνε ελληνικά γρήγορα	71a1b904-d22a-4e7f-9705-b11e5df169c8
el_for_eng:S0034L05C01	other	άλλοι	5c021823-7d53-4d4a-b5d8-699d5349c036
el_for_eng:S0034L05C02	people	άνθρωποι	51363e07-1886-43c5-a9e6-63c07cb46068
el_for_eng:S0034L05U01	other people speak Greek very well	άλλοι άνθρωποι μιλάνε ελληνικά πολύ καλά	9047aa32-465f-4d8d-8305-83fd31f250ac
el_for_eng:S0034L05U02	I like it when other people are here	μου αρέσει όταν είναι εδώ άλλοι άνθρωποι	c286b896-7fd9-47db-9a76-652790d6d09e
el_for_eng:S0034L05U03	why is he quiet when other people are here?	γιατί σιωπά όταν είναι εδώ άλλοι άνθρωποι;	eca1d348-2449-4521-8006-c6b56e40a0ff
el_for_eng:S0034L05U04	it's useful when other people are here	είναι χρήσιμο όταν είναι εδώ άλλοι άνθρωποι	7493befb-9326-4a55-bce3-affac5d16066
el_for_eng:S0034L05U05	I don't like it when other people are here	δεν μου αρέσει όταν είναι εδώ άλλοι άνθρωποι	8d3e7b4e-351f-4bc0-8176-96ccdd08520e
el_for_eng:S0034L05U06	but other people speak Greek better	αλλά άλλοι άνθρωποι μιλάνε ελληνικά καλύτερα	3a72f220-b89f-4e25-9fe5-785734f272a3
el_for_eng:S0034L05U07	he doesn't want to be quiet when other people are here	δεν θέλει να σιωπά όταν είναι εδώ άλλοι άνθρωποι	cab33ab5-73d0-4005-a9e5-2fa758137bed
el_for_eng:S0035L01B01	she doesn't want to	δεν θέλει να	4e236fc9-9bba-49a8-a734-0bfe00925a58
el_for_eng:S0035L01B03	she doesn't want me to go now	δεν θέλει να φύγω τώρα	9b0b618b-962b-4dbb-b0cb-e14fe7b1306e
el_for_eng:S0035L01B04	she doesn't want to be quiet tonight	δεν θέλει να σιωπά απόψε	10a5a528-176b-4776-8101-ec7814656846
el_for_eng:S0035L01U02	she doesn't want to come back tomorrow	δεν θέλει να επιστρέψει αύριο	2753544f-e990-434c-8ae0-f2c5167add73
el_for_eng:S0035L01U04	she doesn't want me to answer quickly	δεν θέλει να απαντήσω γρήγορα	106b5b82-45a3-4531-b4db-0aefbaeace17
el_for_eng:S0035L01U07	she doesn't want to find out the answer	δεν θέλει να μάθει ποια είναι η απάντηση	1feca1c9-5e7a-4c8c-9d2b-6d43f7503c28
el_for_eng:S0035L02B01	she wants to read something	θέλει να διαβάσει κάτι	823f7c00-8bf4-4c2f-86e3-dd0e61339da0
el_for_eng:S0035L02B02	I'm looking forward to her reading something	ανυπομονώ να διαβάσει κάτι	3dc7abf6-f8e0-4aa3-82c8-7133eb8efd9f
el_for_eng:S0035L02B03	I like her reading something	μου αρέσει να διαβάσει κάτι	d083f0dd-e499-4bf6-9efa-0cb5a24ab6a2
el_for_eng:S0035L02U01	I wanted her to read something yesterday	ήθελα να διαβάσει κάτι χτες	7ba139ba-a7c6-444e-a6fc-83617d497e25
el_for_eng:S0035L02U02	why does she want to read something?	γιατί θέλει να διαβάσει κάτι;	e0254e6f-a407-41c2-b810-0c0e9ed95141
el_for_eng:S0035L02U03	she wants to read something tonight	θέλει να διαβάσει κάτι απόψε	9f4c7b30-b615-454e-abd9-c078635ea584
el_for_eng:S0035L02U04	she wants to read something today	θέλει να διαβάσει κάτι σήμερα	bed22311-008d-45c2-987d-de9724260245
el_for_eng:S0035L02U05	it's useful for her to read something	είναι χρήσιμο να διαβάσει κάτι	cfb5aa99-0466-49e7-86de-bff67abbb403
el_for_eng:S0035L02U06	she wants to read something quickly	θέλει να διαβάσει κάτι γρήγορα	333e888a-2cac-4e7f-a4a1-772c441bd43a
el_for_eng:S0035L02U07	she doesn't want to read something easily	δεν θέλει να διαβάσει κάτι εύκολα	8e1f1e96-07dd-464c-991c-17f51da3ea64
el_for_eng:S0035L03B01	I don't want to learn anything	δεν θέλω να μάθω τίποτα	86d48420-f3c5-430b-9ea9-bb0a8d300fa4
el_for_eng:S0035L03B02	he doesn't want to learn anything	δεν θέλει να μάθει τίποτα	3343629d-fd95-49c3-ac31-681d004acb09
el_for_eng:S0035L03B03	she doesn't want to read anything	δεν θέλει να διαβάσει τίποτα	0e4658fa-1069-4655-ad68-c769bf263fb9
el_for_eng:S0035L03U01	I don't want to remember anything right now	δεν θέλω να θυμηθώ τίποτα τώρα	3cfa8267-fb63-4f03-b0f9-d0dbda121cd6
el_for_eng:S0035L03U02	he doesn't want to learn anything today	δεν θέλει να μάθει τίποτα σήμερα	bf776404-41c4-4aa6-9561-95786d6f474c
el_for_eng:S0035L03U03	I don't want to answer anything now	δεν θέλω να απαντήσω τίποτα τώρα	ca08437a-a979-464d-bd5e-941521641993
el_for_eng:S0035L03U04	I don't want to explain anything quickly	δεν θέλω να εξηγήσω τίποτα γρήγορα	1da1dcb9-8f90-4ca4-b1df-9d7292d7c2d0
el_for_eng:S0035L03U05	why doesn't she want to read anything?	γιατί δεν θέλει να διαβάσει τίποτα;	7cd49b98-d81e-4cb4-8f80-c147654e5f09
el_for_eng:S0035L03U06	he doesn't want to read anything tonight	δεν θέλει να διαβάσει τίποτα απόψε	099d2af9-f301-451e-a49c-a9d811c1c432
el_for_eng:S0035L03U07	she doesn't want to read anything easily	δεν θέλει να διαβάσει τίποτα εύκολα	cdc4687f-e9c7-41e5-acc8-be1d31e06ac1
el_for_eng:S0035L04B01	this afternoon	σήμερα το απόγευμα	6f5a75cd-e4c6-49aa-b5cd-469e5e637feb
el_for_eng:S0035L04B02	I want to find out something this afternoon	θέλω να μάθω κάτι σήμερα το απόγευμα	cb3543c3-f136-43bb-80a1-c0b56bd8a540
el_for_eng:S0035L04B03	she doesn't want to be quiet this afternoon	δεν θέλει να σιωπά σήμερα το απόγευμα	dd9461ea-c7ae-4763-8973-d878061d0875
el_for_eng:S0035L04B04	do you want to learn something this afternoon?	θέλεις να μάθεις κάτι σήμερα το απόγευμα;	75e98cd7-e728-418b-831e-8fa03ef61d29
el_for_eng:S0035L04C01	today	σήμερα	9803b1bf-14e4-49d1-a5bb-524a46fef3e9
el_for_eng:S0035L04C02	the	το	7f00f010-072d-4fc7-9726-208ff5327344
el_for_eng:S0035L04C03	afternoon	απόγευμα	673e8541-a812-4c95-a53e-fe3fab8a7d6f
el_for_eng:S0035L04U01	I want to speak Greek this afternoon	θέλω να μιλάω ελληνικά σήμερα το απόγευμα	9000942a-ac01-4775-a3e0-045b5f30ccc2
el_for_eng:S0035L04U02	you wanted to speak Greek this afternoon	ήθελες να μιλάς ελληνικά σήμερα το απόγευμα	cdf71ae0-2ac5-417f-b296-f0b00c13ef08
el_for_eng:S0035L04U03	it's useful to learn something this afternoon	είναι χρήσιμο να μάθω κάτι σήμερα το απόγευμα	45f32abf-b4c4-4d73-8f1e-842ad8152352
el_for_eng:S0035L04U04	I'm looking forward to speaking Greek this afternoon	ανυπομονώ να μιλάω ελληνικά σήμερα το απόγευμα	642d7042-f0ec-47bd-96e5-77e0e525d20f
el_for_eng:S0035L04U05	she doesn't want to read anything this afternoon	δεν θέλει να διαβάσει τίποτα σήμερα το απόγευμα	0242b71e-6189-4026-9a30-ac9525931282
el_for_eng:S0035L04U06	I like speaking Greek this afternoon	μου αρέσει να μιλάω ελληνικά σήμερα το απόγευμα	e4301a5c-cb1f-4d8a-9d73-4d39afa75d92
el_for_eng:S0035L04U07	why don't you want to speak Greek this afternoon?	γιατί δεν θέλεις να μιλάς ελληνικά σήμερα το απόγευμα;	1d69e817-568c-47b9-8e99-4ea0f68709fc
el_for_eng:S0036L01B01	we don't want to	δεν θέλουμε να	791d4bdb-8b69-45ce-b4cf-fa6323f75db1
el_for_eng:S0036L01B02	we don't want him to be quiet	δεν θέλουμε να σιωπά	0025716d-db44-4001-8796-7403099e4674
el_for_eng:S0036L01B04	we don't want me to go right now	δεν θέλουμε να φύγω τώρα	a5e012f4-0367-40d0-aa79-f17404ed6700
el_for_eng:S0036L01U01	we don't want him to be quiet here	δεν θέλουμε να σιωπά εδώ	4f3f2fab-fb18-4a08-ab40-0debed733b4e
el_for_eng:S0036L01U02	we don't want me to speak Greek	δεν θέλουμε να μιλάω ελληνικά	126d29bc-92ca-4646-921e-5e285d7047fb
el_for_eng:S0036L01U03	we don't want me to answer quickly	δεν θέλουμε να απαντήσω γρήγορα	a089f941-a3b3-4864-91eb-a16826a5953e
el_for_eng:S0036L01U04	we don't want to meet tonight	δεν θέλουμε να συναντηθούμε απόψε	38892955-9de2-4633-8b3a-26933590cbfc
el_for_eng:S0036L01U05	we don't want me to speak Greek tonight	δεν θέλουμε να μιλάω ελληνικά απόψε	1742dd0a-a7ac-4874-9ed7-75def6f81e2f
el_for_eng:S0036L01U06	why don't we want me to speak Greek?	γιατί δεν θέλουμε να μιλάω ελληνικά;	40ef07c1-6168-499a-827c-ed1af062acf4
el_for_eng:S0036L01U07	we don't want me to speak Greek quickly	δεν θέλουμε να μιλάω ελληνικά γρήγορα	0ac82441-6c2b-4436-be51-8899b302e87a
el_for_eng:S0036L02B01	I don't want us to interrupt	δεν θέλω να διακόψουμε	78804545-8fa0-4beb-835b-e3b36c51b46b
el_for_eng:S0036L02B02	we don't want to interrupt	δεν θέλουμε να διακόψουμε	f59074c3-97bc-4aba-95cc-079ca11cdf93
el_for_eng:S0036L02B03	we want to interrupt now	θέλουμε να διακόψουμε τώρα	4eec06f6-26b2-48c2-9cc8-cdc06a6f61de
el_for_eng:S0036L02U01	why do we want to interrupt?	γιατί θέλουμε να διακόψουμε;	669a7dc6-1134-42c7-aadd-287b3e0d3f67
el_for_eng:S0036L02U02	we don't want to interrupt right now	δεν θέλουμε να διακόψουμε τώρα	1b18b6b9-129c-4805-b561-0849e623850d
el_for_eng:S0036L02U03	why don't we want to interrupt?	γιατί δεν θέλουμε να διακόψουμε;	474871ba-9eaf-4678-8039-9deff2e038da
el_for_eng:S0036L02U04	we don't want to interrupt tonight	δεν θέλουμε να διακόψουμε απόψε	a5af96fc-65bf-438e-9923-cc2c06af6111
el_for_eng:S0036L02U05	it's not useful to interrupt	δεν είναι χρήσιμο να διακόψουμε	3bfea2fc-badb-4c3b-8bdc-9818f4de08d8
el_for_eng:S0036L02U06	I like it when we don't interrupt	μου αρέσει όταν δεν θέλουμε να διακόψουμε	b47880dc-8292-4786-8551-2ad9c3038765
el_for_eng:S0036L02U07	we don't want to interrupt this afternoon	δεν θέλουμε να διακόψουμε σήμερα το απόγευμα	88051537-28df-421c-b4b3-a6e02ba37833
el_for_eng:S0036L03B01	the story	την ιστορία	dfc4874d-fd12-4c61-b463-73c1c014e326
el_for_eng:S0036L03B02	I want to learn the story	θέλω να μάθω την ιστορία	614bccd5-de70-4072-ae25-5d89e84398f3
el_for_eng:S0036L03B03	she wants to read the story	θέλει να διαβάσει την ιστορία	71504f58-07d0-43bc-8130-a2b9ec5fb39a
el_for_eng:S0036L03B04	I'm looking forward to learning the story	ανυπομονώ να μάθω την ιστορία	a0571bd3-e718-4e69-93ee-804c0c1e16b6
el_for_eng:S0036L03C01	the	την	7f00f010-072d-4fc7-9726-208ff5327344
el_for_eng:S0036L03C02	story	ιστορία	c261e5fd-e4d3-451d-8fe6-aa3fb8d832ce
el_for_eng:S0036L03U01	I wanted to learn the story yesterday	ήθελα να μάθω την ιστορία χτες	480477aa-2594-454a-97a4-abf284c4c21e
el_for_eng:S0036L03U02	she doesn't want to read the story	δεν θέλει να διαβάσει την ιστορία	86af3230-e714-4607-90cd-fc5add1e4402
el_for_eng:S0036L03U03	it's useful to learn the story	είναι χρήσιμο να μάθω την ιστορία	e21d432e-0cb7-4107-ab60-d81aa5dd1277
el_for_eng:S0036L03U04	why does she want to read the story?	γιατί θέλει να διαβάσει την ιστορία;	cfa83ea8-4eb0-442e-a589-984f550f72e0
el_for_eng:S0036L03U05	we don't want to interrupt the story	δεν θέλουμε να διακόψουμε την ιστορία	a744c6d4-d9a2-4e9b-aac1-8c946f02fde1
el_for_eng:S0036L03U06	we don't want to interrupt the story tonight	δεν θέλουμε να διακόψουμε την ιστορία απόψε	6685749d-52c2-4f20-8557-17e97f0812af
el_for_eng:S0036L03U07	we don't want to interrupt the story this afternoon	δεν θέλουμε να διακόψουμε την ιστορία σήμερα το απόγευμα	ff32c44c-a2dd-4a13-9133-0a305122bdf7
el_for_eng:S0037L01B01	I started to	άρχισα να	025326f2-d577-4ca1-9d6d-30b7194ba13f
el_for_eng:S0037L01B02	I started to learn something	άρχισα να μάθω κάτι	d2801267-4413-4ff0-9919-f5d32ee4e6a8
el_for_eng:S0037L01B03	I started to speak Greek	άρχισα να μιλάω ελληνικά	31fefeb9-09c2-44f9-982e-a87983ec28a3
el_for_eng:S0037L01B04	I started to explain what I mean	άρχισα να εξηγήσω τι εννοώ	e8ce0b24-66e0-4989-919e-6d9240c3f4a5
el_for_eng:S0037L01C01	I started	άρχισα	f7036efc-4fd2-409f-a4e2-ed9bab98001b
el_for_eng:S0037L01U01	I started to answer quickly	άρχισα να απαντήσω γρήγορα	771705a9-ec8d-436e-959f-60d273bfb3de
el_for_eng:S0037L01U02	I started to speak Greek yesterday	άρχισα να μιλάω ελληνικά χτες	6581046c-c0fc-46fe-852d-43e8e4e5009a
el_for_eng:S0037L01U03	why did I start to speak Greek?	γιατί άρχισα να μιλάω ελληνικά;	a34eedb3-349b-4378-bbf2-6acb4c3f703d
el_for_eng:S0037L01U04	I started to speak Greek easily	άρχισα να μιλάω ελληνικά εύκολα	e850601b-1718-4314-a47a-4301d7c0c3c9
el_for_eng:S0037L01U05	I started to speak Greek quickly	άρχισα να μιλάω ελληνικά γρήγορα	600b234d-372b-437b-974e-f82cbe4b28d7
el_for_eng:S0037L01U06	I started to speak Greek better	άρχισα να μιλάω ελληνικά καλύτερα	74e06019-d9a7-4c65-91de-1078f782a488
el_for_eng:S0037L01U07	I started to speak Greek more	άρχισα να μιλάω ελληνικά περισσότερο	0f11f782-9d1b-4058-8a55-cbdd9e909dbe
el_for_eng:S0037L02B01	to think about it	το σκέφτομαι	9c74654b-181b-449a-ab5c-4e029330878b
el_for_eng:S0037L02B02	I want to think about it	θέλω να το σκέφτομαι	877a12b6-da00-413c-a5a6-c1ca6bc06012
el_for_eng:S0037L02B03	I started to think about it	άρχισα να το σκέφτομαι	e9140a75-5d00-4167-981a-fc3513856fa5
el_for_eng:S0037L02B04	I'm looking forward to thinking about it	ανυπομονώ να το σκέφτομαι	f36c6fe1-a6ca-405b-85b0-393c215c6a38
el_for_eng:S0037L02C01	it	το	e5dce1fe-09e4-4f8c-8fd4-76dbf76cf7ed
el_for_eng:S0037L02C02	I think about	σκέφτομαι	f03d718d-bfdd-4f63-8d92-742549168948
el_for_eng:S0037L02U01	I like thinking about it	μου αρέσει να το σκέφτομαι	bcf77169-b833-488f-872d-605a98f53038
el_for_eng:S0037L02U02	I started to think about it yesterday	άρχισα να το σκέφτομαι χτες	4f254447-4bc4-460c-baa1-195f121726b0
el_for_eng:S0037L02U03	I want to think about it today	θέλω να το σκέφτομαι σήμερα	01beb2bf-1f0b-465a-9ee2-fc0473315786
el_for_eng:S0037L02U04	I started to think about it tonight	άρχισα να το σκέφτομαι απόψε	31913a07-4bcd-44fb-8026-09eba9407587
el_for_eng:S0037L02U05	I don't want to think about it right now	δεν θέλω να το σκέφτομαι τώρα	b820f75b-76a5-4413-b65c-f1d50f8207af
el_for_eng:S0037L02U06	it's useful to think about it	είναι χρήσιμο να το σκέφτομαι	55481f45-ea3a-48bc-8c5e-75113a61174d
el_for_eng:S0037L02U07	I like thinking about it all day	μου αρέσει να το σκέφτομαι όλη μέρα	c6d2092a-8b12-44b2-893d-37c3750ec944
el_for_eng:S0037L03B01	I started to think about it carefully	άρχισα να το σκέφτομαι προσεκτικά	ebc310cf-af35-4334-b8fc-9b4ff5c78663
el_for_eng:S0037L03B02	I want to speak Greek carefully	θέλω να μιλάω ελληνικά προσεκτικά	bd6fa06f-24d8-42d1-9d26-ec4d9de18551
el_for_eng:S0037L03B03	I wanted to speak Greek carefully	ήθελα να μιλάω ελληνικά προσεκτικά	9bb84bc0-4737-4b13-9c74-9448ff847f33
el_for_eng:S0037L03U01	I started to speak Greek carefully	άρχισα να μιλάω ελληνικά προσεκτικά	b9fcdd97-ffb6-4625-ba5a-7b8c8f93d20e
el_for_eng:S0037L03U02	but I want to think about it carefully	αλλά θέλω να το σκέφτομαι προσεκτικά	de749a82-63a7-448e-8cdf-733fb07aebee
el_for_eng:S0037L03U03	I like thinking about it carefully	μου αρέσει να το σκέφτομαι προσεκτικά	9c2946d5-a814-4b8c-ba5b-dd807bde4954
el_for_eng:S0037L03U04	I started to think about it carefully yesterday	άρχισα να το σκέφτομαι προσεκτικά χτες	9a52d689-25a8-4a7a-ba7e-c7357cbeb155
el_for_eng:S0037L03U05	I'm looking forward to speaking Greek carefully	ανυπομονώ να μιλάω ελληνικά προσεκτικά	972db88c-2b9c-48e5-af0e-dc3cebdea2f8
el_for_eng:S0037L03U06	it's useful to think about it carefully	είναι χρήσιμο να το σκέφτομαι προσεκτικά	504157af-4550-448b-b4c2-7e92bf76f6e5
el_for_eng:S0037L03U07	I don't want to think about it carefully right now	δεν θέλω να το σκέφτομαι προσεκτικά τώρα	e9ee7902-9e8f-4c26-8629-72a08d158c92
el_for_eng:S0037L04B01	last month	τον περασμένο μήνα	aaa145b4-af1f-408e-995e-3246a6d725e5
el_for_eng:S0037L04B02	I started to think about it last month	άρχισα να το σκέφτομαι τον περασμένο μήνα	084d747a-4da3-4260-9c2d-1316b060214a
el_for_eng:S0037L04B03	I wanted to speak Greek last month	ήθελα να μιλάω ελληνικά τον περασμένο μήνα	4a689acd-c997-4a9f-b6ee-868c6c18ebf8
el_for_eng:S0037L04C01	the	τον	7f00f010-072d-4fc7-9726-208ff5327344
el_for_eng:S0037L04C02	last	περασμένο	61aba1cb-4f7b-4fef-a562-f44d2c5f7db6
el_for_eng:S0037L04C03	month	μήνα	df19cd32-faf7-45f4-845e-51cb0d387e35
el_for_eng:S0037L04U01	I started to speak Greek last month	άρχισα να μιλάω ελληνικά τον περασμένο μήνα	6d850c05-33d4-4c23-8f38-c95ca69bdb47
el_for_eng:S0037L04U02	why did I start to think about it last month?	γιατί άρχισα να το σκέφτομαι τον περασμένο μήνα;	53846043-8826-42c9-970f-2cd34319733c
el_for_eng:S0037L04U03	but I started to speak Greek last month	αλλά άρχισα να μιλάω ελληνικά τον περασμένο μήνα	29ea9df3-18e0-4ed0-99cb-5eadca60c5ca
el_for_eng:S0037L04U04	I wanted to think about it carefully last month	ήθελα να το σκέφτομαι προσεκτικά τον περασμένο μήνα	3ff66fba-69f8-41cd-a849-5ed6094dacfc
el_for_eng:S0037L04U05	I started to think about it carefully last month	άρχισα να το σκέφτομαι προσεκτικά τον περασμένο μήνα	1bf84852-f522-4e19-b4f2-b01c688f06ae
el_for_eng:S0037L04U06	I started to speak Greek better last month	άρχισα να μιλάω ελληνικά καλύτερα τον περασμένο μήνα	f544c536-631a-4d20-9be1-9ba0b917ac08
el_for_eng:S0037L04U07	I wanted to speak Greek carefully last month	ήθελα να μιλάω ελληνικά προσεκτικά τον περασμένο μήνα	2bcf8071-e754-4409-a607-22835b5e18d3
el_for_eng:S0038L01B01	I'm learning something	μαθαίνω κάτι	91159913-743f-406d-b6c8-eec2916a756d
el_for_eng:S0038L01B02	I'm learning Greek	μαθαίνω ελληνικά	1dc2701a-912f-48f1-bb2e-d4ce2af49a34
el_for_eng:S0038L01B03	I'm learning something today	μαθαίνω κάτι σήμερα	65438c9b-481d-4ce3-bbab-594e768c9cf5
el_for_eng:S0038L01U01	I'm learning Greek tonight	μαθαίνω ελληνικά απόψε	de2cbe87-3c4a-4e67-9216-b2cc8a0c84d4
el_for_eng:S0038L01U02	why am I learning Greek?	γιατί μαθαίνω ελληνικά;	39b4660c-cc88-4fd7-8b8c-465974383690
el_for_eng:S0038L01U03	I'm learning Greek easily	μαθαίνω ελληνικά εύκολα	c8c37de5-f535-41a3-bb56-aed96e6cccdd
el_for_eng:S0038L01U04	I'm learning Greek quickly	μαθαίνω ελληνικά γρήγορα	4f153233-5413-4792-9e88-67f107f646a5
el_for_eng:S0038L01U05	I'm learning Greek better	μαθαίνω ελληνικά καλύτερα	6ccc1475-86e4-41b0-bc7c-c49d427820f5
el_for_eng:S0038L01U06	I'm learning Greek carefully	μαθαίνω ελληνικά προσεκτικά	8f37b595-c2c2-4444-b4ac-61d502b4ce1d
el_for_eng:S0038L01U07	I'm learning Greek with someone else	μαθαίνω ελληνικά με κάποιον άλλο	2ed06f8c-7625-4464-9cb2-726f82b8ee7a
el_for_eng:S0038L02B01	for	εδώ και	804f6715-6a80-4f23-b028-a215491a6ca6
el_for_eng:S0038L02B02	I've been thinking about it for a while	το σκέφτομαι εδώ και καιρό	5977e1e8-9353-482f-b7e9-dbf017c3a1bd
el_for_eng:S0038L02B03	I've been learning for a very long time	μαθαίνω εδώ και πολύ καιρό	9532db86-fbae-4227-bca6-1fa6c604315c
el_for_eng:S0038L02B04	I've been learning Greek for a while	μαθαίνω ελληνικά εδώ και καιρό	a65452b2-6cb3-48fb-b7c3-4542b83c051d
el_for_eng:S0038L02C01	here	εδώ	f49e46f8-71c3-4dbc-afc5-d9c0e587a7c3
el_for_eng:S0038L02C02	and	και	a5c4e631-741d-4868-9365-a48b787e4e5a
el_for_eng:S0038L02U01	I've been thinking about it for a long time	το σκέφτομαι εδώ και πολύ καιρό	bc4fbbcb-9212-4b76-a3e4-2a2ca3d0de11
el_for_eng:S0038L02U02	I've been speaking Greek for a long time	μιλάω ελληνικά εδώ και πολύ καιρό	247659fb-849e-4fc7-86b4-9ebfa4056e98
el_for_eng:S0038L02U03	I've been speaking Greek for a while now	μιλάω ελληνικά εδώ και καιρό τώρα	721fa225-26d4-4734-8609-5661d567ecf7
el_for_eng:S0038L02U04	I started thinking about it a while ago	άρχισα να το σκέφτομαι εδώ και καιρό	929cbb8e-6d3d-4044-a00e-4fde6ecebe4b
el_for_eng:S0038L02U05	I've been learning Greek quickly for a while	μαθαίνω ελληνικά γρήγορα εδώ και καιρό	ada37eb4-0d8d-4217-bd9b-dc0c8b5df7a3
el_for_eng:S0038L02U06	but I've been speaking Greek for a long time	αλλά μιλάω ελληνικά εδώ και πολύ καιρό	c3fcecc9-b3bf-44cc-a2ec-ce9e6bd8d793
el_for_eng:S0038L02U07	I've been learning Greek carefully for a while	μαθαίνω ελληνικά προσεκτικά εδώ και καιρό	28aa71b6-bb5a-400e-a82c-e902676a674a
el_for_eng:S0038L03B01	approximately	περίπου	cd12db1d-b79e-46dc-8107-cb4e137f1632
el_for_eng:S0038L03B02	I've been learning for about a long time	μαθαίνω εδώ και περίπου πολύ καιρό	1c991990-615d-4a00-a781-8fdbd8e0c5c6
el_for_eng:S0038L03B03	I've been thinking about it for about a while	το σκέφτομαι εδώ και περίπου καιρό	05893754-5e38-4c7d-a4c7-71dcceaea3e6
el_for_eng:S0038L03U01	but I've been learning for about a while	αλλά μαθαίνω εδώ και περίπου καιρό	aeeb5458-e3f7-46d6-920f-89c719f5e466
el_for_eng:S0038L03U02	I've been speaking Greek for approximately a while	μιλάω ελληνικά εδώ και περίπου καιρό	1446feea-2ad0-4ef7-bfc7-730d9e9a867b
el_for_eng:S0038L03U03	I've been learning Greek for approximately a while	μαθαίνω ελληνικά εδώ και περίπου καιρό	ba7a4ed8-b7fc-4aaa-b08b-91d7772cff62
el_for_eng:S0038L03U04	I've been learning for about a long time now	μαθαίνω εδώ και περίπου πολύ καιρό τώρα	45e74d57-00d0-4e77-b21a-5df24b865756
el_for_eng:S0038L03U05	I've been thinking about it carefully for about a while	το σκέφτομαι προσεκτικά εδώ και περίπου καιρό	983b97fe-dd4b-480a-9f9d-00b0945d81f5
el_for_eng:S0038L03U06	I've been speaking Greek carefully for about a while	μιλάω ελληνικά προσεκτικά εδώ και περίπου καιρό	13d00011-db2c-4d98-9a8e-9c9d19d9814f
el_for_eng:S0038L03U07	I've been learning Greek better for a long time	μαθαίνω ελληνικά καλύτερα εδώ και περίπου πολύ καιρό	f58856b3-28e9-4d52-a1b6-08e850256431
el_for_eng:S0038L04B01	a week	μια εβδομάδα	816152b7-c26a-42f1-bc31-4007a0e44c0e
el_for_eng:S0038L04B02	I've been thinking about it for a week	το σκέφτομαι εδώ και μια εβδομάδα	dc263e12-bb60-414c-ad01-720a09413be4
el_for_eng:S0038L04B03	I've been learning for a week now	μαθαίνω εδώ και μια εβδομάδα τώρα	9e81db4e-8707-4d84-8f2f-688032b20881
el_for_eng:S0038L04C01	a	μια	211edce5-9715-4e41-a356-6a5e6a3abecb
el_for_eng:S0038L04C02	week	εβδομάδα	5c0abd9a-74f6-4504-870e-bd90ac1498ab
el_for_eng:S0038L04U01	I've been speaking Greek for a week	μιλάω ελληνικά εδώ και μια εβδομάδα	6619f9b2-65dd-471e-8f86-ae3fa46256d6
el_for_eng:S0038L04U02	I've been learning for about a week	μαθαίνω εδώ και περίπου μια εβδομάδα	598af2d9-8c5b-4d2b-9b81-329a9c37483c
el_for_eng:S0038L04U03	I've been learning Greek for a week	μαθαίνω ελληνικά εδώ και μια εβδομάδα	93128e65-fdbb-4494-a499-e69c8176c1f9
el_for_eng:S0038L04U04	I've been thinking about it carefully for a week	το σκέφτομαι προσεκτικά εδώ και μια εβδομάδα	05779a5d-b385-44ad-b1d8-a3cc68c20300
el_for_eng:S0038L04U05	I've been speaking Greek better for a week	μιλάω ελληνικά καλύτερα εδώ και μια εβδομάδα	f4ab59eb-2a42-4e14-88b8-b4c1e0b59c2b
el_for_eng:S0038L04U06	I've been speaking Greek carefully for a week	μιλάω ελληνικά προσεκτικά εδώ και μια εβδομάδα	1ff13f02-b4b3-4d26-997d-9cdf962d5c37
el_for_eng:S0038L04U07	I started learning Greek about a week ago	άρχισα να μαθαίνω ελληνικά εδώ και μια εβδομάδα	f94fd511-eda8-47f7-895a-ab5aa4d7e1ee
el_for_eng:S0039L03B01	I am here a little	είμαι εδώ λίγο	4e29a002-f4f7-4b35-badf-fe535dfc6deb
el_for_eng:S0039L03B02	I want to learn a little	θέλω να μάθω λίγο	bf509d44-ebd2-4066-a999-2e93eb97a719
el_for_eng:S0039L03B03	I am learning Greek a little	μαθαίνω ελληνικά λίγο	941e3858-a00d-4c93-b430-e8d6f5ca51ce
el_for_eng:S0039L03U01	I want to think about it a little	θέλω να το σκέφτομαι λίγο	b25de81f-00ee-42e6-8671-f1f8d3e7ca6c
el_for_eng:S0039L03U02	I want to speak Greek a little	θέλω να μιλάω ελληνικά λίγο	093251c4-9ac3-45cb-acf7-694d89d53c16
el_for_eng:S0039L03U03	I started to learn Greek a little	άρχισα να μαθαίνω ελληνικά λίγο	f81f6b7f-258e-4cee-b44a-078fb19f32df
el_for_eng:S0039L03U04	I like speaking Greek a little	μου αρέσει να μιλάω ελληνικά λίγο	c63cf300-98ec-461c-93b3-1ff410f6b13d
el_for_eng:S0039L03U05	but I want to learn a little more	αλλά θέλω να μάθω λίγο περισσότερο	04ba9ff9-c36e-4118-b4cd-d07bd39167b9
el_for_eng:S0039L03U06	I want to speak Greek a little better	θέλω να μιλάω ελληνικά λίγο καλύτερα	1187697a-7d3b-4819-8181-26401e1d59b5
el_for_eng:S0039L03U07	I'm looking forward to learning a little more	ανυπομονώ να μαθαίνω λίγο περισσότερο	7e9411f1-fca1-49d6-9b0e-476fb33f36f9
el_for_eng:S0039L04B01	I'm tired	είμαι κουρασμένος	d9e40854-d211-4b6c-8bdf-398c8fbedf1b
el_for_eng:S0039L04B02	I'm a little tired	είμαι λίγο κουρασμένος	50afc54f-04c0-4c33-abf7-68cf545e0abe
el_for_eng:S0039L04B03	I'm very tired	είμαι πολύ κουρασμένος	191d2ff0-34e7-47a5-a7e0-657d39db0ba3
el_for_eng:S0039L04U01	why am I tired?	γιατί είμαι κουρασμένος;	354fcde7-c294-484f-b1b4-e8e575e28554
el_for_eng:S0039L04U02	I'm a little tired tonight	είμαι λίγο κουρασμένος απόψε	53fb7e31-c25d-4358-8a30-cd6fa550e48d
el_for_eng:S0039L04U03	I'm tired this afternoon	είμαι κουρασμένος σήμερα το απόγευμα	df83376f-b95c-4431-8ebf-02d06c8ee368
el_for_eng:S0039L04U04	I'm tired but I want to learn Greek	είμαι κουρασμένος αλλά θέλω να μαθαίνω ελληνικά	a962c45c-22be-41c9-8cc9-7ab401e3fff4
el_for_eng:S0039L04U05	I'm a little tired but I don't want to stop	είμαι λίγο κουρασμένος αλλά δεν θέλω να σταματήσω	5d3c0fa8-e52c-477c-b037-e940ec51c940
el_for_eng:S0039L04U06	I'm tired but I'm looking forward to learning Greek	είμαι κουρασμένος αλλά ανυπομονώ να μαθαίνω ελληνικά	ce382ba6-e395-4493-881a-98eeac9a5cd0
el_for_eng:S0039L04U07	I'm tired but I started to think about it carefully	είμαι κουρασμένος αλλά άρχισα να το σκέφτομαι προσεκτικά	da08cb85-3ce9-43fd-a28b-17c7ef2ff00e
el_for_eng:S0039L05B01	this morning	σήμερα το πρωί	8a7140c6-e765-43ff-8cb0-4685488b5ef4
el_for_eng:S0039L05B02	I'm here this morning	είμαι εδώ σήμερα το πρωί	1cb7b82b-411e-43a5-8047-827b0806fa1a
el_for_eng:S0039L05B03	I want to speak Greek this morning	θέλω να μιλάω ελληνικά σήμερα το πρωί	c181c263-dbbc-49b5-a724-cfed389f34ee
el_for_eng:S0039L05B04	I started to think about it this morning	άρχισα να το σκέφτομαι σήμερα το πρωί	0e7c0893-d75a-46f8-9b51-f16ac3abf840
el_for_eng:S0039L05C01	today	σήμερα	9803b1bf-14e4-49d1-a5bb-524a46fef3e9
el_for_eng:S0039L05C02	the	το	7f00f010-072d-4fc7-9726-208ff5327344
el_for_eng:S0039L05C03	morning	πρωί	d73803cc-b3f1-45dc-905d-ecfb52f2b8c4
el_for_eng:S0039L05U01	why am I tired this morning?	γιατί είμαι κουρασμένος σήμερα το πρωί;	dbe40c02-19af-46e3-88dd-4f43a4da2949
el_for_eng:S0039L05U02	I want to learn Greek this morning	θέλω να μαθαίνω ελληνικά σήμερα το πρωί	0b936ece-e926-4b6d-8e65-8a26b2f4ef46
el_for_eng:S0039L05U03	but I'm a little tired this morning	αλλά είμαι λίγο κουρασμένος σήμερα το πρωί	68dcc852-c8a4-435a-9016-af083745e6d1
el_for_eng:S0039L05U04	I'm looking forward to learning Greek this morning	ανυπομονώ να μαθαίνω ελληνικά σήμερα το πρωί	e7fcc092-f15f-47de-b087-09a151288f9f
el_for_eng:S0039L05U05	I like learning Greek this morning	μου αρέσει να μαθαίνω ελληνικά σήμερα το πρωί	12b43cd5-38d8-4ce5-8c6d-ea37b5ff64a8
el_for_eng:S0039L05U06	I'm tired this morning but I want to learn	είμαι κουρασμένος σήμερα το πρωί αλλά θέλω να μαθαίνω	9fabb58c-f6d7-4c29-a1be-2addee1c0d33
el_for_eng:S0039L05U07	I'm a little tired this morning but I want to speak Greek	είμαι λίγο κουρασμένος σήμερα το πρωί αλλά θέλω να μιλάω ελληνικά	7c7a63be-83eb-4b62-a037-7df818050d2f
el_for_eng:S0040L01B01	how do I speak Greek?	πώς μιλάω ελληνικά;	cae53440-faa7-45ca-a3ef-df63894324eb
el_for_eng:S0040L01B02	how do I learn Greek?	πώς μαθαίνω ελληνικά;	5486e5fc-5acf-49e7-bc0f-afb34fe426ef
el_for_eng:S0040L01B03	how do I think about it carefully?	πώς το σκέφτομαι προσεκτικά;	bc87b68b-59f2-45ed-8a52-8379e9fed6a1
el_for_eng:S0040L01U01	how do you want to speak Greek?	πώς θέλεις να μιλάς ελληνικά;	e646f600-b568-4a37-80cf-02ae0f7f2fba
el_for_eng:S0040L01U02	how did you want to speak Greek?	πώς ήθελες να μιλάς ελληνικά;	6ff5355e-4e7e-406c-93b7-203bba6778f0
el_for_eng:S0040L01U03	how did you want to learn Greek?	πώς ήθελες να μαθαίνεις ελληνικά;	a7a4ecdf-f535-4fbe-8848-fd78cd126d67
el_for_eng:S0040L01U04	how do you want to learn Greek?	πώς θέλεις να μαθαίνεις ελληνικά;	3c822884-fb80-4cf1-a784-0411a4b60a8a
el_for_eng:S0040L01U05	how do I think about it when I'm tired?	πώς το σκέφτομαι όταν είμαι κουρασμένος;	76c67aa8-a615-4c2b-8d29-63ab7b15146e
el_for_eng:S0040L02B01	how do you feel?	πώς νιώθεις;	1883cebf-ec13-4e29-a304-e7a599cf63fa
el_for_eng:S0040L02B02	how do you feel now?	πώς νιώθεις τώρα;	dde1a2b8-0479-4208-9d40-791974902674
el_for_eng:S0040L02B03	how do you feel tonight?	πώς νιώθεις απόψε;	ec35fb9c-d807-469c-bce7-7d81686f6e3e
el_for_eng:S0040L02U01	do you feel tired?	νιώθεις κουρασμένος;	bab2196d-33ef-44f0-be80-d2a91e63f275
el_for_eng:S0040L02U02	do you feel a little tired?	νιώθεις λίγο κουρασμένος;	a86d59e8-4e26-4db0-8462-76ff4c0dc27f
el_for_eng:S0040L02U03	how do you feel this morning?	πώς νιώθεις σήμερα το πρωί;	44d2c9f3-34c1-4b03-a5fd-1e60da1db132
el_for_eng:S0040L02U04	do you feel tired today?	νιώθεις κουρασμένος σήμερα;	932613f2-0881-48e8-8291-5b6dac3783ec
el_for_eng:S0040L02U05	how do you feel this afternoon?	πώς νιώθεις σήμερα το απόγευμα;	a41c801a-647e-48c9-a28d-676852967647
el_for_eng:S0040L02U06	how do you feel when you speak Greek?	πώς νιώθεις όταν μιλάς ελληνικά;	7196ab66-bf59-4025-b786-59f99be55042
el_for_eng:S0040L02U07	do you feel tired when you're learning Greek?	νιώθεις κουρασμένος όταν μαθαίνεις ελληνικά;	63c77ad7-f1cf-48b9-b258-4c041d422302
el_for_eng:S0040L03B01	at the moment	αυτή τη στιγμή	52cd204f-8ebb-4e2b-8609-3b14eddd55ab
el_for_eng:S0040L03B02	how do you feel at the moment?	πώς νιώθεις αυτή τη στιγμή;	4270d7d1-8539-4c84-a9ef-abb2207cd517
el_for_eng:S0040L03B03	I'm thinking about it at the moment	το σκέφτομαι αυτή τη στιγμή	ba6db63b-1d22-4509-b610-43349a925b43
el_for_eng:S0040L03B04	I'm speaking Greek at the moment	μιλάω ελληνικά αυτή τη στιγμή	fc52b57c-1cb6-4a38-a7b1-f4380ec80a5b
el_for_eng:S0040L03C01	this	αυτή	9e7324cf-60d6-4f43-a9d5-ca39b46adfc6
el_for_eng:S0040L03C02	the	τη	7f00f010-072d-4fc7-9726-208ff5327344
el_for_eng:S0040L03C03	moment	στιγμή	a0f1be1a-5552-4a16-ba82-29ec55de9b61
el_for_eng:S0040L03U01	I'm learning Greek at the moment	μαθαίνω ελληνικά αυτή τη στιγμή	301117ff-66a7-49de-810a-435a1b4c99dc
el_for_eng:S0040L03U02	I'm tired at the moment	είμαι κουρασμένος αυτή τη στιγμή	b6140c07-5dfc-41bf-9760-9fa05a3a6d2b
el_for_eng:S0040L03U03	do you feel tired at the moment?	νιώθεις κουρασμένος αυτή τη στιγμή;	03b70561-104c-4ebf-a512-abc830bef0f9
el_for_eng:S0040L03U04	I'm a little tired at the moment	είμαι λίγο κουρασμένος αυτή τη στιγμή	1ea85241-e3b6-4693-8aed-9ae940dacca4
el_for_eng:S0040L03U05	I want to speak Greek at the moment	θέλω να μιλάω ελληνικά αυτή τη στιγμή	1e658033-0487-4588-b97c-278139ee2ca6
el_for_eng:S0040L03U06	I don't want to learn anything at the moment	δεν θέλω να μάθω τίποτα αυτή τη στιγμή	3f1158f7-25b0-4175-b712-c6bc11859f2e
el_for_eng:S0040L03U07	I don't want to speak Greek at the moment	δεν θέλω να μιλάω ελληνικά αυτή τη στιγμή	d74384ec-13f4-4656-8505-ff8600f6ce76
el_for_eng:S0041L01B01	how do I feel?	πώς νιώθω;	e3e9b124-5174-4e6c-9f33-e63c313743a2
el_for_eng:S0041L01B02	how do I feel now?	πώς νιώθω τώρα;	09d59f92-8902-402d-b470-031d226584d9
el_for_eng:S0041L01B03	how do I feel tonight?	πώς νιώθω απόψε;	1f60b79c-e3e1-45b9-be52-5b63ad726c91
el_for_eng:S0041L01U01	how do I feel at the moment?	πώς νιώθω αυτή τη στιγμή;	15456d47-3861-4906-9437-351a2d83ab91
el_for_eng:S0041L01U02	how do I feel this morning?	πώς νιώθω σήμερα το πρωί;	5c3b39d5-1b8b-4296-a758-9648ba1b9cc1
el_for_eng:S0041L01U03	how do I feel this afternoon?	πώς νιώθω σήμερα το απόγευμα;	defe3374-c85e-4eea-9015-a1991c162619
el_for_eng:S0041L01U04	how do I feel when I speak Greek?	πώς νιώθω όταν μιλάω ελληνικά;	93d30b0a-3b7f-4699-844d-baab594313a7
el_for_eng:S0041L01U05	how do I feel when I'm learning Greek?	πώς νιώθω όταν μαθαίνω ελληνικά;	d25b7a64-6aba-49e8-a53a-59cbf78fcb15
el_for_eng:S0041L02B01	I feel okay	νιώθω καλά	16aed55b-ad05-4edf-ac5f-a23cb360f1ed
el_for_eng:S0041L02B02	do you feel okay?	νιώθεις καλά;	42a0bde5-d333-49c1-bdcf-8a3226e67d08
el_for_eng:S0041L02B03	I'm speaking Greek well	μιλάω ελληνικά καλά	1cf4b3d2-931f-4408-87e3-2eaccedd7d64
el_for_eng:S0041L02U01	I feel okay this morning	νιώθω καλά σήμερα το πρωί	67968b3f-4a39-4ade-8f16-02d4c0356ae0
el_for_eng:S0041L02U02	I feel okay at the moment	νιώθω καλά αυτή τη στιγμή	05dd2eae-dc41-48f2-94bf-329ee93f873d
el_for_eng:S0041L02U03	I'm learning Greek very well	μαθαίνω ελληνικά πολύ καλά	aaffb7f5-e8aa-4d54-a79f-0c0685d4f6be
el_for_eng:S0041L02U04	I want to speak Greek well	θέλω να μιλάω ελληνικά καλά	42e849fa-c9e5-4ab7-91fa-2149b0f17297
el_for_eng:S0041L02U05	you're learning Greek very well	μαθαίνεις ελληνικά πολύ καλά	ceb3e578-a70c-49ba-8c53-db5d719b8322
el_for_eng:S0041L02U06	I feel okay when I speak Greek	νιώθω καλά όταν μιλάω ελληνικά	76793274-570e-4057-a8bb-1aa7f76f48db
el_for_eng:S0041L02U07	I'm learning Greek well at the moment	μαθαίνω ελληνικά καλά αυτή τη στιγμή	fd303380-4e3f-4aad-a555-3b503393febd
el_for_eng:S0041L04B01	I'm starting to feel	αρχίζω να νιώθω	8bd53214-5677-43ee-a212-88f031a24a06
el_for_eng:S0041L04B02	I'm starting to feel okay	αρχίζω να νιώθω καλά	1c7de797-2430-40b3-a69b-967e30fac269
el_for_eng:S0041L04B03	I'm starting to feel better	αρχίζω να νιώθω καλύτερα	bf1f9aed-90d5-4390-9c66-4d28c9cc6323
el_for_eng:S0041L04B04	I'm starting to feel okay tonight	αρχίζω να νιώθω καλά απόψε	870ade89-cbbf-4b1d-85e8-cbce6bc66b32
el_for_eng:S0041L04C01	I'm starting	αρχίζω	66a26f22-93c5-4684-b384-2a032fe635cd
el_for_eng:S0041L04C02	I feel	νιώθω	77570ad8-f6e8-41f1-ae81-05701895d980
el_for_eng:S0041L04U01	but I'm starting to feel better now	αλλά αρχίζω να νιώθω καλύτερα τώρα	f46ac147-e674-4b77-9ff9-c4f842dbaaf5
el_for_eng:S0041L04U02	I'm starting to feel okay at the moment	αρχίζω να νιώθω καλά αυτή τη στιγμή	b2d1a5a3-aaeb-4061-bab6-aefd15218d95
el_for_eng:S0041L04U03	I'm starting to feel okay this morning	αρχίζω να νιώθω καλά σήμερα το πρωί	38659bff-52e9-4247-9444-f376305736ea
el_for_eng:S0041L04U04	I'm starting to feel okay this afternoon	αρχίζω να νιώθω καλά σήμερα το απόγευμα	c1cc940d-2113-49e8-b727-28d04064c90f
el_for_eng:S0041L04U05	I'm starting to feel better this afternoon	αρχίζω να νιώθω καλύτερα σήμερα το απόγευμα	f23c952d-4550-4e2e-9ca7-36656642b638
el_for_eng:S0041L04U06	but I'm starting to feel better at the moment	αλλά αρχίζω να νιώθω καλύτερα αυτή τη στιγμή	6efdb1ec-f6e9-4fbe-abf3-9a8b703c2d39
el_for_eng:S0041L04U07	I'm starting to feel better when I speak Greek	αρχίζω να νιώθω καλύτερα όταν μιλάω ελληνικά	fab8e7c5-4af9-41af-b592-1901fa7c7b3f
el_for_eng:S0042L01B01	I was starting to feel	άρχιζα να νιώθω	1353fe9c-14d8-44fc-831e-abf1e49f1287
el_for_eng:S0042L01B02	I was starting to feel okay	άρχιζα να νιώθω καλά	0353213f-da24-4131-a28b-65a15e22dcae
el_for_eng:S0042L01B03	I was starting to feel better	άρχιζα να νιώθω καλύτερα	7348550d-631c-4488-a240-18d338920d3d
el_for_eng:S0042L01B04	I was starting to feel tired	άρχιζα να νιώθω κουρασμένος	3a3f43ec-45dc-46e8-96cc-ff4b39eed546
el_for_eng:S0042L01C01	I was starting	άρχιζα	412c63cb-582d-4477-9093-c7a744232467
el_for_eng:S0042L01C02	I feel	νιώθω	77570ad8-f6e8-41f1-ae81-05701895d980
el_for_eng:S0042L01U01	why was I starting to feel tired?	γιατί άρχιζα να νιώθω κουρασμένος;	17046184-1935-4f16-bbea-ecd729173372
el_for_eng:S0042L01U02	I was starting to feel okay this morning	άρχιζα να νιώθω καλά σήμερα το πρωί	93604a16-c0fa-4734-9423-bcbbcec2c5db
el_for_eng:S0042L01U03	but I was starting to feel tired tonight	αλλά άρχιζα να νιώθω κουρασμένος απόψε	03da591c-0bb1-464d-b570-a8f9d2549a50
el_for_eng:S0042L01U04	I was starting to feel better at the moment	άρχιζα να νιώθω καλύτερα αυτή τη στιγμή	66d5eb05-9cbb-46b4-bec3-15de1d150962
el_for_eng:S0042L01U05	I was starting to feel okay this afternoon	άρχιζα να νιώθω καλά σήμερα το απόγευμα	8d00b705-a1ba-45c0-8088-50d4aad42697
el_for_eng:S0042L01U06	I was starting to feel tired this morning	άρχιζα να νιώθω κουρασμένος σήμερα το πρωί	a17837d3-ce77-4e89-879d-08c583100708
el_for_eng:S0042L03B01	than last night	από χτες βράδυ	98439ffd-318f-48af-9e41-f0a60e0ac7b9
el_for_eng:S0042L03B02	I feel okay since last night	νιώθω καλά από χτες βράδυ	5c2dd4e8-2665-4706-8dd3-7e183bf1ac38
el_for_eng:S0042L03B03	I feel better than last night	νιώθω καλύτερα από χτες βράδυ	d81b26a6-71c9-462f-ab94-d1d2adc7bf5b
el_for_eng:S0042L03B04	I was starting to feel okay since last night	άρχιζα να νιώθω καλά από χτες βράδυ	e5e29ac9-4adb-4dff-b963-eaa7c96c9ff9
el_for_eng:S0042L03C01	from	από	19c6a5df-b213-4ab9-94b4-8642f47dd065
el_for_eng:S0042L03C02	yesterday	χτες	26ede807-4cee-4f40-a56e-2d800861047d
el_for_eng:S0042L03C03	the	το	7f00f010-072d-4fc7-9726-208ff5327344
el_for_eng:S0042L03C04	evening	βράδυ	d4141067-7689-4e1a-9a61-7bc246417e2b
el_for_eng:S0042L03U01	I want to feel better than last night	θέλω να νιώθω καλύτερα από χτες βράδυ	7d411b8a-b8cb-4637-9231-9426a69393c5
el_for_eng:S0042L03U02	I speak Greek better than last night	μιλάω ελληνικά καλύτερα από χτες βράδυ	ef2a12ac-1c34-44bc-aed0-3eda9550f1c1
el_for_eng:S0042L03U03	I was starting to feel better than last night	άρχιζα να νιώθω καλύτερα από χτες βράδυ	0906e043-7650-45e1-b4ed-311cb7256441
el_for_eng:S0042L03U04	I'm starting to feel better than last night	αρχίζω να νιώθω καλύτερα από χτες βράδυ	3ca44321-efbe-4743-8254-c480e8be9de7
el_for_eng:S0042L03U05	I'm learning Greek better than last night	μαθαίνω ελληνικά καλύτερα από χτες βράδυ	894522b1-7b40-4e9d-a686-14e3a73648eb
el_for_eng:S0042L03U06	I want to speak Greek better than last night	θέλω να μιλάω ελληνικά καλύτερα από χτες βράδυ	56cfed0d-81c2-476e-b916-9fb3bb75f2df
el_for_eng:S0042L03U07	I started to learn Greek better than last night	άρχισα να μαθαίνω ελληνικά καλύτερα από χτες βράδυ	eaedd5d1-e621-42fe-bfdb-601a912dd785
el_for_eng:S0043L01B01	I wasn't thinking	δεν σκεφτόμουν	b6521d40-4d94-4920-8326-27451f236858
el_for_eng:S0043L01B02	I wasn't thinking carefully	δεν σκεφτόμουν προσεκτικά	1b23eea9-6cd0-48d7-8bba-786126c2b118
el_for_eng:S0043L01B03	I wasn't thinking about the story	δεν σκεφτόμουν την ιστορία	26242067-91b2-4432-afb2-67d97754a715
el_for_eng:S0043L01B04	I wasn't thinking about it this morning	δεν σκεφτόμουν σήμερα το πρωί	4c354ddb-58cb-4806-9849-1caf58f58c98
el_for_eng:S0043L01C01	not	δεν	ba79020a-26d1-4264-8601-5f7332859e6e
el_for_eng:S0043L01C02	I was thinking about	σκεφτόμουν	f47596e3-702f-4933-a181-2105fd808fa4
el_for_eng:S0043L01U01	I wasn't thinking about it at the moment	δεν σκεφτόμουν αυτή τη στιγμή	88340f82-5397-41cb-ae7c-05ac4449e564
el_for_eng:S0043L01U02	why wasn't I thinking carefully?	γιατί δεν σκεφτόμουν προσεκτικά;	4bdd948b-68c1-44de-b1d6-4b858705debe
el_for_eng:S0043L01U03	I wasn't thinking about the story carefully	δεν σκεφτόμουν την ιστορία προσεκτικά	cd16221f-5cd8-4b06-aa4a-e18381d309d9
el_for_eng:S0043L01U04	I wasn't thinking carefully last night	δεν σκεφτόμουν προσεκτικά χτες βράδυ	229e2962-5299-4ff6-aadf-d899781e9847
el_for_eng:S0043L01U05	I wasn't thinking about the story last night	δεν σκεφτόμουν την ιστορία χτες βράδυ	0f2df34c-0e25-4aee-9eef-1c5b08e493f1
el_for_eng:S0043L03B01	I'm looking forward to answering	ανυπομονώ να απαντήσω	4af52719-2fe2-4b0f-baab-6019bdaded40
el_for_eng:S0043L03B02	I don't want to answer right now	δεν θέλω να απαντήσω τώρα	a4f136ba-21a1-4750-af62-f7695251a808
el_for_eng:S0043L03B03	I'm thinking about how to answer	σκέφτομαι πώς να απαντήσω	58579acc-3c85-4837-be4b-537e8a66dee0
el_for_eng:S0043L03U01	I want to answer carefully	θέλω να απαντήσω προσεκτικά	1fe1374b-4af9-4527-9615-9896c0dafe58
el_for_eng:S0043L03U02	I want to learn how to answer	θέλω να μάθω πώς να απαντήσω	da0b262b-6993-4687-877a-429346475abf
el_for_eng:S0043L03U03	I wasn't thinking about how to answer	δεν σκεφτόμουν πώς να απαντήσω	a7bb6599-7974-4189-a358-9876f8755911
el_for_eng:S0043L03U04	I'm looking forward to answering carefully	ανυπομονώ να απαντήσω προσεκτικά	81a066a9-4df0-4c46-8d45-3c8e0578b61a
el_for_eng:S0043L03U05	I'm looking forward to learning how to answer	ανυπομονώ να μάθω πώς να απαντήσω	96c47f83-1a08-43f1-86c4-981de24bf6c2
el_for_eng:S0043L03U06	I don't want to answer at the moment	δεν θέλω να απαντήσω αυτή τη στιγμή	e79ec008-c8a9-4627-b8a6-f5dc3a7a0954
el_for_eng:S0043L03U07	I wasn't thinking about how to answer carefully	δεν σκεφτόμουν πώς να απαντήσω προσεκτικά	a4a7518b-7c4c-40f4-8872-b70320c121b7
el_for_eng:S0044L01B01	or do I feel okay?	ή νιώθω καλά;	b1e4b77f-c6b0-4783-aa8f-022a77646190
el_for_eng:S0044L01B02	or am I a little tired?	ή είμαι λίγο κουρασμένος;	1955738d-bb06-4101-b197-948885ee2aad
el_for_eng:S0044L01B03	or do you want to speak Greek?	ή θέλεις να μιλάς ελληνικά;	72c57e99-b3c7-4d9a-b4c9-18cce4bbf1f4
el_for_eng:S0044L01U01	or am I starting to feel better?	ή αρχίζω να νιώθω καλύτερα;	a938ce23-9eb5-4ae8-9dbc-ff39c01c10d8
el_for_eng:S0044L01U02	or do I feel okay this morning?	ή νιώθω καλά σήμερα το πρωί;	88109d14-4695-4581-9d7b-bbc2bd435a0b
el_for_eng:S0044L01U03	or was I starting to feel tired?	ή άρχιζα να νιώθω κουρασμένος;	f3b0e374-a44f-4c45-b2a6-a53062aea3db
el_for_eng:S0044L01U04	or did you want to learn Greek?	ή ήθελες να μαθαίνεις ελληνικά;	d3947884-0478-4379-af48-4427615f3f42
el_for_eng:S0044L01U05	or do you feel tired at the moment?	ή νιώθεις κουρασμένος αυτή τη στιγμή;	e3e3ea65-6dbe-434d-9f95-26190c733a03
el_for_eng:S0044L02B01	if it's necessary to	αν χρειάζεται να	82714423-a3c2-49dd-95fa-52244aea3437
el_for_eng:S0044L02B02	if I need to learn, I'm looking forward to it	αν χρειάζεται να μάθω, ανυπομονώ	459af0b4-0f4d-41e9-b90d-06c8fb7785f3
el_for_eng:S0044L02B03	or if I need to answer right now	ή αν χρειάζεται να απαντήσω τώρα	e970f556-b9f0-48a4-a3dc-94140cf3c447
el_for_eng:S0044L02B04	I wasn't thinking about if I need to learn	δεν σκεφτόμουν αν χρειάζεται να μάθω	f74e1309-bc1b-454f-b0eb-14286dfc73e7
el_for_eng:S0044L02C01	if	αν	3b0fd689-44d0-435d-a4a0-b92584ac6a18
el_for_eng:S0044L02C02	it is needed	χρειάζεται	7f82c132-9044-42a6-b072-90d82bddfc12
el_for_eng:S0044L02U01	or if I need to answer carefully	ή αν χρειάζεται να απαντήσω προσεκτικά	a6ef1b0c-909c-4fbf-9d8a-403e6b90343d
el_for_eng:S0044L02U02	I wasn't thinking about if I need to answer	δεν σκεφτόμουν αν χρειάζεται να απαντήσω	e4f46e6e-6199-4420-af88-5d45502a3093
el_for_eng:S0044L02U03	or if I need to think about it carefully	ή αν χρειάζεται να το σκέφτομαι προσεκτικά	93388d73-e4af-490f-ab0d-e0f5009b585a
el_for_eng:S0044L02U04	I wasn't thinking about if I need to speak Greek	δεν σκεφτόμουν αν χρειάζεται να μιλάω ελληνικά	79dda583-2b84-45b1-b120-e33f2fd26048
el_for_eng:S0044L02U05	if I need to learn Greek, I want to learn	αν χρειάζεται να μαθαίνω ελληνικά, θέλω να μαθαίνω	0ff2cfc8-9b9e-4719-9fb5-5ec3dfa5bb17
el_for_eng:S0044L02U06	if I need to speak Greek, I want to speak well	αν χρειάζεται να μιλάω ελληνικά, θέλω να μιλάω καλά	42a43ca3-5153-40ea-98f3-2541fb558a3a
el_for_eng:S0044L02U07	if I need to answer, I want to answer carefully	αν χρειάζεται να απαντήσω, θέλω να απαντήσω προσεκτικά	ff822d7e-6256-4802-9c03-74b42b3540e6
el_for_eng:S0044L03B01	I want to improve	θέλω να βελτιωθώ	b4bc12d0-a444-4bd8-92b4-59fc437f2694
el_for_eng:S0044L03B02	I'm looking forward to improving	ανυπομονώ να βελτιωθώ	1c9641f9-d6e9-4032-b7ed-91ede0bcc9ca
el_for_eng:S0044L03B03	it's useful to improve	είναι χρήσιμο να βελτιωθώ	ab6cb8e5-4f49-452b-9fbb-137aa6c247a7
el_for_eng:S0044L03U01	I'm thinking about how to improve	σκέφτομαι πώς να βελτιωθώ	9a41e585-4f02-46aa-9a15-9ab4667c07e3
el_for_eng:S0044L03U02	or if I need to improve	ή αν χρειάζεται να βελτιωθώ	0db97658-8942-48ed-b853-64c4b087261e
el_for_eng:S0044L03U03	I wasn't thinking about how to improve	δεν σκεφτόμουν πώς να βελτιωθώ	93e23175-6b45-47a8-8161-dfd79a1fdf61
el_for_eng:S0044L03U04	I want to improve when I speak Greek	θέλω να βελτιωθώ όταν μιλάω ελληνικά	d53a3da6-58d3-40ac-8bc6-ea411b0acac0
el_for_eng:S0044L03U05	I want to improve but I feel tired	θέλω να βελτιωθώ αλλά νιώθω κουρασμένος	03fbdafb-5c42-47e3-bc1c-a2a6c8331586
el_for_eng:S0044L03U06	or if I need to improve at the moment	ή αν χρειάζεται να βελτιωθώ αυτή τη στιγμή	125f2d9d-2a51-4083-9da8-853916f1ee05
el_for_eng:S0044L03U07	if I need to improve, I want to improve	αν χρειάζεται να βελτιωθώ, θέλω να βελτιωθώ	2f4299bc-4673-46b5-b144-9172ad890e06
el_for_eng:S0045L01B01	I don't need to	δεν χρειάζεται να	8866f96a-d8d1-4b36-ae0b-3e16d8849683
el_for_eng:S0045L01B02	I don't need to answer right now	δεν χρειάζεται να απαντήσω τώρα	a7472af6-d861-4163-a80d-71318dfab31c
el_for_eng:S0045L01B03	I don't need to improve right now	δεν χρειάζεται να βελτιωθώ τώρα	a904e176-f25d-4f93-8dee-d7bacd03e0b0
el_for_eng:S0045L01B04	I don't need to feel tired	δεν χρειάζεται να νιώθω κουρασμένος	1d6cc0b7-ed0b-48d7-9cd7-c2131859889f
el_for_eng:S0045L01C01	not	δεν	ba79020a-26d1-4264-8601-5f7332859e6e
el_for_eng:S0045L01C02	it is needed	χρειάζεται	7f82c132-9044-42a6-b072-90d82bddfc12
el_for_eng:S0045L01U01	I don't need to speak Greek tonight	δεν χρειάζεται να μιλάω ελληνικά απόψε	152b299c-3465-444f-afbd-eb708c3a5fe2
el_for_eng:S0045L01U02	I don't need to think about it carefully	δεν χρειάζεται να το σκέφτομαι προσεκτικά	5740de4f-3c1c-43ee-a6c6-465dceaf5330
el_for_eng:S0045L01U03	I don't need to answer at the moment	δεν χρειάζεται να απαντήσω αυτή τη στιγμή	c68cced3-6736-48c0-aec5-4184e41ed0b5
el_for_eng:S0045L01U04	I don't need to learn Greek this morning	δεν χρειάζεται να μαθαίνω ελληνικά σήμερα το πρωί	2bd49d18-a04a-449e-b477-e4ec2979414d
el_for_eng:S0045L01U05	I don't need to speak Greek this afternoon	δεν χρειάζεται να μιλάω ελληνικά σήμερα το απόγευμα	1011862c-a79c-48b5-b969-29ac42d82463
el_for_eng:S0045L02B01	I want to know how to improve	θέλω να ξέρω πώς να βελτιωθώ	fa01c6f1-c7f4-4a22-8086-b77386efcce5
el_for_eng:S0045L02B02	I want to know how to feel okay	θέλω να ξέρω πώς να νιώθω καλά	4fd86207-432e-4056-a71e-fbaf77b4f8ab
el_for_eng:S0045L02B03	I want to know how to speak Greek	θέλω να ξέρω πώς να μιλάω ελληνικά	967a974f-0796-482c-9737-7e8945009eef
el_for_eng:S0045L02U01	it's useful to know how to answer	είναι χρήσιμο να ξέρω πώς να απαντήσω	252b2c5f-5a52-4f45-a415-33047c900084
el_for_eng:S0045L02U02	I don't need to know how to answer	δεν χρειάζεται να ξέρω πώς να απαντήσω	eaabedac-2204-4c44-9a8f-fbaabfab1842
el_for_eng:S0045L02U03	I don't need to know how to improve	δεν χρειάζεται να ξέρω πώς να βελτιωθώ	36cf799f-dc93-4799-a3b0-e04ce449ee7e
el_for_eng:S0045L02U04	I want to know how to answer carefully	θέλω να ξέρω πώς να απαντήσω προσεκτικά	d541aef5-6fe6-49fa-bd28-0cd7691c2006
el_for_eng:S0045L02U05	I'm looking forward to knowing how to speak Greek	ανυπομονώ να ξέρω πώς να μιλάω ελληνικά	301be25f-d738-4c02-8d31-b6558ca36354
el_for_eng:S0045L02U06	I don't need to know how to answer right now	δεν χρειάζεται να ξέρω πώς να απαντήσω τώρα	9b1b40d1-fcf4-4f6d-8df7-d96b723786c4
el_for_eng:S0045L02U07	it's useful to know how to feel better	είναι χρήσιμο να ξέρω πώς να νιώθω καλύτερα	374dbe1f-fd84-49cf-81fe-70afc367dc4c
el_for_eng:S0045L03B01	everything	τα πάντα	d90adb54-b644-4ce0-b9ad-0b4cb8ffff8b
el_for_eng:S0045L03B02	I want to know everything	θέλω να ξέρω τα πάντα	4c513968-5b9d-4dd1-ac46-978dcffa7887
el_for_eng:S0045L03B03	I'm looking forward to knowing everything	ανυπομονώ να ξέρω τα πάντα	2fef9cd0-57c0-44b9-bf96-ac3f5a9928f2
el_for_eng:S0045L03B04	I don't want to know everything right now	δεν θέλω να ξέρω τα πάντα τώρα	48c92809-daff-494b-a054-11e16e1e6d77
el_for_eng:S0045L03C01	the	τα	7f00f010-072d-4fc7-9726-208ff5327344
el_for_eng:S0045L03C02	all	πάντα	b51ccfef-c841-44a4-a3a4-21d649bb3bc3
el_for_eng:S0045L03U01	I don't need to know everything	δεν χρειάζεται να ξέρω τα πάντα	1eb68a3a-7b53-4c0f-a2d4-2b39a9538631
el_for_eng:S0045L03U02	I don't need to learn everything	δεν χρειάζεται να μάθω τα πάντα	fdbc1c0d-5067-4882-9c06-5e8f64c9ed58
el_for_eng:S0045L03U03	it's not useful to know everything	δεν είναι χρήσιμο να ξέρω τα πάντα	ce6e4520-49e9-4fab-b2f1-b352d2f1d26a
el_for_eng:S0045L03U04	I don't need to think about everything	δεν χρειάζεται να σκέφτομαι τα πάντα	0725b884-35cc-45ae-b433-3f6128933337
el_for_eng:S0045L03U05	I want to learn everything about Greek	θέλω να μάθω τα πάντα όταν μαθαίνω ελληνικά	2b401030-e21d-489f-bfc8-d115e9e21f49
el_for_eng:S0045L03U06	I want to learn everything but I feel tired	θέλω να μάθω τα πάντα αλλά νιώθω κουρασμένος	65373724-0f03-4ff0-9582-0e6b9c802769
el_for_eng:S0045L03U07	I don't need to know everything at the moment	δεν χρειάζεται να ξέρω τα πάντα αυτή τη στιγμή	cc6bf1af-ccd9-4c7d-8c76-d8d882dc9b5a
el_for_eng:S0046L02B01	I don't worry	δεν ανησυχώ	96fa695a-5b87-4ec2-bcfc-4bf041646fcc
el_for_eng:S0046L02B02	but I don't worry	αλλά δεν ανησυχώ	5422207d-1333-4126-9dcb-fd3852bafb68
el_for_eng:S0046L02B03	why don't I worry?	γιατί δεν ανησυχώ;	61c1aa4d-c4a8-42e2-83cf-38738ea4f457
el_for_eng:S0046L02B04	but I don't worry tonight	αλλά δεν ανησυχώ απόψε	66179999-86d6-4dc0-aab7-e684719323cc
el_for_eng:S0046L02C01	not	δεν	ba79020a-26d1-4264-8601-5f7332859e6e
el_for_eng:S0046L02C02	I worry	ανησυχώ	8a4b1139-f785-4915-aa93-6d6cf68fc404
el_for_eng:S0046L02U01	I don't worry at the moment	δεν ανησυχώ αυτή τη στιγμή	9687caa3-21f5-43ad-9068-bebe4ee4999c
el_for_eng:S0046L02U02	I don't worry this morning	δεν ανησυχώ σήμερα το πρωί	f2b80260-e98b-48d4-bea4-6dc3c24313ff
el_for_eng:S0046L02U03	I feel okay because I don't worry	νιώθω καλά γιατί δεν ανησυχώ	99576b5c-22c3-4255-bbdd-4e49f7131807
el_for_eng:S0046L02U04	I don't worry this afternoon	δεν ανησυχώ σήμερα το απόγευμα	964cb995-f13d-44fc-9f50-6fc4f3a5a4a5
el_for_eng:S0046L02U05	I don't worry when I speak Greek	δεν ανησυχώ όταν μιλάω ελληνικά	a8f1ff65-06dc-4e53-8009-650ec70a4032
el_for_eng:S0046L03B01	I don't worry about everything	δεν ανησυχώ για τα πάντα	ddf6ea59-aae9-44ce-a69b-d04ef4d0dfa3
el_for_eng:S0046L03B02	I don't worry about the story	δεν ανησυχώ για την ιστορία	e98bf948-6d16-44af-9d17-acf3b4af258a
el_for_eng:S0046L03B03	I'm learning Greek for a week	μαθαίνω ελληνικά για μια εβδομάδα	82873fed-8c6a-4936-9cdb-e8a2860ea6d3
el_for_eng:S0046L03U01	I want to speak Greek for a long time	θέλω να μιλάω ελληνικά για πολύ καιρό	230161ed-6f63-4ce4-aa79-fe4a729d0b0d
el_for_eng:S0046L03U02	I want to speak Greek for a week	θέλω να μιλάω ελληνικά για μια εβδομάδα	63fc57a8-967f-4205-9127-73f4fafb5712
el_for_eng:S0046L03U03	I want to learn Greek for a long time	θέλω να μαθαίνω ελληνικά για πολύ καιρό	7ee1f814-fe56-4020-b294-ff48b2d984bd
el_for_eng:S0046L03U04	it's useful to speak Greek for a while	είναι χρήσιμο να μιλάω ελληνικά για λίγο	86130a99-1985-4eb9-a6fa-357672846317
el_for_eng:S0046L03U05	I don't worry about the story at the moment	δεν ανησυχώ για την ιστορία αυτή τη στιγμή	186997e5-439b-4088-a192-f3576a22dce3
el_for_eng:S0046L04B01	the mistakes	τα λάθη	d07d304a-ad24-43f0-a921-8205d771a028
el_for_eng:S0046L04B02	I don't worry about mistakes	δεν ανησυχώ για τα λάθη	dcf4321b-772b-4f82-8e65-9770876a935c
el_for_eng:S0046L04B03	I want to learn from mistakes	θέλω να μαθαίνω από τα λάθη	54dff8f7-295b-4ca8-b050-ea966fe22f97
el_for_eng:S0046L04B04	but I don't worry about making mistakes	αλλά δεν ανησυχώ για τα λάθη	92613c40-ec71-4733-9513-06bd08d93127
el_for_eng:S0046L04C01	the	τα	7f00f010-072d-4fc7-9726-208ff5327344
el_for_eng:S0046L04C02	mistakes	λάθη	bceeaa60-b685-40b5-b4c9-9577ea947d64
el_for_eng:S0046L04U01	why don't I worry about mistakes?	γιατί δεν ανησυχώ για τα λάθη;	596873fe-dfd5-4829-bcad-5b7735c6820a
el_for_eng:S0046L04U02	but I don't worry about mistakes tonight	αλλά δεν ανησυχώ για τα λάθη απόψε	bee0578b-5e81-4849-ab6d-64ca8d2f7431
el_for_eng:S0046L04U03	I don't worry about mistakes this morning	δεν ανησυχώ για τα λάθη σήμερα το πρωί	411c1ecd-54f0-4f83-86a7-c9cf44123986
el_for_eng:S0046L04U04	I don't worry about mistakes at the moment	δεν ανησυχώ για τα λάθη αυτή τη στιγμή	e5fa849f-5337-4310-8843-685f30307772
el_for_eng:S0046L04U05	I feel okay because I don't worry about mistakes	νιώθω καλά γιατί δεν ανησυχώ για τα λάθη	62a13034-3362-47b2-9157-4fa80d654bca
el_for_eng:S0046L04U06	I don't worry about mistakes this afternoon	δεν ανησυχώ για τα λάθη σήμερα το απόγευμα	60b90959-b17c-475b-9295-4f5bd4c7b6ec
el_for_eng:S0046L04U07	I don't worry about mistakes when I speak Greek	δεν ανησυχώ για τα λάθη όταν μιλάω ελληνικά	8e427cf6-88f7-409f-8f71-2f006b31c1a9
el_for_eng:S0047L02B01	I think that	νομίζω ότι	43ce2970-da8a-4822-a090-3fe617ac65ff
el_for_eng:S0047L02B02	I think that I feel okay	νομίζω ότι νιώθω καλά	3e1a34e9-c726-49a4-9395-4344fdf38de4
el_for_eng:S0047L02B03	I think that I'm a little tired	νομίζω ότι είμαι λίγο κουρασμένος	c89ece1b-4324-4262-832b-787018fdc0d4
el_for_eng:S0047L02B04	I think that I want to feel better	νομίζω ότι θέλω να νιώθω καλύτερα	7cd0f3e0-e1d0-4be3-98c1-80eceb67b518
el_for_eng:S0047L02C01	I think	νομίζω	3e6825b0-3208-4162-ac6f-c61f58d64553
el_for_eng:S0047L02C02	that	ότι	695dc24d-82f7-4d78-beb6-3da5a917be3a
el_for_eng:S0047L02U01	I think that I'm starting to feel better	νομίζω ότι αρχίζω να νιώθω καλύτερα	debc139b-d37c-4229-bfbf-bba46abf9797
el_for_eng:S0047L02U02	because I think that I don't worry about mistakes	γιατί νομίζω ότι δεν ανησυχώ για τα λάθη	f852f0ff-8693-4520-a630-ddb657e7a475
el_for_eng:S0047L02U03	I think that it's useful to speak Greek	νομίζω ότι είναι χρήσιμο να μιλάω ελληνικά	cd8a5d6e-db76-4e39-8630-4e9e8eb5d441
el_for_eng:S0047L02U04	I think that I don't need to know everything	νομίζω ότι δεν χρειάζεται να ξέρω τα πάντα	332f5063-a4e7-49ca-b484-06d7819b1e8f
el_for_eng:S0047L02U05	I think that it's useful to learn Greek	νομίζω ότι είναι χρήσιμο να μαθαίνω ελληνικά	a50b0296-7b38-4965-b065-94b3cafdd21b
el_for_eng:S0047L03B01	it is useful to improve	είναι χρήσιμο να βελτιωθώ	f2c54df1-b21b-47a2-980b-f16df76f19be
el_for_eng:S0047L03B02	it is useful to know everything	είναι χρήσιμο να ξέρω τα πάντα	814a1e07-bd24-4906-8a5b-e2562873a44b
el_for_eng:S0047L03B03	it is useful to learn Greek	είναι χρήσιμο να μαθαίνω ελληνικά	c2d2b659-aae0-460b-aaf1-7ed7928da1f4
el_for_eng:S0047L03U01	I think it is useful to improve	νομίζω ότι είναι χρήσιμο να βελτιωθώ	7b0007d1-6782-407a-b4f5-8d629ab6833b
el_for_eng:S0047L03U02	it is useful to learn from mistakes	είναι χρήσιμο να μαθαίνω από τα λάθη	58fdc286-9db9-4df4-933b-bb5da55d7631
el_for_eng:S0047L03U03	it is useful to know how to answer	είναι χρήσιμο να ξέρω πώς να απαντήσω	9c6a4bf2-c978-47f6-8312-ae2b764cd23e
el_for_eng:S0047L03U04	because it is useful to learn Greek	γιατί είναι χρήσιμο να μαθαίνω ελληνικά	9222f126-1748-4864-b60b-5f730179ecf1
el_for_eng:S0047L03U05	I think that it is useful to speak Greek	νομίζω ότι είναι χρήσιμο να μιλάω ελληνικά	2c94b673-ec29-431d-9ade-eae567ea00dd
el_for_eng:S0047L04B01	I think that it's good	νομίζω ότι είναι καλό	fa9057e3-4e9e-4322-880a-b507aa8b3621
el_for_eng:S0047L04B02	because I think that it's good	γιατί νομίζω ότι είναι καλό	95c67be5-e4a0-4074-b449-db3bf7d82273
el_for_eng:S0047L04B03	it's good but I feel tired	είναι καλό αλλά νιώθω κουρασμένος	0c1dbf43-c22b-4e50-a8b2-596c8c588fec
el_for_eng:S0047L04U01	I think it's good or I think it's okay	νομίζω ότι είναι καλό ή νιώθω καλά	1ab72912-ed96-4d2e-9059-7df8e491c039
el_for_eng:S0047L04U02	it's good, I don't worry about mistakes	είναι καλό, δεν ανησυχώ για τα λάθη	6542bc26-4220-4e8a-b3d9-91fad8b6ec64
el_for_eng:S0047L04U03	I think that it's good at the moment	νομίζω ότι είναι καλό αυτή τη στιγμή	600e56a0-0e50-4b41-abd5-a21078d93b05
el_for_eng:S0047L04U04	it's good because I'm starting to feel better	είναι καλό γιατί αρχίζω να νιώθω καλύτερα	52bac20d-9398-40d7-b51a-48ae864a4853
el_for_eng:S0047L04U05	I think that it's good but I feel tired	νομίζω ότι είναι καλό αλλά νιώθω κουρασμένος	084fe50c-afa8-4f37-aa93-4a63cd7669c4
el_for_eng:S0047L05B01	to make	να κάνεις	a46abb86-2104-42d7-8660-0be309ff6d69
el_for_eng:S0047L05B02	I don't want you to make mistakes	δεν θέλω να κάνεις λάθη	b0c1dbe4-0f8d-491d-b881-b8ae2a1695f9
el_for_eng:S0047L05B03	it's good to make mistakes	είναι καλό να κάνεις λάθη	1d59cc2a-7f14-4a3c-91a7-cfd67788f89c
el_for_eng:S0047L05B04	it's useful to make mistakes	είναι χρήσιμο να κάνεις λάθη	1525b414-2178-46e8-a317-5eeeb80936e6
el_for_eng:S0047L05C01	you make	κάνεις	15f8628e-e133-4d12-94b5-6ed960d5fa89
el_for_eng:S0047L05U01	I don't want you to make mistakes tonight	δεν θέλω να κάνεις λάθη απόψε	5e61d8bb-fcdf-4a48-a9b0-0e36792606b5
el_for_eng:S0047L05U02	I don't need you to make mistakes	δεν χρειάζεται να κάνεις λάθη	55acf0c5-20a1-4fd2-95a0-cc6317ea64f8
el_for_eng:S0047L05U03	because it's good to make mistakes	γιατί είναι καλό να κάνεις λάθη	58f88ec2-d58a-4355-bd72-cb03aa404b7b
el_for_eng:S0047L05U04	I think it's good to make mistakes	νομίζω ότι είναι καλό να κάνεις λάθη	b1a73c49-6ad8-42fd-ab03-ec5e7303cf1d
el_for_eng:S0047L05U05	I think it's useful to make mistakes	νομίζω ότι είναι χρήσιμο να κάνεις λάθη	f7df1a8a-120a-4984-a052-20ee6654b434
el_for_eng:S0047L05U06	I don't need you to make mistakes at the moment	δεν χρειάζεται να κάνεις λάθη αυτή τη στιγμή	d62fac58-d703-41c5-a1d5-3e7213f3fb07
el_for_eng:S0047L05U07	it's good to make mistakes when learning Greek	είναι καλό να κάνεις λάθη όταν μαθαίνεις ελληνικά	a416af3e-1846-4711-8fdb-eb684eea0a71
el_for_eng:S0047L06B01	I don't worry about mistakes	δεν ανησυχώ για τα λάθη	dcf4321b-772b-4f82-8e65-9770876a935c
el_for_eng:S0047L06B02	I want to learn from mistakes	θέλω να μαθαίνω από τα λάθη	54dff8f7-295b-4ca8-b050-ea966fe22f97
el_for_eng:S0047L06B03	why don't I worry about mistakes?	γιατί δεν ανησυχώ για τα λάθη;	596873fe-dfd5-4829-bcad-5b7735c6820a
el_for_eng:S0047L06U02	because it's good to make mistakes	γιατί είναι καλό να κάνεις λάθη	58f88ec2-d58a-4355-bd72-cb03aa404b7b
el_for_eng:S0047L06U03	I think it's good to make mistakes	νομίζω ότι είναι καλό να κάνεις λάθη	b1a73c49-6ad8-42fd-ab03-ec5e7303cf1d
el_for_eng:S0047L06U04	I don't need to worry about mistakes	δεν χρειάζεται να ανησυχώ για τα λάθη	558b187f-4e24-4919-90bb-4bba991372a1
el_for_eng:S0047L06U05	I don't worry about mistakes for a long time	δεν ανησυχώ για τα λάθη για πολύ καιρό	1096bc6c-1ce6-4dcd-a230-f427611407e9
el_for_eng:S0047L06U06	I feel okay because I don't worry about mistakes	νιώθω καλά γιατί δεν ανησυχώ για τα λάθη	62a13034-3362-47b2-9157-4fa80d654bca
el_for_eng:S0047L06U07	I don't worry about mistakes when I speak Greek	δεν ανησυχώ για τα λάθη όταν μιλάω ελληνικά	8e427cf6-88f7-409f-8f71-2f006b31c1a9
el_for_eng:S0048L01B01	I don't care	δεν με νοιάζει	13e4d6f3-0b32-4535-a6d5-20744dc0ec2e
el_for_eng:S0048L01B02	why don't I care?	γιατί δεν με νοιάζει;	dade86d2-04c5-4494-a289-619ab1cf9df0
el_for_eng:S0048L01B03	I don't care about the story	δεν με νοιάζει η ιστορία	6f3e8b50-3fe5-48ed-a01c-d52b1b40aeba
el_for_eng:S0048L01B04	I think that I don't care	νομίζω ότι δεν με νοιάζει	db51fb3f-0f8f-498e-b142-3760175d524c
el_for_eng:S0048L01C01	not	δεν	ba79020a-26d1-4264-8601-5f7332859e6e
el_for_eng:S0048L01C02	me	με	d3b3529c-ec1a-4927-b94a-260869f41ff2
el_for_eng:S0048L01C03	it concerns	νοιάζει	5e02167d-c176-49ec-b0ae-e6d85b65b92b
el_for_eng:S0048L01U01	I don't care about mistakes	δεν με νοιάζει για τα λάθη	6e61dfaa-4a13-41c1-b293-04b24b6cfff9
el_for_eng:S0048L01U02	I don't care at the moment	δεν με νοιάζει αυτή τη στιγμή	82d37525-d49b-4bed-b11a-b752d5694dc3
el_for_eng:S0048L01U03	why don't I care about mistakes?	γιατί δεν με νοιάζει για τα λάθη;	59a3fe0a-f15c-4c6e-8d5f-363d8abda6eb
el_for_eng:S0048L01U04	I don't care about mistakes tonight	δεν με νοιάζει για τα λάθη απόψε	84ce7b21-1dff-430c-835f-f7590a3acfd7
el_for_eng:S0048L01U05	I don't care about mistakes this morning	δεν με νοιάζει για τα λάθη σήμερα το πρωί	4b8758e2-30fa-435d-8a15-38b2b82bd7ef
el_for_eng:S0048L02B01	to make	να κάνω	a46abb86-2104-42d7-8660-0be309ff6d69
el_for_eng:S0048L02B02	I want to make mistakes	θέλω να κάνω λάθη	45e40277-6711-4737-a16f-07b36ce6b74f
el_for_eng:S0048L02B03	I'm looking forward to making mistakes	ανυπομονώ να κάνω λάθη	9a0a1b8a-4e5d-4c01-8570-a5208a5bc1fb
el_for_eng:S0048L02B04	it's good to make mistakes	είναι καλό να κάνω λάθη	1d59cc2a-7f14-4a3c-91a7-cfd67788f89c
el_for_eng:S0048L02C01	I make	κάνω	29c052d0-a464-4b3a-8b20-82bd098501f4
el_for_eng:S0048L02U01	it's useful to make mistakes	είναι χρήσιμο να κάνω λάθη	1525b414-2178-46e8-a317-5eeeb80936e6
el_for_eng:S0048L02U02	I don't care about making mistakes	δεν με νοιάζει να κάνω λάθη	0b03bcb5-ba5a-42b2-8326-9d11a0cd1686
el_for_eng:S0048L02U03	I don't need to make mistakes	δεν χρειάζεται να κάνω λάθη	294b58f7-a10c-4474-a644-65db2a449792
el_for_eng:S0048L02U04	I don't want to make mistakes tonight	δεν θέλω να κάνω λάθη απόψε	8ec7c98e-e317-4f28-98ce-804429098f86
el_for_eng:S0048L02U05	because I like making mistakes	γιατί μου αρέσει να κάνω λάθη	04033e9f-ade4-46f3-a55e-dde7e3da0aa9
el_for_eng:S0048L02U06	I think it's good to make mistakes	νομίζω ότι είναι καλό να κάνω λάθη	b1a73c49-6ad8-42fd-ab03-ec5e7303cf1d
el_for_eng:S0048L02U07	I don't care about making mistakes at the moment	δεν με νοιάζει να κάνω λάθη αυτή τη στιγμή	c718d13e-8325-4fd8-8282-5a9a3cbfdf1f
el_for_eng:S0049L02B01	it is like this	είναι έτσι	f801be47-ab71-4bfa-b144-75a1311abd25
el_for_eng:S0049L02B02	that's how I feel okay	έτσι νιώθω καλά	1fc007c7-aaaf-4d9c-a754-17ae3d52c059
el_for_eng:S0049L02B03	that's how I speak Greek	έτσι μιλάω ελληνικά	3aec8a3b-fe47-4a49-954b-b7d63aa26f7b
el_for_eng:S0049L02U01	that's how I learn Greek	έτσι μαθαίνω ελληνικά	4863e13f-2629-4583-a789-241955d8b510
el_for_eng:S0049L02U02	I think it's like this	νομίζω ότι είναι έτσι	e6ea9ea5-7ca5-4317-ab79-0af03373e5a5
el_for_eng:S0049L02U03	it's like this at the moment	είναι έτσι αυτή τη στιγμή	4a0fc8c5-546d-4f18-9e93-aa81eeb532d9
el_for_eng:S0049L02U04	that's how I'm starting to feel better	έτσι αρχίζω να νιώθω καλύτερα	2757ace5-7bbe-4902-8087-27b538dcc09b
el_for_eng:S0049L02U05	it's like this, I don't care about mistakes	είναι έτσι, δεν με νοιάζει για τα λάθη	0409f53e-be21-44a4-85fd-fb9020961c63
el_for_eng:S0049L03B01	if I need to improve	αν χρειάζεται να βελτιωθώ	88039dd8-5b8b-48d5-a660-e86d81849950
el_for_eng:S0049L03B02	if I want to speak Greek	αν θέλω να μιλάω ελληνικά	6e0828ce-623d-499f-93bf-512b4513d520
el_for_eng:S0049L03B03	if I need to answer	αν χρειάζεται να απαντήσω	cb68e2ad-167a-4b35-b68f-b3c407ff4ab9
el_for_eng:S0049L03U01	if it's like this, I don't worry	αν είναι έτσι, δεν ανησυχώ	cb5479c7-9ad0-43b9-8477-83255765c98e
el_for_eng:S0049L03U02	if I don't care about mistakes	αν δεν με νοιάζει για τα λάθη	8533541d-3b1b-491e-8516-177dc4e02bac
el_for_eng:S0049L03U03	if I'm starting to feel tired	αν αρχίζω να νιώθω κουρασμένος	fd19a9c0-8988-4495-805c-3dc46c1ad1fd
el_for_eng:S0049L03U04	if I need to know everything	αν χρειάζεται να ξέρω τα πάντα	b79bf430-2dc9-4057-8c21-edfdfaa76f78
el_for_eng:S0049L03U05	if I want to speak Greek well	αν θέλω να μιλάω ελληνικά καλά	7b8645cd-e517-42c2-8d2a-2465208f3ded
el_for_eng:S0049L04B01	if you understand	αν καταλαβαίνεις	5b90b26c-7df5-4a7d-9fee-eaa6fb61454d
el_for_eng:S0049L04B02	you understand Greek	καταλαβαίνεις ελληνικά	7fd3516e-c907-42f0-8737-b9c1f98e9857
el_for_eng:S0049L04B03	I think you understand	νομίζω ότι καταλαβαίνεις	791d9371-ab94-4075-ab47-6538423440c6
el_for_eng:S0049L04U01	do you understand Greek well?	καταλαβαίνεις ελληνικά καλά;	1a5bc28b-0f3c-421e-b2a7-7e6e8d91c39d
el_for_eng:S0049L04U02	if you understand, it's good	αν καταλαβαίνεις, είναι καλό	30a5022f-c53e-49f7-b559-eef9f43e5cb7
el_for_eng:S0049L04U03	you understand Greek better	καταλαβαίνεις ελληνικά καλύτερα	719f70a2-6e02-43eb-a100-cedd19581eea
el_for_eng:S0049L04U04	you understand when I speak Greek	καταλαβαίνεις όταν μιλάω ελληνικά	fb31160f-93cc-42ff-9658-2b4f5fd6cea3
el_for_eng:S0049L04U05	if you understand Greek, it's like this	αν καταλαβαίνεις ελληνικά, είναι έτσι	b3a66de4-6775-486d-a5c4-5d14a6f0827f
el_for_eng:S0050L01B01	I'm not trying to	δεν προσπαθώ να	986fe9a1-328f-4ec0-8084-018db14637ae
el_for_eng:S0050L01B02	I'm not trying to improve right now	δεν προσπαθώ να βελτιωθώ τώρα	dae60525-0ce6-47d4-be44-953b539f0efb
el_for_eng:S0050L01B03	I'm not trying to answer right now	δεν προσπαθώ να απαντήσω τώρα	75ba7cb7-9e7d-45f7-a773-b9a5736f9892
el_for_eng:S0050L01B04	I'm not trying to learn everything	δεν προσπαθώ να μαθαίνω τα πάντα	65ee20ed-b343-4d8b-a25b-d10c5d734696
el_for_eng:S0050L01C01	not	δεν	ba79020a-26d1-4264-8601-5f7332859e6e
el_for_eng:S0050L01C02	I try	προσπαθώ	82235020-5d57-4654-b4ac-c91b6156146d
el_for_eng:S0050L01U01	I'm not trying to think about mistakes	δεν προσπαθώ να σκέφτομαι τα λάθη	e19ea8be-198d-48eb-b538-a49e843ab8f3
el_for_eng:S0050L01U02	I'm not trying to feel better right now	δεν προσπαθώ να νιώθω καλύτερα τώρα	89d59e50-81a7-40b7-9b06-da1a92013230
el_for_eng:S0050L01U03	why am I not trying to speak Greek?	γιατί δεν προσπαθώ να μιλάω ελληνικά;	bfb180a9-68ee-4c19-b7f5-b051b4bf0867
el_for_eng:S0050L01U04	I'm not trying to speak Greek quickly	δεν προσπαθώ να μιλάω ελληνικά γρήγορα	b64e7b78-0249-4733-a5b9-67d925f77f81
el_for_eng:S0050L01U05	I'm not trying to learn everything this morning	δεν προσπαθώ να μαθαίνω τα πάντα σήμερα το πρωί	03262254-fa30-46ae-893f-21cfec8d46b3
el_for_eng:S0050L02B01	I'm looking forward to finishing	ανυπομονώ να τελειώσω	6b246609-dc0a-426d-9f33-c1f0b2a16631
el_for_eng:S0050L02B02	I'm not trying to finish	δεν προσπαθώ να τελειώσω	1b14b6f6-ab98-45b2-8119-7c6c780394e0
el_for_eng:S0050L02B03	I want to finish the story	θέλω να τελειώσω την ιστορία	909702f3-8a40-47ad-aec8-336ee69377f1
el_for_eng:S0050L02U01	I don't need to finish right now	δεν χρειάζεται να τελειώσω τώρα	5f83f786-ad70-48f5-9c8b-f4425a17307f
el_for_eng:S0050L02U02	I don't need to finish tonight	δεν χρειάζεται να τελειώσω απόψε	f43133b7-cc00-4e7e-a740-e912006b7bee
el_for_eng:S0050L02U03	I'm not trying to finish quickly	δεν προσπαθώ να τελειώσω γρήγορα	1cf83fa7-0d1e-4eaa-8fa5-1404b53125f3
el_for_eng:S0050L02U04	I'm looking forward to finishing the story	ανυπομονώ να τελειώσω την ιστορία	3ecb324d-e528-45ff-ac55-31950ecc746a
el_for_eng:S0050L02U05	I'm not trying to finish the story	δεν προσπαθώ να τελειώσω την ιστορία	2874110a-06db-4615-8cfe-0fc9c5a993d1
el_for_eng:S0050L02U06	if I need to finish, I want to finish	αν χρειάζεται να τελειώσω, θέλω να τελειώσω	d1cd9265-dbf3-4537-b7dd-8919c395e793
el_for_eng:S0050L02U07	I want to finish the story this afternoon	θέλω να τελειώσω την ιστορία σήμερα το απόγευμα	0264a798-cbc1-4433-aa0a-57a6ec5b8c74
el_for_eng:S0050L03B01	as quickly as possible	όσο πιο γρήγορα γίνεται	6a42bd3c-6bdb-4a82-afc1-a43b0c8cf55b
el_for_eng:S0050L03B02	I want to improve as quickly as possible	θέλω να βελτιωθώ όσο πιο γρήγορα γίνεται	8201dade-bddb-434d-a79c-f97fe906e16e
el_for_eng:S0050L03B03	I want to finish as quickly as possible	θέλω να τελειώσω όσο πιο γρήγορα γίνεται	fab3935a-acca-4516-991c-fbac78194d03
el_for_eng:S0050L03B04	I'm looking forward to improving as quickly as possible	ανυπομονώ να βελτιωθώ όσο πιο γρήγορα γίνεται	0c406fab-b4f1-4122-9ce8-c9eded844a13
el_for_eng:S0050L03C01	as much as	όσο	e27c5dac-ac8b-4301-937d-f5eb2a3af338
el_for_eng:S0050L03C02	more	πιο	796ae930-6f5d-4f9f-a91c-4502c5e03acc
el_for_eng:S0050L03C03	quickly	γρήγορα	a1bc22e3-bca9-40f2-9f52-25cb86fbb8bb
el_for_eng:S0050L03C04	it is possible	γίνεται	8a5eaf6e-0ed2-45ff-a6b3-11228eb145a2
el_for_eng:S0050L03U01	I want to speak Greek as quickly as possible	θέλω να μιλάω ελληνικά όσο πιο γρήγορα γίνεται	59d3da4f-270c-4a9c-85e0-f9ecb89fe2bd
el_for_eng:S0050L03U02	I'm not trying to finish as quickly as possible	δεν προσπαθώ να τελειώσω όσο πιο γρήγορα γίνεται	bbfb3793-6bd4-4254-9251-8c409b55b995
el_for_eng:S0050L03U03	I want to learn Greek as quickly as possible	θέλω να μαθαίνω ελληνικά όσο πιο γρήγορα γίνεται	4f9e596f-5b15-4910-812d-ead8434a8ea3
el_for_eng:S0050L03U04	I'm not trying to answer as quickly as possible	δεν προσπαθώ να απαντήσω όσο πιο γρήγορα γίνεται	f11738af-ef5e-4228-a02a-2d0662fff2a1
el_for_eng:S0050L03U05	I don't need to finish as quickly as possible	δεν χρειάζεται να τελειώσω όσο πιο γρήγορα γίνεται	56c87aa3-8ff0-4e12-a6b1-c66cb1401a04
el_for_eng:S0050L03U06	I'm not trying to learn as quickly as possible	δεν προσπαθώ να μαθαίνω ελληνικά όσο πιο γρήγορα γίνεται	73aefa15-2bae-4287-adfa-6fe22226f4bf
el_for_eng:S0050L03U07	I'm not trying to finish the story as quickly as possible	δεν προσπαθώ να τελειώσω την ιστορία όσο πιο γρήγορα γίνεται	5ef379fa-1114-4bce-9da1-4aac5fd7da9c
el_for_eng:S0051L01B01	I like to	μου αρέσει να	e901b6b0-2424-4748-b6cb-9284b615bbd1
el_for_eng:S0051L01B02	I enjoy making mistakes	μου αρέσει να κάνω λάθη	33943280-7070-430a-878b-9c7fe72c7820
el_for_eng:S0051L01B03	I enjoy feeling okay	μου αρέσει να νιώθω καλά	50274257-959f-4d55-842e-1891f2ca55ab
el_for_eng:S0051L01B04	I enjoy thinking about it	μου αρέσει να το σκέφτομαι	4ea350d1-547f-4b05-8101-bcde36a7d253
el_for_eng:S0051L01C01	to me	μου	875932d0-049f-442d-ae30-baee3e6dd113
el_for_eng:S0051L01C02	it pleases	αρέσει	a2d4a12e-d817-4cf9-a0e4-75fff58bae95
el_for_eng:S0051L01U01	I enjoy knowing what I mean	μου αρέσει να ξέρω τι εννοώ	8afddd77-3653-4b82-b74d-134e2c0db581
el_for_eng:S0051L01U02	I enjoy speaking Greek	μου αρέσει να μιλάω ελληνικά	fe722c4c-535c-43e3-9f22-851ff973f53c
el_for_eng:S0051L01U03	I enjoy learning Greek tonight	μου αρέσει να μαθαίνω ελληνικά απόψε	83e49771-982e-4a96-897c-b06cb1b7d4a7
el_for_eng:S0051L01U04	I enjoy speaking Greek carefully	μου αρέσει να μιλάω ελληνικά προσεκτικά	3a5d3003-5d99-4506-8b81-024a3fcc8e44
el_for_eng:S0051L01U05	I enjoy learning Greek carefully	μου αρέσει να μαθαίνω ελληνικά προσεκτικά	ceba129f-8c35-4908-9894-14176bcf1693
el_for_eng:S0051L01U06	I enjoy learning Greek this morning	μου αρέσει να μαθαίνω ελληνικά σήμερα το πρωί	a2f5be2d-4b13-43ef-b640-e8b9787143b6
el_for_eng:S0051L01U07	I enjoy finishing as quickly as possible	μου αρέσει να τελειώσω όσο πιο γρήγορα γίνεται	7692503f-8260-4e40-96b8-fc3571788a9f
el_for_eng:S0051L02B01	I want to do something	θέλω να κάνω κάτι	adbcf620-052d-4900-8e6b-842a49c25c73
el_for_eng:S0051L02B02	I wanted to do something	ήθελα να κάνω κάτι	2c6c4d43-cf63-44ab-aa6b-86fd6b142e70
el_for_eng:S0051L02B03	I want to do everything	θέλω να κάνω τα πάντα	07377637-0b2c-4321-9fd3-b7448e682dce
el_for_eng:S0051L02U01	I don't care about what I do	δεν με νοιάζει τι κάνω	243f817c-15b1-49cc-8639-3ba1c3b3e53f
el_for_eng:S0051L02U02	I'm looking forward to doing something	ανυπομονώ να κάνω κάτι	b29cffa7-7c28-4c2d-b1bd-f828442ef622
el_for_eng:S0051L02U03	I enjoy doing something	μου αρέσει να κάνω κάτι	75e1ae06-de09-4e91-a043-c6f1da4875d9
el_for_eng:S0051L02U04	I want to do something tonight	θέλω να κάνω κάτι απόψε	1e21f961-8981-4adb-a2f1-c4244949e34f
el_for_eng:S0051L02U05	I don't need to do everything	δεν χρειάζεται να κάνω τα πάντα	6843550b-6ecf-4364-ae7b-0ca90f0f660d
el_for_eng:S0051L02U06	I don't need to do everything now	δεν χρειάζεται να κάνω τα πάντα τώρα	f24517eb-3531-44a9-92d0-d307efd5f222
el_for_eng:S0051L02U07	I don't try to do everything right now	δεν προσπαθώ να κάνω τα πάντα αυτή τη στιγμή	a7d160e6-5b4a-4eed-a609-82738d3a4182
el_for_eng:S0051L03B01	I want to do interesting things	θέλω να κάνω ενδιαφέροντα	80aed349-f70a-47b2-a08c-17718610b47d
el_for_eng:S0051L03B02	I wanted to do interesting things	ήθελα να κάνω ενδιαφέροντα	2471cb88-eb85-427c-ba38-81fcafd1d082
el_for_eng:S0051L03B03	I'm starting to do interesting things	αρχίζω να κάνω ενδιαφέροντα	39390e29-b05e-4968-be8a-60ecccc89241
el_for_eng:S0051L03U01	I'm looking forward to doing interesting things	ανυπομονώ να κάνω ενδιαφέροντα	b872da19-bcf6-48c2-bcca-db94e93669f3
el_for_eng:S0051L03U02	I enjoy doing interesting things	μου αρέσει να κάνω ενδιαφέροντα	c79e0e78-8e9c-4ef9-82c4-21b2bacd1ea5
el_for_eng:S0051L03U03	I think mistakes are interesting	νομίζω ότι τα λάθη είναι ενδιαφέροντα	5ab1c806-7542-4f57-9f4c-401b44deefb7
el_for_eng:S0051L03U04	I enjoy doing interesting things tonight	μου αρέσει να κάνω ενδιαφέροντα απόψε	f729afd0-1dfa-4ae3-b837-1b7c114a69db
el_for_eng:S0051L03U05	I enjoy doing interesting things this morning	μου αρέσει να κάνω ενδιαφέροντα σήμερα το πρωί	be0a2b22-cd9b-4f35-aedf-e424bb61a85f
el_for_eng:S0051L03U06	I don't need to do interesting things right now	δεν χρειάζεται να κάνω ενδιαφέροντα αυτή τη στιγμή	ffec0834-7a36-46b5-9b69-de18a1a31463
el_for_eng:S0051L03U07	I don't try to do interesting things as quickly as possible	δεν προσπαθώ να κάνω ενδιαφέροντα όσο πιο γρήγορα γίνεται	0139178a-9b85-49a6-aece-9aa356a4508a
el_for_eng:S0051L04B01	I like doing things	μου αρέσει να κάνω πράγματα	53e3f82b-e241-4e88-b588-a4d6758e7c35
el_for_eng:S0051L04B02	I want to do things carefully	θέλω να κάνω πράγματα προσεκτικά	16521310-6075-4510-ad47-3af73319f8b5
el_for_eng:S0051L04B03	I want to do interesting things	θέλω να κάνω ενδιαφέροντα πράγματα	80aed349-f70a-47b2-a08c-17718610b47d
el_for_eng:S0051L04U01	I wanted to do interesting things	ήθελα να κάνω ενδιαφέροντα πράγματα	2471cb88-eb85-427c-ba38-81fcafd1d082
el_for_eng:S0051L04U02	I enjoy doing interesting things	μου αρέσει να κάνω ενδιαφέροντα πράγματα	c79e0e78-8e9c-4ef9-82c4-21b2bacd1ea5
el_for_eng:S0051L04U03	I'm looking forward to doing interesting things tonight	ανυπομονώ να κάνω ενδιαφέροντα πράγματα απόψε	5047d8f3-7d48-4dd0-b03c-78f68b3c5528
el_for_eng:S0051L04U04	I don't try to do interesting things right now	δεν προσπαθώ να κάνω ενδιαφέροντα πράγματα τώρα	25b2445c-58e6-45e1-8c5e-448b0427387a
el_for_eng:S0051L04U05	I enjoy doing things as quickly as possible	μου αρέσει να κάνω πράγματα όσο πιο γρήγορα γίνεται	71c291e5-0f11-4982-b110-bfcb1bd60524
el_for_eng:S0051L04U06	I enjoy doing interesting things carefully	μου αρέσει να κάνω ενδιαφέροντα πράγματα προσεκτικά	77280183-fbef-433f-93a2-914051fd735c
el_for_eng:S0051L04U07	I don't need to do interesting things right now	δεν χρειάζεται να κάνω ενδιαφέροντα πράγματα αυτή τη στιγμή	ffec0834-7a36-46b5-9b69-de18a1a31463
el_for_eng:S0051L05B01	with my friends	με τους φίλους μου	e7a33b4b-b8fe-4827-8531-0a28128f1357
el_for_eng:S0051L05B02	I want to improve with my friends	θέλω να βελτιωθώ με τους φίλους μου	bbb8dcef-dbee-4fbb-bdb2-bda859e72e13
el_for_eng:S0051L05B03	I want to do things with my friends	θέλω να κάνω πράγματα με τους φίλους μου	6f2227b7-90dd-4284-80ff-91e931389017
el_for_eng:S0051L05B04	I want to speak Greek with my friends	θέλω να μιλάω ελληνικά με τους φίλους μου	b38a8a2d-a0f5-407b-a3d2-4b89de39d521
el_for_eng:S0051L05C01	with	με	98197616-0230-42c8-8d02-0d9ea8a6625c
el_for_eng:S0051L05C02	the	τους	7f00f010-072d-4fc7-9726-208ff5327344
el_for_eng:S0051L05C03	friends	φίλους	ee901228-c627-4362-b867-f8654bf95a08
el_for_eng:S0051L05C04	my	μου	0924cf95-2fbc-467d-893b-ddec6bf6db97
el_for_eng:S0051L05U01	I don't worry about mistakes with my friends	δεν ανησυχώ για τα λάθη με τους φίλους μου	438193e7-d87a-465d-95d8-c07dd6df0749
el_for_eng:S0051L05U02	I wanted to learn Greek with my friends	ήθελα να μαθαίνω ελληνικά με τους φίλους μου	dff47192-3980-4581-966f-f8c9f9a6f0ad
el_for_eng:S0051L05U03	I'm looking forward to speaking Greek with my friends	ανυπομονώ να μιλάω ελληνικά με τους φίλους μου	5976ea0c-5bb4-4fd2-8f36-95108f91654d
el_for_eng:S0051L05U04	I like learning Greek with my friends	μου αρέσει να μαθαίνω ελληνικά με τους φίλους μου	39875276-046c-4891-8135-fa53f1b52fee
el_for_eng:S0051L05U05	I enjoy doing things with my friends tonight	μου αρέσει να κάνω πράγματα με τους φίλους μου απόψε	9d46cde6-ddaf-4870-8c54-9c9c54de6b32
el_for_eng:S0051L05U06	I enjoy doing interesting things with my friends	μου αρέσει να κάνω ενδιαφέροντα πράγματα με τους φίλους μου	95a439d6-7d2c-4ed6-a6e3-443a28f459dc
el_for_eng:S0051L05U07	I like doing interesting things with my friends this morning	μου αρέσει να κάνω ενδιαφέροντα πράγματα με τους φίλους μου σήμερα το πρωί	f806af00-d54f-4d7a-8d62-ff0e2bccd883
el_for_eng:S0052L01B01	he wanted to	ήθελε να	53c3a971-a81f-438f-94aa-88d59c77c0aa
el_for_eng:S0052L01B02	he wanted me to improve	ήθελε να βελτιωθώ	32dedc34-2759-4fa0-b15e-7554c41ad17d
el_for_eng:S0052L01B03	he wanted me to do something	ήθελε να κάνω κάτι	ccb6d6bd-cdc8-4f12-8022-2e4043444b12
el_for_eng:S0052L01B04	he wanted me to know what I mean	ήθελε να ξέρω τι εννοώ	8bef96d3-dfec-4a53-bd42-085f139c0cd5
el_for_eng:S0052L01C01	he wanted	ήθελε	7da2d312-cb14-43c3-a73a-44d08be4d83b
el_for_eng:S0052L01U01	he wanted me to speak Greek	ήθελε να μιλάω ελληνικά	9a6079fd-1a00-48ad-8794-a7e32e36f291
el_for_eng:S0052L01U02	he wanted me to learn Greek	ήθελε να μαθαίνω ελληνικά	ab564f84-21d6-44c8-9886-ab8e15255a52
el_for_eng:S0052L01U03	he wanted me to do interesting things	ήθελε να κάνω ενδιαφέροντα πράγματα	410f9e66-a46a-4dbc-9d51-24bfa7b41372
el_for_eng:S0052L01U04	he wanted me to learn Greek carefully	ήθελε να μαθαίνω ελληνικά προσεκτικά	2f95c783-d06d-4e83-8d88-b9ed42d1e328
el_for_eng:S0052L01U05	he wanted me to learn Greek this morning	ήθελε να μαθαίνω ελληνικά σήμερα το πρωί	05b6b224-f2fa-4c95-b342-9fbea156be50
el_for_eng:S0052L01U06	he wanted me to finish as quickly as possible	ήθελε να τελειώσω όσο πιο γρήγορα γίνεται	8fc42b16-91c9-43ba-b6f6-b4bd4b76488c
el_for_eng:S0052L01U07	he wanted me to do things with my friends	ήθελε να κάνω πράγματα με τους φίλους μου	1e10bf3f-0021-4752-b0e3-e6f1d6db0cf9
el_for_eng:S0052L02B01	he wanted to write something	ήθελε να γράψει κάτι	b1e5c1fb-f69b-45d9-8be4-ca8cd8ff3c0e
el_for_eng:S0052L02B02	he wanted to write tonight	ήθελε να γράψει απόψε	3e5f68df-ce54-4b94-a34f-b38585cc72d5
el_for_eng:S0052L02B03	why did he want to write?	γιατί ήθελε να γράψει;	ea05e7d5-43fe-44ee-a64c-64b53ab9bc31
el_for_eng:S0052L02U01	he wanted to write carefully	ήθελε να γράψει προσεκτικά	458e52ae-9616-48f0-83ef-64b5fad556f6
el_for_eng:S0052L02U02	he wanted to write last night	ήθελε να γράψει χτες βράδυ	5892bde7-5400-4438-9085-75a2b03cc604
el_for_eng:S0052L02U03	he wanted to write this morning	ήθελε να γράψει σήμερα το πρωί	8dea12eb-5c74-4fca-b067-0bbb554c3f7b
el_for_eng:S0052L02U04	he wanted to write carefully tonight	ήθελε να γράψει προσεκτικά απόψε	e3185fef-977d-456e-9364-2fc0ba913b00
el_for_eng:S0052L02U05	he wanted to write something right now	ήθελε να γράψει κάτι αυτή τη στιγμή	dd40eba1-0570-42d2-94c6-a64232189f98
el_for_eng:S0052L02U06	he wanted to write something this morning	ήθελε να γράψει κάτι σήμερα το πρωί	6aa70b46-5129-413e-843c-a1862a46287b
el_for_eng:S0052L02U07	he wanted to write as quickly as possible	ήθελε να γράψει όσο πιο γρήγορα γίνεται	835c56e7-31c4-4b9e-80ac-6b0ed812b1a2
el_for_eng:S0052L03B01	a letter	ένα γράμμα	5ccc88b8-21f5-492a-ad4f-d083a8ccc742
el_for_eng:S0052L03B02	he wanted to write a letter	ήθελε να γράψει ένα γράμμα	d9a71fb4-0b6f-4b5c-9912-53c12283d814
el_for_eng:S0052L03B03	he wanted to write a letter tonight	ήθελε να γράψει ένα γράμμα απόψε	31e72f38-3823-4000-84bf-1d15173d7b79
el_for_eng:S0052L03B04	why did he want to write a letter?	γιατί ήθελε να γράψει ένα γράμμα;	61d596af-280e-41bf-a1ce-ee48cc1f13fe
el_for_eng:S0052L03C01	a	ένα	211edce5-9715-4e41-a356-6a5e6a3abecb
el_for_eng:S0052L03C02	letter	γράμμα	fcb65225-a59b-430e-8a87-9b5c35a86fd8
el_for_eng:S0052L03U01	he wanted to write a letter carefully	ήθελε να γράψει ένα γράμμα προσεκτικά	1225ebf0-dc70-4a94-8ec7-e34ba83e26e5
el_for_eng:S0052L03U02	I think he wanted to write a letter	νομίζω ότι ήθελε να γράψει ένα γράμμα	58102da0-158a-442e-96f2-3db2d4135b3c
el_for_eng:S0052L03U03	he wanted to write a letter this morning	ήθελε να γράψει ένα γράμμα σήμερα το πρωί	623f3bae-59fc-4af0-8481-ae98c71cd29f
el_for_eng:S0052L03U04	he wanted to write a letter right now	ήθελε να γράψει ένα γράμμα αυτή τη στιγμή	851457a7-d405-4bcf-ba10-6b1e6f7daebd
el_for_eng:S0052L03U05	he wanted to write a letter carefully tonight	ήθελε να γράψει ένα γράμμα προσεκτικά απόψε	c4d6cf34-7678-4f88-b5cf-940d7a3ed8f2
el_for_eng:S0052L03U06	he wanted to write a letter as quickly as possible	ήθελε να γράψει ένα γράμμα όσο πιο γρήγορα γίνεται	2c576b54-5d1d-4582-9979-2817f7eeb0bc
el_for_eng:S0052L03U07	he wanted to write a letter carefully this morning	ήθελε να γράψει ένα γράμμα προσεκτικά σήμερα το πρωί	4690cdaf-9ae6-4957-badc-acd5efe6c2c1
el_for_eng:S0052L04B01	to his friend	στον φίλο του	74be6b63-43dc-4acc-a1d0-afe76e806537
el_for_eng:S0052L04B02	he wanted to write to his friend	ήθελε να γράψει στον φίλο του	1eb41591-f82e-4471-abb9-1ed87e8cfd06
el_for_eng:S0052L04B03	he wanted to write something to his friend	ήθελε να γράψει κάτι στον φίλο του	482d4bae-ffab-438e-8d9b-8f4e5c86f28b
el_for_eng:S0052L04B04	he wanted to write to his friend tonight	ήθελε να γράψει στον φίλο του απόψε	c7b5a170-cd4b-434d-b692-4f36b2062317
el_for_eng:S0052L04C01	to the	στον	9abcb9ca-3706-4f57-add7-6240c1f10b4e
el_for_eng:S0052L04C02	friend	φίλο	96b3503e-e5a3-4f0e-bce7-b51385c29be4
el_for_eng:S0052L04C03	his	του	785ed6c8-6c4b-42cb-9d56-0e42870a494b
el_for_eng:S0052L04U01	why did he want to write to his friend?	γιατί ήθελε να γράψει στον φίλο του;	a0b38f4b-0614-4a97-b462-062745073c7d
el_for_eng:S0052L04U02	he wanted to write a letter to his friend	ήθελε να γράψει ένα γράμμα στον φίλο του	0b6523a7-a3cc-4ca5-911b-9ef7a07cfc3d
el_for_eng:S0052L04U03	he wanted to write to his friend carefully	ήθελε να γράψει στον φίλο του προσεκτικά	93692139-95fc-4d13-b98a-741a7530cc9c
el_for_eng:S0052L04U04	I think he wanted to write to his friend	νομίζω ότι ήθελε να γράψει στον φίλο του	ad8ce756-c6d7-4752-a277-97978737944a
el_for_eng:S0052L04U05	he wanted to write a letter to his friend this morning	ήθελε να γράψει ένα γράμμα στον φίλο του σήμερα το πρωί	51d29147-036c-423c-8b1b-a5ba38f1fe39
el_for_eng:S0052L04U06	he wanted to write a letter to his friend right now	ήθελε να γράψει ένα γράμμα στον φίλο του αυτή τη στιγμή	4f8cdb43-1216-4198-bdac-cbdf9640e2ff
el_for_eng:S0052L04U07	he wanted to write a letter to his friend as quickly as possible	ήθελε να γράψει ένα γράμμα στον φίλο του όσο πιο γρήγορα γίνεται	6ccd770e-c88c-46ed-a35d-809bece7cd5f
el_for_eng:S0052L05B01	last week	την περασμένη εβδομάδα	1fdba5df-4a47-45a6-b583-b1a76a9accdc
el_for_eng:S0052L05B02	I wanted to finish last week	ήθελα να τελειώσω την περασμένη εβδομάδα	4cef956d-97a1-4a8f-b601-5e137ac8032f
el_for_eng:S0052L05B03	I wanted to improve last week	ήθελα να βελτιωθώ την περασμένη εβδομάδα	2328aa48-1bbd-48ef-9235-36b95894d8fb
el_for_eng:S0052L05B04	I started to think about it last week	άρχισα να το σκέφτομαι την περασμένη εβδομάδα	aa05e4ed-0e2f-4f8c-b6eb-6503965b1619
el_for_eng:S0052L05C01	the	την	7f00f010-072d-4fc7-9726-208ff5327344
el_for_eng:S0052L05C02	last	περασμένη	61aba1cb-4f7b-4fef-a562-f44d2c5f7db6
el_for_eng:S0052L05C03	week	εβδομάδα	5c0abd9a-74f6-4504-870e-bd90ac1498ab
el_for_eng:S0052L05U01	I wanted to speak Greek last week	ήθελα να μιλάω ελληνικά την περασμένη εβδομάδα	97afbb8c-cdf3-4777-bffb-4a31b20c5491
el_for_eng:S0052L05U02	he wanted to write a letter last week	ήθελε να γράψει ένα γράμμα την περασμένη εβδομάδα	4396e90d-d970-4133-8ada-13d31901eee3
el_for_eng:S0052L05U03	I started to learn Greek last week	άρχισα να μαθαίνω ελληνικά την περασμένη εβδομάδα	38d9fd97-eddd-4981-b6e0-6796b8e526f8
el_for_eng:S0052L05U04	he wanted to write to his friend last week	ήθελε να γράψει στον φίλο του την περασμένη εβδομάδα	c27c68b7-c669-4bb9-a505-08d6ae87c8a1
el_for_eng:S0052L05U05	I wanted to do interesting things last week	ήθελα να κάνω ενδιαφέροντα πράγματα την περασμένη εβδομάδα	b5f8490b-932b-4311-8141-a99838f2b8c4
el_for_eng:S0052L05U06	he wanted to write a letter carefully last week	ήθελε να γράψει ένα γράμμα προσεκτικά την περασμένη εβδομάδα	937d5155-4a43-42c5-9657-01fc09cd91c0
el_for_eng:S0052L05U07	he wanted to write a letter to his friend last week	ήθελε να γράψει ένα γράμμα στον φίλο του την περασμένη εβδομάδα	bacde0bf-13a3-4f5b-9583-e7a22137f806
el_for_eng:S0053L01B01	she wanted to	ήθελε να	cf07b86b-fc87-4765-8725-637e192bc748
el_for_eng:S0053L01B02	she wanted me to improve	ήθελε να βελτιωθώ	68ae00a9-9c6f-49b4-9f86-3dc50b8a8984
el_for_eng:S0053L01B03	she wanted me to speak Greek	ήθελε να μιλάω ελληνικά	5c04e955-38ba-41d2-bcb9-62614dd5cca9
el_for_eng:S0053L01B04	she wanted me to learn Greek	ήθελε να μαθαίνω ελληνικά	52c3f5a9-3cd1-4cd7-979f-f6dfe86abbd8
el_for_eng:S0053L01C01	she wanted	ήθελε	655a600e-0f41-4e56-b76a-2066af5479b8
el_for_eng:S0053L01U01	she wanted to write a letter	ήθελε να γράψει ένα γράμμα	98e92afe-fbd2-454b-95ac-977e550d153a
el_for_eng:S0053L01U02	she wanted to write to his friend	ήθελε να γράψει στον φίλο του	f605c54b-8ba4-4247-8661-b2846a6c27db
el_for_eng:S0053L01U03	she wanted me to do things carefully	ήθελε να κάνω πράγματα προσεκτικά	d68c0888-2f4e-4afd-affb-c0c9202f8e07
el_for_eng:S0053L01U04	she wanted me to do interesting things	ήθελε να κάνω ενδιαφέροντα πράγματα	22206e49-bb41-4762-ae80-6d7a02226bf5
el_for_eng:S0053L01U05	she wanted me to learn Greek this morning	ήθελε να μαθαίνω ελληνικά σήμερα το πρωί	3fae70ed-4a93-45e5-81a4-c6c1ffcc5add
el_for_eng:S0053L01U06	she wanted me to finish as quickly as possible	ήθελε να τελειώσω όσο πιο γρήγορα γίνεται	199eda82-902f-446b-9ace-845925bc68dd
el_for_eng:S0053L01U07	she wanted to write a letter last week	ήθελε να γράψει ένα γράμμα την περασμένη εβδομάδα	458e057e-6869-4275-a790-ac1d20d17d44
el_for_eng:S0053L02B01	she wanted to put something	ήθελε να βάλει κάτι	317f8bf1-945c-41f3-aa48-0701d0fccf19
el_for_eng:S0053L02B02	why did she want to put something?	γιατί ήθελε να βάλει κάτι;	65d68599-e5af-4787-9176-12ed53b58442
el_for_eng:S0053L02B03	she wanted to put something tonight	ήθελε να βάλει κάτι απόψε	17a5d4d4-7eb0-4ac5-9dbb-81e154530f7a
el_for_eng:S0053L02U01	she wanted to put something carefully	ήθελε να βάλει κάτι προσεκτικά	0d59a23e-e764-4ad6-b054-27961b561c7b
el_for_eng:S0053L02U02	I think she wanted to put something	νομίζω ότι ήθελε να βάλει κάτι	6233d192-73b6-43c7-8848-f95615a40c64
el_for_eng:S0053L02U03	she wanted to put something last night	ήθελε να βάλει κάτι χτες βράδυ	41dd1b18-084e-430a-826d-77a5779b0003
el_for_eng:S0053L02U04	she wanted to put something this morning	ήθελε να βάλει κάτι σήμερα το πρωί	0f6e5b2e-6ccc-424c-8b6e-7b338ea1ea4d
el_for_eng:S0053L02U05	she wanted to put something right now	ήθελε να βάλει κάτι αυτή τη στιγμή	3eaddc9e-838d-43b6-83b8-8fdc49b56a74
el_for_eng:S0053L02U06	she wanted to put something carefully tonight	ήθελε να βάλει κάτι προσεκτικά απόψε	89898faf-f20a-4937-b297-541eb4a3e6d1
el_for_eng:S0053L02U07	she wanted to put something last week	ήθελε να βάλει κάτι την περασμένη εβδομάδα	d94e1551-ccef-49b0-89e7-2d5406a4c1db
el_for_eng:S0053L03B01	his letter	το γράμμα του	b1b177e7-e88b-4152-9dc3-d255d8f53b16
el_for_eng:S0053L03B02	she wanted to put his letter	ήθελε να βάλει το γράμμα του	4411905e-7c82-4860-9b7f-94f9de128a78
el_for_eng:S0053L03B03	she wanted to write his letter	ήθελε να γράψει το γράμμα του	85223e1e-bae1-4620-8d7d-23a4efd2cc21
el_for_eng:S0053L03B04	she wanted to put his letter tonight	ήθελε να βάλει το γράμμα του απόψε	e9b9ad65-313c-4a6d-af60-ce1dc96954cf
el_for_eng:S0053L03C01	the	το	7f00f010-072d-4fc7-9726-208ff5327344
el_for_eng:S0053L03C02	letter	γράμμα	fcb65225-a59b-430e-8a87-9b5c35a86fd8
el_for_eng:S0053L03C03	his	του	785ed6c8-6c4b-42cb-9d56-0e42870a494b
el_for_eng:S0053L03U01	why did she want to put his letter?	γιατί ήθελε να βάλει το γράμμα του;	ff9761fc-c008-4fb8-a0a0-87e7911327d8
el_for_eng:S0053L03U02	she wanted to put his letter carefully	ήθελε να βάλει το γράμμα του προσεκτικά	11721892-3d19-4592-8763-1c7c60aadd72
el_for_eng:S0053L03U03	I think she wanted to put his letter	νομίζω ότι ήθελε να βάλει το γράμμα του	3bba742a-bb17-47c4-bd45-2b80b81741e6
el_for_eng:S0053L03U04	she wanted to put his letter this morning	ήθελε να βάλει το γράμμα του σήμερα το πρωί	0a2ce089-27bb-4d17-80c1-bf778a32bc75
el_for_eng:S0053L03U05	she wanted to put his letter last week	ήθελε να βάλει το γράμμα του την περασμένη εβδομάδα	558a34d6-b2ff-457d-8816-fa96137b14f9
el_for_eng:S0053L03U06	she wanted to put his letter as quickly as possible	ήθελε να βάλει το γράμμα του όσο πιο γρήγορα γίνεται	d806a9aa-d075-46d8-94be-2189ba5601f0
el_for_eng:S0053L03U07	she wanted to write his letter last week	ήθελε να γράψει το γράμμα του την περασμένη εβδομάδα	79104477-3185-4209-a84a-c140e6d6fd49
el_for_eng:S0053L04B01	in her bag	στην τσάντα της	a12b20bf-7233-4cce-b893-f0682f2a4afa
el_for_eng:S0053L04B02	she wanted to put something in her bag	ήθελε να βάλει κάτι στην τσάντα της	d6312d44-0b31-41ac-8d4f-3a9dff897c80
el_for_eng:S0053L04B03	she wanted to put his letter in her bag	ήθελε να βάλει το γράμμα του στην τσάντα της	f859be9f-02da-4431-9d0b-c5921c11abdc
el_for_eng:S0053L04B04	I think she wanted to put something in her bag	νομίζω ότι ήθελε να βάλει κάτι στην τσάντα της	9010e2d3-a720-45a9-8f8f-c89eed365ad6
el_for_eng:S0053L04C01	in	στην	cf07d973-d7e6-4092-89ab-afeebe71526e
el_for_eng:S0053L04C02	bag	τσάντα	5158a7be-6edc-42c4-a576-8cc1edd52270
el_for_eng:S0053L04C03	her	της	12812c1c-88cd-4610-a58c-b9b6348c5b80
el_for_eng:S0053L04U01	she wanted to put something in her bag last night	ήθελε να βάλει κάτι στην τσάντα της χτες βράδυ	5b655708-4352-4033-9e90-e8fc03750290
el_for_eng:S0053L04U02	why did she want to put his letter in her bag?	γιατί ήθελε να βάλει το γράμμα του στην τσάντα της;	e475ef07-87a1-4707-af46-2d73fec0fa39
el_for_eng:S0053L04U03	she wanted to put his letter in her bag tonight	ήθελε να βάλει το γράμμα του στην τσάντα της απόψε	8040f937-0803-4a07-aaf4-4831db868d93
el_for_eng:S0053L04U04	she wanted to put his letter in her bag carefully	ήθελε να βάλει το γράμμα του στην τσάντα της προσεκτικά	889eea63-5625-4303-b463-4047cb49350d
el_for_eng:S0053L04U05	she wanted to put his letter in her bag this morning	ήθελε να βάλει το γράμμα του στην τσάντα της σήμερα το πρωί	eb434096-cc06-4d17-bd67-c37d949d6105
el_for_eng:S0053L04U06	she wanted to put his letter in her bag last week	ήθελε να βάλει το γράμμα του στην τσάντα της την περασμένη εβδομάδα	2f3948c4-fd25-4871-8dad-44ae08ffbfdf
el_for_eng:S0053L04U07	she wanted to put his letter in her bag as quickly as possible	ήθελε να βάλει το γράμμα του στην τσάντα της όσο πιο γρήγορα γίνεται	0c910a2c-b7c9-45f7-a0d7-64b9c72dffd5
el_for_eng:S0054L01B01	we wanted to	θέλαμε να	4e4e3658-9515-49e2-b275-5faa67ba1993
el_for_eng:S0054L01B02	we wanted me to improve	θέλαμε να βελτιωθώ	1decfc3e-a143-4a49-952b-492c4c29387d
el_for_eng:S0054L01B03	we wanted me to do something	θέλαμε να κάνω κάτι	3787ef0c-6843-46ad-991f-6e0df8c0c9b2
el_for_eng:S0054L01B04	we wanted me to speak Greek	θέλαμε να μιλάω ελληνικά	ed853b36-11d5-42ae-9940-e99365f9dbe3
el_for_eng:S0054L01C01	we wanted	θέλαμε	432644b7-09c0-4a37-8ce1-341288f4ef2d
el_for_eng:S0054L01U01	we wanted me to learn Greek	θέλαμε να μαθαίνω ελληνικά	504e0a6b-024f-4cfe-aee1-45429216e689
el_for_eng:S0054L01U02	we wanted me to do interesting things	θέλαμε να κάνω ενδιαφέροντα πράγματα	9ab30864-6cf3-4b04-9a0c-de78aa9ff156
el_for_eng:S0054L01U03	we wanted me to learn Greek carefully	θέλαμε να μαθαίνω ελληνικά προσεκτικά	f6c5656c-f761-4711-b955-0ec5b9e26a72
el_for_eng:S0054L01U04	we wanted me to speak Greek this morning	θέλαμε να μιλάω ελληνικά σήμερα το πρωί	afce844e-a168-4c10-a634-0e428bc99562
el_for_eng:S0054L01U05	we wanted me to finish as quickly as possible	θέλαμε να τελειώσω όσο πιο γρήγορα γίνεται	2c524ae8-e63f-444d-b9a9-53d81446657c
el_for_eng:S0054L01U06	we wanted me to do things with my friends	θέλαμε να κάνω πράγματα με τους φίλους μου	94d85a30-0d86-4cde-b663-1f61c5aeab47
el_for_eng:S0054L01U07	we wanted me to learn Greek last week	θέλαμε να μαθαίνω ελληνικά την περασμένη εβδομάδα	a5bfdb99-f972-443d-88cb-e09ba35ce789
el_for_eng:S0054L02B01	to give you	σου δώσουμε	b762ffad-2e45-40d2-bfc8-4b698453bab9
el_for_eng:S0054L02B02	we wanted to give you something	θέλαμε να σου δώσουμε κάτι	8ad94a23-5f68-4d8d-a0a2-00904195f22a
el_for_eng:S0054L02B03	we wanted to give you everything	θέλαμε να σου δώσουμε τα πάντα	62c3a98b-d695-40c7-a114-17ac2ca9e7ee
el_for_eng:S0054L02B04	we wanted to give you a letter	θέλαμε να σου δώσουμε ένα γράμμα	5603478b-c472-4f9d-a019-b72df645d2dd
el_for_eng:S0054L02C01	to you	σου	eca20921-bdf1-430c-b036-f03f488dfd2f
el_for_eng:S0054L02C02	we give	δώσουμε	a6715a0e-333b-4013-a343-b56e9fe24cd2
el_for_eng:S0054L02U01	why did we want to give you something?	γιατί θέλαμε να σου δώσουμε κάτι;	455650b3-4a64-4a8f-ad3a-6d5e699c4aef
el_for_eng:S0054L02U02	we wanted to give you something tonight	θέλαμε να σου δώσουμε κάτι απόψε	c25bab88-9458-414d-83c4-518f20a327d0
el_for_eng:S0054L02U03	we wanted to give you something carefully	θέλαμε να σου δώσουμε κάτι προσεκτικά	9b7e1c00-d86d-4cb3-b6b4-349f377c5738
el_for_eng:S0054L02U04	I think we wanted to give you something	νομίζω ότι θέλαμε να σου δώσουμε κάτι	6074d6fb-f0d1-4bb5-91be-18fb3bc5709d
el_for_eng:S0054L02U05	we wanted to give you something this morning	θέλαμε να σου δώσουμε κάτι σήμερα το πρωί	857fd80e-f384-4591-919c-e11260fca4b3
el_for_eng:S0054L02U06	we wanted to give you something last week	θέλαμε να σου δώσουμε κάτι την περασμένη εβδομάδα	e8229b0b-3dc8-49f2-a0b5-f3c3058dbd01
el_for_eng:S0054L02U07	we wanted to give you a letter last week	θέλαμε να σου δώσουμε ένα γράμμα την περασμένη εβδομάδα	b58d8fc3-6777-4708-a01a-c9954e0d3638
el_for_eng:S0054L03B01	I want to learn a little	θέλω να μαθαίνω λίγο	bf509d44-ebd2-4066-a999-2e93eb97a719
el_for_eng:S0054L03B02	I'm a little tired	είμαι λίγο κουρασμένος	50afc54f-04c0-4c33-abf7-68cf545e0abe
el_for_eng:S0054L03B03	I want to learn a little tonight	θέλω να μαθαίνω λίγο απόψε	5302ba46-b886-4a3b-9ec8-1dc9fd233ec3
el_for_eng:S0054L03U01	I'm a little tired tonight	είμαι λίγο κουρασμένος απόψε	53fb7e31-c25d-4358-8a30-cd6fa550e48d
el_for_eng:S0054L03U02	we wanted to give you a little something	θέλαμε να σου δώσουμε λίγο κάτι	944c249d-4241-47ff-9d23-eb335622c1ae
el_for_eng:S0054L03U03	I want to learn a little more	θέλω να μαθαίνω λίγο περισσότερο	f10ed3d7-b0a9-4f1c-b416-5df2f928f88d
el_for_eng:S0054L03U04	I want to speak Greek a little better	θέλω να μιλάω ελληνικά λίγο καλύτερα	1187697a-7d3b-4819-8181-26401e1d59b5
el_for_eng:S0054L03U05	I'm a little tired this morning	είμαι λίγο κουρασμένος σήμερα το πρωί	31c0ad81-0119-497d-8b82-bda52f2e3e43
el_for_eng:S0054L03U06	I'm a little tired but I want to learn	είμαι λίγο κουρασμένος αλλά θέλω να μαθαίνω	8d59ccf5-b399-412d-9bd5-ff594a5c704f
el_for_eng:S0054L03U07	we wanted to give you a little more time	θέλαμε να σου δώσουμε λίγο περισσότερο χρόνο	824d5f78-e611-4957-9d4a-4004f5449a7e
el_for_eng:S0055L01B01	I don't enjoy	δεν μου αρέσει να	7d1bafe4-9dfc-4484-8669-335852476454
el_for_eng:S0055L01B02	I don't enjoy making mistakes	δεν μου αρέσει να κάνω λάθη	4907c78d-ae55-4f75-a2f2-c80f219e36c6
el_for_eng:S0055L01B03	I don't enjoy thinking about it	δεν μου αρέσει να το σκέφτομαι	d79dcc75-073c-4ec9-be8c-ea2fea5c5395
el_for_eng:S0055L01B04	I don't enjoy doing things	δεν μου αρέσει να κάνω πράγματα	552c016f-4a84-4b9e-bd22-ad53d0064332
el_for_eng:S0055L01C01	not	δεν	ba79020a-26d1-4264-8601-5f7332859e6e
el_for_eng:S0055L01C02	to me	μου	875932d0-049f-442d-ae30-baee3e6dd113
el_for_eng:S0055L01C03	it pleases	αρέσει	a2d4a12e-d817-4cf9-a0e4-75fff58bae95
el_for_eng:S0055L01U01	I don't enjoy speaking Greek	δεν μου αρέσει να μιλάω ελληνικά	c463ab70-3fb8-45bd-bd21-ce2bc14df941
el_for_eng:S0055L01U02	I don't enjoy learning Greek	δεν μου αρέσει να μαθαίνω ελληνικά	a43c9548-125e-400c-aae3-d7f753649ab3
el_for_eng:S0055L01U03	I don't enjoy feeling tired	δεν μου αρέσει να νιώθω κουρασμένος	43ab5fdc-0e0b-431f-bfef-1b51e93dfce4
el_for_eng:S0055L01U04	I don't enjoy doing things tonight	δεν μου αρέσει να κάνω πράγματα απόψε	16d5e0a2-e7b5-45ce-a7a9-c96b78c08a07
el_for_eng:S0055L01U05	I don't enjoy doing interesting things	δεν μου αρέσει να κάνω ενδιαφέροντα πράγματα	0bd3823c-0eb0-472a-99a9-bdb4a05a5e01
el_for_eng:S0055L01U06	I don't enjoy learning Greek carefully	δεν μου αρέσει να μαθαίνω ελληνικά προσεκτικά	65bb72d2-3ff3-480e-9a64-d74b0a97a9fb
el_for_eng:S0055L01U07	I don't enjoy learning Greek this morning	δεν μου αρέσει να μαθαίνω ελληνικά σήμερα το πρωί	dc24c128-4155-4e2b-9f4e-6b7a5567e00b
el_for_eng:S0055L02B01	I want to wake up	θέλω να ξυπνάω	ba1bbac5-8fe9-4c05-911f-5739d633a461
el_for_eng:S0055L02B02	I wanted to wake up	ήθελα να ξυπνάω	17cff6d0-ce33-4518-912b-cb2f89001351
el_for_eng:S0055L02B03	I enjoy waking up	μου αρέσει να ξυπνάω	e7aba534-b12d-40f4-830c-b6f14fcaa728
el_for_eng:S0055L02U01	I'm not trying to wake up	δεν προσπαθώ να ξυπνάω	3e40c87a-6cc9-404d-84df-92dd08cb8d22
el_for_eng:S0055L02U02	I don't enjoy waking up	δεν μου αρέσει να ξυπνάω	14cd2028-a2e3-449b-b6ed-fbe39109f8df
el_for_eng:S0055L02U03	I don't need to wake up tonight	δεν χρειάζεται να ξυπνάω απόψε	99bdba55-0825-4e06-a3e4-314432861ae4
el_for_eng:S0055L02U04	I enjoy waking up this morning	μου αρέσει να ξυπνάω σήμερα το πρωί	c8163b07-82e9-4fdc-a7b8-318cfa985f8d
el_for_eng:S0055L02U05	I don't like waking up tired	δεν μου αρέσει να ξυπνάω κουρασμένος	fa11d7d4-a257-4c2f-88f7-9b758a4ab5f8
el_for_eng:S0055L02U06	I don't enjoy waking up this morning	δεν μου αρέσει να ξυπνάω σήμερα το πρωί	861c683c-8dd4-4a7e-b032-f3e9729073a1
el_for_eng:S0055L02U07	I started to wake up last week	άρχισα να ξυπνάω την περασμένη εβδομάδα	c4ce28be-2892-4a16-8688-4bf3f433af05
el_for_eng:S0055L03B01	I feel better when I wake up	νιώθω καλύτερα όταν ξυπνάω	47d890f5-1341-4882-b363-c93c4a2427be
el_for_eng:S0055L03B02	I feel okay when I learn Greek	νιώθω καλά όταν μαθαίνω ελληνικά	17697375-8d8e-4504-bf9e-5d32b5a3178f
el_for_eng:S0055L03B03	I feel better when I speak Greek	νιώθω καλύτερα όταν μιλάω ελληνικά	b440be87-3304-48fb-8054-2feb365566af
el_for_eng:S0055L03U01	I enjoy waking up when I feel okay	μου αρέσει να ξυπνάω όταν νιώθω καλά	a38759d4-8c50-406c-8f3f-42d3390a7b0b
el_for_eng:S0055L03U02	I feel better when I don't worry about mistakes	νιώθω καλύτερα όταν δεν ανησυχώ για τα λάθη	06772537-2829-4bad-9a9d-95a62b478067
el_for_eng:S0055L03U03	I enjoy speaking Greek when I feel okay	μου αρέσει να μιλάω ελληνικά όταν νιώθω καλά	be265e2c-116f-4f64-be24-12a50587343b
el_for_eng:S0055L03U04	I don't care about mistakes when I speak Greek	δεν με νοιάζει για τα λάθη όταν μιλάω ελληνικά	318a4f1e-b0e6-401e-a7da-b7dfd917cfbc
el_for_eng:S0055L03U05	I don't enjoy waking up when I'm tired	δεν μου αρέσει να ξυπνάω όταν είμαι κουρασμένος	e0d7e2a2-24b3-42c0-b7e7-8bcf69132208
el_for_eng:S0055L03U06	I think it's good when I learn Greek carefully	νομίζω ότι είναι καλό όταν μαθαίνω ελληνικά προσεκτικά	5ca44208-a91d-40de-acb6-729330526eff
el_for_eng:S0055L03U07	I don't enjoy doing things when I'm tired	δεν μου αρέσει να κάνω πράγματα όταν είμαι κουρασμένος	f6a8a9e9-0957-4421-a8c4-9ef98ca304f9
el_for_eng:S0055L04B01	I didn't sleep	δεν κοιμήθηκα	d40fd3e0-d072-428d-b451-9ca0f2f57181
el_for_eng:S0055L04B02	I didn't sleep well	δεν κοιμήθηκα καλά	49fb6726-99f8-49cd-94f2-bd928e87875a
el_for_eng:S0055L04B03	I didn't sleep well tonight	δεν κοιμήθηκα καλά απόψε	fa68b03f-deaa-4ceb-ba27-691f32b7d25e
el_for_eng:S0055L04B04	I think I didn't sleep well	νομίζω ότι δεν κοιμήθηκα καλά	32e87354-fea9-465c-85b7-d208aa9a731c
el_for_eng:S0055L04C01	not	δεν	ba79020a-26d1-4264-8601-5f7332859e6e
el_for_eng:S0055L04C02	I slept	κοιμήθηκα	6668dc52-9ac9-463a-9f03-af078b31b175
el_for_eng:S0055L04U01	I didn't sleep well last night	δεν κοιμήθηκα καλά χτες βράδυ	5f246ce7-e26f-4172-b77c-418584b9ec5e
el_for_eng:S0055L04U02	I didn't sleep well this morning	δεν κοιμήθηκα καλά σήμερα το πρωί	0f7c2a33-358d-40ce-85d9-cab2de3ddd3a
el_for_eng:S0055L04U03	I didn't sleep well but I feel okay	δεν κοιμήθηκα καλά αλλά νιώθω καλά	2e7900b4-a04d-4ee3-87af-73f0e7659d7f
el_for_eng:S0055L04U04	I didn't sleep well and I'm tired	δεν κοιμήθηκα καλά και είμαι κουρασμένος	eb962ede-b99a-4071-9b3f-4672e8d7e61f
el_for_eng:S0055L04U05	I didn't sleep well last week	δεν κοιμήθηκα καλά την περασμένη εβδομάδα	6a580203-551f-420f-84f3-ae18f9e61273
el_for_eng:S0055L04U06	I think I didn't sleep well last night	νομίζω ότι δεν κοιμήθηκα καλά χτες βράδυ	2e6ca7c2-6596-41e9-8ffe-263e7dce61fa
el_for_eng:S0055L04U07	I don't enjoy waking up when I didn't sleep well	δεν μου αρέσει να ξυπνάω όταν δεν κοιμήθηκα καλά	28808058-5de2-4332-8c1a-cdbe5e2cd599
el_for_eng:S0056L01B01	that's how I want to speak Greek	έτσι θέλω να μιλάω ελληνικά	4771d07c-99b2-4d87-9de1-a65664e6f33d
el_for_eng:S0056L01B02	it's like this, I want to improve	είναι έτσι, θέλω να βελτιωθώ	b0a28712-6b14-44bd-b433-203a2edd8257
el_for_eng:S0056L01B03	that's how I want to learn Greek	έτσι θέλω να μαθαίνω ελληνικά	20def483-9959-4d5c-a4bc-7e3a7e5ba1c3
el_for_eng:S0056L01U01	that's how I don't enjoy making mistakes	έτσι δεν μου αρέσει να κάνω λάθη	5ae473ec-cbbb-4a25-bd72-b81963fb879c
el_for_eng:S0056L01U02	that's how I enjoy speaking Greek	έτσι μου αρέσει να μιλάω ελληνικά	c488d14e-f0ff-4f8e-a3a2-92958e17698a
el_for_eng:S0056L01U03	that's how I enjoy learning Greek	έτσι μου αρέσει να μαθαίνω ελληνικά	02ebdfb9-34ee-46ee-9ba1-5c86c60a1bab
el_for_eng:S0056L01U04	that's how I enjoy doing interesting things	έτσι μου αρέσει να κάνω ενδιαφέροντα πράγματα	40053bae-19b0-4da8-af2f-bebb53a48bb1
el_for_eng:S0056L01U05	that's how I want to do things with my friends	έτσι θέλω να κάνω πράγματα με τους φίλους μου	d2e31213-0fca-4bcb-8ca5-fb15d689a464
el_for_eng:S0056L01U06	it's like this, I want to learn Greek better	είναι έτσι, θέλω να μαθαίνω ελληνικά καλύτερα	b8aadcfe-1641-49df-af60-17137ea680b2
el_for_eng:S0056L01U07	it's like this, I enjoy learning Greek carefully	είναι έτσι, μου αρέσει να μαθαίνω ελληνικά προσεκτικά	530b77b9-08c4-4e2b-896d-eed0d9b552e8
el_for_eng:S0056L02B01	I am able to	μπορώ να	943c5855-9d25-4929-ad8f-9411308a10f0
el_for_eng:S0056L02B02	I am able to improve	μπορώ να βελτιωθώ	3636b41a-34d0-4a15-9328-b4a6b8c4c3c9
el_for_eng:S0056L02B03	I am able to feel okay	μπορώ να νιώθω καλά	4ff277d0-7ab0-4429-88a8-2aa5a1f46d8d
el_for_eng:S0056L02B04	I am able to speak Greek	μπορώ να μιλάω ελληνικά	3120e9f2-5bb5-4dc8-8b48-efe01e4d42f9
el_for_eng:S0056L02C01	I can	μπορώ	dee629fc-65b4-4a50-ba8e-c6cb2fc0bae6
el_for_eng:S0056L02U01	I am able to learn Greek	μπορώ να μαθαίνω ελληνικά	be6a374d-d523-4769-81fd-e0c8b4cdc93d
el_for_eng:S0056L02U02	I am able to speak Greek well	μπορώ να μιλάω ελληνικά καλά	33428f18-94f7-405c-9be8-60fb2820c616
el_for_eng:S0056L02U03	I am able to wake up this morning	μπορώ να ξυπνάω σήμερα το πρωί	73aaa17e-c234-475e-bd0c-ba0bc9f90fbf
el_for_eng:S0056L02U04	I am able to do things carefully	μπορώ να κάνω πράγματα προσεκτικά	a385e88b-a9c4-4656-9d68-e190ccfb7f38
el_for_eng:S0056L02U05	I am able to learn Greek better	μπορώ να μαθαίνω ελληνικά καλύτερα	5b9fb812-a5b0-49c2-b135-9546da0b2252
el_for_eng:S0056L02U06	I am able to do interesting things	μπορώ να κάνω ενδιαφέροντα πράγματα	798cf9c0-a0d3-4152-935e-fa8a842f51e8
el_for_eng:S0056L02U07	I am able to finish as quickly as possible	μπορώ να τελειώσω όσο πιο γρήγορα γίνεται	30686f66-7ec9-446a-932d-d059cf8c7445
el_for_eng:S0056L03B01	I want to remember	θέλω να θυμηθώ	29fc732c-b5e2-41b4-bfb8-673b0b258f92
el_for_eng:S0056L03B02	I am able to remember	μπορώ να θυμηθώ	6479540d-004e-4dfc-979b-8bb92a14bfcd
el_for_eng:S0056L03B03	I wanted to remember	ήθελα να θυμηθώ	87b4af09-8793-4a25-afa7-61e754813373
el_for_eng:S0056L03U01	I'm looking forward to remembering	ανυπομονώ να θυμηθώ	648b0956-7f7c-41b2-a5b8-54828703c790
el_for_eng:S0056L03U02	so I am able to remember	έτσι μπορώ να θυμηθώ	80fdb372-12ed-4fa5-a2fa-c4cddc7e9056
el_for_eng:S0056L03U03	I want to remember everything	θέλω να θυμηθώ τα πάντα	22816678-cc10-475b-ab44-75f3dbe20cf4
el_for_eng:S0056L03U04	I am able to remember what I mean	μπορώ να θυμηθώ τι εννοώ	15935f48-50a3-400d-b9fc-e74e8c2bd996
el_for_eng:S0056L03U05	I am able to remember things	μπορώ να θυμηθώ πράγματα	0926ec8e-4781-4846-a620-725238c0e8f5
el_for_eng:S0056L03U07	I don't need to remember everything	δεν χρειάζεται να θυμηθώ τα πάντα	7baa8cfe-85ee-4724-bbf1-48d5e0f73196
el_for_eng:S0056L05B01	I want to say something	θέλω να λέω κάτι	e31ed9ff-9351-4e5d-b8b2-1b11b9517434
el_for_eng:S0056L05B02	I want to say what I mean	θέλω να λέω τι εννοώ	290c9a3c-eeed-4d38-bf66-a98cc5382649
el_for_eng:S0056L05B03	I am able to say things	μπορώ να λέω πράγματα	c24a0552-d91f-40b2-9276-d9b3d244b0bf
el_for_eng:S0056L05U01	so I am able to say what I mean	έτσι μπορώ να λέω τι εννοώ	2786a93c-de79-46fe-a8ba-40208b784c55
el_for_eng:S0056L05U02	I don't try to say everything	δεν προσπαθώ να λέω τα πάντα	77170eae-ebf9-480f-8161-e3f01351002d
el_for_eng:S0056L05U03	I don't need to say everything	δεν χρειάζεται να λέω τα πάντα	0f072d6e-6f1b-493d-9afc-1ec7308eee95
el_for_eng:S0056L05U04	I enjoy saying things well	μου αρέσει να λέω πράγματα καλά	b394d6f4-b717-4393-86a0-ee3998d2307b
el_for_eng:S0056L05U05	I am able to remember how to say things	μπορώ να θυμηθώ πώς να λέω πράγματα	3f5298e6-f24d-4e96-8d99-171204530c7a
el_for_eng:S0056L05U06	I enjoy saying things carefully	μου αρέσει να λέω πράγματα προσεκτικά	62269073-db6a-4b3a-8c90-4998ec35946f
el_for_eng:S0056L05U07	I am able to remember how to say interesting things	μπορώ να θυμηθώ πώς να λέω ενδιαφέροντα πράγματα	05c84fb9-9b9e-4472-b121-0680a47198b0
el_for_eng:S0056L06B01	a few words	μερικές λέξεις	7e74fee7-8b29-46be-84dc-876729f8785a
el_for_eng:S0056L06B02	I want to say a few words	θέλω να λέω μερικές λέξεις	17342eb6-c1a3-4bf3-b436-c017a2e6bcc4
el_for_eng:S0056L06B03	I am able to say a few words	μπορώ να λέω μερικές λέξεις	c1ebd7aa-adba-4578-8f0e-3f3efa3c86ff
el_for_eng:S0056L06B04	I want to remember a few words	θέλω να θυμηθώ μερικές λέξεις	7f8e93f1-6e4b-4658-abcd-7f54e74fad6a
el_for_eng:S0056L06C01	a few	μερικές	326370dc-bf9d-4418-ac03-697fd59f572e
el_for_eng:S0056L06C02	words	λέξεις	6095a344-7979-4c76-9519-b4bda2d01314
el_for_eng:S0056L06U01	I am able to remember a few words	μπορώ να θυμηθώ μερικές λέξεις	493e588c-c5d4-4030-ad22-dcb70ea5e683
el_for_eng:S0056L06U02	I wanted to learn a few words	ήθελα να μαθαίνω μερικές λέξεις	fc8767f6-dce1-4821-94b8-82d199d9bbf4
el_for_eng:S0056L06U03	I enjoy learning a few words	μου αρέσει να μαθαίνω μερικές λέξεις	30483d4d-c798-41fc-b393-0064d57f4572
el_for_eng:S0056L06U04	I am able to remember how to say a few words	μπορώ να θυμηθώ πώς να λέω μερικές λέξεις	349c0219-85a9-4fb0-a2e8-086c24eb8515
el_for_eng:S0056L06U05	I am able to say a few words this morning	μπορώ να λέω μερικές λέξεις σήμερα το πρωί	364bc040-e193-40b6-bcab-146e746fbf87
el_for_eng:S0056L06U06	so I am able to remember how to say a few words	έτσι μπορώ να θυμηθώ πώς να λέω μερικές λέξεις	acd9ab3f-b06a-49ce-9f49-630245e172fa
el_for_eng:S0056L06U07	I don't need to say a few words right now	δεν χρειάζεται να λέω μερικές λέξεις αυτή τη στιγμή	5dfdd342-66d3-459b-ba48-0da863811941
el_for_eng:S0057L01B01	I can't	δεν μπορώ να	d623690d-fd27-42fb-96f6-42219e96cd90
el_for_eng:S0057L01B02	I can't improve right now	δεν μπορώ να βελτιωθώ τώρα	db42ac90-bf99-403a-a212-1a3f9b2406ce
el_for_eng:S0057L01B03	I can't learn everything	δεν μπορώ να μαθαίνω τα πάντα	6531cf59-458b-40c7-8770-822fe36fa322
el_for_eng:S0057L01B04	I can't speak Greek well	δεν μπορώ να μιλάω ελληνικά καλά	084f920e-73dd-4898-9133-0ca0f0e4f562
el_for_eng:S0057L01C01	not	δεν	ba79020a-26d1-4264-8601-5f7332859e6e
el_for_eng:S0057L01C02	I can	μπορώ	dee629fc-65b4-4a50-ba8e-c6cb2fc0bae6
el_for_eng:S0057L01U01	I can't remember a few words	δεν μπορώ να θυμηθώ μερικές λέξεις	5ee91096-eadc-43b9-9a71-d5dbf5d3ddfa
el_for_eng:S0057L01U02	why can't I speak Greek well?	γιατί δεν μπορώ να μιλάω ελληνικά καλά;	71c449d3-6bea-4e65-9a7a-1ecb2c943583
el_for_eng:S0057L01U03	I can't feel okay this morning	δεν μπορώ να νιώθω καλά σήμερα το πρωί	9f9a8178-b32b-4664-9d1f-7e8ceffddc52
el_for_eng:S0057L01U04	I can't remember how to speak Greek	δεν μπορώ να θυμηθώ πώς να μιλάω ελληνικά	3975df4b-62ec-4d22-a267-f8d0a47a8394
el_for_eng:S0057L01U05	I can't remember how to say a few words	δεν μπορώ να θυμηθώ πώς να λέω μερικές λέξεις	3b554300-0ab4-4ac6-bdac-e0171ea90cf9
el_for_eng:S0057L01U06	I can't finish as quickly as possible	δεν μπορώ να τελειώσω όσο πιο γρήγορα γίνεται	e746f0b0-6e24-43d3-bcc3-2bb3d7a515f5
el_for_eng:S0057L01U07	I can't do interesting things tonight	δεν μπορώ να κάνω ενδιαφέροντα πράγματα απόψε	26a85946-cd05-4101-8318-cce6fdd5a418
el_for_eng:S0057L04B01	I want to say something	θέλω να πω κάτι	e31ed9ff-9351-4e5d-b8b2-1b11b9517434
el_for_eng:S0057L04B02	I want to say what I mean	θέλω να πω τι εννοώ	290c9a3c-eeed-4d38-bf66-a98cc5382649
el_for_eng:S0057L04B03	I'm looking forward to saying what I mean	ανυπομονώ να πω τι εννοώ	d03f68af-15aa-4de9-9cc5-67da0919c1e7
el_for_eng:S0057L04U02	so I can say what I mean	έτσι μπορώ να πω τι εννοώ	75a2133e-8dd4-47be-b098-b9ffe55d18ff
el_for_eng:S0057L04U03	I can say a few words	μπορώ να πω μερικές λέξεις	1ab9ad4b-0703-4948-ace0-5ba4834ed6a7
el_for_eng:S0057L04U04	I can't remember how to say it	δεν μπορώ να θυμηθώ πώς να πω	68979ead-6522-44b0-bd73-33eb91ec8c4d
el_for_eng:S0057L04U05	I don't need to say everything	δεν χρειάζεται να πω τα πάντα	0f072d6e-6f1b-493d-9afc-1ec7308eee95
el_for_eng:S0057L04U07	I can remember how to say a few words	μπορώ να θυμηθώ πώς να πω μερικές λέξεις	def1075c-392e-476b-bf2d-cd6d518aca8b
el_for_eng:S0057L05B01	what	αυτό που	2151d2eb-445a-48a2-b2c2-bb3b5a8e8f8c
el_for_eng:S0057L05B02	I want to remember what I mean	θέλω να θυμηθώ αυτό που εννοώ	428fe45f-0bd1-46d4-bfbd-1d5ea92d2056
el_for_eng:S0057L05B03	I think I know what I mean	νομίζω ότι ξέρω αυτό που εννοώ	fc98316b-ed1c-4f35-8506-955de72193d4
el_for_eng:S0057L05B04	I want to say what I wanted to say	θέλω να πω αυτό που ήθελα να πω	c5ab1fd3-f0a9-45c1-a00f-2d3395e24424
el_for_eng:S0057L05C01	this	αυτό	9e7324cf-60d6-4f43-a9d5-ca39b46adfc6
el_for_eng:S0057L05C02	that	που	695dc24d-82f7-4d78-beb6-3da5a917be3a
el_for_eng:S0057L05U02	I can remember what I wanted to say	μπορώ να θυμηθώ αυτό που ήθελα να πω	e1570a19-b7ee-486c-a52b-e30e0e221d7d
el_for_eng:S0057L05U03	I started to remember what I wanted to say	άρχισα να θυμηθώ αυτό που ήθελα να πω	a72b00a5-4abf-4362-acc6-252f573e16a3
el_for_eng:S0057L05U04	I can't remember what I wanted to say	δεν μπορώ να θυμηθώ αυτό που ήθελα να πω	a107759e-f7d5-44b1-a9b8-df197a7d9f4e
el_for_eng:S0057L05U05	I want to do what I need to do	θέλω να κάνω αυτό που χρειάζεται να κάνω	e6e61d09-3aed-4953-85b7-0a77f4ffbe6e
el_for_eng:S0057L05U06	I enjoy doing what I want to do	μου αρέσει να κάνω αυτό που θέλω να κάνω	243cee3e-f52e-4925-a45d-f0409bc63723
el_for_eng:S0057L05U07	I can do what I need to do	μπορώ να κάνω αυτό που χρειάζεται να κάνω	918fa60f-d785-44d8-b5ae-359bd4974906
el_for_eng:S0058L02B01	it is interesting, I think	είναι ενδιαφέρον, νομίζω	9231f209-235f-4d29-9a9e-97fb61363797
el_for_eng:S0058L02B02	it is interesting and good	είναι ενδιαφέρον και καλό	963eaacd-8e67-45f3-9d15-c294ea73c194
el_for_eng:S0058L02B03	I think it's very interesting	νομίζω ότι είναι πολύ ενδιαφέρον	695da278-c977-4f2b-9a9f-9d78cf467c9a
el_for_eng:S0058L02U01	it is interesting when I do things	είναι ενδιαφέρον όταν κάνω πράγματα	8bb93eb7-0dc2-449e-a067-47c2cdea1ff2
el_for_eng:S0058L02U02	it is interesting when I speak Greek	είναι ενδιαφέρον όταν μιλάω ελληνικά	c151d66e-d710-4e8d-a7af-365eebbdb07b
el_for_eng:S0058L02U03	it is interesting when I learn Greek	είναι ενδιαφέρον όταν μαθαίνω ελληνικά	6010b757-ffad-41b4-8c9c-3d3ea1e6bef4
el_for_eng:S0058L02U04	it is interesting when I speak Greek well	είναι ενδιαφέρον όταν μιλάω ελληνικά καλά	955a8b05-f080-44be-9934-92908cde899a
el_for_eng:S0058L02U05	I think it's interesting when I don't worry	νομίζω ότι είναι ενδιαφέρον όταν δεν ανησυχώ	40a849cc-779c-479d-a839-73b70878351d
el_for_eng:S0058L02U06	it is not interesting when I can't remember	δεν είναι ενδιαφέρον όταν δεν μπορώ να θυμηθώ	33acda4c-5a93-4b23-8812-d0d1108ce20e
el_for_eng:S0058L02U07	it is very interesting when I do things with my friends	είναι πολύ ενδιαφέρον όταν κάνω πράγματα με τους φίλους μου	6d1a1c70-cbf6-475d-b709-3d2007cede6e
el_for_eng:S0058L05B01	enough words	αρκετές λέξεις	8be34de1-2ff5-4e01-91fb-3bf25c6e0125
el_for_eng:S0058L05B02	I can say enough words	μπορώ να λέω αρκετές λέξεις	36d01cc7-3d02-4380-ac68-7267725e5c82
el_for_eng:S0058L05B03	I want to remember enough words	θέλω να θυμηθώ αρκετές λέξεις	dbde643b-0f2b-44fa-8cf4-73b057bea10b
el_for_eng:S0058L05B04	I can remember enough words	μπορώ να θυμηθώ αρκετές λέξεις	f3a77544-a3d6-4f08-bebe-d6a158e8b046
el_for_eng:S0058L05C01	enough	αρκετές	6543b6e5-3f91-42f8-84c7-46fb86bcf1bc
el_for_eng:S0058L05C02	words	λέξεις	6095a344-7979-4c76-9519-b4bda2d01314
el_for_eng:S0058L05U01	I want to learn enough words	θέλω να μαθαίνω αρκετές λέξεις	6b07f950-7cd7-4425-95c2-d297574f278b
el_for_eng:S0058L05U02	I enjoy knowing enough words	μου αρέσει να ξέρω αρκετές λέξεις	bdbbea2b-48f6-49eb-af31-68bb5cd44223
el_for_eng:S0058L05U03	I can't remember enough words	δεν μπορώ να θυμηθώ αρκετές λέξεις	5803b189-cbaf-4d7e-93b4-0430a39fe4bd
el_for_eng:S0058L05U04	I enjoy learning enough words	μου αρέσει να μαθαίνω αρκετές λέξεις	309c228b-ed88-4c89-9f2b-3a0dc616566a
el_for_eng:S0058L05U05	it's useful to know enough words	είναι χρήσιμο να ξέρω αρκετές λέξεις	bfde61e6-a15c-45de-ba97-db0c3475f4f4
el_for_eng:S0058L05U06	I don't need to know enough words right now	δεν χρειάζεται να ξέρω αρκετές λέξεις τώρα	1af430db-34a6-412c-a8bc-569f19753c40
el_for_eng:S0058L05U07	it's interesting when you understand enough words	είναι ενδιαφέρον όταν καταλαβαίνεις αρκετές λέξεις	861e48e4-65a5-4b7a-bb6a-f35a33bcc7af
el_for_eng:S0059L05B01	it is necessary to	χρειάζεται να	600e9ae5-213c-44e6-b8ce-cb19cf11a465
el_for_eng:S0059L05B02	it is necessary to improve	χρειάζεται να βελτιωθώ	4db332a1-3dd6-49d2-ad9d-2e9b5bdd0bec
el_for_eng:S0059L05B03	it is necessary to speak Greek	χρειάζεται να μιλάω ελληνικά	41421396-6072-4075-9d86-dc6ed4b0e683
el_for_eng:S0059L05B04	it is necessary to say a few words	χρειάζεται να λέω μερικές λέξεις	0c02f0c6-f15b-49e7-81b0-7c0a622705ee
el_for_eng:S0059L05C01	it is needed	χρειάζεται	7f82c132-9044-42a6-b072-90d82bddfc12
el_for_eng:S0059L05U01	it is necessary to remember enough words	χρειάζεται να θυμηθώ αρκετές λέξεις	dba2b5f2-a77e-458c-95d3-ccb659097958
el_for_eng:S0059L05U02	I don't know what it is necessary to do	δεν ξέρω αυτό που χρειάζεται να κάνω	fc51d227-0b91-4dda-b3a2-a2241e3e5182
el_for_eng:S0059L05U03	it is necessary to learn enough words	χρειάζεται να μαθαίνω αρκετές λέξεις	6b0b7c40-f313-4ddf-9e59-bb83354b7ca1
el_for_eng:S0059L05U04	it is necessary to do things carefully	χρειάζεται να κάνω πράγματα προσεκτικά	3338bead-4282-4e37-96ea-180c179a6436
el_for_eng:S0059L05U05	it is necessary to do interesting things	χρειάζεται να κάνω ενδιαφέροντα πράγματα	b91aa321-4e6f-4585-a89c-80fce10ffb18
el_for_eng:S0059L05U06	I think it is necessary to learn Greek	νομίζω ότι χρειάζεται να μαθαίνω ελληνικά	ccf454db-1b58-4f08-b86b-a9cd72db9f95
el_for_eng:S0059L05U07	I can do what it is necessary to do	μπορώ να κάνω αυτό που χρειάζεται να κάνω	03d8461b-6601-4f49-9c9f-dd5f6f032ef9
el_for_eng:S0059L06B01	next week	την επόμενη εβδομάδα	322df491-d0bc-48be-ac6f-a010de1a0f10
el_for_eng:S0059L06B02	I want to improve next week	θέλω να βελτιωθώ την επόμενη εβδομάδα	35ab595c-796f-45ff-ab0a-d254b14b1f78
el_for_eng:S0059L06B03	I wanted to do things next week	ήθελα να κάνω πράγματα την επόμενη εβδομάδα	bbc4fbaa-6e53-4c95-bca6-8fad77cd7a58
el_for_eng:S0059L06B04	I want to speak Greek next week	θέλω να μιλάω ελληνικά την επόμενη εβδομάδα	68dddcfd-148f-4ec6-b6e1-4da64512a873
el_for_eng:S0059L06C01	the	την	7f00f010-072d-4fc7-9726-208ff5327344
el_for_eng:S0059L06C02	next	επόμενη	cc809d40-823b-4320-8ed8-6a030615de3a
el_for_eng:S0059L06C03	week	εβδομάδα	5c0abd9a-74f6-4504-870e-bd90ac1498ab
el_for_eng:S0059L06U01	I want to learn Greek next week	θέλω να μαθαίνω ελληνικά την επόμενη εβδομάδα	7d373a2d-67d4-478c-9e48-09a3241cf37e
el_for_eng:S0059L06U02	it is necessary to do things next week	χρειάζεται να κάνω πράγματα την επόμενη εβδομάδα	efa5432d-fb47-4741-aa10-72ff9cbab5cb
el_for_eng:S0059L06U03	I want to remember enough words next week	θέλω να θυμηθώ αρκετές λέξεις την επόμενη εβδομάδα	9d7b7591-496f-458f-8ce9-3ad21f3b2ee6
el_for_eng:S0059L06U04	I know what I need to do next week	ξέρω αυτό που χρειάζεται να κάνω την επόμενη εβδομάδα	cec1593b-f569-424d-a681-10d867f3e373
el_for_eng:S0059L06U05	I can do interesting things next week	μπορώ να κάνω ενδιαφέροντα πράγματα την επόμενη εβδομάδα	2c96cd8e-397f-4501-a891-1b6614aba6cf
el_for_eng:S0059L06U06	I can do what I need to do next week	μπορώ να κάνω αυτό που χρειάζεται να κάνω την επόμενη εβδομάδα	6c0e556c-7000-459b-9c3d-e27fa00b94af
el_for_eng:S0059L06U07	I know how to do what I need to do next week	ξέρω πώς να κάνω αυτό που χρειάζεται να κάνω την επόμενη εβδομάδα	3bf06391-baab-4204-b86e-20789f1990b6
el_for_eng:S0060L01B01	I don't know	δεν ξέρω	9bf6122c-740f-44c7-893d-6b15bc1174d6
el_for_eng:S0060L01B02	I don't know how to say what I mean	δεν ξέρω πώς να λέω τι εννοώ	5df07bc7-5ad8-43fa-a58a-1895528f871f
el_for_eng:S0060L01B03	I don't know what I wanted to say	δεν ξέρω αυτό που ήθελα να πω	912c35ca-ee8b-4587-be7c-afe5605bb6c0
el_for_eng:S0060L01B04	I don't know if I need to improve	δεν ξέρω αν χρειάζεται να βελτιωθώ	20c9ced9-96da-40b8-a0be-8c23dd6f3dd3
el_for_eng:S0060L01C01	not	δεν	ba79020a-26d1-4264-8601-5f7332859e6e
el_for_eng:S0060L01C02	I know	ξέρω	5f5025bc-0279-47dd-a95a-077306f1f8ed
el_for_eng:S0060L01U01	I don't know how to say a few words	δεν ξέρω πώς να λέω μερικές λέξεις	35e0d4d9-8a2d-4e61-8bc0-7aa011d17979
el_for_eng:S0060L01U02	I don't know how to feel better right now	δεν ξέρω πώς να νιώθω καλύτερα τώρα	17553c81-a2d7-4215-8ab1-6fdd4ff338e0
el_for_eng:S0060L01U03	I don't know how to remember enough words	δεν ξέρω πώς να θυμηθώ αρκετές λέξεις	2c918689-47ef-4b4c-91da-ca860b72e896
el_for_eng:S0060L01U04	I don't know if I can speak Greek well	δεν ξέρω αν μπορώ να μιλάω ελληνικά καλά	5ecd64b4-1492-4bdc-aea4-3fe406e34e4d
el_for_eng:S0060L01U05	I don't know how to do things carefully	δεν ξέρω πώς να κάνω πράγματα προσεκτικά	2c28ca11-ea67-4508-b390-0f4276930c8f
el_for_eng:S0060L01U06	I don't know how to do interesting things	δεν ξέρω πώς να κάνω ενδιαφέροντα πράγματα	e585592a-282f-42bd-a256-23c8eebfbd1c
el_for_eng:S0060L01U07	I don't know what I need to do next week	δεν ξέρω αυτό που χρειάζεται να κάνω την επόμενη εβδομάδα	2f67edc6-6e9c-4019-9d26-ea8e4870a1ff
el_for_eng:S0060L02B01	I'm still learning Greek	μαθαίνω ελληνικά ακόμα	b2cfc687-859e-4bfb-aee6-122fa2987f85
el_for_eng:S0060L02B02	I want to improve still	θέλω να βελτιωθώ ακόμα	0fde012b-fe8f-4d74-9b3d-296c11c46180
el_for_eng:S0060L02B03	I want to speak Greek still	θέλω να μιλάω ελληνικά ακόμα	e4fd75a0-8736-4a7f-91f7-255555f09260
el_for_eng:S0060L02U01	I'm starting to feel better still	αρχίζω να νιώθω καλύτερα ακόμα	ea069cb8-7ae6-418b-86fc-23b9a15214fa
el_for_eng:S0060L02U02	I'm learning Greek carefully still	μαθαίνω ελληνικά προσεκτικά ακόμα	42fc23fd-a788-424e-8dc8-3e21918126ff
el_for_eng:S0060L02U03	I enjoy learning Greek still	μου αρέσει να μαθαίνω ελληνικά ακόμα	7cdd351c-3c71-40f9-8f23-075f4efde79a
el_for_eng:S0060L02U04	I can't speak Greek well yet	δεν μπορώ να μιλάω ελληνικά καλά ακόμα	59908c3f-a884-45e6-a296-ad914568237e
el_for_eng:S0060L02U05	I can't remember a few words yet	δεν μπορώ να θυμηθώ μερικές λέξεις ακόμα	6baeb8c4-9af3-4c06-b482-7db3380049d1
el_for_eng:S0060L02U06	I don't know yet how to say enough words	δεν ξέρω ακόμα πώς να λέω αρκετές λέξεις	10445481-5e46-41a0-8229-e8ec4a943ee1
el_for_eng:S0060L02U07	I want to do interesting things still	θέλω να κάνω ενδιαφέροντα πράγματα ακόμα	ba87cae9-b864-4dec-859c-6c04d5e24cbb
el_for_eng:S0060L04B01	I want to say what I mean	θέλω να λέω τι εννοώ	290c9a3c-eeed-4d38-bf66-a98cc5382649
el_for_eng:S0060L04B02	I can say what I mean	μπορώ να λέω τι εννοώ	0d77f1a8-a5d3-4b78-a490-3101fbf9223a
el_for_eng:S0060L04B03	I can say a few words	μπορώ να λέω μερικές λέξεις	1ab9ad4b-0703-4948-ace0-5ba4834ed6a7
el_for_eng:S0060L04U01	I don't try to say everything	δεν προσπαθώ να λέω τα πάντα	77170eae-ebf9-480f-8161-e3f01351002d
el_for_eng:S0060L04U02	I don't need to say everything	δεν χρειάζεται να λέω τα πάντα	0f072d6e-6f1b-493d-9afc-1ec7308eee95
el_for_eng:S0060L04U03	I want to say things carefully	θέλω να λέω πράγματα προσεκτικά	fe61e743-5192-4faa-a1da-06875ad4db53
el_for_eng:S0060L04U04	I still don't know how to say things	δεν ξέρω ακόμα πώς να λέω πράγματα	624e1136-c323-4956-9161-4ff9e99b4b26
el_for_eng:S0060L04U05	I enjoy saying things carefully	μου αρέσει να λέω πράγματα προσεκτικά	62269073-db6a-4b3a-8c90-4998ec35946f
el_for_eng:S0060L04U06	I can't say enough words yet	δεν μπορώ να λέω αρκετές λέξεις ακόμα	ef4cb231-56ea-4560-ae0b-bdf3e654a421
el_for_eng:S0060L04U07	I don't know yet how to say enough words	δεν ξέρω ακόμα πώς να λέω αρκετές λέξεις	10445481-5e46-41a0-8229-e8ec4a943ee1
el_for_eng:S0060L05B01	enough different words	αρκετές διαφορετικές λέξεις	577e7284-5c95-4f9d-8bbb-45d9bd630552
el_for_eng:S0060L05B02	I want to know enough different words	θέλω να ξέρω αρκετές διαφορετικές λέξεις	28a65ff5-94b5-420a-bfba-553a43e81b15
el_for_eng:S0060L05B03	I want to remember enough different words	θέλω να θυμηθώ αρκετές διαφορετικές λέξεις	23484dbc-74c6-4a2a-95cc-cb3023e240ba
el_for_eng:S0060L05B04	I enjoy knowing enough different words	μου αρέσει να ξέρω αρκετές διαφορετικές λέξεις	ead8e232-06dc-4e86-be0f-4a833c44ea40
el_for_eng:S0060L05C01	enough	αρκετές	6543b6e5-3f91-42f8-84c7-46fb86bcf1bc
el_for_eng:S0060L05C02	different	διαφορετικές	358d2017-e15f-49c2-a0d9-ce50437dc51f
el_for_eng:S0060L05C03	words	λέξεις	6095a344-7979-4c76-9519-b4bda2d01314
el_for_eng:S0060L05U01	I enjoy learning enough different words	μου αρέσει να μαθαίνω αρκετές διαφορετικές λέξεις	55ec7592-640b-400b-bf41-63318a550829
el_for_eng:S0060L05U02	it is useful to know enough different words	είναι χρήσιμο να ξέρω αρκετές διαφορετικές λέξεις	8914530d-4ee8-4c66-a496-9030be6cb14c
el_for_eng:S0060L05U03	I can't say enough different words yet	δεν μπορώ να λέω αρκετές διαφορετικές λέξεις ακόμα	f6fbf66c-dabd-45c7-84d5-2a4d6da43ff5
el_for_eng:S0060L05U04	I don't know yet how to say enough different words	δεν ξέρω ακόμα πώς να λέω αρκετές διαφορετικές λέξεις	26c7e3b6-a7d2-458b-acbb-06eb137c60e9
el_for_eng:S0060L05U05	I can't remember enough different words yet	δεν μπορώ να θυμηθώ αρκετές διαφορετικές λέξεις ακόμα	203e1d81-59f0-4a94-b282-328051efb921
el_for_eng:S0060L05U06	I don't need to say enough different words right now	δεν χρειάζεται να λέω αρκετές διαφορετικές λέξεις τώρα	2f169ad2-a428-4163-80ab-295348df39a6
el_for_eng:S0060L05U07	I want to learn enough different words next week	θέλω να μαθαίνω αρκετές διαφορετικές λέξεις την επόμενη εβδομάδα	dddd4d67-8f72-440d-8f65-56afd1c28840
el_for_eng:S0061L01B01	can you	μπορείς να	f5e23f9b-70ce-4ccb-94eb-44084535440d
el_for_eng:S0061L01C01	you can	μπορείς	4b9c585d-a8bf-418f-bd6b-ab3ec2dc9164
el_for_eng:S0061L02B01	say it	το πεις	197f629b-39df-4c43-9a91-a25a5d7cbfff
el_for_eng:S0061L02B02	I want you to say it	θέλω να το πεις	eade9bb4-f5ef-4c4a-9740-d9b1b82092a5
el_for_eng:S0061L02B03	can you say it?	μπορείς να το πεις;	32c3b558-db84-4f8e-903d-2c4147302d0f
el_for_eng:S0061L02B04	I don't want you to say it	δεν θέλω να το πεις	bbf4f579-063d-48ca-a605-20b9fecf4d76
el_for_eng:S0061L02C01	it	το	e5dce1fe-09e4-4f8c-8fd4-76dbf76cf7ed
el_for_eng:S0061L02C02	you say	πεις	d6517f60-3cb8-4cb7-83bf-12d6d71f3330
el_for_eng:S0061L02U01	I want you to say it well	θέλω να το πεις καλά	e852e6ef-b297-40f8-a504-8873a4ccd1b1
el_for_eng:S0061L02U02	I want you to say it now	θέλω να το πεις τώρα	2c143bf2-0a63-4cd9-808b-37f4fc2ebaa7
el_for_eng:S0061L02U03	it is necessary for you to say it	χρειάζεται να το πεις	45e5fac8-25b0-46df-8433-d02dcdc2962a
el_for_eng:S0061L02U04	I enjoy when you say it	μου αρέσει να το πεις	bb18d176-8944-4248-adae-2238ae9cb903
el_for_eng:S0061L02U05	can you say it well?	μπορείς να το πεις καλά;	1db3e7be-c94e-4383-b777-f0640c83402b
el_for_eng:S0061L02U06	I don't need you to say it	δεν χρειάζεται να το πεις	f1aa77b1-4424-46bd-bd7e-d89972627b42
el_for_eng:S0061L02U07	I want you to say it carefully	θέλω να το πεις προσεκτικά	0bc1dad8-5c84-472f-aa92-b5c561a6a8f5
el_for_eng:S0061L03B01	can you say it again?	μπορείς να το πεις ξανά;	ef8f737b-4be6-4045-8d08-084d831eb355
el_for_eng:S0061L03B02	I want to feel okay again	θέλω να νιώθω καλά ξανά	f101510c-4e32-4a93-9ceb-d96ed3133d4f
el_for_eng:S0061L03B03	I can't remember again	δεν μπορώ να θυμηθώ ξανά	89782981-403e-4fc3-aa06-77f10f3946a0
el_for_eng:S0061L03U01	I want to say things again	θέλω να λέω πράγματα ξανά	e98dd963-8d6e-499b-9405-6e817c68fc44
el_for_eng:S0061L03U02	I want to do things again	θέλω να κάνω πράγματα ξανά	acc1cc6a-1d19-4615-b3f4-367b8eb52b71
el_for_eng:S0061L03U03	I want to speak Greek again	θέλω να μιλάω ελληνικά ξανά	9466f16c-e8d9-409e-a5f7-7cdbdee933f9
el_for_eng:S0061L03U04	I want to learn Greek again	θέλω να μαθαίνω ελληνικά ξανά	e70f1065-fcc4-41f0-a362-fe71a5e1c930
el_for_eng:S0061L03U05	I don't need you to say it again	δεν χρειάζεται να το πεις ξανά	77e768e0-55f1-4c13-89c5-60d33a15b483
el_for_eng:S0061L03U06	can you say it again carefully?	μπορείς να το πεις ξανά προσεκτικά;	7a6e5099-2f53-4d1e-8206-2f9b47ec1163
el_for_eng:S0061L03U07	I enjoy learning Greek again	μου αρέσει να μαθαίνω ελληνικά ξανά	8aac5538-1c7d-488c-a0fe-298cc5c68874
el_for_eng:S0061L04B01	I feel a bit better	νιώθω λίγο καλύτερα	6c39d320-fb31-4ab4-9658-4b27cfa5143e
el_for_eng:S0061L04B02	I'm a bit tired	είμαι λίγο κουρασμένος	64481bb5-a30e-4209-956d-f017949faa65
el_for_eng:S0061L04B03	I want a bit more time	θέλω λίγο περισσότερο χρόνο	20bfaabc-c7a8-4afb-9dce-d20621d8cd33
el_for_eng:S0061L04U01	I want to learn a bit more	θέλω να μαθαίνω λίγο περισσότερο	d7f3ad6b-4be0-40e4-8821-b5ccb4aaa64d
el_for_eng:S0061L04U02	can you say it a bit better?	μπορείς να το πεις λίγο καλύτερα;	78aa2104-c7d3-4e57-b497-0580cca1e825
el_for_eng:S0061L04U03	I want to do things a bit better	θέλω να κάνω πράγματα λίγο καλύτερα	319b677b-d516-404d-836b-35b594cf7b9b
el_for_eng:S0061L04U04	I want to speak Greek a bit better	θέλω να μιλάω ελληνικά λίγο καλύτερα	c57e995c-1134-425e-a423-22c6402de921
el_for_eng:S0061L04U05	I'm a bit tired this morning	είμαι λίγο κουρασμένος σήμερα το πρωί	9252a2d1-21ef-41d3-a35f-3e932fefbcd4
el_for_eng:S0061L04U06	I enjoy learning a bit more	μου αρέσει να μαθαίνω λίγο περισσότερο	2978f3a2-34c2-49db-aa74-78b61c3ff8d3
el_for_eng:S0061L04U07	I want to say things a bit more carefully	θέλω να λέω πράγματα λίγο πιο προσεκτικά	ba69de4a-e19f-4a73-bd82-240db7fe43e5
el_for_eng:S0061L05B01	more slowly	πιο αργά	3d71b8f8-adfb-4782-bf6c-dbd3ff146191
el_for_eng:S0061L05B02	can you say it more slowly?	μπορείς να το πεις πιο αργά;	a50c93ef-a88b-4e68-a4a5-b4745853b0ce
el_for_eng:S0061L05B03	I want to say things more slowly	θέλω να λέω πράγματα πιο αργά	f95b2023-a068-41c6-a5f9-5c746666a25d
el_for_eng:S0061L05B04	I want to speak Greek more slowly	θέλω να μιλάω ελληνικά πιο αργά	62c0007b-49d7-4d0f-bbc5-460929a88f21
el_for_eng:S0061L05C01	more	πιο	796ae930-6f5d-4f9f-a91c-4502c5e03acc
el_for_eng:S0061L05C02	slowly	αργά	dc2ce0e2-ecaf-44d5-9691-83367c385629
el_for_eng:S0061L05U01	I can do things more slowly	μπορώ να κάνω πράγματα πιο αργά	db6e29a4-0708-4f92-aedc-cd5bf580401a
el_for_eng:S0061L05U02	I want to learn things more slowly	θέλω να μαθαίνω πράγματα πιο αργά	017ec573-623b-419f-8ab3-3cf5dbbb08ae
el_for_eng:S0061L05U03	I don't want to speak Greek more slowly	δεν θέλω να μιλάω ελληνικά πιο αργά	36a2e275-912a-4fb9-b9b4-e82e731822d8
el_for_eng:S0061L05U04	I want to speak Greek a little more slowly	θέλω να μιλάω ελληνικά λίγο πιο αργά	349fcbef-823e-4a0d-96da-cb393fff42a8
el_for_eng:S0061L05U05	I enjoy doing things more slowly	μου αρέσει να κάνω πράγματα πιο αργά	ae2dcbd2-679c-4a1f-8ef2-da41d7a67267
el_for_eng:S0061L05U06	can you say that again a little more slowly?	μπορείς να το πεις ξανά λίγο πιο αργά;	80b070c4-94df-4c36-aa0b-9de6eb1a4ce8
el_for_eng:S0061L05U07	I enjoy learning Greek more slowly	μου αρέσει να μαθαίνω ελληνικά πιο αργά	2513fed9-6ff9-4f93-adb1-8f2e3c91c85e
el_for_eng:S0062L01B01	I'm not	δεν είμαι	8cedaaba-b28b-455f-bc7c-fe4ca50c74d6
el_for_eng:S0062L01B02	I'm not sure	δεν είμαι σίγουρος	bf5064d0-0244-489b-b5d0-ae372a2427c7
el_for_eng:S0062L01B03	I'm not tired right now	δεν είμαι κουρασμένος τώρα	dd58a05f-afa7-4187-bae3-4c36263ddaf8
el_for_eng:S0062L01B04	I'm not a bit tired	δεν είμαι λίγο κουρασμένος	eef3b80e-70a0-4888-b470-bebd4535f5fa
el_for_eng:S0062L01C01	not	δεν	ba79020a-26d1-4264-8601-5f7332859e6e
el_for_eng:S0062L01C02	I am	είμαι	b5895cc2-427b-484a-928b-70efa9fb161c
el_for_eng:S0062L01U01	I'm not tired this morning	δεν είμαι κουρασμένος σήμερα το πρωί	66ad28c8-4661-48cf-8dd7-41d247c3ac76
el_for_eng:S0062L01U02	I'm not sure if I want to do that	δεν είμαι σίγουρος αν θέλω να το κάνω	b1b8c7d8-a11c-4966-8682-811b1886377d
el_for_eng:S0062L01U03	I'm not sure if I can do that	δεν είμαι σίγουρος αν μπορώ να το κάνω	02161409-d48a-4b29-9972-83f9f6f3dbab
el_for_eng:S0062L01U04	I'm not sure if I can say that again	δεν είμαι σίγουρος αν μπορώ να το πω ξανά	7ec2861d-f720-4d0b-8c02-37d4637caf36
el_for_eng:S0062L01U05	I'm not tired when I learn Greek	δεν είμαι κουρασμένος όταν μαθαίνω ελληνικά	063c4bd1-d7fa-4e33-bd98-1cbfb0123108
el_for_eng:S0062L01U06	I'm not sure if I need to do that	δεν είμαι σίγουρος αν χρειάζεται να το κάνω	4b2ce2f4-b176-4e73-b5bf-ef16cd529a54
el_for_eng:S0062L01U07	I'm not sure if I want to speak Greek tonight	δεν είμαι σίγουρος αν θέλω να μιλάω ελληνικά απόψε	150c8459-0e88-4fa6-909f-aa4e9fc1046a
el_for_eng:S0062L02B01	I'm not sure	δεν είμαι σίγουρος	bf5064d0-0244-489b-b5d0-ae372a2427c7
el_for_eng:S0062L02B02	I'm not sure if I can say it	δεν είμαι σίγουρος αν μπορώ να το πω	43dae2d8-9f1e-441f-b6a4-c778a32df241
el_for_eng:S0062L02B03	I'm not sure if I can remember	δεν είμαι σίγουρος αν μπορώ να θυμηθώ	e91735b4-ffdc-4962-857d-6ef065b76a52
el_for_eng:S0062L02U01	I'm not sure if I can do that	δεν είμαι σίγουρος αν μπορώ να το κάνω	02161409-d48a-4b29-9972-83f9f6f3dbab
el_for_eng:S0062L02U02	I'm not sure if I know how to say that	δεν είμαι σίγουρος αν ξέρω πώς να το πω	5e51dfdb-afeb-42cd-8bfb-80cfb3156f1a
el_for_eng:S0062L02U03	I'm not sure if I want to do that again	δεν είμαι σίγουρος αν θέλω να το κάνω ξανά	d704b112-aecd-4275-aa35-1612f77a4507
el_for_eng:S0062L02U04	I'm not sure if I need to do that	δεν είμαι σίγουρος αν χρειάζεται να το κάνω	4b2ce2f4-b176-4e73-b5bf-ef16cd529a54
el_for_eng:S0062L02U05	I'm not sure if I want to speak Greek	δεν είμαι σίγουρος αν θέλω να μιλάω ελληνικά	e51ee5fc-be1c-4349-95ab-25ae9ff94c00
el_for_eng:S0062L02U06	I'm not sure if I can say enough words	δεν είμαι σίγουρος αν μπορώ να λέω αρκετές λέξεις	ba40c833-83be-4f37-8f63-c88115031dfd
el_for_eng:S0062L02U07	I'm not sure if I can do things well	δεν είμαι σίγουρος αν μπορώ να κάνω πράγματα καλά	308fc0f3-735e-43a5-9a5d-89a2a73efd90
el_for_eng:S0062L04B01	help you	σε βοηθήσω	0602b1ab-a34c-44d5-82a8-31fc1e581f98
el_for_eng:S0062L04B02	I want to help you	θέλω να σε βοηθήσω	e0cdf9d1-ba3c-41af-b94d-91b28101343e
el_for_eng:S0062L04B03	I wanted to help you	ήθελα να σε βοηθήσω	e012749b-9196-4f49-b25b-dbe21e250c40
el_for_eng:S0062L04B04	I'm looking forward to helping you	ανυπομονώ να σε βοηθήσω	f1c5a408-f9d7-416d-b0d0-c38077423718
el_for_eng:S0062L04C01	you	σε	0b77c0fe-96e0-4ade-9418-e4e906066e11
el_for_eng:S0062L04C02	I help	βοηθήσω	29076a1b-6a89-4584-8d19-82c3f86e09b6
el_for_eng:S0062L04U01	I enjoy helping you	μου αρέσει να σε βοηθήσω	72e39eb5-2bae-48ce-90cc-ba2434d261e1
el_for_eng:S0062L04U02	I need to help you	χρειάζεται να σε βοηθήσω	f2d2cc3a-c400-49e2-9a66-e2059234c86a
el_for_eng:S0062L04U03	I can help you now	μπορώ να σε βοηθήσω τώρα	2be1d264-1481-4be0-a521-01ddf7a97fba
el_for_eng:S0062L04U04	I don't want to help you now	δεν θέλω να σε βοηθήσω τώρα	d6890463-8376-4373-897c-2a930bad426c
el_for_eng:S0062L04U05	I don't know if I can help you today	δεν ξέρω αν μπορώ να σε βοηθήσω σήμερα	acde5c3d-e7a2-4e6c-846d-15da0dbc25e7
el_for_eng:S0062L04U06	I'm not sure if I can help you	δεν είμαι σίγουρος αν μπορώ να σε βοηθήσω	17943815-82b8-4d9a-b3d0-cc2048483189
el_for_eng:S0062L04U07	I'm not sure if I can help you again	δεν είμαι σίγουρος αν μπορώ να σε βοηθήσω ξανά	746fb927-6ddf-4336-a024-0b5d62708ee5
el_for_eng:S0062L05B01	I want to help you at the same time	θέλω να σε βοηθήσω ταυτόχρονα	225973ff-255c-4579-bd6d-c1c286474c05
el_for_eng:S0062L05B02	I can do things at the same time	μπορώ να κάνω πράγματα ταυτόχρονα	e10e4564-2e04-4032-b632-9bfd7a485c8a
el_for_eng:S0062L05B03	I don't want to do everything at the same time	δεν θέλω να κάνω τα πάντα ταυτόχρονα	8b4662bd-24f4-4c8c-890b-ddaeaad3caca
el_for_eng:S0062L05U01	I can't do things at the same time	δεν μπορώ να κάνω πράγματα ταυτόχρονα	92ebb0c4-9b93-41a2-9c60-dc281dc895f0
el_for_eng:S0062L05U02	I enjoy doing things at the same time	μου αρέσει να κάνω πράγματα ταυτόχρονα	3dd74945-9574-4307-bb2b-40db60b0369e
el_for_eng:S0062L05U03	I can't remember everything at the same time	δεν μπορώ να θυμηθώ τα πάντα ταυτόχρονα	ca2be995-7bd1-4325-b3ec-a8396ea57ded
el_for_eng:S0062L05U04	I don't know if I can do things at the same time	δεν ξέρω αν μπορώ να κάνω πράγματα ταυτόχρονα	5079bca7-7454-4c9f-852b-de256bda7ef8
el_for_eng:S0062L05U05	I can't do interesting things at the same time	δεν μπορώ να κάνω ενδιαφέροντα πράγματα ταυτόχρονα	ea3650e5-4500-4f9c-bb14-dd3dc386e902
el_for_eng:S0062L05U06	I'm not sure if I can help you at the same time	δεν είμαι σίγουρος αν μπορώ να σε βοηθήσω ταυτόχρονα	ea052dc7-85c6-42a2-b703-43d2aca7ae65
el_for_eng:S0062L05U07	I'm not sure if I can do things at the same time	δεν είμαι σίγουρος αν μπορώ να κάνω πράγματα ταυτόχρονα	e4e6b6e5-fc4e-4147-b71a-6ec7022e60de
el_for_eng:S0063L01B01	are you sure?	είσαι σίγουρος;	cedda893-fe6f-4cc1-a258-f87f6717d19c
el_for_eng:S0063L01B02	are you tired?	είσαι κουρασμένος;	d56c137f-f28a-43c2-8562-30c2f6cfed7d
el_for_eng:S0063L01B03	are you tired now?	είσαι κουρασμένος τώρα;	1db4418d-0def-4556-b75a-148ddb2f91f0
el_for_eng:S0063L01U01	are you a bit tired?	είσαι λίγο κουρασμένος;	6fdfb188-dcb8-431c-a798-d0c006dab657
el_for_eng:S0063L01U02	are you tired this morning?	είσαι κουρασμένος σήμερα το πρωί;	9a45703e-583e-4ff8-9772-ab9853739a89
el_for_eng:S0063L02B01	it doesn't bother you	δεν σε πειράζει	7dd794ed-5095-4223-be97-b07a999247a8
el_for_eng:S0063L02B02	it doesn't bother you now	δεν σε πειράζει τώρα	e81f73ed-babb-4f01-b971-1505e557b8b9
el_for_eng:S0063L02B03	it doesn't bother you again	δεν σε πειράζει ξανά	fa55e52e-6731-4b84-b0bf-4b4fb46e92f9
el_for_eng:S0063L02C01	not	δεν	ba79020a-26d1-4264-8601-5f7332859e6e
el_for_eng:S0063L02C02	you	σε	0b77c0fe-96e0-4ade-9418-e4e906066e11
el_for_eng:S0063L02C03	it bothers	πειράζει	2518c6c5-747b-4b20-8f7e-f9839307e9a7
el_for_eng:S0063L02U01	I think it doesn't bother you	νομίζω ότι δεν σε πειράζει	679774ac-8717-4e3e-97a4-440c331d2276
el_for_eng:S0063L02U02	it doesn't bother you at the same time	δεν σε πειράζει ταυτόχρονα	d216a6ba-5038-4f15-ad63-d597805a33cd
el_for_eng:S0063L02U03	it doesn't bother you this morning	δεν σε πειράζει σήμερα το πρωί	44f2ada0-ad44-48c7-be22-ea647a4f6af9
el_for_eng:S0063L02U04	I think it doesn't bother you today	νομίζω ότι δεν σε πειράζει σήμερα	eabd3caf-c452-4b0b-ad06-5bf0a0f0c985
el_for_eng:S0063L02U05	are you sure it doesn't bother you?	είσαι σίγουρος ότι δεν σε πειράζει;	c41fa07a-0f4a-420e-af88-2d7b48b831e8
el_for_eng:S0063L02U06	I'm not sure if it doesn't bother you	δεν είμαι σίγουρος αν δεν σε πειράζει	7b771b8e-df58-4ac9-87e2-49d14058c3cc
el_for_eng:S0063L02U07	are you sure it doesn't bother you tonight?	είσαι σίγουρος ότι δεν σε πειράζει απόψε;	bf4f9b09-d2e5-46cf-a7f7-36783a93d0ec
el_for_eng:S0063L03B01	to help me	να με βοηθήσεις	39f3b8d5-557d-4fa5-9c98-9bf6e72c65f5
el_for_eng:S0063L03B02	I want you to help me	θέλω να με βοηθήσεις	2160b42a-ec1e-4d9f-8503-3ec834d35c2d
el_for_eng:S0063L03B03	can you help me?	μπορείς να με βοηθήσεις;	99a609e5-cbc9-4064-a4b5-f2728f8fce87
el_for_eng:S0063L03B04	I don't want you to help me	δεν θέλω να με βοηθήσεις	d905a986-955c-400e-a581-1ec242a1ef1b
el_for_eng:S0063L03C01	me	με	d3b3529c-ec1a-4927-b94a-260869f41ff2
el_for_eng:S0063L03C02	you help	βοηθήσεις	a7a6f33a-f05b-4429-a158-9fc1108388db
el_for_eng:S0063L03U01	I want you to help me now	θέλω να με βοηθήσεις τώρα	f6ed93ce-7c35-4c2c-9437-e7b305ec6038
el_for_eng:S0063L03U02	I'm looking forward to you helping me	ανυπομονώ να με βοηθήσεις	fea28889-5b35-4890-a3cd-404225d08633
el_for_eng:S0063L03U03	it is necessary for you to help me	χρειάζεται να με βοηθήσεις	3bc538e2-2bd6-447e-bc90-bf9d7512ed9d
el_for_eng:S0063L03U04	can you help me again?	μπορείς να με βοηθήσεις ξανά;	6b806fc0-cf70-4de4-8a7b-a086944ab11f
el_for_eng:S0063L03U05	can you help me today?	μπορείς να με βοηθήσεις σήμερα;	b544230b-fab4-4232-ba3e-5120d6e120ad
el_for_eng:S0063L03U06	can you help me a bit more slowly?	μπορείς να με βοηθήσεις λίγο πιο αργά;	8e570882-4779-437e-947c-618d74aef2e7
el_for_eng:S0063L03U07	are you sure you don't mind helping me?	είσαι σίγουρος ότι δεν σε πειράζει να με βοηθήσεις;	581ff24e-2110-48c1-a75f-95ed5a51408a
el_for_eng:S0064L01B01	learning	Το να μαθαίνεις	b9f604f7-d379-4faa-9b5a-85df779facbf
el_for_eng:S0064L01B02	learning is interesting	Το να μαθαίνεις είναι ενδιαφέρον	f5848956-c8c3-40b6-b471-827ca49d4d30
el_for_eng:S0064L01B03	learning things is good	Το να μαθαίνεις πράγματα είναι καλό	11793567-a9f0-4afd-8c7b-4d1c993d5a1b
el_for_eng:S0064L01B04	learning Greek is good	Το να μαθαίνεις ελληνικά είναι καλό	1fb3ebae-9566-4b5a-a8bc-c5f5702a031f
el_for_eng:S0064L01C01	the	το	7f00f010-072d-4fc7-9726-208ff5327344
el_for_eng:S0064L01C02	you learn	μαθαίνεις	07974fd1-08d4-436e-8184-1ff2062f3f40
el_for_eng:S0064L01U01	learning Greek is interesting	Το να μαθαίνεις ελληνικά είναι ενδιαφέρον	c0e8e6ef-136f-40a2-8be3-e058e89fed00
el_for_eng:S0064L01U02	I think learning is interesting	νομίζω ότι το να μαθαίνεις είναι ενδιαφέρον	dc1cc4e7-b8cf-45de-9183-3bf2ec1396b9
el_for_eng:S0064L01U03	learning Greek well is interesting	Το να μαθαίνεις ελληνικά καλά είναι ενδιαφέρον	abedccb7-8bd9-4aa8-bf9b-59943e5ac4bf
el_for_eng:S0064L01U04	learning enough words is interesting	Το να μαθαίνεις αρκετές λέξεις είναι ενδιαφέρον	f133d2b5-aab0-4f5b-8fae-d23deaa637f7
el_for_eng:S0064L01U05	I think learning Greek is interesting	νομίζω ότι το να μαθαίνεις ελληνικά είναι ενδιαφέρον	c8f8ddba-bf3a-4eae-bdff-59907ce73752
el_for_eng:S0064L01U06	learning is interesting when I speak Greek	Το να μαθαίνεις είναι ενδιαφέρον όταν μιλάω ελληνικά	5cef76a3-71c3-438d-96b3-33a61ec8bbd7
el_for_eng:S0064L01U07	learning Greek is interesting when I do things carefully	Το να μαθαίνεις ελληνικά είναι ενδιαφέρον όταν κάνω πράγματα προσεκτικά	c34fa966-ce5e-4042-ab84-7f6798d682c8
el_for_eng:S0064L02B01	it isn't easy	δεν είναι εύκολο	150aac70-9226-488d-9299-868111f2aae6
el_for_eng:S0064L02B02	it isn't easy now	δεν είναι εύκολο τώρα	1a24a7ce-6a6a-4871-932a-8f5b2ef32936
el_for_eng:S0064L02B03	I think it's easy	νομίζω ότι είναι εύκολο	80c11545-1b1f-4157-9c0c-a3436e0de6e1
el_for_eng:S0064L02U01	I think it isn't easy	νομίζω ότι δεν είναι εύκολο	b143c8e2-df73-4090-9704-1db8820fbece
el_for_eng:S0064L02U02	it isn't easy but I want to learn	δεν είναι εύκολο αλλά θέλω να μαθαίνω	46f5f90b-acbc-4552-b4bb-cc938dcac7ee
el_for_eng:S0064L02U03	it isn't easy but it is interesting	δεν είναι εύκολο αλλά είναι ενδιαφέρον	8d1d299b-8065-4383-b301-de3e94ecce95
el_for_eng:S0064L02U04	learning Greek isn't easy	Το να μαθαίνεις ελληνικά δεν είναι εύκολο	2f3cd0fa-2fd3-42b3-9da5-8a072ac13ad6
el_for_eng:S0064L02U05	it isn't easy when I can't remember	δεν είναι εύκολο όταν δεν μπορώ να θυμηθώ	43a4ee7d-ec1c-4c6d-8f7a-c019be61ef50
el_for_eng:S0064L02U06	learning Greek well isn't easy	Το να μαθαίνεις ελληνικά καλά δεν είναι εύκολο	b66e3f46-1906-4daa-9ebc-1858ff4535ed
el_for_eng:S0064L02U07	learning enough words isn't easy	Το να μαθαίνεις αρκετές λέξεις δεν είναι εύκολο	5f24c351-4675-4cd9-93a3-5fc9456fefe9
el_for_eng:S0064L04B01	it is fun	είναι διασκεδαστικό	92f2843f-da80-428f-b92b-253799b446c3
el_for_eng:S0064L04B02	I think it is fun	νομίζω ότι είναι διασκεδαστικό	e9291d41-2bb9-46de-9add-8bc400ee0b19
el_for_eng:S0064L04B03	it is fun when I speak Greek	είναι διασκεδαστικό όταν μιλάω ελληνικά	c03bcce3-9f71-4c1d-8407-0c3455b06c0e
el_for_eng:S0064L04U01	it is fun but not easy	είναι διασκεδαστικό αλλά δεν είναι εύκολο	b9ee2eff-d157-47a0-a676-587fc4296948
el_for_eng:S0064L04U02	learning Greek is fun	Το να μαθαίνεις ελληνικά είναι διασκεδαστικό	b2730690-8ee5-4c34-a5ba-33eb481da97c
el_for_eng:S0064L04U03	I think it is fun and interesting	νομίζω ότι είναι διασκεδαστικό και ενδιαφέρον	c2f6bded-40b6-427e-abb6-b18642aa8a83
el_for_eng:S0064L04U04	it isn't fun when I can't remember	δεν είναι διασκεδαστικό όταν δεν μπορώ να θυμηθώ	e3ac0bec-71bd-4182-9e70-541572a38db2
el_for_eng:S0064L04U05	I think learning Greek is fun	νομίζω ότι το να μαθαίνεις ελληνικά είναι διασκεδαστικό	8b4a3174-8556-4377-b1dc-8ab8ff508761
el_for_eng:S0064L04U06	it is fun when I do things with friends	είναι διασκεδαστικό όταν κάνω πράγματα με τους φίλους μου	89611732-efc1-4d37-9235-cdc77ec8fc81
el_for_eng:S0064L04U07	learning Greek isn't easy but it is fun	Το να μαθαίνεις ελληνικά δεν είναι εύκολο αλλά είναι διασκεδαστικό	ebf61be8-9fc0-49da-9830-f56178908b4b
el_for_eng:S0065L01B01	it is important	είναι σημαντικό	da4e165d-38b7-468b-8adf-1784735b95e6
el_for_eng:S0065L01B02	it is very important	είναι πολύ σημαντικό	549c8917-a3c0-4c81-a0a3-f57e9710056e
el_for_eng:S0065L01B03	it isn't important now	δεν είναι σημαντικό τώρα	2f59ccf7-297d-4798-ae1c-7aaf09f39e5a
el_for_eng:S0065L01U01	I think it is important	νομίζω ότι είναι σημαντικό	dd106748-beb6-43b8-b250-725fa3d7b42b
el_for_eng:S0065L01U02	it is important and interesting	είναι σημαντικό και ενδιαφέρον	af97190a-c00e-4549-a296-f63d12434011
el_for_eng:S0065L01U03	I think it is very important	νομίζω ότι είναι πολύ σημαντικό	9339a23d-5591-49bc-b435-c27628febb75
el_for_eng:S0065L01U04	it is important when I speak Greek	είναι σημαντικό όταν μιλάω ελληνικά	c5bb5c0e-48ed-41de-9ada-5330d398fffe
el_for_eng:S0065L01U05	it is important when I learn Greek	είναι σημαντικό όταν μαθαίνω ελληνικά	883ef11e-eb7f-4777-be69-23b0010f8a38
el_for_eng:S0065L01U06	it is important but not easy	είναι σημαντικό αλλά δεν είναι εύκολο	a53a8452-3439-46e0-b2c4-a4731a98b2e8
el_for_eng:S0065L01U07	I think it is important and fun	νομίζω ότι είναι σημαντικό και διασκεδαστικό	4a411055-4eab-4f66-8855-25364d79a51b
el_for_eng:S0065L02B01	to take time	να παίρνεις χρόνο	d2fa2bd5-a02e-45be-9225-7d9055e93fcb
el_for_eng:S0065L02B02	it is good to take time	είναι καλό να παίρνεις χρόνο	51136592-3428-4045-8bc8-1eef642d951e
el_for_eng:S0065L02B03	it is necessary to take time	χρειάζεται να παίρνεις χρόνο	4a968630-1ef4-4f6e-b409-a123f7499dbe
el_for_eng:S0065L02B04	it is important to take time	είναι σημαντικό να παίρνεις χρόνο	c91d5a5a-faa9-45ee-9e0b-d41f9c92bbbf
el_for_eng:S0065L02C01	you take	παίρνεις	70492777-9935-4f35-89d7-25cb5adaf1f1
el_for_eng:S0065L02C02	time	χρόνο	86715d22-5c6d-49bc-a0e7-f5e24826bc83
el_for_eng:S0065L02U01	it is interesting to take time	είναι ενδιαφέρον να παίρνεις χρόνο	707674e5-696b-4bf6-9a8a-a7676dd968ae
el_for_eng:S0065L02U02	it is not easy to take time	δεν είναι εύκολο να παίρνεις χρόνο	02413c2c-16eb-4c7d-9aa6-ff70d4384c4e
el_for_eng:S0065L02U03	it is important to take time now	είναι σημαντικό να παίρνεις χρόνο τώρα	cc21c81d-01bf-4370-b40a-ac9398b2a1f1
el_for_eng:S0065L02U04	it is very important to take time	είναι πολύ σημαντικό να παίρνεις χρόνο	219c188c-cec9-4630-aaf2-a210019cd097
el_for_eng:S0065L02U05	I think you need to take time	νομίζω ότι χρειάζεται να παίρνεις χρόνο	5a11e9f5-74e9-47b2-ad25-e95ed77fbe84
el_for_eng:S0065L02U06	I think it is good to take time	νομίζω ότι είναι καλό να παίρνεις χρόνο	d19464aa-249a-4b56-b6c7-b194cb17b9bd
el_for_eng:S0065L02U07	it is important to take time when I learn Greek	είναι σημαντικό να παίρνεις χρόνο όταν μαθαίνω ελληνικά	e717046b-d972-414f-b44d-2e1b55454221
el_for_eng:S0065L03B01	in order to test	για να δοκιμάζεις	8217c8c8-f478-419f-a0dd-cc9d44e75e49
el_for_eng:S0065L03B02	it is important in order to test	είναι σημαντικό για να δοκιμάζεις	b1fd7b70-c39c-46f1-bc68-50e12b6e7f3d
el_for_eng:S0065L03B04	it is good to take time in order to test	είναι καλό να παίρνεις χρόνο για να δοκιμάζεις	af3d9fed-7812-4280-a136-0c3f63c63028
el_for_eng:S0065L03C01	for	για	804f6715-6a80-4f23-b028-a215491a6ca6
el_for_eng:S0065L03C02	you test	δοκιμάζεις	c82b7df8-6fc3-4187-a4dc-dc5fa77b9b03
el_for_eng:S0065L03U01	it is necessary to take time in order to test	χρειάζεται να παίρνεις χρόνο για να δοκιμάζεις	29aab54c-e694-45c4-adc5-a0d6deead940
el_for_eng:S0065L03U02	I think it is very important in order to test	νομίζω ότι είναι πολύ σημαντικό για να δοκιμάζεις	ee6192a8-4f65-49e8-919b-0fd8c77b58a6
el_for_eng:S0065L03U03	it is important to take time in order to test	είναι σημαντικό να παίρνεις χρόνο για να δοκιμάζεις	4ce51150-0b54-4294-a9a1-b8a9e27c6c1f
el_for_eng:S0065L03U04	it is interesting to take time in order to test	είναι ενδιαφέρον να παίρνεις χρόνο για να δοκιμάζεις	ffb31e5b-468f-41be-a690-b1f41cd8b899
el_for_eng:S0065L03U05	it is fun to take time in order to test	είναι διασκεδαστικό να παίρνεις χρόνο για να δοκιμάζεις	49485911-5a63-4756-b83f-a70b7435e206
el_for_eng:S0065L03U06	it is important to take time in order to test now	είναι σημαντικό να παίρνεις χρόνο για να δοκιμάζεις τώρα	3d8cc35b-5866-4626-b782-22199ba98cee
el_for_eng:S0065L03U07	I think you need to take time in order to test	νομίζω ότι χρειάζεται να παίρνεις χρόνο για να δοκιμάζεις	a441bd6e-7e09-4127-b0ca-db30ecb1d870
el_for_eng:S0065L04B01	yourself	τον εαυτό σου	bb5fdb39-ef63-4105-b83a-25e6285405f4
el_for_eng:S0065L04B04	it is important to test yourself	είναι σημαντικό για να δοκιμάζεις τον εαυτό σου	ccfd88fc-98e0-46b4-8af1-cd9ae695961f
el_for_eng:S0065L04C01	the	τον	7f00f010-072d-4fc7-9726-208ff5327344
el_for_eng:S0065L04C02	self	εαυτό	b03146bc-d1c4-4c03-aa06-14c976e9b4c6
el_for_eng:S0065L04C03	your	σου	a0ca2893-fe88-4d1d-908a-72a1935e3b70
el_for_eng:S0065L04U01	it is not easy to test yourself	δεν είναι εύκολο για να δοκιμάζεις τον εαυτό σου	6cfd4080-3180-47d4-aee2-c2ed407b8ac9
el_for_eng:S0065L04U02	it is interesting to test yourself	είναι ενδιαφέρον για να δοκιμάζεις τον εαυτό σου	de851261-2155-4a59-8010-89a938f0e14b
el_for_eng:S0065L04U03	it is fun to test yourself	είναι διασκεδαστικό για να δοκιμάζεις τον εαυτό σου	008323ae-6ef9-4a23-96cd-92dc45e228fe
el_for_eng:S0065L04U04	it is important to test yourself again	είναι σημαντικό για να δοκιμάζεις τον εαυτό σου ξανά	9f5b3979-bf2a-4b30-979e-5bcdc0556edf
el_for_eng:S0065L04U05	I think it is important to test yourself	νομίζω ότι είναι σημαντικό για να δοκιμάζεις τον εαυτό σου	a617e6b4-658a-4059-865f-c2cc77714bd5
el_for_eng:S0065L04U06	it's important to take time to test yourself	είναι σημαντικό να παίρνεις χρόνο για να δοκιμάζεις τον εαυτό σου	0a121936-a568-412e-a3c7-30693ffd7414
el_for_eng:S0065L04U07	it is very important to take time to test yourself	είναι πολύ σημαντικό να παίρνεις χρόνο για να δοκιμάζεις τον εαυτό σου	727c71c0-ca7e-48a2-aaa0-57c4903c44fd
el_for_eng:S0066L01B01	it is difficult	είναι δύσκολο	c2afc351-a46c-40ba-aa0a-b2a963cbbe22
el_for_eng:S0066L01B02	it isn't difficult	δεν είναι δύσκολο	331874a2-9d04-46d2-8c58-265913a00af3
el_for_eng:S0066L01B03	it isn't difficult now	δεν είναι δύσκολο τώρα	8b87c66b-e131-46e2-bff7-57c2d1503371
el_for_eng:S0066L01U01	I think it is difficult	νομίζω ότι είναι δύσκολο	430b90b4-622a-4933-b6ea-fbe9e085fe7b
el_for_eng:S0066L01U02	it is important but difficult	είναι σημαντικό αλλά δύσκολο	039bd7fa-4f4f-4fff-9910-f816c3361ea1
el_for_eng:S0066L01U03	it is difficult but interesting	είναι δύσκολο αλλά ενδιαφέρον	a80e53cf-d31a-4e09-adae-357d4d5b059a
el_for_eng:S0066L01U04	I think it is very difficult	νομίζω ότι είναι πολύ δύσκολο	c329a1fa-93a4-4014-bf99-8c52887232b8
el_for_eng:S0066L01U05	learning Greek is difficult	Το να μαθαίνεις ελληνικά είναι δύσκολο	f393749d-afbc-405d-8e22-69096f621ff0
el_for_eng:S0066L01U06	it is difficult when I can't remember	είναι δύσκολο όταν δεν μπορώ να θυμηθώ	34a4a34f-6e01-441b-99cc-b61213a0b153
el_for_eng:S0066L01U07	it isn't difficult but it isn't easy	δεν είναι δύσκολο αλλά δεν είναι εύκολο	b825876c-059a-4406-92f5-eff610e8852e
el_for_eng:S0066L02B01	to find	να βρεις	d6a3ce33-87b6-4f83-b657-5b22ebf62c13
el_for_eng:S0066L02B02	it is necessary to find	χρειάζεται να βρεις	74125c49-23a5-48f5-b7f7-d7088286c619
el_for_eng:S0066L02B03	it is easy to find	είναι εύκολο να βρεις	4eb57d6c-bb97-430e-a431-715735508041
el_for_eng:S0066L02B04	it is difficult to find	είναι δύσκολο να βρεις	369cb00b-feac-44b9-8de2-df8f6356883c
el_for_eng:S0066L02C01	you find	βρεις	08fe521f-7c4a-4c31-84a8-3ba1949a390e
el_for_eng:S0066L02U01	it is important to find	είναι σημαντικό να βρεις	0a6cb933-8396-41e9-afe6-ba9443e8fb8b
el_for_eng:S0066L02U02	it is not easy to find	δεν είναι εύκολο να βρεις	9cce1ecd-599b-4e6c-a458-86fa80a51dc6
el_for_eng:S0066L02U03	it isn't difficult to find	δεν είναι δύσκολο να βρεις	c7f1a114-c3bc-463c-9bf3-554269a4acd9
el_for_eng:S0066L02U04	it is fun to find	είναι διασκεδαστικό να βρεις	392bd164-4821-435d-a196-0a568e7a9011
el_for_eng:S0066L02U05	it is very important to find	είναι πολύ σημαντικό να βρεις	c1196541-79bc-4e41-be5c-5eca09443c21
el_for_eng:S0066L02U06	it isn't difficult to find now	δεν είναι δύσκολο να βρεις τώρα	5fb3c3d5-14dc-4a42-97b2-8909ab4818cc
el_for_eng:S0066L02U07	I think it is important to find	νομίζω ότι είναι σημαντικό να βρεις	009c2547-a947-445d-942c-d9d9203ac63f
el_for_eng:S0066L03B01	the answer	την απάντηση	d86adb01-4c03-466f-ac7f-5ed4c29c6e49
el_for_eng:S0066L03B02	it is necessary to find the answer	χρειάζεται να βρεις την απάντηση	1c0b41e9-1c41-4d90-8f57-81d2d8239faf
el_for_eng:S0066L03B03	it is easy to find the answer	είναι εύκολο να βρεις την απάντηση	acea9df7-d2cd-4f5e-8f3c-0e69c44d5212
el_for_eng:S0066L03B04	it is difficult to find the answer	είναι δύσκολο να βρεις την απάντηση	af707799-95dc-4f88-b43b-ff225faa8d35
el_for_eng:S0066L03C01	the	την	7f00f010-072d-4fc7-9726-208ff5327344
el_for_eng:S0066L03C02	answer	απάντηση	015f6bd0-3a33-4de2-b438-3adb96f193e9
el_for_eng:S0066L03U01	it is important to find the answer	είναι σημαντικό να βρεις την απάντηση	1e78aa62-fafb-467a-8989-3a72f34a8e4f
el_for_eng:S0066L03U02	it isn't easy to find the answer	δεν είναι εύκολο να βρεις την απάντηση	ff3e3626-8f6b-474b-bbe3-2d2a48151117
el_for_eng:S0066L03U03	it's not difficult to find the answer	δεν είναι δύσκολο να βρεις την απάντηση	89f5dc8b-7520-4e48-93b0-4770db038bc4
el_for_eng:S0066L03U04	it is fun to find the answer	είναι διασκεδαστικό να βρεις την απάντηση	15d8be31-e66d-4a01-bbbf-7c0f2b175450
el_for_eng:S0066L03U05	it isn't difficult to find the answer again	δεν είναι δύσκολο να βρεις την απάντηση ξανά	a6812d20-464d-4bbc-aace-eaa746347c1e
el_for_eng:S0066L03U06	it is very important to find the answer now	είναι πολύ σημαντικό να βρεις την απάντηση τώρα	efcd682d-c283-4975-9051-beca3fb8c0f5
el_for_eng:S0066L03U07	I think it is important to find the answer	νομίζω ότι είναι σημαντικό να βρεις την απάντηση	95546310-9441-4216-8b8b-6ffed36c2be5
el_for_eng:S0067L01B01	why is it difficult?	Γιατί είναι δύσκολο;	cbde6c4e-b18e-491b-a43c-ea3e3304c1cd
el_for_eng:S0067L01B02	why is it important?	γιατί είναι σημαντικό;	29fb8570-97e6-4e87-b9f9-7d326a746e52
el_for_eng:S0067L01B03	why isn't it easy?	γιατί δεν είναι εύκολο;	d6cc5cc1-6e15-4b83-a31a-ba1b7d783588
el_for_eng:S0067L01U01	why is it interesting?	Γιατί είναι ενδιαφέρον;	e9f458c9-c050-4ee7-89e1-4a7f57a42353
el_for_eng:S0067L01U02	why is it difficult now?	Γιατί είναι δύσκολο τώρα;	0177ed14-6e3b-472b-adde-3b7d0e9302cd
el_for_eng:S0067L01U03	why is it very difficult?	Γιατί είναι πολύ δύσκολο;	bf47b9c5-b617-4aa3-8017-eefe3988242e
el_for_eng:S0067L01U04	why is it fun?	Γιατί είναι διασκεδαστικό;	558b91f7-49c5-46e5-b964-52ec8f382b03
el_for_eng:S0067L01U05	why isn't it important?	Γιατί δεν είναι σημαντικό;	7b522abe-044c-4b7d-8c3a-231c19cfca9c
el_for_eng:S0067L01U06	why isn't it easy to find the answer?	Γιατί δεν είναι εύκολο να βρεις την απάντηση;	5d840c92-e040-42ba-a6c6-bc0604674a48
el_for_eng:S0067L02B01	you want to	θέλεις να	39df7b61-9941-4921-849d-135badcd1a18
el_for_eng:S0067L02B02	do you want to help me?	θέλεις να με βοηθήσεις;	50c03fd2-a3d3-4bf6-868f-9ee99f245fc8
el_for_eng:S0067L02B03	do you want to say it again?	θέλεις να το πεις ξανά;	72206efd-376a-49b7-8fd7-7a976cbf92f0
el_for_eng:S0067L02C01	you want	θέλεις	f0ad62a1-280a-497f-95c0-b819f861e071
el_for_eng:S0067L02U03	do you want to take time?	θέλεις να παίρνεις χρόνο;	56afab4e-0082-4918-8466-e5aef3cdaf17
el_for_eng:S0067L02U05	do you want to find the answer?	θέλεις να βρεις την απάντηση;	3dbf58c4-c0e1-4677-9213-95558dd8d9eb
el_for_eng:S0067L03B01	I want you to stop	θέλω να σταματήσεις	a533832e-75f7-4275-a0a0-a7c70a79a1e9
el_for_eng:S0067L03B02	can you stop?	μπορείς να σταματήσεις;	d6758fc6-152d-426a-a5f3-08b27024c302
el_for_eng:S0067L03B03	I don't want you to stop	δεν θέλω να σταματήσεις	89cfd5d3-3301-40f4-b484-e40513f73a4b
el_for_eng:S0067L03U01	it is necessary for you to stop	χρειάζεται να σταματήσεις	98a4b1e5-3587-4101-b6a1-cb958f4da4f9
el_for_eng:S0067L03U02	why do you want to stop?	Γιατί θέλεις να σταματήσεις;	859ee0a7-c0b9-49f1-9024-f1bb95f6df26
el_for_eng:S0067L03U03	I don't want you to stop now	δεν θέλω να σταματήσεις τώρα	238cbb51-b505-40ab-a0dd-08c71f6cd18e
el_for_eng:S0067L03U04	why do you want to stop now?	Γιατί θέλεις να σταματήσεις τώρα;	0fe2c84a-2d32-452f-8feb-b9a0458bfe9b
el_for_eng:S0067L03U05	are you sure you want to stop?	είσαι σίγουρος ότι θέλεις να σταματήσεις;	7fdf55bd-d42e-4c8f-ab34-a25dea022066
el_for_eng:S0067L03U06	I'm not sure if you want to stop	δεν είμαι σίγουρος αν θέλεις να σταματήσεις	496cb1d0-f679-46f6-8840-9f6bc50ac478
el_for_eng:S0067L03U07	are you sure you want to stop again?	είσαι σίγουρος ότι θέλεις να σταματήσεις ξανά;	4c02ac79-c254-4571-8efb-e0624dc30e20
el_for_eng:S0068L01B01	what is it?	τι είναι;	345f3bf2-33a3-4af2-a00e-9a60e6b3b2b6
el_for_eng:S0068L01B02	what is easy?	Τι είναι εύκολο;	c22e01fd-fed9-4012-bf14-d5ec06aa60c9
el_for_eng:S0068L01B03	what is difficult?	Τι είναι δύσκολο;	0839ea9b-9d7c-4cc4-8b0d-425279138017
el_for_eng:S0068L01U02	what do you want to say?	Τι θέλεις να πεις;	f704c1be-6187-4a2e-a25a-8b56d3bd2d98
el_for_eng:S0068L01U03	what is important?	τι είναι σημαντικό;	0da648a9-c45f-408c-9a20-5b08e4e2b8aa
el_for_eng:S0068L01U04	what is interesting?	Τι είναι ενδιαφέρον;	3382be4e-3972-427d-9dd5-85db8169b220
el_for_eng:S0068L01U05	what isn't difficult?	Τι δεν είναι δύσκολο;	0f63424f-5ee6-46cd-8142-ddaa271ef1b2
el_for_eng:S0068L01U07	what is fun?	Τι είναι διασκεδαστικό;	f2e0e175-f80a-4879-9af0-0fec61be9d02
el_for_eng:S0068L02B01	what are you looking for?	τι ψάχνεις;	202beac8-112d-45f4-97a3-c277ba88d02f
el_for_eng:S0068L02B02	why are you looking for it?	Γιατί ψάχνεις;	614b0c95-02ab-454a-93f4-e13b027d0494
el_for_eng:S0068L02B03	what are you looking for here?	Τι ψάχνεις εδώ;	b05ba56d-ea59-444a-8663-0f0a8bc043b9
el_for_eng:S0068L02U01	I know what you are looking for	ξέρω τι ψάχνεις	4d684b85-8209-4c66-aef1-5fdeb36a0218
el_for_eng:S0068L02U02	are you looking for the answer?	ψάχνεις την απάντηση;	4f243504-3d98-453f-a93d-121fc15c8b1a
el_for_eng:S0068L02U03	are you looking for the answer now?	ψάχνεις την απάντηση τώρα;	ccc861aa-5616-434e-82a6-f28ed3173f9a
el_for_eng:S0068L02U04	I think I know what you are looking for	νομίζω ότι ξέρω τι ψάχνεις	01ea3ca8-dcb5-42e4-961a-e3462520cdd9
el_for_eng:S0068L02U05	I'm not sure what you are looking for	δεν είμαι σίγουρος τι ψάχνεις	ccd86adc-5583-46d0-a52d-1721df08f949
el_for_eng:S0068L02U06	it is difficult to find what you are looking for	είναι δύσκολο να βρεις αυτό που ψάχνεις	3c20b604-3d3a-434c-af23-fc2fb2c9e2e4
el_for_eng:S0068L02U07	it isn't easy to find what you are looking for	δεν είναι εύκολο να βρεις αυτό που ψάχνεις	10b24a46-4283-43f0-aac9-d98489fcf29e
el_for_eng:S0069L01B01	he wanted to	ήθελε να	53c3a971-a81f-438f-94aa-88d59c77c0aa
el_for_eng:S0069L01B02	he wanted me to learn	ήθελε να μαθαίνω	dada180e-8eff-4d35-a127-712a00ff2280
el_for_eng:S0069L01B03	he didn't want me to do it	δεν ήθελε να το κάνω	8ce44b88-6321-4749-9991-8ddefe4395df
el_for_eng:S0069L01B04	he wanted you to help me	ήθελε να με βοηθήσεις	ca2e6865-266b-4fc3-ae4c-ecf9d8e67e57
el_for_eng:S0069L01C01	he wanted	ήθελε	7da2d312-cb14-43c3-a73a-44d08be4d83b
el_for_eng:S0069L01U01	he wanted me to speak Greek	ήθελε να μιλάω ελληνικά	9a6079fd-1a00-48ad-8794-a7e32e36f291
el_for_eng:S0069L01U02	he didn't want you to stop	δεν ήθελε να σταματήσεις	3f79a3bc-d53a-4691-a4dd-1cffa5883a05
el_for_eng:S0069L01U03	he didn't want you to say it again	δεν ήθελε να το πεις ξανά	ea96fb4f-a103-4d01-995b-804c27940063
el_for_eng:S0069L01U04	he didn't want me to do it yesterday	δεν ήθελε να το κάνω χτες	071d4a3b-6a14-4234-8fd7-a4f960b0699c
el_for_eng:S0069L01U05	he wanted me to do things well	ήθελε να κάνω πράγματα καλά	508eea53-6ccf-4a66-b121-85d8bf38ce62
el_for_eng:S0069L01U06	he wanted you to find the answer	ήθελε να βρεις την απάντηση	884a00eb-12bb-407f-9593-1e5f0b32617d
el_for_eng:S0069L01U07	he wanted me to learn Greek well	ήθελε να μαθαίνω ελληνικά καλά	12136061-5d25-4bc6-890f-1b66ffab09f7
el_for_eng:S0069L02B01	he looks after it	φροντίζει	a22bdf29-bbcf-4120-873f-f9478df94762
el_for_eng:S0069L02B02	he wanted to look after it	ήθελε να φροντίζει	4670d924-090b-46fb-a5c0-15c8fe0ed2d7
el_for_eng:S0069L02B03	I know he looks after it	ξέρω ότι φροντίζει	2a6effc9-89ec-435b-a29d-a2b9f27bb9b8
el_for_eng:S0069L02U01	he didn't want to look after it	δεν ήθελε να φροντίζει	ee888e0e-a8ee-4d01-a992-a9dc7e1f8d09
el_for_eng:S0069L02U02	he wanted to look after it here	ήθελε να φροντίζει εδώ	55c07f9e-1641-4bcf-874c-9cb763f977c9
el_for_eng:S0069L02U03	he wanted to look after it well	ήθελε να φροντίζει καλά	df433651-2965-455e-94df-3e43ad4dd392
el_for_eng:S0069L02U04	I know he looks after it well	ξέρω ότι φροντίζει καλά	50db5267-d057-4c8a-8d41-95a52b587e95
el_for_eng:S0069L02U05	he wanted to look after it tomorrow	ήθελε να φροντίζει αύριο	d5c5c9cc-6b23-48b3-a6f9-e191babe82b3
el_for_eng:S0069L02U06	why did he want to look after it?	Γιατί ήθελε να φροντίζει;	c773d0e5-ad5c-41d6-ba3b-850a83946cdf
el_for_eng:S0069L02U07	he didn't want to look after it yesterday	δεν ήθελε να φροντίζει χτες	e7cc6595-cfe9-4e6a-9874-d62d7d4c1002
el_for_eng:S0069L03B01	the young dog	τον μικρό σκύλο	bc5aa5e3-db6b-4981-aa38-50aa913a7569
el_for_eng:S0069L03B02	he looks after the young dog	φροντίζει τον μικρό σκύλο	f6a8cc87-ff47-46a6-9e81-03fe34f83afb
el_for_eng:S0069L03B03	what are you looking for? The young dog	Τι ψάχνεις; τον μικρό σκύλο	98fd568e-f51f-4944-b03c-36efc93e41fe
el_for_eng:S0069L03B04	he looks after the young dog here	φροντίζει τον μικρό σκύλο εδώ	c22abc14-0db3-49e7-85b1-bcbace5dfc75
el_for_eng:S0069L03C01	young	μικρό	fec7f692-d816-47c4-8682-549d48767b43
el_for_eng:S0069L03C02	dog	σκύλο	290cb22f-a659-4d6e-b129-d06e6852c73a
el_for_eng:S0069L03U01	he looks after the young dog well	φροντίζει τον μικρό σκύλο καλά	418a9af3-a754-464d-803b-3ef561041aa8
el_for_eng:S0069L03U02	he wanted to look after the young dog	ήθελε να φροντίζει τον μικρό σκύλο	646801d3-ef9e-48a4-aca1-d9dedf6eecd5
el_for_eng:S0069L03U03	I think he looks after the young dog	νομίζω ότι φροντίζει τον μικρό σκύλο	701b390f-6a8a-4ff4-bcd2-607ccbd635df
el_for_eng:S0069L03U04	he didn't want to look after the young dog	δεν ήθελε να φροντίζει τον μικρό σκύλο	af48e839-0711-46ec-a623-bc2db6385668
el_for_eng:S0069L03U05	I know he looks after the young dog here	ξέρω ότι φροντίζει τον μικρό σκύλο εδώ	ac70781c-8ad5-41f1-a1b0-bed3c8b75758
el_for_eng:S0069L03U06	he wanted to look after the young dog yesterday	ήθελε να φροντίζει τον μικρό σκύλο χτες	5798c504-896b-47cf-b7fe-8b57d964f729
el_for_eng:S0069L03U07	why didn't he want to look after the young dog?	Γιατί δεν ήθελε να φροντίζει τον μικρό σκύλο;	fbee8925-cc4d-451e-8f24-fb68a878077e
el_for_eng:S0069L04B01	all afternoon	όλο το απόγευμα	3d4b1b53-a6c9-4b8b-8aea-41e84ffcc6f9
el_for_eng:S0069L04B02	he wanted me to do it all afternoon	ήθελε να το κάνω όλο το απόγευμα	3a0ed00f-ad30-4664-8885-f92904a855e2
el_for_eng:S0069L04B03	he wanted to look after it all afternoon	ήθελε να φροντίζει όλο το απόγευμα	01cf7a6f-4e8c-43f9-bff1-47260105f2e4
el_for_eng:S0069L04C01	all	όλο	b51ccfef-c841-44a4-a3a4-21d649bb3bc3
el_for_eng:S0069L04C02	afternoon	απόγευμα	673e8541-a812-4c95-a53e-fe3fab8a7d6f
el_for_eng:S0069L04U01	he looks after the young dog all afternoon	φροντίζει τον μικρό σκύλο όλο το απόγευμα	9659213e-ac86-402c-9dca-41e64c44ba3e
el_for_eng:S0069L04U02	he wanted me to learn Greek all afternoon	ήθελε να μαθαίνω ελληνικά όλο το απόγευμα	b0c55e4f-0a50-45b8-9c68-5d66cb63f341
el_for_eng:S0069L04U03	he didn't want me to do things all afternoon	δεν ήθελε να κάνω πράγματα όλο το απόγευμα	edb0b0d6-c402-4b9f-b2cf-6d036017e8de
el_for_eng:S0069L04U04	he wanted to look after the young dog all afternoon	ήθελε να φροντίζει τον μικρό σκύλο όλο το απόγευμα	7b7dbbcc-5782-4dc0-b9c4-029b30ac3a74
el_for_eng:S0069L04U05	I know he looks after the young dog all afternoon	ξέρω ότι φροντίζει τον μικρό σκύλο όλο το απόγευμα	ba09e24a-987b-4d40-a9d5-4371a0ac111b
el_for_eng:S0069L04U06	he didn't want to look after the young dog all afternoon	δεν ήθελε να φροντίζει τον μικρό σκύλο όλο το απόγευμα	2123f857-3563-452f-a9a6-8bad4d338127
el_for_eng:S0069L04U07	why didn't he want to look after the young dog all afternoon?	Γιατί δεν ήθελε να φροντίζει τον μικρό σκύλο όλο το απόγευμα;	9f9dc9e6-2400-44cc-8c03-6a34b5b95015
el_for_eng:S0070L02B01	tell me	μου πει	19f1b4d9-159f-4e27-9110-ab8ec3d29f08
el_for_eng:S0070L02B02	she wanted to tell me	ήθελε να μου πει	2f9ca212-f972-42d9-8ca7-65d88845f9fc
el_for_eng:S0070L02B03	she didn't want to tell me	δεν ήθελε να μου πει	7ad68d7a-130d-48fd-adda-50319b31e425
el_for_eng:S0070L02B04	she wanted to tell me something	ήθελε να μου πει κάτι	74ee69ae-17a0-44f0-b9d2-755a84ff1b7e
el_for_eng:S0070L02C01	me	μου	d3b3529c-ec1a-4927-b94a-260869f41ff2
el_for_eng:S0070L02C02	tell	πει	7e350e86-7b91-480c-91a4-d5fff612ba31
el_for_eng:S0070L02U01	I know she wanted to tell me	ξέρω ότι ήθελε να μου πει	5f22c257-998a-41a9-9776-0e50de7d624e
el_for_eng:S0070L02U02	she didn't want to tell me yesterday	δεν ήθελε να μου πει χτες	01c2b026-ecba-44e7-9a8b-ec8657ac4c0f
el_for_eng:S0070L02U03	why didn't she want to tell me?	Γιατί δεν ήθελε να μου πει;	4392b711-2ea8-46d2-a4ce-2c3c17554cb3
el_for_eng:S0070L02U04	she didn't want to tell me what you are looking for	δεν ήθελε να μου πει τι ψάχνεις	fea7d2d1-2707-478d-b5a2-0e0bcb76586e
el_for_eng:S0070L02U05	she wanted to tell me it is important	ήθελε να μου πει ότι είναι σημαντικό	4867b20a-2c5d-4e34-bd76-b32ad0d19bb7
el_for_eng:S0070L02U06	she wanted to tell me it isn't difficult	ήθελε να μου πει ότι δεν είναι δύσκολο	a774b5e0-d99a-49cb-9a1e-5b79d7eb280c
el_for_eng:S0070L02U07	I'm not sure she wanted to tell me	δεν είμαι σίγουρος ότι ήθελε να μου πει	44ca9c3e-caf3-4ad6-afab-cec72e8ad206
el_for_eng:S0070L03B01	where is it?	πού είναι;	5a27c45c-9578-488a-abcf-2383a85216ff
el_for_eng:S0070L03B02	I don't know where	δεν ξέρω πού	96fe0fa6-7aaf-485f-8479-f302e63d76ee
el_for_eng:S0070L03B03	I know where it is	ξέρω πού είναι	35377eae-16e3-462a-ae7f-3ccaee314209
el_for_eng:S0070L03U01	what are you looking for and where?	Τι ψάχνεις και πού;	78939fa5-662a-42cc-87ed-ac1e94737876
el_for_eng:S0070L03U02	where is it? I don't know	πού είναι; δεν ξέρω	1dd412f6-ae56-4a79-9557-6c0325838b1d
el_for_eng:S0070L03U03	she wanted to tell me where	ήθελε να μου πει πού	19efd2cb-dbb6-4b83-9f2f-c35b9db7a2d3
el_for_eng:S0070L03U04	I don't know where to find it	δεν ξέρω πού να βρεις	833a9ac7-3903-4e12-9940-9e5c20d59425
el_for_eng:S0070L03U05	she didn't want to tell me where	δεν ήθελε να μου πει πού	0b565813-e949-4480-92e7-a68d01aad08b
el_for_eng:S0070L03U06	I'm not sure where it is	δεν είμαι σίγουρος πού είναι	1136ff7e-5e09-49f1-9ed7-8cbbd5089a56
el_for_eng:S0070L03U07	why didn't she want to tell me where?	Γιατί δεν ήθελε να μου πει πού;	7b5b2064-9487-418e-a66c-a408d855db23
el_for_eng:S0070L04B01	it was difficult	ήταν δύσκολο	3a6f5109-7ef7-42a2-87ab-7376cbcb40e5
el_for_eng:S0070L04B02	I know where it was	ξέρω πού ήταν	cfa263d9-0ded-4162-804b-73c94b2b49d5
el_for_eng:S0070L04B03	it was important	ήταν σημαντικό	280811e0-c4ea-474a-a2b8-29a939ab6bef
el_for_eng:S0070L04U01	it wasn't easy	δεν ήταν εύκολο	fe70ba9f-4e84-4ac5-97b1-8c4a344c3770
el_for_eng:S0070L04U02	it wasn't difficult	δεν ήταν δύσκολο	c0466211-59b7-41ea-921e-50d4143edf73
el_for_eng:S0070L04U03	it was fun	ήταν διασκεδαστικό	ce060a2e-4332-497d-9bbd-766f8f5d47de
el_for_eng:S0070L04U04	she wanted to tell me where it was	ήθελε να μου πει πού ήταν	70a7a0c6-36e4-4a90-beac-ac51148b590b
el_for_eng:S0070L04U05	I think it was interesting	νομίζω ότι ήταν ενδιαφέρον	f9eb933f-4840-4087-b4a6-3089e431969f
el_for_eng:S0070L04U06	I'm not sure where it was	δεν είμαι σίγουρος πού ήταν	a168f6b1-7539-4930-8e36-bbb1fdb6a7c5
el_for_eng:S0070L04U07	she didn't want to tell me where it was	δεν ήθελε να μου πει πού ήταν	8491b781-84a0-4630-865b-f0dc88877c56
el_for_eng:S0071L01B01	we wanted to	θέλαμε να	4e4e3658-9515-49e2-b275-5faa67ba1993
el_for_eng:S0071L01C01	we wanted	θέλαμε	432644b7-09c0-4a37-8ce1-341288f4ef2d
el_for_eng:S0071L02B01	we wanted to let it	θέλαμε να αφήσουμε	4be2b409-1352-4527-b7f5-1c48436b18aa
el_for_eng:S0071L02B02	we didn't want to let it	δεν θέλαμε να αφήσουμε	38d02acc-86ee-45e4-b488-56cf09a6a593
el_for_eng:S0071L02B03	why did we want to let it?	Γιατί θέλαμε να αφήσουμε;	8028b2de-8c05-4983-86e0-9c774b99445c
el_for_eng:S0071L02U01	we wanted to let it go soon	θέλαμε να αφήσουμε σύντομα	6f1af97f-d500-49d3-baf1-e94c70fb5846
el_for_eng:S0071L02U02	we didn't want to let it go yesterday	δεν θέλαμε να αφήσουμε χτες	91581151-4a35-4e98-a727-7775bd77dfae
el_for_eng:S0071L02U03	we wanted to let it go later on	θέλαμε να αφήσουμε αργότερα	c53b921e-f78a-4429-bb81-ae21fa68e24f
el_for_eng:S0071L02U04	I think we wanted to let it	νομίζω ότι θέλαμε να αφήσουμε	6974e4fa-af70-4961-b5b3-75573bdf4bb5
el_for_eng:S0071L02U05	we didn't want to let it go quickly	δεν θέλαμε να αφήσουμε γρήγορα	a0695a79-c2e6-46e9-b2f3-682ed0826615
el_for_eng:S0071L02U06	I know we didn't want to let it	ξέρω ότι δεν θέλαμε να αφήσουμε	859ab2cc-e993-4d53-8e2f-97feb90919f5
el_for_eng:S0071L02U07	I'm not sure we wanted to let it	δεν είμαι σίγουρος ότι θέλαμε να αφήσουμε	85b6e6b0-5650-4930-adf2-96a5eb6ceb00
el_for_eng:S0071L03B01	I don't know anyone	δεν ξέρω κανέναν	75c0ea35-2382-42c3-a57b-59270840d9ec
el_for_eng:S0071L03B02	she didn't want anyone	δεν ήθελε κανέναν	8b61bb3c-83da-4a8e-8312-f4cb388a910e
el_for_eng:S0071L03B03	I don't know anyone here	δεν ξέρω κανέναν εδώ	f89bc480-0139-45c9-9693-2a67efc13e52
el_for_eng:S0071L03U01	he didn't want anyone here	δεν ήθελε κανέναν εδώ	cfa065cf-b10b-459c-8e06-632f76ea3bcb
el_for_eng:S0071L03U02	we didn't want to let anyone	δεν θέλαμε να αφήσουμε κανέναν	9049ce63-1335-4b00-8859-19871ab25d9f
el_for_eng:S0071L03U03	I don't want to help anyone now	δεν θέλω να βοηθήσω κανέναν τώρα	64c4ebdc-2d78-4739-a7b2-afac1fb8b830
el_for_eng:S0071L03U04	I'm not sure if I know anyone	δεν είμαι σίγουρος αν ξέρω κανέναν	1ab63e43-aac4-45a2-a8cd-ac4f85cf3488
el_for_eng:S0071L03U05	we didn't want to let anyone here	δεν θέλαμε να αφήσουμε κανέναν εδώ	1dad64d3-6aac-4f22-ba15-a53f74f66367
el_for_eng:S0071L03U06	why didn't we want to let anyone?	Γιατί δεν θέλαμε να αφήσουμε κανέναν;	41e88b1c-f062-49b2-884e-389f734ee544
el_for_eng:S0071L03U07	we didn't want to let anyone go quickly	δεν θέλαμε να αφήσουμε κανέναν γρήγορα	a31f4fd4-1d54-4166-8459-daabee5b6f2c
el_for_eng:S0071L04B01	to hear	να ακούσει	f5832d5d-b5d0-40e7-b73a-87de92a43e8e
el_for_eng:S0071L04B03	she didn't want anyone to hear	δεν ήθελε κανέναν να ακούσει	73eeb7c0-9843-4095-b4e4-7e9fa5a159be
el_for_eng:S0071L04B04	she didn't want anyone to hear it here	δεν ήθελε κανέναν να ακούσει εδώ	e0b53438-2373-430a-a586-84513fa8fd32
el_for_eng:S0071L04C01	hear	ακούσει	591508b8-035d-400a-aa25-bc480a6e0a7f
el_for_eng:S0071L04U01	she didn't want anyone to hear it soon	δεν ήθελε κανέναν να ακούσει σύντομα	0f605227-9ed6-4689-aabf-2823ec487549
el_for_eng:S0071L04U02	I know she didn't want anyone to hear	ξέρω ότι δεν ήθελε κανέναν να ακούσει	f1b130d0-2590-4e9e-80b7-af67a02483d7
el_for_eng:S0071L04U03	we didn't want to let anyone hear	δεν θέλαμε να αφήσουμε κανέναν να ακούσει	792256f8-79b7-4129-be65-0675c4be078e
el_for_eng:S0071L04U04	we didn't want to let anyone hear it yesterday	δεν θέλαμε να αφήσουμε κανέναν να ακούσει χτες	5167687d-805b-4d2f-a72a-660c7d2a230d
el_for_eng:S0071L04U05	why didn't we want anyone to hear?	Γιατί δεν θέλαμε να αφήσουμε κανέναν να ακούσει;	80f15ff4-3aed-4103-80dc-c579dc04ca76
el_for_eng:S0071L04U06	I'm not sure she wanted anyone to hear	δεν είμαι σίγουρος ότι ήθελε κανέναν να ακούσει	76087d8f-9951-4d50-9947-1b75055e89d7
el_for_eng:S0071L04U07	we didn't want to let anyone hear it later on	δεν θέλαμε να αφήσουμε κανέναν να ακούσει αργότερα	e392e19c-fbbd-4c3b-a2b5-a0b7eb600d04
el_for_eng:S0071L05B01	I know the truth	ξέρω την αλήθεια	8d778bbf-102e-4d0d-906a-4e61226bc690
el_for_eng:S0071L05B02	I don't know the truth	δεν ξέρω την αλήθεια	6867caf8-7149-4500-b8b6-416672f372bc
el_for_eng:S0071L05B03	I want to know the truth	θέλω να ξέρω την αλήθεια	2bda0b53-d019-44b4-8fd5-b46b36a7db80
el_for_eng:S0071L05U01	I think I know the truth	νομίζω ότι ξέρω την αλήθεια	7a71c963-f8ed-4d32-8cbc-3c3ed4d34af0
el_for_eng:S0071L05U02	she wanted to tell me the truth	ήθελε να μου πει την αλήθεια	3255c1de-cd93-4749-ba05-e389f7328c5b
el_for_eng:S0071L05U03	she didn't want to tell me the truth	δεν ήθελε να μου πει την αλήθεια	13552f44-3975-4e7e-a27f-83d405115a3f
el_for_eng:S0071L05U04	it isn't easy to find the truth	δεν είναι εύκολο να βρεις την αλήθεια	47310985-82c6-4124-a72e-260a57def31e
el_for_eng:S0071L05U05	why didn't she want to tell me the truth?	Γιατί δεν ήθελε να μου πει την αλήθεια;	844270c0-bc48-48de-88aa-f095e4f61315
el_for_eng:S0071L05U06	she didn't want anyone to hear the truth yesterday	δεν ήθελε κανέναν να ακούσει την αλήθεια χτες	80bffd6f-0948-499e-9dee-242816ffcc40
el_for_eng:S0071L05U07	we didn't want to let anyone hear the truth	δεν θέλαμε να αφήσουμε κανέναν να ακούσει την αλήθεια	ac1cf2f0-fd8f-44e8-9e54-23eca2b3d242
el_for_eng:S0072L02B01	you're doing	τα πας	79b01b87-b211-4bfa-8f00-fd1a68d20048
el_for_eng:S0072L02B02	you're doing well	τα πας καλά	fe3fbe9a-ffc4-4ec4-bf30-87a4729be2b6
el_for_eng:S0072L02B03	I know you're doing well	ξέρω ότι τα πας καλά	7290489f-3e4e-4081-b75c-0552801add00
el_for_eng:S0072L02B04	I think that you're doing well	νομίζω ότι τα πας καλά	e1b6bded-49a8-474e-9d16-dd3b57d87860
el_for_eng:S0072L02C01	the things	τα	d2340ddb-6d96-4cb5-9f5f-06c3db70b09f
el_for_eng:S0072L02C02	you go	πας	8762e44e-7d04-43a1-bfe8-35face3a5b6c
el_for_eng:S0072L02U01	I think that you're not doing well	νομίζω ότι δεν τα πας καλά	450dd9f5-d853-4607-a468-2c891d33e45f
el_for_eng:S0072L02U02	I think you're doing well here	νομίζω ότι τα πας καλά εδώ	12243f80-720d-462f-adea-3d147955e34f
el_for_eng:S0072L02U03	I think that you're doing very well	νομίζω ότι τα πας πολύ καλά	6c9c2022-326c-4086-ada6-6235481dc8a4
el_for_eng:S0072L02U04	I think you're doing well now	νομίζω ότι τα πας καλά τώρα	89bfaa6f-c6e8-4005-a2e0-d3cb80278b5c
el_for_eng:S0072L02U05	are you sure you're doing well?	είσαι σίγουρος ότι τα πας καλά;	25d844ec-1e69-4043-b181-45907148fac5
el_for_eng:S0072L02U06	she wanted to tell me you're doing well	ήθελε να μου πει ότι τα πας καλά	67fd5a38-d3ee-4c94-b734-edbc5e886bd5
el_for_eng:S0072L02U07	I'm not sure you're doing well	δεν είμαι σίγουρος ότι τα πας καλά	008f54f1-47ba-46cb-a9f2-e87660e13ecd
el_for_eng:S0073L01B01	thank you	ευχαριστώ	f2651f4e-634f-44b0-8332-bc230792a9be
el_for_eng:S0073L01B02	thank you very much	ευχαριστώ πολύ	f2386593-728e-43e3-9049-7b590d41650e
el_for_eng:S0073L01B03	thank you, I think that you're doing very well	ευχαριστώ, νομίζω ότι τα πας πολύ καλά	2390198c-1e86-42d8-84d8-13ca733b0e4a
el_for_eng:S0073L01U01	thank you, but it was difficult	ευχαριστώ, αλλά ήταν δύσκολο	5a16f2cd-1433-43e4-9e65-0bad74d8fa0c
el_for_eng:S0073L01U02	thank you, but it isn't easy	ευχαριστώ, αλλά δεν είναι εύκολο	54da993d-dcf1-4d77-907d-97b9faacd221
el_for_eng:S0073L01U03	thank you, I think you're doing well	ευχαριστώ, νομίζω ότι τα πας καλά	85466de8-874d-4e01-bdad-3cf35b1a2f71
el_for_eng:S0073L01U04	thank you, but I'm not sure	ευχαριστώ, αλλά δεν είμαι σίγουρος	87d40684-018b-4392-9d9f-1bc030e2c534
el_for_eng:S0073L01U05	thank you very much, but it wasn't easy	ευχαριστώ πολύ, αλλά δεν ήταν εύκολο	c0e98811-72d9-4c6b-8313-26ed58627fe5
el_for_eng:S0073L01U07	thank you, but I want to find the answer	ευχαριστώ, αλλά θέλω να βρεις την απάντηση	718079cf-ca90-417d-aa39-ff7dc15d7b92
el_for_eng:S0073L04B01	I've got something	έχω κάτι	53069ff5-5b02-4498-9341-eda5cd12f410
el_for_eng:S0073L04B02	I've got the truth	έχω την αλήθεια	0c3fb974-2c92-4233-b62c-743b110baa5b
el_for_eng:S0073L04B03	I know I've got it	ξέρω ότι το έχω	b6f06ac9-370b-4e62-9c83-4152863bedb4
el_for_eng:S0073L04U01	I've got the answer	έχω την απάντηση	02af80b9-ea39-4852-aeb3-0e5b7bc00723
el_for_eng:S0073L04U02	I've got it, thank you	το έχω, ευχαριστώ	3d6e4f3f-0e55-44ba-a63b-b5b5596a87e8
el_for_eng:S0073L04U03	I don't know if I've got it	δεν ξέρω αν το έχω	3ad438b5-60ad-4d10-a07c-85d428b425dd
el_for_eng:S0073L04U04	I think I've got something	νομίζω ότι έχω κάτι	55d47aa6-922a-4d2c-8bcb-b5f81833ef15
el_for_eng:S0073L04U05	I think I've got something here	νομίζω ότι έχω κάτι εδώ	cc6afd60-ea15-4b90-95e8-b135ecad4151
el_for_eng:S0073L04U06	thank you, but I've got the answer	ευχαριστώ, αλλά έχω την απάντηση	a4db49c5-901a-4945-bbfb-33400037592c
el_for_eng:S0073L04U07	I'm not sure if I've got the answer	δεν είμαι σίγουρος αν έχω την απάντηση	c9ad86a4-a503-4f3c-907c-d2a272fdfff4
el_for_eng:S0073L05B01	I've got more	έχω περισσότερα	d68055fd-7a91-4e1c-8d62-367d9d49248f
el_for_eng:S0073L05B02	I want more	θέλω περισσότερα	5724b168-3c9d-4c9e-9ea9-25da2a1a4a82
el_for_eng:S0073L05B03	she wanted more	ήθελε περισσότερα	76b3148e-0478-4d0a-8fc2-cd246954dde4
el_for_eng:S0073L05U01	I've got more here	έχω περισσότερα εδώ	767f9e09-fef5-4c5f-9f64-65cec8b7b115
el_for_eng:S0073L05U02	I know I've got more	ξέρω ότι έχω περισσότερα	b5e64952-0e63-4351-82b4-8f5ab10b7fea
el_for_eng:S0073L05U03	I don't want more now	δεν θέλω περισσότερα τώρα	ffec5315-adf0-413f-953d-4e10483b9867
el_for_eng:S0073L05U04	I think I've got more	νομίζω ότι έχω περισσότερα	5782421d-0d86-4ba9-9188-1eae29c41c06
el_for_eng:S0073L05U05	I think I want more	νομίζω ότι θέλω περισσότερα	8bff9595-66aa-48b4-898e-f319e7289b42
el_for_eng:S0073L05U06	thank you, but I want more	ευχαριστώ, αλλά θέλω περισσότερα	4e9e99aa-180a-41c1-9c68-89448344e527
el_for_eng:S0073L05U07	I'm not sure I've got more	δεν είμαι σίγουρος ότι έχω περισσότερα	22496c6d-a195-4eff-bc2e-44983db93c66
el_for_eng:S0073L06B01	to learn	να μάθω	b03bac83-1957-4ae8-8181-4a28b3e5e8bf
el_for_eng:S0073L06B02	I want to learn	θέλω να μάθω	c3f37ff9-f195-48fe-b6fd-84eede06dac0
el_for_eng:S0073L06B03	I've got more to learn	έχω περισσότερα να μάθω	cba13dbd-da36-48a0-806b-3b736b8b97f1
el_for_eng:S0073L06B04	I want to learn the truth	θέλω να μάθω την αλήθεια	48a2dfd0-42b2-4673-88fb-2e49611bd3af
el_for_eng:S0073L06C01	learn	μάθω	b0fb2aa0-feda-44ef-a024-56404bdc1247
el_for_eng:S0073L06U01	I want to learn something soon	θέλω να μάθω κάτι σύντομα	0b7730c8-852b-4608-bfca-6172c85acc4d
el_for_eng:S0073L06U02	I've got more to learn here	έχω περισσότερα να μάθω εδώ	7687dd00-1108-47e3-9137-68a9c50d903a
el_for_eng:S0073L06U03	she didn't want me to learn the truth	δεν ήθελε να μάθω την αλήθεια	c26882aa-bc9c-4638-89ec-39b72966128a
el_for_eng:S0073L06U04	I know I've got more to learn	ξέρω ότι έχω περισσότερα να μάθω	9262bd94-db49-43b1-b1d1-95c3539fc707
el_for_eng:S0073L06U05	I think I've got more to learn	νομίζω ότι έχω περισσότερα να μάθω	0c9b87d6-8826-4fa6-a63a-dbfcc1d0d16b
el_for_eng:S0073L06U06	thank you, but I've got more to learn	ευχαριστώ, αλλά έχω περισσότερα να μάθω	127fc315-ee7f-45cd-b7f9-47e59701cf71
el_for_eng:S0073L06U07	I'm not sure I want to learn it now	δεν είμαι σίγουρος ότι θέλω να μάθω τώρα	898c300e-97af-4175-add8-37aa7f6a7338
el_for_eng:S0074L03B01	you helped me	με βοήθησες	fb7970fa-ebb0-459c-b75a-bde8658e66f3
el_for_eng:S0074L03B02	I know you helped me	ξέρω ότι με βοήθησες	ec9eef00-437e-45d2-bf7d-e9e6d1c66a8e
el_for_eng:S0074L03B03	thank you for helping me	ευχαριστώ που με βοήθησες	0ea92121-e312-4ab3-b27c-a4d744a7ee71
el_for_eng:S0074L03B04	I know you helped me well	ξέρω ότι με βοήθησες καλά	5a2585c0-ee8c-488d-9d81-662804212aef
el_for_eng:S0074L03C01	you helped	βοήθησες	ea67a5fe-52ef-4937-b6d3-5fb44dcff27e
el_for_eng:S0074L03U01	I think you helped me well	νομίζω ότι με βοήθησες καλά	bad1346a-3fef-4038-9acf-9dedb07c4887
el_for_eng:S0074L03U02	thank you for helping me here	ευχαριστώ που με βοήθησες εδώ	b4a48d8c-99a2-4f83-8d70-dec4badbe6c8
el_for_eng:S0074L03U03	thank you very much for helping me	ευχαριστώ πολύ που με βοήθησες	1930ca02-8f8a-451a-bc3f-27d68d80f7d4
el_for_eng:S0074L03U04	thank you for helping me yesterday	ευχαριστώ που με βοήθησες χτες	07564c1a-07de-45b9-a737-1914a6caea6f
el_for_eng:S0074L03U05	are you sure you helped me?	είσαι σίγουρος ότι με βοήθησες;	147d64a7-9f35-45f7-8ab5-d9b5014f6bb6
el_for_eng:S0074L03U06	I'm not sure you helped me	δεν είμαι σίγουρος ότι με βοήθησες	ef726b6c-1963-4458-92cc-219de7144fda
el_for_eng:S0074L03U07	thank you very much for helping me, it was important	ευχαριστώ πολύ που με βοήθησες, ήταν σημαντικό	ae8c0cad-95a3-4422-ae02-a64d76c01d27
el_for_eng:S0074L04B01	to understand	να καταλάβω	5c1376d5-63d8-4d06-bc17-30e5013494f2
el_for_eng:S0074L04B02	I want to understand	θέλω να καταλάβω	f8ef27b1-b4b5-4d26-9c88-ea4f3976df8b
el_for_eng:S0074L04B03	I want to understand where it was	θέλω να καταλάβω πού ήταν	4e861bc6-4f15-46d5-9936-98c24746f862
el_for_eng:S0074L04B04	I've got more to understand	έχω περισσότερα να καταλάβω	be358af3-ca84-403b-abac-4ac3c961dce7
el_for_eng:S0074L04C01	understand	καταλάβω	33220d99-2cdc-4cce-8961-85212415010b
el_for_eng:S0074L04U01	I want to understand what you are looking for	θέλω να καταλάβω τι ψάχνεις	8a92a814-c9bf-4905-b7ad-5eb2690fc113
el_for_eng:S0074L04U02	I want to understand the truth	θέλω να καταλάβω την αλήθεια	2daaa3f4-6fce-4d6f-8ba7-20ec73562e25
el_for_eng:S0074L04U03	it isn't easy to understand	δεν είναι εύκολο να καταλάβω	8d515c94-24c2-4d0c-98ad-2d2ff10a16c7
el_for_eng:S0074L04U04	she didn't want me to understand the truth	δεν ήθελε να καταλάβω την αλήθεια	cbaf4829-792b-4fae-859e-64eb24d116e1
el_for_eng:S0074L04U05	thank you for helping me to understand	ευχαριστώ που με βοήθησες να καταλάβω	0dafe795-2779-4b57-904e-9f001cf9f4e3
el_for_eng:S0074L04U06	I think I want to understand more	νομίζω ότι θέλω να καταλάβω περισσότερα	2d283ae2-5b19-4398-98f5-f4e509d12ea7
el_for_eng:S0074L04U07	thank you for helping me to understand it well	ευχαριστώ που με βοήθησες να καταλάβω καλά	7ef0d560-489b-4f03-b575-82f0205885ee
el_for_eng:S0075L01B01	have you got it?	το έχεις;	9cb0bb7d-3f61-4efc-900f-3012f19a6f42
el_for_eng:S0075L01B02	have you got something?	έχεις κάτι;	caf51d4f-5feb-43d5-881b-e98d380ea822
el_for_eng:S0075L01B03	I know you've got it	ξέρω ότι το έχεις	e2931775-4765-4440-ac2e-682dff567ac7
el_for_eng:S0075L01U01	have you got the truth?	έχεις την αλήθεια;	1dfe0b22-81a4-4df0-a8cf-7437ddaa2da3
el_for_eng:S0075L01U02	have you got more?	έχεις περισσότερα;	e2a8a61f-4c38-40bb-9420-1c02fe0a93b8
el_for_eng:S0075L01U03	have you got the answer?	έχεις την απάντηση;	5dce22f4-36fc-43f9-8848-b1f0385edfe7
el_for_eng:S0075L01U04	I know you've got something here	ξέρω ότι έχεις κάτι εδώ	1eb32a4b-1e4f-4d3f-9876-2ed50b0d93fb
el_for_eng:S0075L01U05	are you sure you've got it?	είσαι σίγουρος ότι το έχεις;	b1906a8a-05ee-4e41-82b4-697dd3d20335
el_for_eng:S0075L01U06	I think you've got the answer	νομίζω ότι έχεις την απάντηση	403e0a99-90c7-4924-b10b-2ef6d0228fcd
el_for_eng:S0075L01U07	I'm not sure you've got it	δεν είμαι σίγουρος ότι το έχεις	984a11e1-ef1f-4d83-ad90-562ca5fb7cd6
el_for_eng:S0075L03B01	to learn	να μάθεις	b03bac83-1957-4ae8-8181-4a28b3e5e8bf
el_for_eng:S0075L03B02	I want you to learn	θέλω να μάθεις	83055e35-df0f-485d-b397-72304827c2b2
el_for_eng:S0075L03B03	she wanted you to learn	ήθελε να μάθεις	53caf93a-c645-48e5-999f-10486709e028
el_for_eng:S0075L03B04	do you want to learn?	θέλεις να μάθεις;	eba62faa-ff96-4d77-b664-d0b016c83835
el_for_eng:S0075L03C01	learn	μάθεις	b0fb2aa0-feda-44ef-a024-56404bdc1247
el_for_eng:S0075L03U01	have you got more to learn?	έχεις περισσότερα να μάθεις;	384b8965-8538-4ad5-a665-953be7a3d4d6
el_for_eng:S0075L03U02	do you want to learn the truth?	θέλεις να μάθεις την αλήθεια;	775fb05a-8ee1-43a2-a80a-4375709aaf88
el_for_eng:S0075L03U03	do you want to learn something soon?	θέλεις να μάθεις κάτι σύντομα;	624d7e63-7d3a-4cb2-b45f-adb149357a5d
el_for_eng:S0075L03U04	have you got more to learn here?	έχεις περισσότερα να μάθεις εδώ;	aa1a5854-0f58-476d-8c1e-afd1f4116cd0
el_for_eng:S0075L03U05	I know you've got more to learn	ξέρω ότι έχεις περισσότερα να μάθεις	1c3d38ee-f95e-4e81-acd4-25f0544b31d7
el_for_eng:S0075L03U06	I think you've got more to learn	νομίζω ότι έχεις περισσότερα να μάθεις	617edbda-e1b7-4d0a-b767-80c02707e004
el_for_eng:S0075L03U07	I'm not sure you want to learn it now	δεν είμαι σίγουρος ότι θέλεις να μάθεις τώρα	48ee48ec-81fe-411a-8c83-a6387c4660f5
el_for_eng:S0076L01B01	I'm happy	είμαι χαρούμενος	f6b5c282-51c4-4659-b7bd-66234d3639fd
el_for_eng:S0076L01B02	I'm not happy	δεν είμαι χαρούμενος	44a77e86-71c3-4573-a0d1-f29e97bb99d3
el_for_eng:S0076L01B03	I'm happy here	είμαι χαρούμενος εδώ	75d786ae-4d5a-4854-a615-f027f4cbbd49
el_for_eng:S0076L01U01	I'm very happy	είμαι πολύ χαρούμενος	ae693916-075f-4dc5-9924-a913641975da
el_for_eng:S0076L01U02	I think I'm happy	νομίζω ότι είμαι χαρούμενος	9326cc28-91a6-4e3a-b35d-e35037cf131f
el_for_eng:S0076L01U03	I'm happy, thank you	είμαι χαρούμενος, ευχαριστώ	e29c5671-79e1-4fde-a3b0-6eb183506d57
el_for_eng:S0076L01U04	are you sure you're happy?	είσαι σίγουρος ότι είσαι χαρούμενος;	5b5d1a5a-8559-49cb-9a1a-47616c03f0e8
el_for_eng:S0076L01U05	I'm very happy, thank you very much	είμαι πολύ χαρούμενος, ευχαριστώ πολύ	7a37b579-6626-415d-9c77-042373e3a8b7
el_for_eng:S0076L01U06	I'm not sure I'm happy	δεν είμαι σίγουρος ότι είμαι χαρούμενος	6d5c3cc4-c4c4-4a46-9af6-3f1fd89c2227
el_for_eng:S0076L01U07	I'm happy but I've got more to learn	είμαι χαρούμενος αλλά έχω περισσότερα να μάθω	9202eef0-8a14-4630-bda0-1679f271ab5a
el_for_eng:S0076L02B01	how much have you got?	πόσα έχεις;	b12a7395-7cf1-4bfb-a539-777e28760979
el_for_eng:S0076L02B02	I don't know how much	δεν ξέρω πόσα	094ab090-9f62-41b4-b05f-c983fb54362e
el_for_eng:S0076L02B03	I know how much you've got	ξέρω πόσα έχεις	1725f304-0fbc-43d9-90d2-be4696efacb0
el_for_eng:S0076L02U01	I don't know how much I've got	δεν ξέρω πόσα έχω	c3ca9508-358d-4470-8f83-b8030df5141c
el_for_eng:S0076L02U02	she didn't want to tell me how much	δεν ήθελε να μου πει πόσα	bcf81c94-5937-4b28-9995-dd055d73be3e
el_for_eng:S0076L02U03	I'm happy with how much	είμαι χαρούμενος με το πόσα	0eaca595-2acc-44ea-a66f-38dc933b10ed
el_for_eng:S0076L02U04	I want to understand how much you've got	θέλω να καταλάβω πόσα έχεις	7af463f4-6339-4c16-ac29-4521d587f211
el_for_eng:S0076L02U05	I'm not sure how much I've got	δεν είμαι σίγουρος πόσα έχω	a57e04a0-6e95-4808-b88f-651e884a7c13
el_for_eng:S0076L02U06	I'm very happy with how much	είμαι πολύ χαρούμενος με το πόσα	2df2d558-3b5b-440a-a29e-3325dc528795
el_for_eng:S0076L02U07	I'm very happy with how much I've got here	είμαι πολύ χαρούμενος με το πόσα έχω εδώ	8179db7c-96ed-4b48-8d15-b0bcfa720431
el_for_eng:S0076L03B01	I have learnt	έχω μάθει	4c56f0f4-951a-402e-b0b4-3c85c807a82a
el_for_eng:S0076L03B02	I've learnt something	έχω μάθει κάτι	edd770dd-f869-45dd-bf98-5bc04102ad4a
el_for_eng:S0076L03B03	I've learnt the truth	έχω μάθει την αλήθεια	5fbab5a2-9afe-49f4-a632-455490a31b70
el_for_eng:S0076L03B04	I think I've learnt a lot	νομίζω ότι έχω μάθει πολύ	fad617d9-c1cc-4b90-835b-750879db2dd0
el_for_eng:S0076L03U01	thank you, I've learnt something	ευχαριστώ, έχω μάθει κάτι	64ff3feb-a692-4771-a07a-37a190145d2c
el_for_eng:S0076L03U02	I don't know how much I've learnt here	δεν ξέρω πόσα έχω μάθει εδώ	3665a6e8-d1ac-4dba-ad92-d455bcedf179
el_for_eng:S0076L03U03	she wanted me to know how much I've learnt	ήθελε να ξέρω πόσα έχω μάθει	6b7b4fdf-a6b5-412d-aade-527a94cccca2
el_for_eng:S0076L03U04	I know I've learnt more	ξέρω ότι έχω μάθει περισσότερα	c4d02698-d1f5-42ae-afc7-c88c255c957a
el_for_eng:S0076L03U05	I'm not sure how much I've learnt	δεν είμαι σίγουρος πόσα έχω μάθει	088d110f-8b19-452d-b09d-c4289b8fe2fb
el_for_eng:S0076L03U06	I'm happy with how much I've learnt	είμαι χαρούμενος με το πόσα έχω μάθει	d18002cc-803b-465d-9dd3-7e1db11b09f0
el_for_eng:S0076L03U07	I'm very happy with how much I've learnt	είμαι πολύ χαρούμενος με το πόσα έχω μάθει	fefd3732-9f97-4018-adaf-fbc15c8680fb
el_for_eng:S0076L04B01	I already know	ξέρω ήδη	088fa3fb-53a0-4fdc-b2eb-f4069a388501
el_for_eng:S0076L04B02	have you already got it?	το έχεις ήδη;	37e505ce-db0e-4f3b-8742-ab8ffba66bf1
el_for_eng:S0076L04B03	I already know where it was	ξέρω ήδη πού ήταν	6ae443fe-d1d5-47da-9240-34154917e820
el_for_eng:S0076L04U01	I've already learnt something	έχω μάθει ήδη κάτι	d56af596-e742-465a-919e-cad280de8337
el_for_eng:S0076L04U02	I already know the truth	ξέρω ήδη την αλήθεια	dc555c98-fe49-47ba-bcd9-782f393d069b
el_for_eng:S0076L04U03	I've already got the answer	έχω ήδη την απάντηση	9c0361ef-8bb9-40a0-b53f-ca2fd33897be
el_for_eng:S0076L04U04	I'm already happy	είμαι ήδη χαρούμενος	f4219b55-5d4c-4636-87af-197200cd3b70
el_for_eng:S0076L04U05	thank you, I've already learnt something here	ευχαριστώ, έχω μάθει ήδη κάτι εδώ	721dba51-71f7-4ae3-96cf-e07e27a64628
el_for_eng:S0076L04U06	I think I've already learnt more	νομίζω ότι έχω μάθει ήδη περισσότερα	312e2313-ea36-4e94-bf1b-1551fe103aef
el_for_eng:S0076L04U07	I'm very happy with how much I've learnt already	είμαι πολύ χαρούμενος με το πόσα έχω μάθει ήδη	a91e1539-ae30-4bc9-9345-44dace0f8b41
el_for_eng:S0077L01B01	I'm surprised	εκπλήσσομαι	7dbf48e7-20db-4462-89f6-315a9ef99726
el_for_eng:S0077L01B02	I'm not surprised	δεν εκπλήσσομαι	e056a0ed-bb6f-44de-be21-162fab6bcdfe
el_for_eng:S0077L01B03	I'm very surprised	εκπλήσσομαι πολύ	24b5979a-e486-414e-a5f9-54f11b97feb4
el_for_eng:S0077L01U01	I'm surprised, thank you	εκπλήσσομαι, ευχαριστώ	27f2e692-8925-49cc-b806-f2d5835141f8
el_for_eng:S0077L01U02	I think I'm surprised	νομίζω ότι εκπλήσσομαι	d0221706-b56b-46f7-a930-ed3adb7f810e
el_for_eng:S0077L01U03	I'm not surprised it was difficult	δεν εκπλήσσομαι ότι ήταν δύσκολο	14d22ccc-def4-4264-b09a-b7d328de4653
el_for_eng:S0077L01U04	I'm surprised I'm happy	εκπλήσσομαι ότι είμαι χαρούμενος	acb59276-8a37-482d-9865-d72439be08ce
el_for_eng:S0077L01U05	I'm surprised at how much I've learnt	εκπλήσσομαι με το πόσα έχω μάθει	ced43e40-ac8a-4291-a920-7db6585c43bf
el_for_eng:S0077L01U06	I'm surprised I already know the truth	εκπλήσσομαι ότι ξέρω ήδη την αλήθεια	4e82514c-660a-4ee0-98ac-89d6687f825b
el_for_eng:S0077L01U07	I'm very surprised, but I'm happy	εκπλήσσομαι πολύ, αλλά είμαι χαρούμενος	2ba19d25-cc73-40c5-aad9-5d0f3bbda441
el_for_eng:S0077L02B01	I don't know how quickly	δεν ξέρω πόσο γρήγορα	3605306a-fb1e-472a-a706-d0c41d4b2f9b
el_for_eng:S0077L02B02	I know how important it is	ξέρω πόσο σημαντικό είναι	dc574694-0e09-4351-8931-a772c3d1c8e4
el_for_eng:S0077L02B03	I don't know how difficult it was	δεν ξέρω πόσο δύσκολο ήταν	61bc7536-ba62-4acf-8779-0d2810ff502c
el_for_eng:S0077L02U01	I want to understand how quickly	θέλω να καταλάβω πόσο γρήγορα	fe0fd7cf-533f-43e6-9c15-139c54656b92
el_for_eng:S0077L02U02	I'm surprised at how quickly	εκπλήσσομαι με το πόσο γρήγορα	73258efb-70a4-4142-8958-9f1b3871baa1
el_for_eng:S0077L02U03	she didn't want to tell me how quickly	δεν ήθελε να μου πει πόσο γρήγορα	b2463cf7-1ae3-436e-b966-0f8b19a53e8a
el_for_eng:S0077L02U04	I'm surprised at how well you're doing	εκπλήσσομαι με το πόσο καλά τα πας	0f076f6e-5ef0-4e9a-87c4-b02b2fa1dd53
el_for_eng:S0077L02U05	I'm not sure how difficult it is	δεν είμαι σίγουρος πόσο δύσκολο είναι	9d04e3f2-b925-43a9-baa8-d747626271b7
el_for_eng:S0077L02U06	I'm surprised at how well you helped me	εκπλήσσομαι με το πόσο καλά με βοήθησες	9f94800d-47ff-4c10-a62f-a38320f0ab5f
el_for_eng:S0077L03B01	to understand	να καταλαβαίνω	5c1376d5-63d8-4d06-bc17-30e5013494f2
el_for_eng:S0077L03B02	I want to understand	θέλω να καταλαβαίνω	f8ef27b1-b4b5-4d26-9c88-ea4f3976df8b
el_for_eng:S0077L03B03	I'm starting to understand	αρχίζω να καταλαβαίνω	a5fed30c-5c25-4337-9d24-2e85239c6363
el_for_eng:S0077L03B04	I'm starting to understand it well	αρχίζω να καταλαβαίνω καλά	0cef2b9a-4f15-4c4c-af8d-8aa17583df48
el_for_eng:S0077L03C01	I understand	καταλαβαίνω	27aebc4f-3e0b-4c40-b73f-2e74a3ce34c8
el_for_eng:S0077L03U01	I don't want to understand it now	δεν θέλω να καταλαβαίνω τώρα	263148bc-487f-4fa3-acf6-0eca6e523ba5
el_for_eng:S0077L03U02	I'm starting to understand quickly	αρχίζω να καταλαβαίνω γρήγορα	09cd87a6-89d3-42d6-97a2-acc08b8fd3c1
el_for_eng:S0077L03U03	I'm starting to understand how much I've learnt	αρχίζω να καταλαβαίνω πόσα έχω μάθει	a1d73b81-2eec-4c3a-8cac-715d48f275a7
el_for_eng:S0077L03U04	I'm surprised I'm starting to understand	εκπλήσσομαι ότι αρχίζω να καταλαβαίνω	b08548a2-d457-4a59-89a2-b6f37fcd5e2c
el_for_eng:S0077L03U05	I want to understand how quickly you're doing	θέλω να καταλαβαίνω πόσο γρήγορα τα πας	51a7dd00-eef0-4e2c-848a-0b349fafb00b
el_for_eng:S0077L03U06	I think I'm starting to understand the truth	νομίζω ότι αρχίζω να καταλαβαίνω την αλήθεια	98693d32-4b5c-416a-b050-920e5b168f80
el_for_eng:S0077L03U07	I'm very happy I'm starting to understand	είμαι πολύ χαρούμενος ότι αρχίζω να καταλαβαίνω	650d9ba5-234a-43e1-9f95-6df46f40bd97
el_for_eng:S0077L03U08	I'm surprised at how quickly I'm starting to understand	εκπλήσσομαι με το πόσο γρήγορα αρχίζω να καταλαβαίνω	efe43e3c-9986-4380-a8b3-a04c2ffec3a8
el_for_eng:S0078L01B01	I understand	καταλαβαίνω	27aebc4f-3e0b-4c40-b73f-2e74a3ce34c8
el_for_eng:S0078L01B02	I don't understand	δεν καταλαβαίνω	00dadb3d-4ba5-4980-8d17-937d3583f82b
el_for_eng:S0078L01B03	I understand well	καταλαβαίνω καλά	79f6b3ae-4742-4c15-aa0f-71b507050195
el_for_eng:S0078L01U01	I think I understand	νομίζω ότι καταλαβαίνω	82c2b0c3-e4db-4f55-9b18-21dcd9d01e6e
el_for_eng:S0078L01U02	I understand the truth	καταλαβαίνω την αλήθεια	e7b5263a-d7eb-4927-b883-f7e20b60a384
el_for_eng:S0078L01U03	I'm surprised I understand	εκπλήσσομαι ότι καταλαβαίνω	8ac8e4f8-49d5-4e41-be9a-5771f6a87add
el_for_eng:S0078L01U04	I already understand more	καταλαβαίνω ήδη περισσότερα	c29113c1-9835-4848-9c8c-bbb580c28755
el_for_eng:S0078L01U05	I don't understand, but I'm happy	δεν καταλαβαίνω, αλλά είμαι χαρούμενος	5c8f08d4-a96e-4e2c-9de6-195fd70adb16
el_for_eng:S0078L03B01	I know what you said	ξέρω τι είπες	ee72960d-7c8c-4f21-8796-a80197e4519c
el_for_eng:S0078L03B02	I already know what you said	ξέρω ήδη τι είπες	2e071e59-dbd2-4bf1-9551-a9d0fab263c1
el_for_eng:S0078L03B03	what you said was important	τι είπες ήταν σημαντικό	dce96652-b6b9-453d-9833-9598f1ecc484
el_for_eng:S0078L03U01	I'm surprised at what you said	εκπλήσσομαι με τι είπες	833e8ab0-78cf-48a9-b590-f8c097537531
el_for_eng:S0078L03U02	I don't understand what you said	δεν καταλαβαίνω τι είπες	775f5df7-5cfd-426d-a6e8-ce3363cd8fcb
el_for_eng:S0078L03U03	I'm not sure what you said	δεν είμαι σίγουρος τι είπες	21077185-ca38-475c-9e8d-40d1f4e3bbb5
el_for_eng:S0078L03U04	I want to understand what you said	θέλω να καταλαβαίνω τι είπες	62b662bf-7136-453c-8e76-dc599c69b403
el_for_eng:S0078L03U05	what you said was very interesting	τι είπες ήταν πολύ ενδιαφέρον	d9212f8b-34ea-460d-9473-cbbbc19ccf9b
el_for_eng:S0078L03U06	I don't understand what you said yesterday	δεν καταλαβαίνω τι είπες χτες	9673dfc6-3407-4a21-91aa-f8c83ba50b17
el_for_eng:S0078L03U07	she didn't want to tell me what you said	δεν ήθελε να μου πει τι είπες	e654137a-4de8-42df-a09a-cd7a5f3a1110
el_for_eng:S0079L01B01	when?	πότε;	657ed5bb-56d8-4025-8324-8d50158e3191
el_for_eng:S0079L01B02	when was it?	πότε ήταν;	4b1ddf26-aa03-4b51-b74a-caa63d509c6c
el_for_eng:S0079L01B03	I don't know when	δεν ξέρω πότε	7fa35ee8-0fa5-43a0-887e-829a9f25b2b7
el_for_eng:S0079L01U01	when did you help me?	πότε με βοήθησες;	9f351a29-7776-425e-932c-c5ca46bf5735
el_for_eng:S0079L01U02	I want to know when	θέλω να ξέρω πότε	4325e2d2-e85a-4100-acc1-bd6766334d0a
el_for_eng:S0079L01U03	when was it difficult?	πότε ήταν δύσκολο;	1c58c8d1-3061-4f07-9f33-fde412ff8398
el_for_eng:S0079L01U04	when is it important?	πότε είναι σημαντικό;	271ba555-c615-43f4-b0f9-efed389e3a9c
el_for_eng:S0079L01U05	I don't understand when it was	δεν καταλαβαίνω πότε ήταν	d5ace035-829a-4532-91c6-5c33ae434909
el_for_eng:S0079L01U06	she didn't want to tell me when	δεν ήθελε να μου πει πότε	e1673852-536a-47bb-8be2-10e03d282e69
el_for_eng:S0079L01U07	I'm not sure when it was	δεν είμαι σίγουρος πότε ήταν	668ea1ba-cc3a-4a7a-8c58-7809c10db45e
el_for_eng:S0079L02B01	you started	άρχισες	3eca69c9-dfee-4064-904e-b14bf4b859eb
el_for_eng:S0079L02B02	when did you start?	πότε άρχισες;	de2c03cf-6913-4741-8342-3421ecdf096d
el_for_eng:S0079L02B03	I know when you started	ξέρω πότε άρχισες	872e47b2-1b7d-4246-81cc-b01f04252630
el_for_eng:S0079L02U01	I want to know when you started	θέλω να ξέρω πότε άρχισες	9a87a84d-3159-44bc-8f15-1def688aa5cc
el_for_eng:S0079L02U02	I think you started quickly	νομίζω ότι άρχισες γρήγορα	1574c675-9a6f-4779-90bc-178f4cb70fb3
el_for_eng:S0079L02U03	I'm surprised you started already	εκπλήσσομαι ότι άρχισες ήδη	b5eb3d66-3985-45d8-becc-1c1e3c7e707b
el_for_eng:S0079L02U04	I don't understand when you started	δεν καταλαβαίνω πότε άρχισες	c729bc50-6154-478b-b41b-5daeb43c7c7f
el_for_eng:S0079L02U05	thank you, I know when you started	ευχαριστώ, ξέρω πότε άρχισες	af74a883-c6aa-4fda-8cb1-efe3f7d85f54
el_for_eng:S0079L02U06	I'm not sure when you started	δεν είμαι σίγουρος πότε άρχισες	d74726bc-6bf4-4d6d-a787-f5cf196fdae0
el_for_eng:S0079L02U07	she didn't want to tell me when you started	δεν ήθελε να μου πει πότε άρχισες	e2eec9db-eca0-4598-b57f-b46108b1aec2
el_for_eng:S0079L03B01	to learn	να μαθαίνεις	b03bac83-1957-4ae8-8181-4a28b3e5e8bf
el_for_eng:S0079L03B02	do you want to learn?	θέλεις να μαθαίνεις;	eba62faa-ff96-4d77-b664-d0b016c83835
el_for_eng:S0079L03B03	you started to learn	άρχισες να μαθαίνεις	506cf63e-9eba-4b11-813e-b4838e125279
el_for_eng:S0079L03B04	when did you start to learn?	πότε άρχισες να μαθαίνεις;	fb601c9d-2aa4-495f-9d16-3ef4414fd044
el_for_eng:S0079L03C01	you learn	μαθαίνεις	07974fd1-08d4-436e-8184-1ff2062f3f40
el_for_eng:S0079L03U01	she wanted you to learn quickly	ήθελε να μαθαίνεις γρήγορα	12883db3-2d66-42d7-8523-bc8ab11a4480
el_for_eng:S0079L03U02	do you want to learn the truth?	θέλεις να μαθαίνεις την αλήθεια;	775fb05a-8ee1-43a2-a80a-4375709aaf88
el_for_eng:S0079L03U03	I know you want to learn well	ξέρω ότι θέλεις να μαθαίνεις καλά	08b83fa2-9179-4910-a83f-35528eb9c074
el_for_eng:S0079L03U04	when did you start to learn Greek?	πότε άρχισες να μαθαίνεις ελληνικά;	2cb65891-437c-4d49-aeec-664744f3d4c9
el_for_eng:S0079L03U05	I'm surprised you started to learn already	εκπλήσσομαι ότι άρχισες να μαθαίνεις ήδη	59fa8d6f-e3c4-469b-9fb2-bc4336a47953
el_for_eng:S0079L03U06	I'm happy you started to learn	είμαι χαρούμενος ότι άρχισες να μαθαίνεις	aa5514a8-1424-4bcf-8676-ebe7d1dde9e5
el_for_eng:S0079L03U07	I think you want to learn more	νομίζω ότι θέλεις να μαθαίνεις περισσότερα	a8664dd4-a9d0-4350-972a-817f20f73b05
el_for_eng:S0080L04B01	I will learn	θα μαθαίνω	0dca76be-50e0-48cb-88d2-d3f1d1f7ce0a
el_for_eng:S0080L04B02	I will understand	θα καταλαβαίνω	3996a526-e552-4cb6-b076-f6ebfa2c529d
el_for_eng:S0080L04B03	I will be surprised	θα εκπλήσσομαι	87ebe70a-3bbb-418a-9c6f-43dae22e8422
el_for_eng:S0080L04U01	I will be happy	θα είμαι χαρούμενος	1010a06a-d2e7-43cb-9353-e4fbf78c21aa
el_for_eng:S0080L04U02	I will learn more	θα μαθαίνω περισσότερα	0c36594e-ebc1-4071-a1dc-974626879108
el_for_eng:S0080L04U03	you said I will learn well	είπες ότι θα μαθαίνω καλά	eec4d71e-2815-4c5c-9bd8-fbcdda665bb1
el_for_eng:S0080L04U04	I think I will understand soon	νομίζω ότι θα καταλαβαίνω σύντομα	fa143546-ede3-45e1-97a7-3625a4fced56
el_for_eng:S0080L04U05	I think I will understand quickly	νομίζω ότι θα καταλαβαίνω γρήγορα	93e10ecb-647e-4b81-85aa-042ca582686f
el_for_eng:S0080L04U06	I'm not sure when I will be happy	δεν είμαι σίγουρος πότε θα είμαι χαρούμενος	d4f3004c-f33b-4ef2-83e7-a3c1c062f9a5
el_for_eng:S0080L04U07	I'm happy I will learn more	είμαι χαρούμενος ότι θα μαθαίνω περισσότερα	924e39f6-795e-42cd-9726-0f45fc3694be
el_for_eng:S0080L05B01	I'm ready	είμαι έτοιμος	34ca1a29-48df-462f-80b2-0bee84343ab6
el_for_eng:S0080L05B02	I'm not ready	δεν είμαι έτοιμος	54884fd1-2a4f-4024-bbe3-cf6b72dbc6f4
el_for_eng:S0080L05B03	I think I'm ready	νομίζω ότι είμαι έτοιμος	28b1c48c-6a79-43e0-be9f-96ebe6773a5c
el_for_eng:S0080L05U01	I'll be ready soon	θα είμαι έτοιμος σύντομα	9504b119-c05d-4019-a07a-c4930d2df6ed
el_for_eng:S0080L05U02	I don't know when I'll be ready	δεν ξέρω πότε θα είμαι έτοιμος	179e88bf-a42d-4ae1-b8f4-d1dfdea30f63
el_for_eng:S0080L05U03	are you sure you're ready?	είσαι σίγουρος ότι είσαι έτοιμος;	0c517eca-a912-4e90-a160-042ca0323c06
el_for_eng:S0080L05U04	I'm surprised I'm already ready	εκπλήσσομαι ότι είμαι ήδη έτοιμος	d3fa0fa8-4de8-4855-9b8d-599b2dcba036
el_for_eng:S0080L05U05	I'm happy I'm ready	είμαι χαρούμενος ότι είμαι έτοιμος	3c8e9f91-2b35-40b7-8ff7-21cd8d68dde7
el_for_eng:S0080L05U06	I'm not sure I'm ready	δεν είμαι σίγουρος ότι είμαι έτοιμος	03a18109-27d8-48a0-b389-890c421bf7c6
el_for_eng:S0080L05U07	I'm not sure when I'll be ready	δεν είμαι σίγουρος πότε θα είμαι έτοιμος	18324eed-e72d-4c0f-ac41-f3aac7a96ed7
el_for_eng:S0081L03B01	I want you to start	θέλω να αρχίσεις	d6c0a06f-112e-460a-80ad-8bb07619d2ac
el_for_eng:S0081L03B02	she wanted you to start	ήθελε να αρχίσεις	b2c354b9-424e-423e-8471-92448d816347
el_for_eng:S0081L03B03	do you want to start?	θέλεις να αρχίσεις;	583c1ae2-e344-4d94-b939-ccbed52f1a4f
el_for_eng:S0081L03U01	when do you want to start?	πότε θέλεις να αρχίσεις;	60b03c95-391f-4406-a733-8ca52b312d22
el_for_eng:S0081L03U02	I know you want to start	ξέρω ότι θέλεις να αρχίσεις	b06f1c03-8543-473f-9f9b-dc4f543bc14f
el_for_eng:S0081L03U03	I don't know when you want to start	δεν ξέρω πότε θέλεις να αρχίσεις	5f71784e-9966-4d92-92b5-e037f961f087
el_for_eng:S0081L03U04	I think you want to start soon	νομίζω ότι θέλεις να αρχίσεις σύντομα	f7684399-583d-40de-81df-36e24742225d
el_for_eng:S0081L03U05	I'm surprised you want to start already	εκπλήσσομαι ότι θέλεις να αρχίσεις ήδη	952b0f0f-d146-470d-8262-79302ccf8310
el_for_eng:S0081L03U06	I'm not sure when you want to start	δεν είμαι σίγουρος πότε θέλεις να αρχίσεις	34528efe-e016-477d-8486-84dfa995a897
el_for_eng:S0081L03U07	when do you want to start to learn Greek?	πότε θέλεις να αρχίσεις να μαθαίνεις ελληνικά;	6fb8b894-027a-4172-a274-df82c822cc4f
el_for_eng:S0082L01B01	I'm waiting	περιμένω	0170fc67-86a9-4148-a27f-135340c5ce32
el_for_eng:S0082L01B02	I'm not waiting	δεν περιμένω	ec729ef3-0bab-4b3a-8e1a-5d1bf701cf1e
el_for_eng:S0082L01B03	I'm not going to wait	δεν θα περιμένω	7bad5a01-6252-40a3-8e16-7786ab3a929d
el_for_eng:S0082L01U01	I'm not going to wait for you	δεν θα σε περιμένω	3115333d-76e4-4ed7-b35a-337441cec002
el_for_eng:S0082L01U02	I don't want to wait	δεν θέλω να περιμένω	5e2f4ec2-12f4-4872-9167-56eb5ccff8b6
el_for_eng:S0082L01U03	she didn't want me to wait	δεν ήθελε να περιμένω	c75779ab-e5b9-4c61-bd65-60fdfca8417e
el_for_eng:S0082L01U04	I think I will wait	νομίζω ότι θα περιμένω	2a8d13b9-eb54-4d1c-b4bf-e0a92973ff8f
el_for_eng:S0082L01U05	I don't know when I will wait	δεν ξέρω πότε θα περιμένω	11d72e44-b1d9-49b2-a3c0-cdc3568a1c09
el_for_eng:S0082L01U06	I will wait, but I'm not happy	θα περιμένω, αλλά δεν είμαι χαρούμενος	c5f5bf51-0e4b-4f20-9f05-c7bedc7f0787
el_for_eng:S0082L01U07	I'm not sure I want to wait	δεν είμαι σίγουρος ότι θέλω να περιμένω	2074730a-7313-4d73-a96d-e00a0422e727
el_for_eng:S0082L02B01	why not?	γιατί όχι;	e6ce4253-1e9e-4fd9-9882-12aa2e3b91c8
el_for_eng:S0082L02B02	no, I'll not be able to speak Greek	όχι, δεν θα μπορέσω να μιλήσω ελληνικά	e0e474ef-cf83-4fad-b149-d3a426a1cf81
el_for_eng:S0082L02B03	no, I'm not going to try to remember	όχι, δεν θα προσπαθήσω να θυμηθώ	1c01218e-3378-4ad2-bcb7-72b987160c7c
el_for_eng:S0082L02U01	no, I will not wait	όχι, δεν θα περιμένω	82c6524e-f50e-420d-8bbd-ef7eb338c4b7
el_for_eng:S0082L02U02	no, I'm not ready	όχι, δεν είμαι έτοιμος	6fac5043-483c-4342-8141-38b73d4e43d1
el_for_eng:S0082L02U03	no, I'm not sure	όχι, δεν είμαι σίγουρος	5fae8d76-4b17-43f9-943c-dcd1714af181
el_for_eng:S0082L02U04	why not? I'm ready	Γιατί όχι; είμαι έτοιμος	2c93c160-6ac5-4abf-ace9-e753662b83f7
el_for_eng:S0082L02U05	no, I'm not happy	όχι, δεν είμαι χαρούμενος	3950f92e-fe65-4c2f-9142-647b50617218
el_for_eng:S0082L02U06	no, I don't want to wait	όχι, δεν θέλω να περιμένω	e298367a-293e-4d62-b283-00b9bcde469b
el_for_eng:S0082L02U07	why not? I've already learnt more	Γιατί όχι; έχω μάθει ήδη περισσότερα	9e4e5421-9c06-4025-9fe4-477727d308f6
el_for_eng:S0083L01B01	I agree	συμφωνώ	e69347b1-973e-4a5b-beb7-dd1ba1e5ffab
el_for_eng:S0083L01B02	I don't agree	δεν συμφωνώ	2533c459-da10-4f10-b6e2-02b480cd713e
el_for_eng:S0083L01B03	I agree it was very interesting, but I think I have more to learn	συμφωνώ ότι ήταν πολύ ενδιαφέρον, αλλά νομίζω ότι έχω περισσότερα να μάθω	9f955c32-c4d3-45a2-b03a-37e852c0fd42
el_for_eng:S0083L01U01	I think I agree	νομίζω ότι συμφωνώ	a618e06a-44a1-4e5c-aca1-9779c8f07f75
el_for_eng:S0083L01U02	I agree with what you said	συμφωνώ με αυτό που είπες	709bfa60-86f3-48ae-8bf0-0bffadd856bb
el_for_eng:S0083L01U03	I agree, but it is difficult	συμφωνώ, αλλά είναι δύσκολο	0d6739f1-3037-48e8-b21b-d703a043e4b1
el_for_eng:S0083L01U04	I don't agree with what you said	δεν συμφωνώ με αυτό που είπες	32bfe71f-0352-40d1-8027-a8db13869b26
el_for_eng:S0083L01U05	I'm not sure I agree	δεν είμαι σίγουρος ότι συμφωνώ	163f5ea1-bd81-4af4-94b8-8974ea3c1570
el_for_eng:S0083L01U06	I agree it was very interesting	συμφωνώ ότι ήταν πολύ ενδιαφέρον	d179a467-9b29-4459-8811-8a74228c46eb
el_for_eng:S0083L01U07	I agree, I've got more to learn	συμφωνώ, έχω περισσότερα να μάθω	446c3046-7b52-4966-b43a-c1f44dcd6d7c
el_for_eng:S0083L02B02	are you looking for your friend?	ψάχνεις τον φίλο σου;	8845b77d-0291-4252-9fa5-361350305404
el_for_eng:S0083L02U02	he wanted to look after your friend	ήθελε να φροντίζει τον φίλο σου	61057b15-0183-4b8c-9c3a-fc8e92d6c759
el_for_eng:S0083L02U03	she didn't want to tell me about your friend	δεν ήθελε να μου πει για τον φίλο σου	bed82e7c-3966-4eb4-83c6-e586f988072d
el_for_eng:S0083L02U04	I agree with what you said about your friend	συμφωνώ με αυτό που είπες για τον φίλο σου	0a295f62-129e-43f6-8780-db9fe7bf705c
el_for_eng:S0083L02U05	I want to understand what you said about your friend	θέλω να καταλάβω τι είπες για τον φίλο σου	68eabab9-bae4-41b0-ab67-0e5d6131ccaf
el_for_eng:S0083L02U06	I'm surprised at what you said about your friend	εκπλήσσομαι με αυτό που είπες για τον φίλο σου	e3691fbf-0e8a-4342-8c6e-39c05ef523d9
el_for_eng:S0083L02U07	I agree with what you said about your friend yesterday	συμφωνώ με αυτό που είπες για τον φίλο σου χτες	c3a4a4ff-dce3-4c02-98a2-17e6cb670aea
el_for_eng:S0084L02B01	I know what he said	ξέρω τι είπε	41153c47-38ae-4f41-9d0c-4c023def9ac5
el_for_eng:S0084L02B02	I already know what he said	ξέρω ήδη τι είπε	8d080b95-0abc-4f0c-8462-ea72b240a0b8
el_for_eng:S0084L02B03	I don't understand what he said	δεν καταλαβαίνω τι είπε	8e6ee24f-fac3-45c7-ad46-6593f67e44dd
el_for_eng:S0084L02U01	he said it was very difficult	είπε ότι ήταν πολύ δύσκολο	d6d6bd1b-af71-4f44-820e-caa432bde292
el_for_eng:S0084L02U02	I'm not sure what he said	δεν είμαι σίγουρος τι είπε	d4d08aee-a5e8-4262-8926-f21018d0dba5
el_for_eng:S0084L02U03	I don't agree with what he said	δεν συμφωνώ με αυτό που είπε	739afbf3-8428-4c80-96b6-756a2c0c05d9
el_for_eng:S0084L02U04	what he said was important	αυτό που είπε ήταν σημαντικό	1b0c3cf3-7a0d-4323-8a4d-341a99846ae4
el_for_eng:S0084L02U05	I'm surprised at what he said	εκπλήσσομαι με αυτό που είπε	1a1cadc5-19f3-438f-a59c-45a94a57719c
el_for_eng:S0084L02U06	what he said was very interesting	αυτό που είπε ήταν πολύ ενδιαφέρον	39c5050c-97f4-4761-8721-a35359b8fc9c
el_for_eng:S0084L02U07	I don't agree with what he said about my friend	δεν συμφωνώ με αυτό που είπε για τον φίλο μου	b627250f-6216-4d8e-a6c7-0c24d102f79b
el_for_eng:S0085L01B01	I don't know	δεν ξέρω	9bf6122c-740f-44c7-893d-6b15bc1174d6
el_for_eng:S0085L01B02	I don't know when	δεν ξέρω πότε	7fa35ee8-0fa5-43a0-887e-829a9f25b2b7
el_for_eng:S0085L01B03	I know the truth	ξέρω την αλήθεια	8d778bbf-102e-4d0d-906a-4e61226bc690
el_for_eng:S0085L01U01	I don't know what he said	δεν ξέρω τι είπε	3f0fd1cf-93e0-4e64-a4c1-0ae54a773e0d
el_for_eng:S0085L01U02	I already know what you said	ξέρω ήδη τι είπες	2e071e59-dbd2-4bf1-9551-a9d0fab263c1
el_for_eng:S0085L01U03	I know it was difficult	ξέρω ότι ήταν δύσκολο	ba16e129-9e6d-4b7e-9f63-93a84c9069c4
el_for_eng:S0085L01U04	I'm surprised I already know	εκπλήσσομαι ότι ξέρω ήδη	53c8260a-db86-42dc-8054-8ddc83530ef0
el_for_eng:S0085L01U05	I know you want to learn	ξέρω ότι θέλεις να μάθεις	696d1226-035f-4ef4-b0f6-ddd7343b65b2
el_for_eng:S0085L02B01	those people	αυτούς τους ανθρώπους	1198ce85-9927-438e-934a-3aede1a2a24f
el_for_eng:S0085L02B02	I don't know those people	δεν γνωρίζω αυτούς τους ανθρώπους	75f50aee-b5e2-4f5f-bee2-a04f0b889265
el_for_eng:S0085L02B03	I want to know those people	θέλω να γνωρίσω αυτούς τους ανθρώπους	f184b715-3dde-41d6-b30d-b1104802b1f5
el_for_eng:S0085L02B04	I think I know those people	νομίζω ότι γνωρίζω αυτούς τους ανθρώπους	41fe1ef0-105c-4866-b3cb-57bba23fa156
el_for_eng:S0085L02U01	I don't understand those people	δεν καταλαβαίνω αυτούς τους ανθρώπους	1b29c6eb-9810-497f-ab7a-812f62e1999c
el_for_eng:S0085L02U02	I agree, I don't know those people	συμφωνώ, δεν γνωρίζω αυτούς τους ανθρώπους	6a182282-ce43-4b00-ae31-1e824b06a0b3
el_for_eng:S0085L02U03	I want to understand those people	θέλω να καταλάβω αυτούς τους ανθρώπους	b524b058-2939-4f34-9603-4a3a6a0a594d
el_for_eng:S0085L02U04	I'm surprised I don't know those people	εκπλήσσομαι ότι δεν γνωρίζω αυτούς τους ανθρώπους	7b080642-8b15-43a6-a217-9f900501e2bc
el_for_eng:S0085L02U05	I'm not sure I know those people	δεν είμαι σίγουρος ότι γνωρίζω αυτούς τους ανθρώπους	83a3f3bc-ea91-4937-bb04-5727a0873c48
el_for_eng:S0086L02B01	it's possible	είναι δυνατό	a6fcf9e3-2747-40b3-b345-8cab85494f29
el_for_eng:S0086L02B02	it wasn't possible	δεν ήταν δυνατό	b9a63305-4f26-4665-8d78-ca84386f0eff
el_for_eng:S0086L02B03	I know it's possible	ξέρω ότι είναι δυνατό	252aa78f-945c-4b4b-bb6c-873f6e3339a8
el_for_eng:S0086L02U01	I think it was possible	νομίζω ότι ήταν δυνατό	155def79-ebce-42d1-9fd1-7880988b1232
el_for_eng:S0086L02U02	I think it's possible	νομίζω ότι είναι δυνατό	3a39b505-9406-472b-98e6-35b1677aefbe
el_for_eng:S0086L02U03	I don't think it's possible	δεν νομίζω ότι είναι δυνατό	991499e9-5088-42aa-b419-be7510acecef
el_for_eng:S0086L02U04	I'm surprised it was possible	εκπλήσσομαι ότι ήταν δυνατό	bfdf33e4-b8c7-4c5a-9f5b-74082b64c293
el_for_eng:S0086L02U05	I'm not sure it's possible	δεν είμαι σίγουρος ότι είναι δυνατό	28e1607c-8a8c-4755-9977-cf7933562483
el_for_eng:S0086L03B01	unfortunately, I don't want to answer	δυστυχώς, δεν θέλω να απαντήσω	62037602-9fda-41e7-80a8-c86e9bb04064
el_for_eng:S0086L03B02	unfortunately I don't want to interrupt the story	δυστυχώς δεν θέλω να διακόψουμε την ιστορία	360a72ef-6a87-4969-aa0a-454e41759115
el_for_eng:S0086L03B03	unfortunately I'm not going to be able to remember	δυστυχώς δεν θα μπορέσω να θυμηθώ	db64664a-13dd-4fe6-8810-0cddaf70b189
el_for_eng:S0086L03U01	unfortunately, it wasn't possible	δυστυχώς, δεν ήταν δυνατό	2f904182-757c-4846-8e09-5c8ecb7ecd02
el_for_eng:S0086L03U02	unfortunately, I'm not ready	δυστυχώς, δεν είμαι έτοιμος	e57e4f8b-8c63-44ba-bce5-156bb02cb65d
el_for_eng:S0086L03U03	unfortunately, I don't understand what you said	δυστυχώς, δεν καταλαβαίνω τι είπες	3d668fa4-7ad1-4fcd-af2d-c356dff0a6d3
el_for_eng:S0086L03U04	unfortunately, I don't think it was possible	δυστυχώς, δεν νομίζω ότι ήταν δυνατό	c76a23e1-9ddf-40cc-9983-c78045ac72e2
el_for_eng:S0086L03U05	unfortunately, I don't know those people	δυστυχώς, δεν γνωρίζω αυτούς τους ανθρώπους	39e8697d-e7be-4a11-98ca-c86aa715a128
el_for_eng:S0087L01B01	they are people	είναι άνθρωποι	e98ea4d4-1189-4a30-8724-c6cbf15ede60
el_for_eng:S0087L01B02	they are not people	δεν είναι άνθρωποι	e2656e4a-f5c8-4e43-8d7b-d059846e86a3
el_for_eng:S0087L01B03	I know they are people	ξέρω ότι είναι άνθρωποι	4b86498b-4710-4ea8-8f29-440be7cdae2a
el_for_eng:S0087L01U01	I think they are people	νομίζω ότι είναι άνθρωποι	140b9560-d6e8-4e02-912c-7bcd23b636cc
el_for_eng:S0087L01U02	I'm surprised they are people	εκπλήσσομαι ότι είναι άνθρωποι	c1099acb-8531-4c71-bca9-a0f4033a40d8
el_for_eng:S0087L01U03	unfortunately, they are not people I know	δυστυχώς, δεν είναι άνθρωποι που γνωρίζω	6040f59b-9ab5-41f7-b542-a863fefe65d6
el_for_eng:S0087L01U04	I agree, they are people I don't understand	συμφωνώ, είναι άνθρωποι που δεν καταλαβαίνω	56ffdb5e-d95b-4b8b-bc24-3b0a7bcaa2f9
el_for_eng:S0087L01U05	I'm not sure they are people I want to know	δεν είμαι σίγουρος ότι είναι άνθρωποι που θέλω να γνωρίσω	060eaa8f-4b08-4fd3-bb23-ff8c9eeac5f0
el_for_eng:S0087L02B01	people that I know	άνθρωποι που γνωρίζω	656a47a7-15cd-4ddb-a406-720ee0d1a863
el_for_eng:S0087L02B02	something that was important	κάτι που ήταν σημαντικό	346cc1b8-8cc9-4527-a747-2848c34e2fb7
el_for_eng:S0087L02B03	something that I don't understand	κάτι που δεν καταλαβαίνω	38900d17-1884-4ca3-882b-121bff48dc8d
el_for_eng:S0087L02U01	something that wasn't possible	κάτι που δεν ήταν δυνατό	d24592ed-3ac2-47d7-81bb-e18cc88ea6bf
el_for_eng:S0087L02U02	I don't understand what he said	δεν καταλαβαίνω αυτό που είπε	8e6ee24f-fac3-45c7-ad46-6593f67e44dd
el_for_eng:S0087L02U03	something that was very difficult, unfortunately	κάτι που ήταν πολύ δύσκολο, δυστυχώς	add6a288-1435-46be-898b-a7cc94346318
el_for_eng:S0087L02U04	I agree with what he said about my friend	συμφωνώ με αυτό που είπε για τον φίλο μου	2f4bf462-5016-4a6a-8f53-dcecd4e8a90d
el_for_eng:S0087L02U05	I don't know those people that you helped	δεν γνωρίζω αυτούς τους ανθρώπους που βοήθησες	c20b71e0-4b6d-4d42-8ece-a1410586c955
el_for_eng:S0088L03B01	to talk	να μιλήσω	78b942de-44d3-41cc-9b76-67705a3ed5a7
el_for_eng:S0088L03B02	I want to talk	θέλω να μιλήσω	ab4976b1-ce38-4b90-91a2-e90f34281c18
el_for_eng:S0088L03B03	I don't want to talk	δεν θέλω να μιλήσω	1f299c1b-221a-4607-8cb8-d200496c1c50
el_for_eng:S0088L03B04	I'm ready to talk	είμαι έτοιμος να μιλήσω	bf9ef3dc-9a23-4353-92bf-aa8617ba4524
el_for_eng:S0088L03C01	I talk	μιλήσω	8c54b0f0-b771-4792-a4c3-b29b48b81357
el_for_eng:S0088L03U01	I think I want to talk	νομίζω ότι θέλω να μιλήσω	8b69e3c2-b8d2-41e4-9067-a86f13ba9130
el_for_eng:S0088L03U02	I don't want to talk, it's not possible	δεν θέλω να μιλήσω, δεν είναι δυνατό	b1e0ccb1-f98f-4b00-aa2a-85864c2ed599
el_for_eng:S0088L03U03	I'm not sure I want to talk	δεν είμαι σίγουρος ότι θέλω να μιλήσω	4c3e599f-0515-4242-877a-ee24659d3532
el_for_eng:S0088L03U04	unfortunately, I'm not ready to talk	δυστυχώς, δεν είμαι έτοιμος να μιλήσω	e0afe84f-d86c-43e8-b404-cb5330487e43
el_for_eng:S0088L03U05	I'm surprised I'm ready to talk	εκπλήσσομαι ότι είμαι έτοιμος να μιλήσω	83b4b0c5-12c2-4a9b-98d6-3a64c4115d87
el_for_eng:S0089L01B01	I think so	νομίζω	2b87e2cc-0d71-4413-b105-b85eb3b98cab
el_for_eng:S0089L01B02	I don't think so	δεν νομίζω	01e563a5-e676-40e4-ba1e-dba4553c1990
el_for_eng:S0089L01B03	I think I understand	νομίζω ότι καταλαβαίνω	82c2b0c3-e4db-4f55-9b18-21dcd9d01e6e
el_for_eng:S0089L01U01	I think it's possible	νομίζω ότι είναι δυνατό	3a39b505-9406-472b-98e6-35b1677aefbe
el_for_eng:S0089L01U02	I think it was very important	νομίζω ότι ήταν πολύ σημαντικό	516de11c-81d7-491b-8272-9e6b56a30921
el_for_eng:S0089L01U03	I think I'm ready to talk	νομίζω ότι είμαι έτοιμος να μιλήσω	2fad737c-b3ee-4045-9c5d-f5dd5ae8a473
el_for_eng:S0089L01U04	I don't think it was possible, unfortunately	δεν νομίζω ότι ήταν δυνατό, δυστυχώς	437c13f2-9a03-4b59-a68d-75bad4025ff1
el_for_eng:S0089L01U05	I don't think I know those people	δεν νομίζω ότι γνωρίζω αυτούς τους ανθρώπους	93abfa0f-6a1f-4f33-bca3-28f6ef979b97
el_for_eng:S0089L02B01	I have done	έχω κάνει	6cbed2e8-cc9f-4dab-bdc9-fafeab6ddcde
el_for_eng:S0089L02B02	I have done it	το έχω κάνει	8adcf7a7-a575-4560-81ca-e69cabbb8ab5
el_for_eng:S0089L02B03	I haven't done it	δεν το έχω κάνει	89ce19b7-49eb-4cd6-8c80-68fa2bdcb066
el_for_eng:S0089L02B04	I know what I have done	ξέρω τι έχω κάνει	6b7be191-af3d-4d59-ab45-95911fd3857e
el_for_eng:S0089L02U01	I think I have done it	νομίζω ότι το έχω κάνει	d9612c01-40f6-4b5c-bb7a-d8941556ba6b
el_for_eng:S0089L02U02	unfortunately, I haven't done it	δυστυχώς, δεν το έχω κάνει	385b4f30-8623-4412-bb29-555777b3f2c3
el_for_eng:S0089L02U03	I don't understand what I have done	δεν καταλαβαίνω τι έχω κάνει	3dd65ca5-91bb-4ade-a4e5-eb14f42cb98b
el_for_eng:S0089L02U04	I'm not sure what I have done	δεν είμαι σίγουρος τι έχω κάνει	92c3ebe6-fba2-4d2f-a963-efb3ebfb41ca
el_for_eng:S0089L02U05	I'm surprised at what I have done	εκπλήσσομαι με αυτό που έχω κάνει	91c6ff0f-8754-4f69-90da-9f39b21e60dd
el_for_eng:S0089L03B01	I have done a lot	έχω κάνει πολλά	33479264-6e45-4781-840f-172f411e296c
el_for_eng:S0089L03B02	I have learnt a lot	έχω μάθει πολλά	cdd20101-0e6c-48dd-bb51-c6fb42fe1df9
el_for_eng:S0089L03B03	I want to learn a lot	θέλω να μάθω πολλά	2295aa80-7e46-402a-aaf7-dd357c99f2ea
el_for_eng:S0089L03U01	I've already done a lot	έχω κάνει ήδη πολλά	f278ca38-abb8-43fb-8f8d-3bfeda908c8c
el_for_eng:S0089L03U02	I know I have learnt a lot	ξέρω ότι έχω μάθει πολλά	2adcf688-1221-4691-9ed6-00d3ba2cbeb3
el_for_eng:S0089L03U03	I think I have done a lot	νομίζω ότι έχω κάνει πολλά	dbdfeffc-587c-4ccf-9fad-8ea437550ff9
el_for_eng:S0089L03U04	unfortunately, I haven't done a lot	δυστυχώς, δεν έχω κάνει πολλά	2550277d-816b-4a27-bc21-6ea069ab286a
el_for_eng:S0089L03U05	I'm surprised I have learnt a lot already	εκπλήσσομαι ότι έχω μάθει πολλά ήδη	0837d6fe-ccb1-4aed-a51e-f198075688d2
el_for_eng:S0089L04B01	a short time	λίγο χρόνο	b5aa8b9d-0bb9-4252-88a3-440e17542553
el_for_eng:S0089L04B02	in a short time	σε λίγο χρόνο	65233d63-7f5f-42fb-9f34-04002a4d41da
el_for_eng:S0089L04B03	I have done a lot in a short time	έχω κάνει πολλά σε λίγο χρόνο	8fdac0fa-3187-432a-9eda-447c1cb2db81
el_for_eng:S0089L04B04	I have learnt a lot in a short time	έχω μάθει πολλά σε λίγο χρόνο	022259d9-fa7c-4625-a405-b36b1a50cf90
el_for_eng:S0089L04U01	I want to learn a lot in a short time	θέλω να μάθω πολλά σε λίγο χρόνο	190161a0-3f97-40e0-9da7-14edb3f38175
el_for_eng:S0089L04U02	I think I've learnt a lot in a short time	νομίζω ότι έχω μάθει πολλά σε λίγο χρόνο	4a204e14-bfe1-4fac-b628-5a550d614b9a
el_for_eng:S0089L04U03	unfortunately, it's not possible in a short time	δυστυχώς, δεν είναι δυνατό σε λίγο χρόνο	d7d7a79c-1cc9-46b2-9fd9-971bbe2aa256
el_for_eng:S0089L04U04	I'm surprised at how much I've done in a short time	εκπλήσσομαι με το πόσα έχω κάνει σε λίγο χρόνο	7ece12f2-91d1-473a-9a2b-6bb8dc4f77a6
el_for_eng:S0089L04U05	I'm not sure it's possible in a short time	δεν είμαι σίγουρος ότι είναι δυνατό σε λίγο χρόνο	144a88b6-a321-4c22-9095-ac6acf866275
el_for_eng:S0090L01B01	if you want	αν θέλεις	54170a83-1bfd-45b6-ab64-236f3f26f937
el_for_eng:S0090L01B02	if it's possible	αν είναι δυνατό	e009ebd0-554f-46bc-8091-91c8b9479f8a
el_for_eng:S0090L01B03	if I'm ready	αν είμαι έτοιμος	2bf9849d-4bd1-4d6f-b9c7-cfd2f9014f40
el_for_eng:S0090L01U01	I don't know if it was possible	δεν ξέρω αν ήταν δυνατό	1b7f11cc-f87d-464c-a4b7-2cea71b42830
el_for_eng:S0090L01U02	I don't know if he said the truth	δεν ξέρω αν είπε την αλήθεια	81051c38-e7da-49fb-9c2f-35890faae0ec
el_for_eng:S0090L01U03	if it's possible, I want to learn	αν είναι δυνατό, θέλω να μάθω	308ad9fb-5571-42d5-915b-0953066c522f
el_for_eng:S0090L01U04	I'm not sure if I agree	δεν είμαι σίγουρος αν συμφωνώ	10181aaf-cd00-4c29-8394-fcb17543d0b6
el_for_eng:S0090L01U05	if I'm not ready, it's not possible	αν δεν είμαι έτοιμος, δεν είναι δυνατό	f2df866b-432c-4efe-bae6-9305f21b3adf
el_for_eng:S0090L02B01	you are able to	μπορείς να	d0476464-b515-461f-96f5-161d5fed1a0e
el_for_eng:S0090L02B02	you can start	μπορείς να αρχίσεις	90a9f3a7-d0d3-4a56-adf5-e48236254b42
el_for_eng:S0090L02B03	can you learn?	μπορείς να μαθαίνεις;	6ddd4cf8-0188-4292-a3ad-375252fe8e2c
el_for_eng:S0090L02B04	can you understand?	μπορείς να καταλαβαίνεις;	c70bda47-18b0-40e2-a15d-0df33fabe3c2
el_for_eng:S0090L02C01	you can	μπορείς	4b9c585d-a8bf-418f-bd6b-ab3ec2dc9164
el_for_eng:S0090L02U01	I know you can start	ξέρω ότι μπορείς να αρχίσεις	791cbce6-ffd1-41a7-a47f-ca87b6f650a6
el_for_eng:S0090L02U02	I think you can learn a lot	νομίζω ότι μπορείς να μαθαίνεις πολλά	c8d4007e-e0fe-45f6-a4ad-205026b211d8
el_for_eng:S0090L02U03	if you can understand, it's possible	αν μπορείς να καταλαβαίνεις, είναι δυνατό	730748a2-2911-429d-9161-f0d540a3eb5b
el_for_eng:S0090L02U04	I'm surprised you can learn quickly	εκπλήσσομαι ότι μπορείς να μαθαίνεις γρήγορα	3bf79b0e-1536-49f6-abf4-78bb53365747
el_for_eng:S0090L02U05	I'm not sure if you can understand	δεν είμαι σίγουρος αν μπορείς να καταλαβαίνεις	6dfe4802-ea25-4f5c-8c54-cf38ec677a08
el_for_eng:S0090L03B01	you don't speak	δεν μιλάς	2679e64c-447a-4f58-92d1-7831dd4525af
el_for_eng:S0090L03B02	you speak well	μιλάς καλά	fe5a5d0d-36da-484d-9311-f79b1d3cace5
el_for_eng:S0090L03B03	can you speak?	μπορείς να μιλάς;	953b06c5-09d9-431a-8efc-07118c6c5a0d
el_for_eng:S0090L03U01	I know you speak well	ξέρω ότι μιλάς καλά	cacb8fc1-1574-4283-9c90-bc71c394d8be
el_for_eng:S0090L03U02	if you speak, I will understand	αν μιλάς, θα καταλαβαίνω	f4ae04d4-8a32-40bc-b05e-4cd5b49b38bb
el_for_eng:S0090L03U03	unfortunately, you don't speak yet	δυστυχώς, δεν μιλάς ακόμα	3b404bdd-bc1b-4886-83c0-ff979a7d379b
el_for_eng:S0090L03U04	I think you speak very well	νομίζω ότι μιλάς πολύ καλά	c7e0c299-5ab7-4605-a6a4-9503fc47c90c
el_for_eng:S0090L03U05	I'm surprised you speak quickly	εκπλήσσομαι ότι μιλάς γρήγορα	d541c26e-ae8a-4bd6-a7e3-0fb53a0e331e
el_for_eng:S0090L05B01	it was great	ήταν υπέροχο	0cf280df-cde2-4e15-a477-65ab8fc82a48
el_for_eng:S0090L05B02	it's great	είναι υπέροχο	340d593e-d033-43fd-bfdb-3c4326eefac8
el_for_eng:S0090L05B03	that would be great	θα ήταν υπέροχο	acb93419-088e-4fa4-b7f4-f28e3c42b821
el_for_eng:S0090L05U01	I know it would be great	ξέρω ότι θα ήταν υπέροχο	1d7bdf80-7b17-478a-90c5-48c3ecb6aafa
el_for_eng:S0090L05U02	I think it would be great	νομίζω ότι θα ήταν υπέροχο	1299a0f8-1a86-406a-832c-da62cc0f2e29
el_for_eng:S0090L05U03	I'm surprised it was great	εκπλήσσομαι ότι ήταν υπέροχο	0565058a-e6be-431b-9e56-e455a3ffae87
el_for_eng:S0090L05U04	if it's possible, that would be great	αν είναι δυνατό, θα ήταν υπέροχο	af950c6d-523c-4611-8291-c3c372e5aee2
el_for_eng:S0090L05U05	if you can speak more slowly, that would be great	αν μπορείς να μιλάς πιο αργά, θα ήταν υπέροχο	567f68dc-2354-4fc4-8e1e-b8710e754751
el_for_eng:S0091L02B01	to think	να σκεφτείς	bf3238d7-73dd-4d4b-b5bf-5b678bbb54bd
el_for_eng:S0091L02B02	I want you to think	θέλω να σκεφτείς	091924de-1153-4e30-9962-79986301c412
el_for_eng:S0091L02B03	can you think?	μπορείς να σκεφτείς;	125a1439-3fcf-4621-bdb8-f55323028587
el_for_eng:S0091L02B04	it's difficult to think	είναι δύσκολο να σκεφτείς	2116c612-b221-40f3-bd6f-dab37263c7bc
el_for_eng:S0091L02C01	you think	σκεφτείς	86a96b60-9e9b-4baf-b677-84fffdc508f8
el_for_eng:S0091L02U01	I want you to think more slowly	θέλω να σκεφτείς πιο αργά	4d9a4c05-8413-46e7-b8a9-d6090b7e113a
el_for_eng:S0091L02U02	it's not difficult to think	δεν είναι δύσκολο να σκεφτείς	44347f08-02d6-429c-8722-3373be207383
el_for_eng:S0091L02U03	I know it's difficult to think	ξέρω ότι είναι δύσκολο να σκεφτείς	58b5bcf4-dbd5-418b-a478-27d7fd010f41
el_for_eng:S0091L02U04	if you can think, that would be great	αν μπορείς να σκεφτείς, θα ήταν υπέροχο	8dce303d-916b-4f14-bc36-d4ea4845f1ac
el_for_eng:S0091L02U05	I'm not sure if you can think quickly	δεν είμαι σίγουρος αν μπορείς να σκεφτείς γρήγορα	2ba74a4c-bb0b-4fd9-85e3-73f793051087
el_for_eng:S0091L03B01	quickly enough	αρκετά γρήγορα	20495eba-fa03-4e44-91bb-2fe30111007b
el_for_eng:S0091L03B02	it's not enough	δεν είναι αρκετά	ab3d59f3-15b2-45a0-a0b3-07a871896810
el_for_eng:S0091L03B03	I have done enough	έχω κάνει αρκετά	27018733-099f-4444-9efd-c83ad1b62fc9
el_for_eng:S0091L03U01	unfortunately, it's not enough	δυστυχώς, δεν είναι αρκετά	e941a170-5902-4faa-95eb-09434e09c0be
el_for_eng:S0091L03U02	I think I have learnt enough	νομίζω ότι έχω μάθει αρκετά	ad05015e-35c1-43c1-aae0-4176bc145007
el_for_eng:S0091L03U03	I'm surprised I have done enough	εκπλήσσομαι ότι έχω κάνει αρκετά	e887f429-82ee-44d7-8219-18e335485a1e
el_for_eng:S0091L03U04	I'm not sure if it's enough	δεν είμαι σίγουρος αν είναι αρκετά	655f993a-33e5-4a60-a35b-d9e4771c94db
el_for_eng:S0091L04B01	to answer	να απαντήσεις	73b5edea-130b-43ab-86b3-b8ca7a419a74
el_for_eng:S0091L04B02	I want you to answer	θέλω να απαντήσεις	e52a1eab-d8db-4dd1-a383-7e9aedb50f4c
el_for_eng:S0091L04B03	can you answer?	μπορείς να απαντήσεις;	12cf3717-8954-4bf1-a814-2d3b05415c21
el_for_eng:S0091L04B04	it's difficult to answer	είναι δύσκολο να απαντήσεις	378590ec-6f53-4fa4-a4cb-50196a1fa292
el_for_eng:S0091L04C01	you answer	απαντήσεις	2253551a-119b-4c3e-ac36-467b357a1955
el_for_eng:S0091L04U01	I think you can answer	νομίζω ότι μπορείς να απαντήσεις	a0d40ceb-5b8d-4afc-ac77-eef6229f6fd9
el_for_eng:S0091L04U02	unfortunately, it's not possible to answer	δυστυχώς, δεν είναι δυνατό να απαντήσεις	33173275-e183-48f5-a744-7cff945d9c27
el_for_eng:S0091L04U03	if you can answer, that would be great	αν μπορείς να απαντήσεις, θα ήταν υπέροχο	ee1ddcc8-beb7-4265-a270-f36057f503e3
el_for_eng:S0091L04U04	I'm not sure if you can answer	δεν είμαι σίγουρος αν μπορείς να απαντήσεις	ba013245-0e34-4459-9d23-9bb3a305b729
el_for_eng:S0091L04U05	I know it's difficult to answer quickly	ξέρω ότι είναι δύσκολο να απαντήσεις γρήγορα	72c0f47e-7979-487c-830f-36edc33b8b03
el_for_eng:S0091L05B01	I'm not ready in time	δεν είμαι έτοιμος εγκαίρως	2ec386e3-ebf3-435e-ad5e-f999a6f3de66
el_for_eng:S0091L05B02	can you answer in time?	μπορείς να απαντήσεις εγκαίρως;	0514a4ed-f676-4477-8884-d94b25c5d5e5
el_for_eng:S0091L05B03	it's difficult to answer in time	είναι δύσκολο να απαντήσεις εγκαίρως	01d1c773-2744-4256-9ee3-808f3aff369d
el_for_eng:S0091L05U01	I think you can answer in time	νομίζω ότι μπορείς να απαντήσεις εγκαίρως	0c160e16-1489-47bf-8041-19d53d95095c
el_for_eng:S0091L05U02	I know it's difficult to answer in time	ξέρω ότι είναι δύσκολο να απαντήσεις εγκαίρως	a48891d0-844f-45f8-9dde-3ad250fd9656
el_for_eng:S0091L05U03	unfortunately, it wasn't possible to answer in time	δυστυχώς, δεν ήταν δυνατό να απαντήσεις εγκαίρως	9b51fe48-c5bd-4e8f-a020-68d4d862803a
el_for_eng:S0091L05U04	I'm not sure if you can answer in time	δεν είμαι σίγουρος αν μπορείς να απαντήσεις εγκαίρως	902119d3-c047-41a1-93be-6ea160a03610
el_for_eng:S0091L05U05	if you can think quickly enough, you can answer in time	αν μπορείς να σκεφτείς αρκετά γρήγορα, μπορείς να απαντήσεις εγκαίρως	1601c2ba-bc5d-4a78-bffb-9031e734f45e
el_for_eng:S0092L01B01	I would like	θα ήθελα	4e9e35b0-3815-4a4b-9bc7-b553933a2d96
el_for_eng:S0092L01B02	I would like to learn	θα ήθελα να μάθω	96d4d2ce-eb53-46ac-9325-8bb08b7d1788
el_for_eng:S0092L01B03	I would like to speak	θα ήθελα να μιλήσω	072e82bf-b709-4917-9fa2-6bb8b96b3565
el_for_eng:S0092L01B04	I would like to understand	θα ήθελα να καταλαβαίνω	f19a4a5d-7224-4f90-b65c-3b815bf05d29
el_for_eng:S0092L01U01	I would like to speak more slowly	θα ήθελα να μιλήσω πιο αργά	98baf200-0bef-4685-a3c0-f23236930cbc
el_for_eng:S0092L01U02	I would like to understand what he said	θα ήθελα να καταλαβαίνω τι είπε	11600b6e-4c70-4d9e-b18b-841d85c8f270
el_for_eng:S0092L01U03	I would like to know if it's possible	θα ήθελα να ξέρω αν είναι δυνατό	4be20b93-bdc3-45f0-9c82-6f45f8ac9972
el_for_eng:S0092L01U04	I would like to learn a lot in a short time	θα ήθελα να μάθω πολλά σε λίγο χρόνο	5dad9ffd-808c-42fe-92d4-2dea679106be
el_for_eng:S0092L01U05	unfortunately, I would like to learn more	δυστυχώς, θα ήθελα να μάθω περισσότερα	de648416-880c-4b80-aab1-dc133718a7b4
el_for_eng:S0092L02B01	to continue	να συνεχίσω	026ad68a-c2a1-458e-a755-bc2a315f03ca
el_for_eng:S0092L02B02	I want to continue	θέλω να συνεχίσω	6818d375-f211-4997-bfcf-c60331b0517e
el_for_eng:S0092L02B03	can I continue?	μπορώ να συνεχίσω;	51e860ee-1f5f-4ac5-bfe1-f52d923ca3bc
el_for_eng:S0092L02B04	I would like to continue	θα ήθελα να συνεχίσω	48d7d544-750c-4d19-9c66-aba22d49e3d4
el_for_eng:S0092L02C01	I continue	συνεχίσω	704ca58e-be13-4155-9d28-c0828d8d4eec
el_for_eng:S0092L02U01	I think I want to continue	νομίζω ότι θέλω να συνεχίσω	547af421-fa01-4a7f-a57c-9a5985639234
el_for_eng:S0092L02U03	unfortunately, I can't continue	δυστυχώς, δεν μπορώ να συνεχίσω	5307014a-0335-41a6-8fe3-bf3daccad7df
el_for_eng:S0092L02U04	if it's possible, I would like to continue	αν είναι δυνατό, θα ήθελα να συνεχίσω	0643139c-edd7-47fd-8e37-85cfd210c57f
el_for_eng:S0092L02U05	I'm not sure if I can continue	δεν είμαι σίγουρος αν μπορώ να συνεχίσω	49c289cd-2323-4195-8397-058a8c8d758c
el_for_eng:S0092L03B01	to do it	να το κάνω	0fcbb882-98a6-4acc-bbf5-d6d6d8e7b1c5
el_for_eng:S0092L03B02	I want to do it	θέλω να το κάνω	668f5a2e-830b-47a9-8b04-9553c8a55025
el_for_eng:S0092L03B03	can I do it?	μπορώ να το κάνω;	5cbc2a87-348c-43d7-a7ac-61d127cf5dbf
el_for_eng:S0092L03B04	I would like to do it	θα ήθελα να το κάνω	9ca459e9-2066-475e-8245-d6b979fcd6bf
el_for_eng:S0092L03C01	I do	κάνω	454cdbce-5866-4dae-83d9-9d056652ae5e
el_for_eng:S0092L03U01	unfortunately, I can't do it	δυστυχώς, δεν μπορώ να το κάνω	319d08d0-b88a-48d9-ac30-cb43ef8734b1
el_for_eng:S0092L03U02	I would like to continue to do it	θα ήθελα να συνεχίσω να το κάνω	1d24b1f5-0689-480e-8704-216be0aaf18f
el_for_eng:S0092L03U03	if it's possible, I want to do it	αν είναι δυνατό, θέλω να το κάνω	b8bba3ea-b036-4474-8f30-ffbee1f6207a
el_for_eng:S0092L03U04	I'm not sure if I can do it	δεν είμαι σίγουρος αν μπορώ να το κάνω	bcddb0a6-cb98-4abe-9a43-f43b3cd333b7
el_for_eng:S0092L03U05	I think I can do it in a short time	νομίζω ότι μπορώ να το κάνω σε λίγο χρόνο	c489141c-4f49-43ae-b053-2c60ac5b7904
el_for_eng:S0092L04B01	this was difficult	αυτό ήταν δύσκολο	db30e53b-5fb7-4f39-a969-e791a5e3aca8
el_for_eng:S0092L04B02	this was great	αυτό ήταν υπέροχο	aa0df22a-f0a1-49b8-afd5-1e305cf1340f
el_for_eng:S0092L04B03	I'm surprised at this	εκπλήσσομαι με αυτό	b9740695-ca35-4875-a569-38fe2b82ef6e
el_for_eng:S0092L04U01	this is important	αυτό είναι σημαντικό	f860d144-7ad6-4fb0-9195-018d291a26a1
el_for_eng:S0092L04U02	I want to do this	θέλω να το κάνω αυτό	8629df4e-3b1a-4a6d-bb87-8fe1134d89a3
el_for_eng:S0092L04U03	I know this is possible	ξέρω ότι αυτό είναι δυνατό	4c54dfe3-4af7-4d7e-9188-d55a8e6918ab
el_for_eng:S0092L04U04	I don't understand this yet	δεν καταλαβαίνω αυτό ακόμα	76f6554a-0786-44f1-bff3-8fd7d996a314
el_for_eng:S0092L04U05	I would like to continue to do this	θα ήθελα να συνεχίσω να το κάνω αυτό	b772407f-fb5c-43df-9be1-b604fc6956bc
el_for_eng:S0092L05B01	for a while	για λίγο	d9a6d1d1-b6c8-4dd9-bd11-52088c529383
el_for_eng:S0092L05B02	I want to speak for a while	θέλω να μιλήσω για λίγο	79eb606f-9c88-4a12-94a1-f460c9761a82
el_for_eng:S0092L05B03	I would like to continue for a while	θα ήθελα να συνεχίσω για λίγο	d3208f11-98da-4607-815b-250ac8dcc285
el_for_eng:S0092L05U01	I think I want to learn for a while	νομίζω ότι θέλω να μάθω για λίγο	1d2e71e0-f001-4801-b47e-b1bccb87401f
el_for_eng:S0092L05U02	I would like to do this for a while	θα ήθελα να το κάνω αυτό για λίγο	3b91563e-56ea-4129-bb10-a9eb110e26e7
el_for_eng:S0092L05U03	I would like to speak more slowly for a while	θα ήθελα να μιλήσω πιο αργά για λίγο	ff10a8f2-2dad-4a68-904a-1b323716bd68
el_for_eng:S0092L05U04	if it's possible, I would like to continue for a while	αν είναι δυνατό, θα ήθελα να συνεχίσω για λίγο	6d09361f-e2ef-41a0-97c3-160bd888994a
el_for_eng:S0092L05U05	I'm not sure if I can continue for a while	δεν είμαι σίγουρος αν μπορώ να συνεχίσω για λίγο	7a44daff-fe74-4aa1-941c-7790d5986388
el_for_eng:S0093L01B01	it's time	είναι ώρα	cca793de-5b77-4abd-8c47-62e543ad1bc9
el_for_eng:S0093L01B02	what time was it?	τι ώρα ήταν;	7210f218-7331-4f60-b5f5-0551958663a3
el_for_eng:S0093L01B03	it's not time	δεν είναι ώρα	3bebe566-13c9-4458-a6d3-c99efb89a0af
el_for_eng:S0093L01U01	I know what time it was	ξέρω τι ώρα ήταν	f35918dc-e81d-4390-b925-8ffc057c5a8c
el_for_eng:S0093L01U02	I don't know what time it was	δεν ξέρω τι ώρα ήταν	493674ad-9ed6-459c-a43e-ba04f00fe420
el_for_eng:S0093L01U03	I think it's time	νομίζω ότι είναι ώρα	00221f58-2abb-4c5b-84de-8a8d89737a19
el_for_eng:S0093L01U04	unfortunately, it's not time yet	δυστυχώς, δεν είναι ώρα ακόμα	66cb5d61-acb4-4de9-8a98-fbd7fd841666
el_for_eng:S0093L01U05	I'm not sure what time it is	δεν είμαι σίγουρος τι ώρα είναι	78dddeec-8fd7-4ddc-9620-c952257dc52f
el_for_eng:S0093L02B01	to go	να φύγουμε	2ea21f01-b78a-4874-98f2-ebeafe8c486b
el_for_eng:S0093L02B02	I want us to go	θέλω να φύγουμε	f4375a4c-cd7a-499b-9847-d2287e6dd343
el_for_eng:S0093L02B03	I don't want us to go	δεν θέλω να φύγουμε	aa8cf69b-db45-4f7c-9265-a76a0475852f
el_for_eng:S0093L02B04	I would like us to go	θα ήθελα να φύγουμε	81a9434a-c258-490b-8341-7f8310d8e170
el_for_eng:S0093L02C01	we go	φύγουμε	cafa4727-00e3-485a-bc4a-aee53064825c
el_for_eng:S0093L02U01	it's time to go	είναι ώρα να φύγουμε	37af2f2c-2c0f-445b-a625-67bf48f90f31
el_for_eng:S0093L02U02	I think it's time to go	νομίζω ότι είναι ώρα να φύγουμε	d2d3f7e4-b476-4440-b32e-ba56857f1222
el_for_eng:S0093L02U03	if it's possible, I would like us to go	αν είναι δυνατό, θα ήθελα να φύγουμε	13e63cd2-eb88-49ca-ae7d-3cbdcbfa0674
el_for_eng:S0093L02U04	unfortunately, it's not possible to go	δυστυχώς, δεν είναι δυνατό να φύγουμε	213e791c-6ea7-472d-9e29-22ab5ca4746a
el_for_eng:S0093L02U05	I'm not sure if it's time to go	δεν είμαι σίγουρος αν είναι ώρα να φύγουμε	9d1ae2b8-49b7-4ffb-89ec-2111320358e0
el_for_eng:S0094L01B01	he said it	αυτός είπε	9e9b8788-7b59-4206-a1e8-310e5786606b
el_for_eng:S0094L01B02	he didn't want to	αυτός δεν ήθελε	a07051ef-7815-4a75-ba43-5b39cec89d75
el_for_eng:S0094L01B03	he is the one who said it	αυτός είναι που είπε	2cbb8c57-664b-4133-9b30-f7bd2d501ac7
el_for_eng:S0094L01U01	I think he said it	νομίζω ότι αυτός είπε	e47cbc02-ee49-4edb-a01b-4bcecfefc6e8
el_for_eng:S0094L01U02	I know he didn't want to	ξέρω ότι αυτός δεν ήθελε	db50a579-ccda-41d4-96d6-089d0f3b5575
el_for_eng:S0094L01U03	I'm surprised he said it	εκπλήσσομαι ότι αυτός είπε	797cc5d7-aa1e-4353-8b88-dca93a7acd25
el_for_eng:S0094L01U04	unfortunately, he didn't want to tell me	δυστυχώς, αυτός δεν ήθελε να μου πει	f0589b4d-d069-49e3-a75d-254ab65fe4b4
el_for_eng:S0094L01U05	I'm not sure if he is the one who said it	δεν είμαι σίγουρος αν αυτός είναι που είπε	34d813fb-1690-4882-b64c-9663bac0224e
el_for_eng:S0094L02B01	the only way	ο μόνος τρόπος	f412e7f7-9664-4cff-b4cf-29714e599bf8
el_for_eng:S0094L02B02	it's the only way	είναι ο μόνος τρόπος	af173190-419e-42b3-ae33-044b3c927395
el_for_eng:S0094L02B03	this is the only way	αυτός είναι ο μόνος τρόπος	f7b137cd-8ef0-45ce-a51a-ed3ed59e61b0
el_for_eng:S0094L02B04	I know it's the only way	ξέρω ότι είναι ο μόνος τρόπος	5e009bc7-43d0-458c-8943-1a7f56df7bde
el_for_eng:S0094L02U01	I agree, it's the only way	συμφωνώ, είναι ο μόνος τρόπος	967c79ca-b1eb-4492-8aa2-83512c1cdcab
el_for_eng:S0094L02U02	unfortunately, it's the only way	δυστυχώς, είναι ο μόνος τρόπος	221d2952-694d-48bf-8c38-dc8377b60768
el_for_eng:S0094L02U03	I'm surprised it's the only way	εκπλήσσομαι ότι είναι ο μόνος τρόπος	7376990e-ef70-4c8e-9e63-ffa8989407cb
el_for_eng:S0094L02U04	I think this is the only way	νομίζω ότι αυτός είναι ο μόνος τρόπος	cbd8ad0d-47c0-4fc4-be8b-91ec60ed3546
el_for_eng:S0094L02U05	I'm not sure if this is the only way	δεν είμαι σίγουρος αν αυτός είναι ο μόνος τρόπος	bcd48188-778b-4acc-a227-bc1eed3c432a
el_for_eng:S0094L03B01	it will work	θα λειτουργήσει	eed27242-b8b3-4f88-ba36-4cb193f7a1c0
el_for_eng:S0094L03B02	it won't work	δεν θα λειτουργήσει	c59e2849-347a-4663-abc4-16212472b9e1
el_for_eng:S0094L03B03	I know it will work	ξέρω ότι θα λειτουργήσει	4722dcfe-11ce-407d-8929-257250d6c3c7
el_for_eng:S0094L03U01	I think it will work	νομίζω ότι θα λειτουργήσει	932d6be4-cf0e-4bf4-bb4a-07f7c3ca3095
el_for_eng:S0094L03U02	unfortunately, it won't work	δυστυχώς, δεν θα λειτουργήσει	237f58e3-7213-4e7d-a73e-6ecf33408bcb
el_for_eng:S0094L03U03	I'm not sure if it will work	δεν είμαι σίγουρος αν θα λειτουργήσει	7e3f3626-8dbc-4d91-b79f-975ea0b1d97b
el_for_eng:S0094L03U04	this is the only way it will work	αυτός είναι ο μόνος τρόπος που θα λειτουργήσει	e58c1da8-e89c-4798-b536-640efa6cca5d
el_for_eng:S0094L03U05	if this is the only way, it will work	αν αυτός είναι ο μόνος τρόπος, θα λειτουργήσει	b37f26ec-f713-45f5-a19b-66b76d5019a3
el_for_eng:S0095L01B01	are you ready?	είσαι έτοιμος;	143f0999-6234-42a2-bf0a-0b7b3079c928
el_for_eng:S0095L01B02	are you sure?	είσαι σίγουρος;	cedda893-fe6f-4cc1-a258-f87f6717d19c
el_for_eng:S0095L01B03	you are not ready	δεν είσαι έτοιμος	ac5ad1d3-4a04-4d8f-9170-be0d22ff937c
el_for_eng:S0095L01U01	I think you are ready	νομίζω ότι είσαι έτοιμος	292494aa-4dc1-4df3-91d6-55fa6e67098d
el_for_eng:S0095L01U02	I'm surprised you are ready	εκπλήσσομαι ότι είσαι έτοιμος	3c4bb52f-0282-49ad-970d-8aed72df6b55
el_for_eng:S0095L01U03	I know you are not ready yet	ξέρω ότι δεν είσαι έτοιμος ακόμα	2860049e-48c3-40f9-8416-1151ec6148ef
el_for_eng:S0095L01U04	are you sure it will work?	είσαι σίγουρος ότι θα λειτουργήσει;	075c4fad-46dd-4a25-944e-3432221607db
el_for_eng:S0095L01U05	I'm not sure if you are ready	δεν είμαι σίγουρος αν είσαι έτοιμος	c998b336-ebd8-48cb-9079-e900401f1722
el_for_eng:S0095L03B01	to go	να πας	2ea21f01-b78a-4874-98f2-ebeafe8c486b
el_for_eng:S0095L03B02	do you want to go?	θέλεις να πας;	c40c0ae4-d997-4c0b-95d3-e87eb2f5dcbd
el_for_eng:S0095L03B03	can you go?	μπορείς να πας;	2ce19061-a82a-47b2-b015-c9e42385a985
el_for_eng:S0095L03B04	are you ready to go?	είσαι έτοιμος να πας;	59425417-3dbe-45bf-883f-76ddedf80e37
el_for_eng:S0095L03C01	you go	πας	8762e44e-7d04-43a1-bfe8-35face3a5b6c
el_for_eng:S0095L03U01	I think you want to go	νομίζω ότι θέλεις να πας	7858b966-4e26-499e-b37d-ed97a6978fdd
el_for_eng:S0095L03U02	I know you want to go now	ξέρω ότι θέλεις να πας τώρα	b162fb06-8b9d-478a-9ec4-ba2dbace0d77
el_for_eng:S0095L03U03	are you sure you want to go?	είσαι σίγουρος ότι θέλεις να πας;	9c4cf8b0-c738-4e7e-aece-7212e1138157
el_for_eng:S0095L03U04	I'm not sure if you can go	δεν είμαι σίγουρος αν μπορείς να πας	e55da9c5-341f-4315-a873-62f4b9fb0e73
el_for_eng:S0095L03U05	if you are ready to go, that would be great	αν είσαι έτοιμος να πας, θα ήταν υπέροχο	0039b5d2-5300-49cf-baa6-66b36ede2207
el_for_eng:S0095L04B01	do you want to go home?	θέλεις να πας σπίτι;	f56fc17b-d104-494e-bd1e-65ee8223db55
el_for_eng:S0095L04B02	can you go home?	μπορείς να πας σπίτι;	c238d306-86f1-4ce5-81ca-5f791ea6d4f3
el_for_eng:S0095L04B03	are you ready to go home?	είσαι έτοιμος να πας σπίτι;	19d3dd75-26c1-4e55-994f-9625628ca67e
el_for_eng:S0095L04U01	I think you want to go home	νομίζω ότι θέλεις να πας σπίτι	18d9990e-2466-4ef5-9653-5293d78398a8
el_for_eng:S0095L04U02	I know you are ready to go home	ξέρω ότι είσαι έτοιμος να πας σπίτι	4c249d58-b1f6-4c38-add6-d7b8f374dc14
el_for_eng:S0095L04U03	if you want to go home, that would be great	αν θέλεις να πας σπίτι, θα ήταν υπέροχο	416ca144-9b18-4e1b-a2d0-b5e7f32a160b
el_for_eng:S0095L04U04	I'm not sure if you want to go home now	δεν είμαι σίγουρος αν θέλεις να πας σπίτι τώρα	71ffd412-46c5-4bd8-bc3b-780f911f018f
el_for_eng:S0095L04U05	unfortunately, you are not ready to go home yet	δυστυχώς, δεν είσαι έτοιμος να πας σπίτι ακόμα	45474e92-3984-4689-81af-127534aab0f2
el_for_eng:S0095L05B01	the next bus	το επόμενο λεωφορείο	7b77794a-793e-4752-b18e-44584e3e0627
el_for_eng:S0095L05B02	do you want to go on the next bus?	θέλεις να πας με το επόμενο λεωφορείο;	225a3dc1-310b-406f-8075-ab86c32bbc88
el_for_eng:S0095L05B03	are you ready for the next bus?	είσαι έτοιμος για το επόμενο λεωφορείο;	7a6bb267-931f-4e92-9d44-b23c00c637c5
el_for_eng:S0095L05U01	unfortunately, the next bus is not possible	δυστυχώς, το επόμενο λεωφορείο δεν είναι δυνατό	b59e8e97-200b-4cc3-8cfb-9629490f05eb
el_for_eng:S0095L05U02	are you ready to go home on the next bus?	είσαι έτοιμος να πας σπίτι με το επόμενο λεωφορείο;	da1717c2-7c8c-4cf9-b983-8b1a7d402c3a
el_for_eng:S0095L05U03	I think the next bus is the only way	νομίζω ότι το επόμενο λεωφορείο είναι ο μόνος τρόπος	1a2a8fcf-f2c4-4cf2-aaf7-abe22763c891
el_for_eng:S0095L05U04	if you are ready, you can go on the next bus	αν είσαι έτοιμος, μπορείς να πας με το επόμενο λεωφορείο	612f6bc4-f0ac-406f-8a31-03d330a35b08
el_for_eng:S0095L05U05	I'm not sure if you can go on the next bus	δεν είμαι σίγουρος αν μπορείς να πας με το επόμενο λεωφορείο	5ec2b65c-1c9b-471a-8667-7f8b68852c1b
el_for_eng:S0096L01B01	no	όχι	83d0c61a-d078-4152-8749-d12cb23284ae
el_for_eng:S0096L01B02	no, I don't want to do it	όχι, δεν θέλω να το κάνω	b3adcbe9-9a97-47bf-928e-0948e4cdeb97
el_for_eng:S0096L01B03	no, I don't know if you can say it again	όχι, δεν ξέρω αν μπορείς να το πεις ξανά	968c023c-4406-4dcd-8282-229b71935889
el_for_eng:S0096L01U01	no, it's not possible	όχι, δεν είναι δυνατό	a86bc60a-c782-40ce-85db-d10d928f96a0
el_for_eng:S0096L01U02	no, I'm not ready	όχι, δεν είμαι έτοιμος	6fac5043-483c-4342-8141-38b73d4e43d1
el_for_eng:S0096L01U03	no, I'm not sure	όχι, δεν είμαι σίγουρος	5fae8d76-4b17-43f9-943c-dcd1714af181
el_for_eng:S0096L01U04	no, unfortunately it wasn't possible	όχι, δυστυχώς δεν ήταν δυνατό	b9558d6f-5b07-4483-b3de-d46a56463bf2
el_for_eng:S0096L01U05	no, I don't think it will work	όχι, δεν νομίζω ότι θα λειτουργήσει	659fcabe-a149-41bc-b3a8-5aba61c60732
el_for_eng:S0096L03B01	I don't need it	δεν χρειάζομαι	125d20f4-aa5f-4d9f-b991-b9468ce435af
el_for_eng:S0096L03B02	I need time	χρειάζομαι χρόνο	e285b96c-f531-4779-9e69-4756bfef18c3
el_for_eng:S0096L03B03	I need a little more time	χρειάζομαι λίγο ακόμα χρόνο	6c4d0afd-214c-4f07-ae03-cd940dbb5cc7
el_for_eng:S0096L03U01	I think I need time	νομίζω ότι χρειάζομαι χρόνο	5f5bd30c-7704-42e1-a341-7362a97b4892
el_for_eng:S0096L03U02	unfortunately, I need a little time	δυστυχώς, χρειάζομαι λίγο χρόνο	e5858c7b-dc76-403e-a1ae-df8c38b79505
el_for_eng:S0096L03U03	I'm surprised I need this	εκπλήσσομαι ότι χρειάζομαι αυτό	5b1496e2-bd9d-40fe-8325-b7f769f326bc
el_for_eng:S0096L03U04	I know I need a little more time	ξέρω ότι χρειάζομαι λίγο ακόμα χρόνο	9ccf99ef-5d74-4208-af42-cf5fb879bd2d
el_for_eng:S0096L03U05	I'm not sure if I need this	δεν είμαι σίγουρος αν χρειάζομαι αυτό	e25f9a95-e99b-45e2-ab1f-ef38e4fe2205
el_for_eng:S0097L01B01	yes	ναι	a475ab5a-ef8f-4adb-9798-6314866b8be9
el_for_eng:S0097L01B02	yes, it's time for us to leave now	ναι, είναι ώρα να φύγουμε τώρα	77fd1b55-029b-4d53-b2c1-9104a53395d9
el_for_eng:S0097L01B03	yes, it would be great for you to answer in time	ναι, θα ήταν υπέροχο να απαντήσεις εγκαίρως	04523427-3c28-479d-8e86-d81e887ffca8
el_for_eng:S0097L01U01	yes, it's possible	ναι, είναι δυνατό	68fe4e40-701d-4e7b-a944-21fe37a8cf9c
el_for_eng:S0097L01U02	yes, I'm ready	ναι, είμαι έτοιμος	583eecff-2552-4292-8840-1691807e3ca9
el_for_eng:S0097L01U03	yes, I would like to continue	ναι, θα ήθελα να συνεχίσω	c3f5e8f6-6721-4d81-a36c-ba0f8882e164
el_for_eng:S0097L01U04	yes, I'm ready to speak	ναι, είμαι έτοιμος να μιλήσω	1ccf8585-309a-445e-895c-a2be62f24119
el_for_eng:S0097L01U05	yes, I think it will work	ναι, νομίζω ότι θα λειτουργήσει	e5e8ddc7-9e68-41d5-ba71-cd27da178732
el_for_eng:S0097L02B01	whenever you want	όποτε θέλεις	f6cca8db-f99f-4c57-a59c-db281e0db06a
el_for_eng:S0097L02B02	whenever it's possible	όποτε είναι δυνατό	c0c60653-9a7c-4d40-803c-b85420924bcf
el_for_eng:S0097L02B03	whenever I'm ready	όποτε είμαι έτοιμος	03c95445-5555-48e3-b57c-930fb4f31858
el_for_eng:S0097L02U01	I will go whenever you want	θα φύγω όποτε θέλεις	ab9be386-cd11-413b-b391-c53c33f48722
el_for_eng:S0097L02U02	whenever I'm ready, I will speak	όποτε είμαι έτοιμος, θα μιλήσω	f223836e-4626-4bfd-be52-c9a64f14f229
el_for_eng:S0097L02U03	I want to continue whenever possible	θέλω να συνεχίσω όποτε είναι δυνατό	00f6ae6c-4173-4b9f-80df-4b996595852f
el_for_eng:S0097L02U05	I would like you to go home whenever possible	θα ήθελα να πας σπίτι όποτε είναι δυνατό	82ee8411-18ae-4861-be21-d297737e1576
el_for_eng:S0098L01B01	I must	πρέπει να	6054f8b8-205c-4eee-b3ef-646a23eeaf51
el_for_eng:S0098L01B02	I must learn	πρέπει να μάθω	afcd9455-84b0-464c-ac33-8c612c12c6bf
el_for_eng:S0098L01B03	I must speak	πρέπει να μιλήσω	7a7bf3b9-43b5-4521-9cd6-7cc759d7a7b1
el_for_eng:S0098L01B04	I must continue	πρέπει να συνεχίσω	708bf5f5-ff63-493d-87d8-fa09db052e8e
el_for_eng:S0098L01C01	it is necessary	πρέπει	084209bd-f350-485b-abd5-d36a1fe10260
el_for_eng:S0098L01U01	I must speak more slowly	πρέπει να μιλήσω πιο αργά	bbacda6e-4e8f-440c-ab85-fc6b8776f2f7
el_for_eng:S0098L01U02	I must go home now	πρέπει να φύγω σπίτι τώρα	391dfb1d-3f83-40cd-944f-ac87ebf9e1d2
el_for_eng:S0098L01U03	I know I must do this	ξέρω ότι πρέπει να κάνω αυτό	6d484f39-38b8-4af8-8af3-a41b364fd9a2
el_for_eng:S0098L01U04	I think I must continue	νομίζω ότι πρέπει να συνεχίσω	9c6ea4f2-8924-43a9-b566-e407e2c840a8
el_for_eng:S0098L01U05	I must learn a lot in a short time	πρέπει να μάθω πολλά σε λίγο χρόνο	819b6fae-4d4a-42ea-989f-5192202a2840
el_for_eng:S0098L02B01	I want to consider	θέλω να εξετάσω	e9a59e98-3663-4fb4-a8e2-3f6baa817c0a
el_for_eng:S0098L02B02	I must consider	πρέπει να εξετάσω	18dea780-5097-4a39-bc6d-92d642300b47
el_for_eng:S0098L02B03	I must consider this	πρέπει να εξετάσω αυτό	66c7ddaf-9d8f-427a-be36-bab7cca89785
el_for_eng:S0098L02U01	I would like to consider this	θα ήθελα να εξετάσω αυτό	e94e0f77-680f-4e0f-82d4-0096643d95b1
el_for_eng:S0098L02U02	I must consider it for a while	πρέπει να εξετάσω για λίγο	a2e652b9-9370-4044-a318-f760b1ada4ad
el_for_eng:S0098L02U03	I know I must consider this	ξέρω ότι πρέπει να εξετάσω αυτό	0ad370dc-4626-4398-9695-b15e29b3aac1
el_for_eng:S0098L02U04	I think I must consider this	νομίζω ότι πρέπει να εξετάσω αυτό	cbdaa00a-82ef-4abb-ada7-d356b4ae2b0d
el_for_eng:S0098L02U05	I want to consider if it will work	θέλω να εξετάσω αν θα λειτουργήσει	8aff0047-f61b-4b67-bd2a-593c6ae667c0
el_for_eng:S0098L03B01	to play	να παίξω	d947a771-fcbb-4394-ae28-8ba8d4cb9790
el_for_eng:S0098L03B02	I want to play	θέλω να παίξω	c69fc04b-a212-441b-b06e-e944cea18585
el_for_eng:S0098L03B03	can I play?	μπορώ να παίξω;	0cf672f6-8c8d-4053-866b-5667cb7594c7
el_for_eng:S0098L03B04	I must play	πρέπει να παίξω	a7fb81b4-ad01-414b-acf2-6c91986bf885
el_for_eng:S0098L03C01	I play	παίξω	bfb9be3f-d885-4989-bf56-8691331cddd8
el_for_eng:S0098L03U01	yes, I would like to play	ναι, θα ήθελα να παίξω	6f0797d4-82c2-4acb-a331-4d676485f09e
el_for_eng:S0098L03U02	I would like to play for a while	θα ήθελα να παίξω για λίγο	706416f5-91f5-428f-9c25-f02eda2a1f75
el_for_eng:S0098L03U03	I think I must play now	νομίζω ότι πρέπει να παίξω τώρα	bef68d04-9200-4d4c-8c4f-69f2043a1109
el_for_eng:S0098L03U04	I want to play whenever it's possible	θέλω να παίξω όποτε είναι δυνατό	4383541c-bbd3-41a7-9793-63efb0a02d09
el_for_eng:S0098L03U05	I'm not sure if I can play	δεν είμαι σίγουρος αν μπορώ να παίξω	6e8ff9c9-967a-4ef0-8870-22b8ae7f2a49
el_for_eng:S0098L04B01	something else	κάτι άλλο	f411c01a-870a-42ff-964c-e7c0d45b1265
el_for_eng:S0098L04B02	I want something else	θέλω κάτι άλλο	a72c723c-5371-4576-97e2-0e2b9b5ba2e8
el_for_eng:S0098L04B03	I must do something else	πρέπει να κάνω κάτι άλλο	abf22b7e-1042-441e-b846-d12a60515dcc
el_for_eng:S0098L04U01	I would like to do something else	θα ήθελα να κάνω κάτι άλλο	a7fd2824-8b8a-41dd-9cda-fbc89843f0c5
el_for_eng:S0098L04U02	unfortunately, I need something else	δυστυχώς, χρειάζομαι κάτι άλλο	8509e6ee-061b-4048-8248-19a3a7728a85
el_for_eng:S0098L04U03	I know I must play something else	ξέρω ότι πρέπει να παίξω κάτι άλλο	a7077a47-8f3b-451c-86e0-1d34b8fd702e
el_for_eng:S0098L04U04	I'm not sure if I want something else	δεν είμαι σίγουρος αν θέλω κάτι άλλο	261330d8-a74b-48e5-81cd-57e7a386722d
el_for_eng:S0098L04U05	I think I must consider something else	νομίζω ότι πρέπει να εξετάσω κάτι άλλο	49c53568-878d-470a-a143-462545b879a2
el_for_eng:S0099L01B01	you must start	πρέπει να αρχίσεις	de6132ce-b77b-4fd7-9643-63f266ff5cbf
el_for_eng:S0099L01B02	you must learn	πρέπει να μαθαίνεις	8be09d31-5c1d-4300-abd0-cdeae435c807
el_for_eng:S0099L01B03	you must go home	πρέπει να πας σπίτι	086aab69-7df9-4351-a261-83797b6e3fdc
el_for_eng:S0099L01U01	I know I must continue	ξέρω ότι πρέπει να συνεχίσω	e88dd127-2b08-4d46-ac27-6882ab88b5aa
el_for_eng:S0099L01U02	yes, you must speak more slowly	ναι, πρέπει να μιλάς πιο αργά	d7e23996-6d59-4939-af1a-d696be899d2e
el_for_eng:S0099L01U03	are you sure you must go?	είσαι σίγουρος ότι πρέπει να πας;	67bf9637-9a9c-4e8c-8224-0da6f9d123f6
el_for_eng:S0099L01U04	I think you must go home now	νομίζω ότι πρέπει να πας σπίτι τώρα	fa703f91-94e0-4e0f-afb6-f4e34846627c
el_for_eng:S0099L01U05	I must do this whenever it's possible	πρέπει να κάνω αυτό όποτε είναι δυνατό	d287cd7f-7c08-4a8f-a389-f25423bd6b82
el_for_eng:S0099L02B01	to wonder	να αναρωτηθείς	258abd28-f756-4d1a-a2a3-8d992e19de66
el_for_eng:S0099L02B02	you must wonder	πρέπει να αναρωτηθείς	c96e6503-bb1f-43b8-97ea-c1932de8fe5f
el_for_eng:S0099L02B03	do you want to wonder?	θέλεις να αναρωτηθείς;	581d878b-a7c9-4346-84ba-64bfd936f770
el_for_eng:S0099L02B04	can you wonder?	μπορείς να αναρωτηθείς;	9e97a803-df2b-4457-8010-c4b9eed0f061
el_for_eng:S0099L02C01	you wonder	αναρωτηθείς	d594a382-4b88-4fd9-bdce-22d8e2dc0e2b
el_for_eng:S0099L02U01	I know you must wonder	ξέρω ότι πρέπει να αναρωτηθείς	1a234c07-bbe1-43ca-9f23-88b9ad550078
el_for_eng:S0099L02U02	I think you must wonder	νομίζω ότι πρέπει να αναρωτηθείς	0d389b33-00e6-4fa5-ab92-498606e98afc
el_for_eng:S0099L02U03	yes, you must wonder why	ναι, πρέπει να αναρωτηθείς γιατί	59076cfa-9261-430b-8fce-23a980bfab3e
el_for_eng:S0099L02U04	are you sure you want to wonder?	είσαι σίγουρος ότι θέλεις να αναρωτηθείς;	a3d323c0-4079-47a4-8118-808af26ca60a
el_for_eng:S0099L02U05	you must wonder if it's the only way	πρέπει να αναρωτηθείς αν είναι ο μόνος τρόπος	b22747cd-cd4e-4426-b02b-ef1daf07da04
el_for_eng:S0099L03B01	it works	λειτουργεί	c4f58655-7ff8-4776-8a13-61745d118291
el_for_eng:S0099L03B02	it's not working	δεν λειτουργεί	7e060dab-7e55-4445-8251-5971097d00e3
el_for_eng:S0099L03B03	I think it works	νομίζω ότι λειτουργεί	e5460f5a-5a91-4b89-9e48-24eb4a19d2a5
el_for_eng:S0099L03U01	I'm surprised it's working	εκπλήσσομαι ότι λειτουργεί	a1b1acf8-1a51-47e2-a227-74e258e06454
el_for_eng:S0099L03U02	unfortunately, it's not working now	δυστυχώς, δεν λειτουργεί τώρα	65515721-e31c-466e-ac1c-7de8c0563aff
el_for_eng:S0099L03U03	I'm not sure if it's working	δεν είμαι σίγουρος αν λειτουργεί	c322c56b-39ee-4ec4-a895-571391cb45fd
el_for_eng:S0099L03U04	you must wonder why it's not working	πρέπει να αναρωτηθείς γιατί δεν λειτουργεί	7e47af80-afdc-4cc6-85e7-a19e722bf785
el_for_eng:S0099L03U05	I know it works, this is the only way	ξέρω ότι λειτουργεί, αυτός είναι ο μόνος τρόπος	8adc9c1e-a9a3-44e9-9717-68bedc0bb64d
el_for_eng:S0100L01B01	to worry	να ανησυχείς	1676f3cc-8562-4765-ba4b-618a5c23e0d7
el_for_eng:S0100L01B02	do you want to worry?	θέλεις να ανησυχείς;	1360c6e9-19c8-4c6e-b825-154fbaaf2587
el_for_eng:S0100L01B03	can you worry?	μπορείς να ανησυχείς;	0c384939-1926-444b-bb52-c4c62bdd239d
el_for_eng:S0100L01B04	you shouldn't worry	δεν πρέπει να ανησυχείς	6215bbf7-478c-431b-9abd-8f5c42a5d2d2
el_for_eng:S0100L01C01	you worry	ανησυχείς	c5f5ba0e-e067-4a5b-b7ff-4baf1361aefa
el_for_eng:S0100L01U01	you shouldn't worry now	δεν πρέπει να ανησυχείς τώρα	4a6123ce-3380-4559-9c8b-64eabaa3276c
el_for_eng:S0100L01U02	I know you shouldn't worry	ξέρω ότι δεν πρέπει να ανησυχείς	0ed0d12f-b857-47da-8c75-eb690ce8ce53
el_for_eng:S0100L01U03	I think you shouldn't worry	νομίζω ότι δεν πρέπει να ανησυχείς	6fe20e4a-f538-403e-84e0-d2c5531ab25b
el_for_eng:S0100L01U04	I'm surprised you want to worry	εκπλήσσομαι ότι θέλεις να ανησυχείς	e3389fb5-fd17-46e3-bb3d-8c10fead47c9
el_for_eng:S0100L01U05	are you sure you want to worry?	είσαι σίγουρος ότι θέλεις να ανησυχείς;	fe151c80-9c8d-45fb-b8f1-ed9abad101a1
el_for_eng:S0100L02B01	something similar	κάτι παρόμοιο	c86f40f9-2f5f-454b-9a9c-360891b8423c
el_for_eng:S0100L02B02	I want something similar	θέλω κάτι παρόμοιο	f92073d6-f81c-48e0-8de2-ba0151f1b4ef
el_for_eng:S0100L02B03	it's something similar	είναι κάτι παρόμοιο	1fdeed81-3347-4a6a-8ddf-fe77da55e945
el_for_eng:S0100L02U01	I would like something similar	θα ήθελα κάτι παρόμοιο	31590850-6414-4edc-9a3f-7077bdc457bb
el_for_eng:S0100L02U02	I know it's something similar	ξέρω ότι είναι κάτι παρόμοιο	ae52e142-9caf-4919-a30d-4d7cf8cf672f
el_for_eng:S0100L02U03	I think it's something similar	νομίζω ότι είναι κάτι παρόμοιο	7868a69c-f326-4c61-9664-02924d979214
el_for_eng:S0100L02U04	you shouldn't worry about something similar	δεν πρέπει να ανησυχείς για κάτι παρόμοιο	109d05ca-87c6-4416-bed5-4de5a300329d
el_for_eng:S0100L02U05	I'm not sure if it's something similar	δεν είμαι σίγουρος αν είναι κάτι παρόμοιο	7afdb393-1ad3-4485-a82c-4ce084c16181
el_for_eng:S0101L01B01	I enjoy it	το απολαμβάνω	d9e9245a-d792-44b6-828a-7e563b3d48b4
el_for_eng:S0101L01B02	I enjoy this	απολαμβάνω αυτό	4efb3ca9-c158-425d-ab9c-580121da12e2
el_for_eng:S0101L01B03	I don't enjoy it	δεν το απολαμβάνω	e8cb1f60-d703-4e32-8ab3-1719b3a5f0e7
el_for_eng:S0101L01U01	I know I enjoy it	ξέρω ότι το απολαμβάνω	b44de509-cb26-445e-8dfc-7a8cdc8f57e1
el_for_eng:S0101L01U02	yes, I enjoy it very much	ναι, το απολαμβάνω πολύ	28a92e38-beb0-4a21-a25f-b96ee0d8db65
el_for_eng:S0101L01U03	I think I enjoy this	νομίζω ότι απολαμβάνω αυτό	fead5b5b-0694-4112-80d2-b09ee1405e6a
el_for_eng:S0101L01U04	I'm surprised I enjoy it	εκπλήσσομαι ότι το απολαμβάνω	c81f0bc0-d529-48fa-906f-219cddbd3a71
el_for_eng:S0101L01U05	unfortunately, I don't enjoy it yet	δυστυχώς, δεν το απολαμβάνω ακόμα	55dff1f7-9646-4304-8388-18b8cc7ac5f9
el_for_eng:S0101L02B01	this language	αυτή τη γλώσσα	6da5e248-f197-45d3-bd5c-08136071bcaf
el_for_eng:S0101L02B02	I know this language	ξέρω αυτή τη γλώσσα	a9e11437-61cc-4aa8-81ec-eed451d205f6
el_for_eng:S0101L02B03	I enjoy this language	απολαμβάνω αυτή τη γλώσσα	94df76c2-9fc3-4a4b-b22c-280fc631995f
el_for_eng:S0101L02B04	I want to learn this language	θέλω να μάθω αυτή τη γλώσσα	7abc3f96-5831-4fbd-83f1-b7370168c027
el_for_eng:S0101L02U01	I don't know this language yet	δεν ξέρω αυτή τη γλώσσα ακόμα	5d10a36b-2461-4221-b4c3-f32a0cde7441
el_for_eng:S0101L02U02	I would like to learn this language	θα ήθελα να μάθω αυτή τη γλώσσα	30e6aa7b-fe09-482e-8e44-4eba0a8bdee9
el_for_eng:S0101L02U03	I must continue with this language	πρέπει να συνεχίσω με αυτή τη γλώσσα	520f58e8-9205-4a52-9ea9-06fad1b7116b
el_for_eng:S0101L02U04	I think I enjoy this language	νομίζω ότι απολαμβάνω αυτή τη γλώσσα	0e8412d2-18e4-4483-bf04-7e7e88cdcb55
el_for_eng:S0101L02U05	I'm surprised I enjoy this language	εκπλήσσομαι ότι απολαμβάνω αυτή τη γλώσσα	5ed75df5-a7a0-4a74-9e32-103088c37092
el_for_eng:S0102L01B01	we are trying	προσπαθούμε να	7cfb3f9e-32e7-4f38-a3a5-6e6735ab8ffe
el_for_eng:S0102L01B02	we are trying to leave	προσπαθούμε να φύγουμε	9db63a6b-ff08-4ed0-85fd-1046f1cf84dd
el_for_eng:S0102L01B03	we are trying to leave now	προσπαθούμε να φύγουμε τώρα	19f473a0-ac54-44e5-8246-716766632988
el_for_eng:S0102L01B04	we are trying to leave home	προσπαθούμε να φύγουμε σπίτι	89879698-3ae7-473a-93c3-3a1b87654581
el_for_eng:S0102L01C01	we try	προσπαθούμε	59cd785c-1cab-4f70-92f4-8c37481bd0a1
el_for_eng:S0102L01U01	I think we are trying to leave	νομίζω ότι προσπαθούμε να φύγουμε	36d1e956-40e9-4323-89ad-837bf5f818c9
el_for_eng:S0102L01U02	unfortunately, we are trying to leave now	δυστυχώς, προσπαθούμε να φύγουμε τώρα	e94715dd-efce-43d6-9de8-81c1fa363b3a
el_for_eng:S0102L01U03	I'm surprised we are trying to leave	εκπλήσσομαι ότι προσπαθούμε να φύγουμε	cd8e92d3-9cc8-49ca-8b6e-10d2ca8357c2
el_for_eng:S0102L01U04	I know we are trying to leave home now	ξέρω ότι προσπαθούμε να φύγουμε σπίτι τώρα	fa2f6d08-78e8-4ff1-9f57-9ae86f478a0d
el_for_eng:S0102L01U05	yes, we are trying to leave whenever possible	ναι, προσπαθούμε να φύγουμε όποτε είναι δυνατό	f65353d0-11c2-49ee-a70d-df2f172ac901
el_for_eng:S0102L02B01	to say	να πούμε	97752a35-df73-4250-a95b-41bd46044557
el_for_eng:S0102L02B02	we are trying to say	προσπαθούμε να πούμε	f01b918a-992e-4b90-a0c4-36d25451ff3f
el_for_eng:S0102L02B03	we are trying to say this	προσπαθούμε να πούμε αυτό	ebdf91de-aad5-46d2-a9fd-8f384ab7af19
el_for_eng:S0102L02B04	we are trying to say something	προσπαθούμε να πούμε κάτι	a74919ef-d2ef-4dff-8523-e65d593dee3e
el_for_eng:S0102L02C01	we say	πούμε	c8d7ee15-8f15-4285-a0ab-c05dd1e2842a
el_for_eng:S0102L02U01	we are trying to say something else	προσπαθούμε να πούμε κάτι άλλο	a791c8c4-1566-4e3d-ae64-9b1e8842e228
el_for_eng:S0102L02U02	yes, we are trying to say it now	ναι, προσπαθούμε να πούμε τώρα	630b99d0-b62a-4aee-9c42-93d8fbc02bd9
el_for_eng:S0102L02U03	I know we are trying to say this	ξέρω ότι προσπαθούμε να πούμε αυτό	46b7fbfc-f53a-46bd-9f0e-a347693bc14a
el_for_eng:S0102L02U04	unfortunately, we are trying to say this	δυστυχώς, προσπαθούμε να πούμε αυτό	fc942ed3-0324-49b3-8563-13cb71fd9391
el_for_eng:S0102L02U05	I think we are trying to say something	νομίζω ότι προσπαθούμε να πούμε κάτι	75935e92-cc90-48ff-ad30-5a6bafe9814d
el_for_eng:S0102L03B01	it's like that	είναι έτσι	25862000-1e31-49ab-a7d7-d4de7578fdfb
el_for_eng:S0102L03B02	it's not like that	δεν είναι έτσι	d4d97266-2473-40cc-9c4c-5531b78ca191
el_for_eng:S0102L03B03	unfortunately, it's like that	δυστυχώς, είναι έτσι	04c543e7-ee0e-4a5f-a464-20ad83ce949a
el_for_eng:S0102L03U01	I think it's like that	νομίζω ότι είναι έτσι	2581f14c-4405-4d66-bb57-ea97be4a3284
el_for_eng:S0102L03U02	I know it's not like that	ξέρω ότι δεν είναι έτσι	cb162cba-f3b8-496d-aa02-913c58672d10
el_for_eng:S0102L03U03	I'm surprised it's like that	εκπλήσσομαι ότι είναι έτσι	2adcdbde-08c9-4778-9143-d3722b981661
el_for_eng:S0102L03U04	I'm not sure it's like that	δεν είμαι σίγουρος ότι είναι έτσι	93fab863-64f0-4e89-be90-ae5cd494d07e
el_for_eng:S0102L03U05	we are trying to say it's not like that	προσπαθούμε να πούμε ότι δεν είναι έτσι	76d355f1-69fe-4258-be23-378114aa09c6
el_for_eng:S0103L02B01	to hear	να ακούσουμε	f5832d5d-b5d0-40e7-b73a-87de92a43e8e
el_for_eng:S0103L02B02	we are trying to hear	προσπαθούμε να ακούσουμε	784ecb8d-5f27-4e0b-8fc3-0efb932c232d
el_for_eng:S0103L02B03	we are trying to hear this	προσπαθούμε να ακούσουμε αυτό	2b348fc1-6551-4959-bef3-7ccc3fc25dee
el_for_eng:S0103L02B04	we are trying to hear something	προσπαθούμε να ακούσουμε κάτι	b393981c-10ac-446b-bda1-6a4dcebad5a2
el_for_eng:S0103L02C01	we hear	ακούσουμε	dfcc9272-545e-44be-8e2d-4188bdfae879
el_for_eng:S0103L02U01	we are trying to hear it now	προσπαθούμε να ακούσουμε τώρα	cbb08808-a27a-478b-b256-92e91bf00503
el_for_eng:S0103L02U02	I know we are trying to hear	ξέρω ότι προσπαθούμε να ακούσουμε	6e27df6e-2221-4715-8221-3bc80e0a0528
el_for_eng:S0103L02U03	unfortunately, we are not trying to hear	δυστυχώς, δεν προσπαθούμε να ακούσουμε	10d41f7d-a1a7-4062-8898-03889c682d15
el_for_eng:S0103L02U04	yes, we are trying to hear something else	ναι, προσπαθούμε να ακούσουμε κάτι άλλο	596cfc5f-74e9-4a8b-8ea0-5feb884060cb
el_for_eng:S0103L02U05	I think we are trying to hear something	νομίζω ότι προσπαθούμε να ακούσουμε κάτι	662e9ea2-5760-4617-9cd4-2e5ff4acaac0
el_for_eng:S0103L03B01	not many	όχι πολλές	12bd343f-eb33-41b0-aba5-a09d9640804f
el_for_eng:S0103L03B02	there are many	είναι πολλές	d5a525a1-ba9f-495d-af6b-efe57b2bebc0
el_for_eng:S0103L03B03	yes, there are many	ναι, είναι πολλές	479d4468-7a9f-43eb-beb0-6dabb6d9df7e
el_for_eng:S0103L03U01	I know there are many	ξέρω ότι είναι πολλές	648d0b55-6685-4319-a173-6dc3ce5079e0
el_for_eng:S0103L03U02	I think there are many	νομίζω ότι είναι πολλές	9c55f63e-98d6-4e86-a836-90f130b2842e
el_for_eng:S0103L03U03	unfortunately, there are not many	δυστυχώς, δεν είναι πολλές	485c0af1-a477-4184-b67b-8d071e56612c
el_for_eng:S0103L03U04	I'm surprised there are many	εκπλήσσομαι ότι είναι πολλές	b8911409-a127-4083-a3e2-c3a11eac2fe2
el_for_eng:S0103L03U05	I'm not sure if there are many	δεν είμαι σίγουρος αν είναι πολλές	276cfc51-67f3-4dec-8e23-6cf612e5e398
el_for_eng:S0103L04B01	more words	περισσότερες λέξεις	11b36cb1-2a66-4ccb-88f8-abd2d06b4ef7
el_for_eng:S0103L04B02	there are more words	είναι περισσότερες λέξεις	d6b95702-8867-49e9-838c-1ad5cb26fd75
el_for_eng:S0103L04B03	unfortunately, there are not more words	δυστυχώς, δεν είναι περισσότερες λέξεις	45bb1604-7af2-44e3-b7dc-7c33cb920dbd
el_for_eng:S0103L04U01	I know there are many more words	ξέρω ότι είναι πολλές περισσότερες λέξεις	41dde5ae-a4f6-4112-a711-265e60c2e724
el_for_eng:S0103L04U02	we are trying to hear more words	προσπαθούμε να ακούσουμε περισσότερες λέξεις	ebd793ce-5de4-43bc-82fd-7359be74c60c
el_for_eng:S0103L04U03	yes, we are trying to hear more words	ναι, προσπαθούμε να ακούσουμε περισσότερες λέξεις	9d66a907-7a26-469b-8806-8d9bf38e1d54
el_for_eng:S0103L04U04	we are not trying to hear many more words	δεν προσπαθούμε να ακούσουμε πολλές περισσότερες λέξεις	35ff8291-cc5e-49d0-82fd-d61cae2ac19c
el_for_eng:S0103L04U05	I think we are trying to hear more words now	νομίζω ότι προσπαθούμε να ακούσουμε περισσότερες λέξεις τώρα	76a2c911-5c1e-478f-8e60-915bc1784901
el_for_eng:S0104L01B01	we must	πρέπει να	ed8ec623-fabe-460d-944f-b198d0af4a1d
el_for_eng:S0104L01B02	we must say	πρέπει να πούμε	7a404afa-29ab-4e5d-b0ba-c8c11460f5d7
el_for_eng:S0104L01B03	we must leave	πρέπει να φύγουμε	d9f13661-5e13-4eb2-997c-687f52e09590
el_for_eng:S0104L01B04	we must hear	πρέπει να ακούσουμε	63a64a57-62ea-4fc1-8e23-123bf5b1937f
el_for_eng:S0104L01C01	it is necessary	πρέπει	084209bd-f350-485b-abd5-d36a1fe10260
el_for_eng:S0104L01U01	unfortunately, we must leave	δυστυχώς, πρέπει να φύγουμε	6b0aee8a-43a8-4897-a9ff-71f47e811e45
el_for_eng:S0104L01U02	yes, we must leave home	ναι, πρέπει να φύγουμε σπίτι	06b90ff2-4993-4902-8be3-ce12ed023a08
el_for_eng:S0104L01U03	I know we must say something	ξέρω ότι πρέπει να πούμε κάτι	f99c18c9-5adc-4771-8999-189f4b5c3af1
el_for_eng:S0104L01U04	I think we must leave now	νομίζω ότι πρέπει να φύγουμε τώρα	5f630fa3-a403-4a15-bff4-b319fa619184
el_for_eng:S0104L01U05	we must hear more words	πρέπει να ακούσουμε περισσότερες λέξεις	35c75dab-857c-43b5-97f5-c0147a85c6e4
el_for_eng:S0104L02B01	to change	να αλλάξουμε	2d2f962e-72bb-43c8-86d1-ced9bdcbc415
el_for_eng:S0104L02B02	we need to change	πρέπει να αλλάξουμε	025525ca-d5b6-478a-889d-1f4eb0425f75
el_for_eng:S0104L02B03	we need to change this	πρέπει να αλλάξουμε αυτό	5ecb13ce-bc8c-4173-aaae-c907e61fcef8
el_for_eng:S0104L02B04	we are trying to change	προσπαθούμε να αλλάξουμε	16e1402e-38c2-4114-87a4-aa8fb92d6304
el_for_eng:S0104L02C01	we change	αλλάξουμε	ab8586b8-2e02-47d1-b6a6-b02d0cbd302c
el_for_eng:S0104L02U01	yes, we need to change something	ναι, πρέπει να αλλάξουμε κάτι	dc616076-8938-45cb-90d9-6055593f552c
el_for_eng:S0104L02U02	I know we are trying to change	ξέρω ότι προσπαθούμε να αλλάξουμε	0e4ac5a3-3313-4160-a37a-ab99c7254e0b
el_for_eng:S0104L02U03	we are trying to change something else	προσπαθούμε να αλλάξουμε κάτι άλλο	5add5e3d-9525-4959-b3f4-6d335b6eb33d
el_for_eng:S0104L02U04	I think we need to change this	νομίζω ότι πρέπει να αλλάξουμε αυτό	f7004943-2ba6-4d88-a5b9-17a4f1d86fe6
el_for_eng:S0104L02U05	unfortunately, we need to change this now	δυστυχώς, πρέπει να αλλάξουμε αυτό τώρα	e0e67cb7-1564-4dd3-961c-7a710eb6fad4
el_for_eng:S0104L03B01	what we're doing	αυτό που κάνουμε	90de99b4-94ca-44d3-92e4-af96694e01e9
el_for_eng:S0104L03B02	I know what we're doing	ξέρω αυτό που κάνουμε	604685fe-e16a-4580-bd80-5c6fb1cf41d2
el_for_eng:S0104L03B03	I'm surprised by what we're doing	εκπλήσσομαι με αυτό που κάνουμε	653e821f-09ab-4d0c-942f-ea3b205a1917
el_for_eng:S0104L03U01	we need to change what we're doing	πρέπει να αλλάξουμε αυτό που κάνουμε	9e2b4f2d-75ef-4b1d-a47e-b1b1f29ed5d7
el_for_eng:S0104L03U02	what we're doing is the only way	αυτό που κάνουμε είναι ο μόνος τρόπος	442545f5-8913-43bb-8566-82dc5ba40fff
el_for_eng:S0104L03U03	we are trying to change what we're doing	προσπαθούμε να αλλάξουμε αυτό που κάνουμε	f43e49de-7956-4964-b44e-d87c38efef6b
el_for_eng:S0104L03U04	I think what we're doing is not like that	νομίζω ότι αυτό που κάνουμε δεν είναι έτσι	7145162f-1758-4e6d-9b3c-d69783028e3c
el_for_eng:S0104L03U05	I'm not sure what we're doing is good	δεν είμαι σίγουρος ότι αυτό που κάνουμε είναι καλό	28223e94-9635-4287-8e08-3d04022159ae
el_for_eng:S0105L01B01	that's why	γι'αυτό	d07c28bf-b3f5-42ff-bd84-dabf9f337f49
el_for_eng:S0105L01B02	that's why it's like that	γι'αυτό είναι έτσι	b64ba915-7e24-4293-845c-db0fb04aa286
el_for_eng:S0105L01B03	that's why I'm surprised	γι'αυτό εκπλήσσομαι	cd0590f4-7bda-49a4-a511-08b4c3a84f37
el_for_eng:S0105L01U01	that's why it's difficult	γι'αυτό είναι δύσκολο	939999aa-f903-4a54-8f61-696264c888b1
el_for_eng:S0105L01U02	I think that's why it's not working	νομίζω ότι γι'αυτό δεν λειτουργεί	881fc016-4b48-413b-a00a-bf4d6f693ee3
el_for_eng:S0105L01U03	that's why we are trying to say something	γι'αυτό προσπαθούμε να πούμε κάτι	ad1a3dff-9176-4a4d-9482-7c47a6114f6a
el_for_eng:S0105L01U04	I know that's why it's the only way	ξέρω ότι γι'αυτό είναι ο μόνος τρόπος	f1b61397-ef16-40b0-bb00-a7dd3357cd9b
el_for_eng:S0105L01U05	that's why we are trying to change what we're doing	γι'αυτό προσπαθούμε να αλλάξουμε αυτό που κάνουμε	0a25f223-38a4-4f0d-9348-5fbfd1945707
el_for_eng:S0105L02B01	he knew	ήξερε	955bcfef-0a97-4cec-90b1-2fa0c44d5630
el_for_eng:S0105L02B02	he didn't know	δεν ήξερε	fe51e7a9-d07e-41b7-9efd-f1d95ffed781
el_for_eng:S0105L02B03	he didn't know this	δεν ήξερε αυτό	55323007-bad2-4e95-abb5-576ad9f23426
el_for_eng:S0105L02U01	I think he knew	νομίζω ότι ήξερε	5824cd2b-c11e-40e3-9e7c-798f9fa0bd06
el_for_eng:S0105L02U02	that's why he didn't know	γι'αυτό δεν ήξερε	57dea498-0e01-482f-a8da-b60929563cdc
el_for_eng:S0105L02U03	I'm surprised he knew	εκπλήσσομαι ότι ήξερε	755c71de-ef57-492b-a45a-cffa402bf009
el_for_eng:S0105L02U04	he didn't know it was like that	δεν ήξερε ότι είναι έτσι	fe96924b-c25c-41ca-a2ad-00150614dfc9
el_for_eng:S0105L02U05	I'm not sure if he knew	δεν είμαι σίγουρος αν ήξερε	c6faa5ae-d798-4291-b732-0db03c8ce4d1
el_for_eng:S0105L03B01	the answer	την απάντηση	d86adb01-4c03-466f-ac7f-5ed4c29c6e49
el_for_eng:S0105L03B02	I know the answer	ξέρω την απάντηση	85a422c8-8934-47cb-b8c8-772598575bab
el_for_eng:S0105L03B03	he didn't know the answer	δεν ήξερε την απάντηση	6164dc49-63e0-4bee-abd8-cb5e3d2d6a8d
el_for_eng:S0105L03B04	I think I know the answer	νομίζω ότι ξέρω την απάντηση	99b88916-86bd-462a-bfb7-a0373047ae3f
el_for_eng:S0105L03C01	answer	απάντηση	015f6bd0-3a33-4de2-b438-3adb96f193e9
el_for_eng:S0105L03U01	that's why he didn't know the answer	γι'αυτό δεν ήξερε την απάντηση	eb5e189a-4145-4892-a10b-aec0877f455a
el_for_eng:S0105L03U02	I know he didn't know the answer	ξέρω ότι δεν ήξερε την απάντηση	eef72e83-13d9-4e61-97ef-4b27c101b9c8
el_for_eng:S0105L03U03	unfortunately, he didn't know the answer	δυστυχώς, δεν ήξερε την απάντηση	8ae4a6cc-e16d-4c4e-bc9d-194cc5016cef
el_for_eng:S0105L03U04	I'm surprised he didn't know the answer	εκπλήσσομαι ότι δεν ήξερε την απάντηση	7da44a21-63fe-4d4d-a5b1-bee154cb846a
el_for_eng:S0105L03U05	I'm not sure if he knew the answer	δεν είμαι σίγουρος αν ήξερε την απάντηση	f676d575-346c-49d9-a0b4-722636257817
el_for_eng:S0106L01B01	it is necessary to	χρειάζεται να	600e9ae5-213c-44e6-b8ce-cb19cf11a465
el_for_eng:S0106L01B02	we need to leave	χρειάζεται να φύγουμε	8b92b97d-6231-48e3-9691-39d06f1c5d16
el_for_eng:S0106L01B03	we need to hear	χρειάζεται να ακούσουμε	15d345a3-8f32-45f2-85de-a88cab5ae7a4
el_for_eng:S0106L01B04	we need to say something	χρειάζεται να πούμε κάτι	69c344df-5e46-4b42-bb0a-49d5021871a5
el_for_eng:S0106L01C01	it is necessary	χρειάζεται	084209bd-f350-485b-abd5-d36a1fe10260
el_for_eng:S0106L01U01	unfortunately, we need to change	δυστυχώς, χρειάζεται να αλλάξουμε	d24753c4-c4be-4c3d-8714-091719690a23
el_for_eng:S0106L01U02	that's why we need to leave now	γι'αυτό χρειάζεται να φύγουμε τώρα	fbcc32b7-a18e-4128-85b3-6e280914c3fb
el_for_eng:S0106L01U03	we need to say it's not like that	χρειάζεται να πούμε ότι δεν είναι έτσι	b3f94281-5bb1-4dfe-8b8f-7bb0b1bd3bfc
el_for_eng:S0106L01U04	I think we need to change what we're doing	νομίζω ότι χρειάζεται να αλλάξουμε αυτό που κάνουμε	eb386f18-3020-43c9-add7-bad415fa56dc
el_for_eng:S0106L01U05	I know we need to hear more words	ξέρω ότι χρειάζεται να ακούσουμε περισσότερες λέξεις	cbbc564f-bf22-4075-a9c1-0dfcb3a464ec
el_for_eng:S0106L02B01	to feel	να νιώθουμε	70c235cd-b255-45bd-b823-fb058fadd785
el_for_eng:S0106L02B02	we need to feel	χρειάζεται να νιώθουμε	ee0e31bb-bf6a-4ef4-beca-583f8b087224
el_for_eng:S0106L02B03	we are trying to feel	προσπαθούμε να νιώθουμε	b4581276-546a-43d4-b0ba-8450573ace9f
el_for_eng:S0106L02B04	we don't need to feel	δεν χρειάζεται να νιώθουμε	53f67d20-5a60-4993-91a8-03fd695088e7
el_for_eng:S0106L02C01	we feel	νιώθουμε	38ae5974-8db1-46ce-9bce-3f138f5dd905
el_for_eng:S0106L02U01	that's why we are trying to feel	γι'αυτό προσπαθούμε να νιώθουμε	eb591bf1-2bcd-488d-8932-6cc9ead2e548
el_for_eng:S0106L02U02	we don't need to feel like that now	δεν χρειάζεται να νιώθουμε έτσι τώρα	06cff001-e4e3-4d19-9933-3fb90cac8210
el_for_eng:S0106L02U03	unfortunately, we need to feel this	δυστυχώς, χρειάζεται να νιώθουμε αυτό	71257329-2daa-45da-811b-97c238cb0d4e
el_for_eng:S0106L02U04	I think we need to feel this	νομίζω ότι χρειάζεται να νιώθουμε αυτό	8f55bff2-a1f9-4b4f-9609-43f2db76c0a9
el_for_eng:S0106L02U05	I know we don't need to feel like that	ξέρω ότι δεν χρειάζεται να νιώθουμε έτσι	3f24810c-96aa-4727-b7b1-9f137f7a37c3
el_for_eng:S0106L03B02	we need to feel happy	χρειάζεται να νιώθουμε χαρούμενοι	d22ceeee-e0d7-4ad0-9b28-087b61cdb0d7
el_for_eng:S0106L03B03	we are trying to feel happy	προσπαθούμε να νιώθουμε χαρούμενοι	a1dbb0d0-f8b4-4849-8065-a9604cea567a
el_for_eng:S0106L03U01	we don't need to feel happy	δεν χρειάζεται να νιώθουμε χαρούμενοι	9b9c1677-b6fc-4176-ad5f-1be950f9b9c1
el_for_eng:S0106L03U02	I think we need to feel happy	νομίζω ότι χρειάζεται να νιώθουμε χαρούμενοι	6045ba2f-22fb-472c-a230-2d9e8c6369bd
el_for_eng:S0106L03U03	that's why we don't need to feel happy	γι'αυτό δεν χρειάζεται να νιώθουμε χαρούμενοι	3c325115-e706-4e9e-8c62-c92d55359314
el_for_eng:S0106L03U04	I know we don't need to feel happy	ξέρω ότι δεν χρειάζεται να νιώθουμε χαρούμενοι	5ca05d93-e7b8-462b-a84b-9ea1a1578852
el_for_eng:S0106L03U05	I'm surprised we need to feel happy	εκπλήσσομαι ότι χρειάζεται να νιώθουμε χαρούμενοι	b2fcac33-778c-450b-954d-a5803394eaa3
el_for_eng:S0106L04B01	it's just like that	απλά είναι έτσι	aa225872-1fb6-4999-9596-51a4662759af
el_for_eng:S0106L04B02	we just need to say	απλά χρειάζεται να πούμε	ddfb37e9-b513-40c1-b7be-a726e669dc21
el_for_eng:S0106L04B03	I know it's just like that	ξέρω ότι απλά είναι έτσι	83d99142-6928-4a20-b41d-44b9d72a408b
el_for_eng:S0106L04U01	we just need to leave	απλά χρειάζεται να φύγουμε	0d97b330-54a2-4ca8-8919-8c656ad4cacc
el_for_eng:S0106L04U02	we are just trying to say something	απλά προσπαθούμε να πούμε κάτι	864bc9ed-8d7a-4485-8656-254a594a2980
el_for_eng:S0106L04U03	I think we just need to change	νομίζω ότι απλά χρειάζεται να αλλάξουμε	fc7c37e1-219a-4983-b591-88726f428544
el_for_eng:S0106L04U04	we just don't need to feel happy	απλά δεν χρειάζεται να νιώθουμε χαρούμενοι	0ae632c8-220a-4a14-9c22-a9db664ca197
el_for_eng:S0106L04U05	we just need to hear more words	απλά χρειάζεται να ακούσουμε περισσότερες λέξεις	8523912c-30aa-4fd6-8721-6a577131819e
el_for_eng:S0106L05B01	to work	να δουλεύουμε	e834250c-3e79-4c69-8709-568b9c99a9b7
el_for_eng:S0106L05B02	we need to work	χρειάζεται να δουλεύουμε	bcb81981-6e04-4450-a21d-bcfffe34bb20
el_for_eng:S0106L05B03	we are trying to work	προσπαθούμε να δουλεύουμε	45d9dda1-4f8d-4d35-b2f8-890299b03d3c
el_for_eng:S0106L05B04	we just need to work	απλά χρειάζεται να δουλεύουμε	7f4298e2-6dee-45bc-9333-3b85b072ff60
el_for_eng:S0106L05C01	we work	δουλεύουμε	30cb5afb-529a-4637-bc95-5eeef7f070e0
el_for_eng:S0106L05U01	that's why we need to work	γι'αυτό χρειάζεται να δουλεύουμε	3067275c-5f2a-464a-a4b1-072907061fe0
el_for_eng:S0106L05U02	I know we are trying to work	ξέρω ότι προσπαθούμε να δουλεύουμε	88c00a96-21ce-41e0-9caa-adef4daab50a
el_for_eng:S0106L05U03	unfortunately, we need to work	δυστυχώς, χρειάζεται να δουλεύουμε	87d9cc75-ed22-4026-8aae-8953dcfe0d25
el_for_eng:S0106L05U04	I think we need to work now	νομίζω ότι χρειάζεται να δουλεύουμε τώρα	37ea659e-b3ee-4078-8cb3-2a02251d9378
el_for_eng:S0106L05U05	we just need to work, it's the only way	απλά χρειάζεται να δουλεύουμε, είναι ο μόνος τρόπος	28ae4c6c-5951-42f0-ba38-7f128451861a
el_for_eng:S0106L06B01	we need to work hard	χρειάζεται να δουλεύουμε σκληρά	80fe38f0-cee2-4b4b-9979-9bbdd788b6f4
el_for_eng:S0106L06B02	we are trying to work hard	προσπαθούμε να δουλεύουμε σκληρά	422b25db-b5d3-4f41-8cee-52bdbd8dab99
el_for_eng:S0106L06B03	we just need to work hard	απλά χρειάζεται να δουλεύουμε σκληρά	833cc1ab-1d07-4d66-8360-12a3164b49e8
el_for_eng:S0106L06U01	that's why we need to work hard	γι'αυτό χρειάζεται να δουλεύουμε σκληρά	6d1a465f-c3c7-4371-97fc-35c59ddcc9bc
el_for_eng:S0106L06U02	I know we need to work hard	ξέρω ότι χρειάζεται να δουλεύουμε σκληρά	830f9665-d790-4e70-a3b5-45866d3e6790
el_for_eng:S0106L06U03	unfortunately, we need to work hard	δυστυχώς, χρειάζεται να δουλεύουμε σκληρά	5bab5d43-4af8-4697-8768-bb41688c6aee
el_for_eng:S0106L06U05	we don't need to feel happy, we just need to work hard	δεν χρειάζεται να νιώθουμε χαρούμενοι, απλά χρειάζεται να δουλεύουμε σκληρά	6287a472-bcd4-45ba-b1ea-b515c98c19ca
el_for_eng:S0107L01B01	we hoped	ελπίζαμε να	e473306d-b754-4c1d-b7f7-0eec7b91f127
el_for_eng:S0107L01B02	we hoped to leave	ελπίζαμε να φύγουμε	c9728555-deac-4022-9f3f-e1b79b7b5cd4
el_for_eng:S0107L01B03	we hoped to hear	ελπίζαμε να ακούσουμε	00198478-0483-4bad-9b77-59331352df9d
el_for_eng:S0107L01B04	we hoped to say something	ελπίζαμε να πούμε κάτι	10506df6-c5bb-404b-9ad3-367732fdd64a
el_for_eng:S0107L01C01	we hoped	ελπίζαμε	e473306d-b754-4c1d-b7f7-0eec7b91f127
el_for_eng:S0107L01U01	we hoped to say something else	ελπίζαμε να πούμε κάτι άλλο	d2a893f6-3201-4d2f-8a1d-95875d0815da
el_for_eng:S0107L01U02	I know we hoped to leave	ξέρω ότι ελπίζαμε να φύγουμε	32bdb6a5-4b45-4374-b9e7-699319dd1470
el_for_eng:S0107L01U03	unfortunately, we hoped to leave home	δυστυχώς, ελπίζαμε να φύγουμε σπίτι	3f5b2390-c8f9-4680-80d2-96dcf79def9b
el_for_eng:S0107L01U04	we hoped to change what we're doing	ελπίζαμε να αλλάξουμε αυτό που κάνουμε	73ac4f64-d1ee-45cd-9c7d-744b21086bc9
el_for_eng:S0107L01U05	that's why we hoped to hear more words	γι'αυτό ελπίζαμε να ακούσουμε περισσότερες λέξεις	f78e01e7-dbfd-415d-8c91-6058794ccdd3
el_for_eng:S0107L02B01	to see	να δούμε	c252fa2d-175c-460b-a005-992271c4c117
el_for_eng:S0107L02B02	we hoped to see	ελπίζαμε να δούμε	ecb3d438-36e4-46cd-8dec-7f818078351c
el_for_eng:S0107L02B03	we are trying to see	προσπαθούμε να δούμε	fda09689-64c1-4c34-a52a-ba17efe0fe83
el_for_eng:S0107L02B04	we hoped to see this	ελπίζαμε να δούμε αυτό	c5cdc154-c0df-4eff-bad2-1ea1682c8a94
el_for_eng:S0107L02C01	we see	δούμε	c3f6cbe0-2a98-44fd-8009-b507deb9ffb5
el_for_eng:S0107L02U01	we just need to see	απλά χρειάζεται να δούμε	a3f1d7a5-7962-4744-b67e-12b08de2844a
el_for_eng:S0107L02U02	we hoped to see something else	ελπίζαμε να δούμε κάτι άλλο	228badc1-7871-4960-9f6e-c9ff2fc670af
el_for_eng:S0107L02U03	that's why we are trying to see	γι'αυτό προσπαθούμε να δούμε	f2acd2d5-e3f8-4c52-9fb0-861a95551558
el_for_eng:S0107L02U04	I know we hoped to see this	ξέρω ότι ελπίζαμε να δούμε αυτό	27936a94-a3fd-4500-8c1a-99bd08eaa043
el_for_eng:S0107L02U05	we need to see what we're doing	χρειάζεται να δούμε αυτό που κάνουμε	1b4d1359-6d03-47d3-a1f0-1cc208d9f5d5
el_for_eng:S0107L03B01	what you were doing	αυτό που έκανες	61c1b519-7522-4a77-9ff0-837b234e4778
el_for_eng:S0107L03B02	I know what you were doing	ξέρω αυτό που έκανες	b86d1247-8eba-4e40-b6f3-b62cce522981
el_for_eng:S0107L03B03	I'm surprised by what you were doing	εκπλήσσομαι με αυτό που έκανες	e6280c75-7ad4-4167-bd97-e8436cf56d36
el_for_eng:S0107L03U01	we hoped to see what you were doing	ελπίζαμε να δούμε αυτό που έκανες	7da823a9-da29-4b5b-ad4d-159404d931a0
el_for_eng:S0107L03U02	that's why he didn't know what you were doing	γι'αυτό δεν ήξερε αυτό που έκανες	d3758119-044f-4143-9637-b7a503b32f3d
el_for_eng:S0107L03U04	we need to see what you were doing	χρειάζεται να δούμε αυτό που έκανες	89957e2a-b96a-4022-94a8-e1e509f1a6a9
el_for_eng:S0107L03U05	I think what you were doing was good	νομίζω ότι αυτό που έκανες ήταν καλό	7a5df801-46bc-4e50-a357-89a083d7528e
el_for_eng:S0108L02B01	to wake up	να ξυπνήσουμε	b309f37d-3670-4ebb-8f3e-6998e01069e2
el_for_eng:S0108L02B02	we need to wake up	χρειάζεται να ξυπνήσουμε	0f4b0a17-b9cd-43ae-ad04-d5fbbb06ee09
el_for_eng:S0108L02B03	we are trying to wake up	προσπαθούμε να ξυπνήσουμε	b5a03be0-fdd9-42d7-9c72-91e46f229c0a
el_for_eng:S0108L02B04	we didn't hope to wake up	δεν ελπίζαμε να ξυπνήσουμε	91255c31-36bd-46cb-94b2-ad81c6ff17f6
el_for_eng:S0108L02C01	we wake up	ξυπνήσουμε	5a3afe00-920a-400f-810f-1a6397110f2d
el_for_eng:S0108L02U01	we just need to wake up	απλά χρειάζεται να ξυπνήσουμε	e1ef6d5e-381c-400e-a922-1898a9c1c3f6
el_for_eng:S0108L02U02	that's why we are trying to wake up	γι'αυτό προσπαθούμε να ξυπνήσουμε	a83dcd13-ac84-4eb1-9f4a-a9e76e989c1a
el_for_eng:S0108L02U03	unfortunately, we need to wake up	δυστυχώς, χρειάζεται να ξυπνήσουμε	4e1937c2-9f69-4b99-80e3-0f12515b2c78
el_for_eng:S0108L02U04	I know we didn't hope to wake up	ξέρω ότι δεν ελπίζαμε να ξυπνήσουμε	a3d1c21b-5f84-4a4c-a5fe-ee4fef8e3deb
el_for_eng:S0108L02U05	I think we need to wake up now	νομίζω ότι χρειάζεται να ξυπνήσουμε τώρα	33bb54c4-15a9-44df-8163-d2e114ea6657
el_for_eng:S0108L03B01	in the middle	στη μέση	79b51147-7e8a-4ae5-a525-44225f1188e3
el_for_eng:S0108L03B02	it's in the middle	είναι στη μέση	f84ad016-367b-4a14-a74c-d6f35f6f8918
el_for_eng:S0108L03B03	that's why it's in the middle	γι'αυτό είναι στη μέση	ad44a209-6271-4706-98ee-cd8eb48e36ab
el_for_eng:S0108L03C01	middle	μέση	ff44b448-a402-4fcd-95af-52da78e989da
el_for_eng:S0108L03U01	I know it's in the middle	ξέρω ότι είναι στη μέση	9e58cba8-aa4b-441f-bf99-f16b0c30939a
el_for_eng:S0108L03U02	I think it's in the middle	νομίζω ότι είναι στη μέση	2d91dfc4-2ef5-4e5c-bf74-c644a80eaa2d
el_for_eng:S0108L03U03	I'm surprised it's in the middle	εκπλήσσομαι ότι είναι στη μέση	600aaec3-405a-4f33-9915-401eea5d2931
el_for_eng:S0108L03U04	it's not in the middle, it's like that	δεν είναι στη μέση, είναι έτσι	b6cd69d2-d407-4f11-847c-ebc9f2b4e647
el_for_eng:S0108L03U05	I'm not sure if it's in the middle	δεν είμαι σίγουρος αν είναι στη μέση	2543bfaf-5da5-43a4-a355-2b8b0d7c9e78
el_for_eng:S0108L04B01	of the night	της νύχτας	157296d2-3f70-4dac-8855-36e6e4086860
el_for_eng:S0108L04B02	in the middle of the night	στη μέση της νύχτας	9a0f8e1f-bda2-4aa3-ade5-425dadab93f2
el_for_eng:S0108L04B03	it's in the middle of the night	είναι στη μέση της νύχτας	1737ac63-5e92-4b80-afea-363fd084ef65
el_for_eng:S0108L04B04	I know it's in the middle of the night	ξέρω ότι είναι στη μέση της νύχτας	f7c66383-05ed-4fe1-a660-25d2727849b0
el_for_eng:S0108L04C01	night	νύχτας	ddca3292-2394-4eed-825a-2b3bb5a1bdae
el_for_eng:S0108L04U01	I'm surprised it's the middle of the night	εκπλήσσομαι ότι είναι στη μέση της νύχτας	32808497-bd24-4176-9308-b9c4d3abd02a
el_for_eng:S0108L04U02	we didn't hope to wake up in the middle of the night	δεν ελπίζαμε να ξυπνήσουμε στη μέση της νύχτας	2a397b19-c348-404b-9e0e-389d70fc66f8
el_for_eng:S0108L04U03	that's why we need to wake up in the middle of the night	γι'αυτό χρειάζεται να ξυπνήσουμε στη μέση της νύχτας	bc4c4b2f-9c09-424b-814b-20ada82f665c
el_for_eng:S0108L04U04	we are trying to work hard in the middle of the night	προσπαθούμε να δουλεύουμε σκληρά στη μέση της νύχτας	78c96d15-b250-47bc-aec2-9b5aac75ed86
el_for_eng:S0108L04U05	unfortunately, we need to wake up in the middle of the night	δυστυχώς, χρειάζεται να ξυπνήσουμε στη μέση της νύχτας	d07fda06-de59-4538-b2cc-8e41a8a5a75a
el_for_eng:S0109L04B01	in order to learn	για να μάθουμε	f8e27ab7-4bfd-497d-baa5-31f3ab6bc09f
el_for_eng:S0109L04B02	we are trying to work in order to learn	προσπαθούμε να δουλεύουμε για να μάθουμε	82222e78-b783-463d-a443-60ac1a4f2b0d
el_for_eng:S0109L04B03	we hoped to work hard in order to learn	ελπίζαμε να δουλεύουμε σκληρά για να μάθουμε	9f93aae8-fb2f-49a4-b00f-ac0060a90caa
el_for_eng:S0109L04U01	we just need to work in order to learn	απλά χρειάζεται να δουλεύουμε για να μάθουμε	843a6d36-a959-42d5-84ac-fe0d9eb0e8c7
el_for_eng:S0109L04U02	we need to work hard in order to learn	χρειάζεται να δουλεύουμε σκληρά για να μάθουμε	1eeda826-b591-4503-96d2-c85a0470059e
el_for_eng:S0109L04U03	that's why we need to work hard in order to learn	γι'αυτό χρειάζεται να δουλεύουμε σκληρά για να μάθουμε	6abd7936-1d85-43b5-9fcd-d64221df30e1
el_for_eng:S0109L04U04	I know we need to work hard in order to learn	ξέρω ότι χρειάζεται να δουλεύουμε σκληρά για να μάθουμε	c119c6d7-fe74-4f19-8158-086816d82d85
el_for_eng:S0109L04U05	we are trying to work hard in order to learn more words	προσπαθούμε να δουλεύουμε σκληρά για να μάθουμε περισσότερες λέξεις	85eb4eb9-7e62-4e0f-bdbb-143cb40e89e9
el_for_eng:S0109L05B01	new words	νέες λέξεις	4d30908e-9318-460c-8bee-05bb1bb0ccf1
el_for_eng:S0109L05B02	many new words	πολλές νέες λέξεις	6126e122-a406-4933-9bcd-779f15ab158f
el_for_eng:S0109L05B03	we need to learn new words	χρειάζεται να μάθουμε νέες λέξεις	d937cfe2-6281-4dba-9e2e-1e46e5459254
el_for_eng:S0109L05U01	I know there are many new words	ξέρω ότι είναι πολλές νέες λέξεις	194db235-b89a-4600-be91-f1dfabc2e9bd
el_for_eng:S0109L05U02	we are trying to hear new words	προσπαθούμε να ακούσουμε νέες λέξεις	0500e2d9-7b59-4648-ba9e-3edd933c271d
el_for_eng:S0109L05U03	we hoped to learn many new words	ελπίζαμε να μάθουμε πολλές νέες λέξεις	168763e2-c210-47e0-8d03-760a2a559790
el_for_eng:S0109L05U04	that's why we need to hear new words	γι'αυτό χρειάζεται να ακούσουμε νέες λέξεις	49c2d466-6dce-4e5d-8f6c-46ee067546c2
el_for_eng:S0109L05U05	we need to work hard to learn many new words	χρειάζεται να δουλεύουμε σκληρά για να μάθουμε πολλές νέες λέξεις	631a696d-e1b6-4b27-94f9-8b82a7ccf4fd
el_for_eng:S0110L01B01	we are here	είμαστε εδώ	858c2ceb-1ce2-4b36-aad6-f7f65193e529
el_for_eng:S0110L01B02	we are not here	δεν είμαστε εδώ	80512898-6726-4f28-9ad2-84e3be1cd2ba
el_for_eng:S0110L01B03	we are happy	είμαστε χαρούμενοι	feb7a396-aeed-4bfa-b4b9-382b0123f671
el_for_eng:S0110L01U01	that's why we are here	γι'αυτό είμαστε εδώ	0d73f116-4800-40df-a9bb-b5e151a32379
el_for_eng:S0110L01U02	yes, we are happy	ναι, είμαστε χαρούμενοι	6aebec4e-45af-453c-a478-949f9d287505
el_for_eng:S0110L01U03	I'm surprised we are here	εκπλήσσομαι ότι είμαστε εδώ	719e1dca-cbe9-4c2e-ac9f-459a9cf96659
el_for_eng:S0110L01U04	I know we are not happy	ξέρω ότι δεν είμαστε χαρούμενοι	a786cacb-10be-47fb-8391-4e19de10a9f3
el_for_eng:S0110L01U05	I think we are happy now	νομίζω ότι είμαστε χαρούμενοι τώρα	90ad2124-1ec1-4321-9f16-2434e324dd6f
el_for_eng:S0110L02B01	we are friends	είμαστε φίλοι	008346fb-e7a3-4b0e-b5a2-872e67585e76
el_for_eng:S0110L02B02	we are not friends	δεν είμαστε φίλοι	d2126a7f-bd26-4d1c-8048-f2126602aa26
el_for_eng:S0110L02B03	yes, we are friends	ναι, είμαστε φίλοι	a1d84533-73b9-4d2e-94b8-ab006859edf2
el_for_eng:S0110L02U01	that's why we are friends	γι'αυτό είμαστε φίλοι	444e7d76-cc0f-42c2-acf4-381aaba0eeb8
el_for_eng:S0110L02U02	I know we are friends	ξέρω ότι είμαστε φίλοι	1ef4acb5-087e-4d4d-8781-364b5723f972
el_for_eng:S0110L02U03	I think we are friends	νομίζω ότι είμαστε φίλοι	15eb1312-6d99-49ce-b64f-6fce73465eaf
el_for_eng:S0110L02U04	I'm surprised we are friends	εκπλήσσομαι ότι είμαστε φίλοι	b470835a-9ab6-4bd0-a5d7-d4fb595713bf
el_for_eng:S0110L02U05	we are friends, it's the only way	είμαστε φίλοι, είναι ο μόνος τρόπος	617f2a2d-85bd-49e1-8e2f-f0642398f857
el_for_eng:S0110L03B01	here and now	εδώ και τώρα	401117c8-26a7-4997-aacc-cfecaf2e07d2
el_for_eng:S0110L03B02	hard and difficult	σκληρά και δύσκολο	d34f4745-5a7c-42a8-929e-92cb7acb4df8
el_for_eng:S0110L03B03	friends and happy	φίλοι και χαρούμενοι	464e6988-6b57-4582-9470-5cc0a85108e6
el_for_eng:S0110L03U01	we are here and we are friends	είμαστε εδώ και είμαστε φίλοι	819eb384-3e32-4454-938a-a21d21285519
el_for_eng:S0110L03U02	we are friends and we are happy	είμαστε φίλοι και είμαστε χαρούμενοι	f1d6175d-30cb-4413-aee9-906f7daef3cf
el_for_eng:S0110L03U03	I know the answer and I'm not surprised	ξέρω την απάντηση και δεν εκπλήσσομαι	2a49169f-de91-4f1a-b8b4-8f91432872af
el_for_eng:S0110L03U04	we are here and we need to work hard	είμαστε εδώ και χρειάζεται να δουλεύουμε σκληρά	3f1a17c4-2727-4313-aa95-d81851b7945f
el_for_eng:S0110L03U05	we need to work hard and we are friends	χρειάζεται να δουλεύουμε σκληρά και είμαστε φίλοι	f1c23aab-8374-4bbe-9f20-115402ff8ab8
el_for_eng:S0110L04B01	after we finish	αφού τελειώσουμε	4dce4b17-3e7b-4c81-acf3-b4fed8041f4a
el_for_eng:S0110L04B02	after we finish this	αφού τελειώσουμε αυτό	331afc34-5072-43ef-b8f3-c10316b06d2f
el_for_eng:S0110L04B03	after we finish we hoped to leave	αφού τελειώσουμε ελπίζαμε να φύγουμε	809c103c-7469-43bf-b9e1-4b98c388f94f
el_for_eng:S0110L04U01	after we finish we need to leave	αφού τελειώσουμε χρειάζεται να φύγουμε	a5c98b2d-c593-4087-b0f3-b3e8068a51cb
el_for_eng:S0110L04U02	that's why after we finish we need to see	γι'αυτό αφού τελειώσουμε χρειάζεται να δούμε	ca52ede6-70b8-47a6-96d5-594d2ed2b826
el_for_eng:S0110L04U03	after we finish we are trying to leave home	αφού τελειώσουμε προσπαθούμε να φύγουμε σπίτι	5d1e064f-17d4-4f87-b0f8-09545d724ad4
el_for_eng:S0110L04U04	I know that after we finish it's time to leave	ξέρω ότι αφού τελειώσουμε είναι ώρα να φύγουμε	47fd5e37-2646-40bc-978f-be63b4d277c8
el_for_eng:S0110L04U05	I think after we finish we need to work	νομίζω ότι αφού τελειώσουμε χρειάζεται να δουλεύουμε	0b744e89-0097-4158-9263-c287d10f85d4
el_for_eng:S0110L05B01	I would like	θα ήθελα	4e9e35b0-3815-4a4b-9bc7-b553933a2d96
el_for_eng:S0110L05B02	I would like to leave	θα ήθελα να φύγω	a303a6ce-1d80-47e6-9f52-48da1adc91a7
el_for_eng:S0110L05B04	I would like to continue	θα ήθελα να συνεχίσω	48d7d544-750c-4d19-9c66-aba22d49e3d4
el_for_eng:S0110L05U03	yes, I would like to continue now	ναι, θα ήθελα να συνεχίσω τώρα	b13e7588-930a-4464-b3ab-941720ed8c03
el_for_eng:S0110L05U05	after we finish I would like to leave home	αφού τελειώσουμε θα ήθελα να φύγω σπίτι	75ba892b-8a64-4117-b6a8-e173dac61422
el_for_eng:S0110L06B01	to relax	να χαλαρώσω	f9954ffc-4979-4b56-a256-d6f458e10fbb
el_for_eng:S0110L06B02	I would like to relax	θα ήθελα να χαλαρώσω	d56f94b3-d694-4e21-bd74-e1d6a84ade7a
el_for_eng:S0110L06B03	I need to relax	χρειάζεται να χαλαρώσω	2b246e1f-094c-4891-a66c-ab09a1673eda
el_for_eng:S0110L06B04	that's why I would like to relax	γι'αυτό θα ήθελα να χαλαρώσω	f3dc1b97-99b5-496e-9722-61a39b682724
el_for_eng:S0110L06C01	I relax	χαλαρώσω	028fe47e-5942-449b-a1f5-2503deb9c36d
el_for_eng:S0110L06U01	I know I need to relax	ξέρω ότι χρειάζεται να χαλαρώσω	3202ba13-9045-4f84-9f0d-a109217fc0f0
el_for_eng:S0110L06U02	after we finish I would like to relax	αφού τελειώσουμε θα ήθελα να χαλαρώσω	22380098-4659-4f32-925b-d6f1432aa3f7
el_for_eng:S0110L06U03	I think I need to relax now	νομίζω ότι χρειάζεται να χαλαρώσω τώρα	8d45c968-c5b2-412d-9ede-42171767db54
el_for_eng:S0111L01B01	when it's like that	όταν είναι έτσι	8995ed97-ef40-47ca-9c2c-8fa8bf7525b0
el_for_eng:S0111L01B02	when we are here	όταν είμαστε εδώ	3da89d2d-380c-424d-bcbf-42a06ff5cc86
el_for_eng:S0111L01B03	when we work hard	όταν δουλεύουμε σκληρά	ff1c7241-743f-467e-9ac8-805e31977c08
el_for_eng:S0111L01U01	I know when it's not working	ξέρω όταν δεν λειτουργεί	fd953f7e-7b92-4479-8f4e-635bcab8560b
el_for_eng:S0111L01U02	when we are friends it's good	όταν είμαστε φίλοι είναι καλό	4c4ce4ff-1b2c-47b8-8493-f801d9d37e12
el_for_eng:S0111L01U03	that's why when we finish we need to leave	γι'αυτό όταν τελειώσουμε χρειάζεται να φύγουμε	1bcea7db-000a-47dc-b9ab-6372781f75ba
el_for_eng:S0111L01U04	when it's the middle of the night we need to relax	όταν είναι στη μέση της νύχτας χρειάζεται να χαλαρώσω	1415ca63-25f5-43b6-ac08-f250c8aa20b5
el_for_eng:S0111L01U05	when we are happy we don't need to work hard	όταν είμαστε χαρούμενοι δεν χρειάζεται να δουλεύουμε σκληρά	31192e86-c997-4546-84ce-0bbc4db8e5a2
el_for_eng:S0111L02B01	we learn	μαθαίνουμε	20d72dae-fa85-4c14-a158-932e86ff6f81
el_for_eng:S0111L02B02	when we learn	όταν μαθαίνουμε	5cb0235c-56ee-449a-8ed3-4824d2ffa8bd
el_for_eng:S0111L02B03	we learn something	μαθαίνουμε κάτι	508c240d-0225-4705-84f3-522510e9a72f
el_for_eng:S0111L02U01	that's why we learn something	γι'αυτό μαθαίνουμε κάτι	c0c5f583-c2a9-4a9f-b598-a211abd2f2a3
el_for_eng:S0111L02U02	I know we learn new words	ξέρω ότι μαθαίνουμε νέες λέξεις	3ea2ebba-6d4f-4186-9679-4265e812749c
el_for_eng:S0111L02U03	we learn when we work hard	μαθαίνουμε όταν δουλεύουμε σκληρά	bad87b54-0bad-4b02-b4c2-38c60b69ed96
el_for_eng:S0111L02U04	when we learn we are happy	όταν μαθαίνουμε είμαστε χαρούμενοι	72b20f10-0c75-4ca0-b079-c184723a6f18
el_for_eng:S0111L02U05	when we learn we need to work hard	όταν μαθαίνουμε χρειάζεται να δουλεύουμε σκληρά	a927d44d-8786-4018-8fd9-40291849092a
el_for_eng:S0111L03B01	something new	κάτι νέο	765c83b5-4702-497e-929f-8b73771f4fee
el_for_eng:S0111L03B02	it's something new	είναι κάτι νέο	f0f2df9c-7b96-4068-a64a-5ffc5fd0f98e
el_for_eng:S0111L03B03	we learn something new	μαθαίνουμε κάτι νέο	0643cce9-0b4b-4606-acde-98cb4ed0b3c0
el_for_eng:S0111L03U01	I think it's something new	νομίζω ότι είναι κάτι νέο	7d4eb557-6733-438b-853f-a26a53c7c9ac
el_for_eng:S0111L03U02	we hoped to learn something new	ελπίζαμε να μάθουμε κάτι νέο	ca54f594-a9d2-462d-93c5-15d0f344f815
el_for_eng:S0111L03U03	I'm not sure if it's something new	δεν είμαι σίγουρος αν είναι κάτι νέο	836a2344-1b5d-4c26-8731-7258d8bd5bc9
el_for_eng:S0111L03U04	that's why we are trying to learn something new	γι'αυτό προσπαθούμε να μάθουμε κάτι νέο	30d00952-95a8-40df-baf9-5a03e379ae31
el_for_eng:S0111L03U05	when we learn something new we are happy	όταν μαθαίνουμε κάτι νέο είμαστε χαρούμενοι	d90b00a9-c4a7-4b28-9113-a528ff056c2e
el_for_eng:S0111L04B01	it changes	αλλάζει	34b349ed-ed0b-4085-88de-e31da6eed6cf
el_for_eng:S0111L04B02	it doesn't change	δεν αλλάζει	23bb9bd5-07f7-441e-9972-84dd64d6f47f
el_for_eng:S0111L04B03	something changes	κάτι αλλάζει	f6615e74-f9f5-41a4-ac0b-84a3ab82412e
el_for_eng:S0111L04U01	that's why it changes	γι'αυτό αλλάζει	8a8d4da8-a3c5-4dfc-a052-b5f4dee7b9b1
el_for_eng:S0111L04U02	I know something changes	ξέρω ότι κάτι αλλάζει	2f7946d7-253a-441c-bda5-cf54bf1f7122
el_for_eng:S0111L04U03	I'm surprised it changes	εκπλήσσομαι ότι αλλάζει	9f35076c-468f-48d6-85ed-645021f763a0
el_for_eng:S0111L04U04	when we learn something new it changes	όταν μαθαίνουμε κάτι νέο αλλάζει	d59e67d3-b26a-4cbd-836c-2dab4c0b7283
el_for_eng:S0111L04U05	I think it changes when we learn	νομίζω ότι αλλάζει όταν μαθαίνουμε	197948b2-f3ea-40fb-a305-7eaed68aa1a8
el_for_eng:S0111L05B01	our brain	τον εγκέφαλό μας	2fbce912-db92-45fc-b160-d1cfe6b4e4c2
el_for_eng:S0111L05B02	it changes our brain	αλλάζει τον εγκέφαλό μας	3032c379-b997-48f8-a719-9ed04aa9b38f
el_for_eng:S0111L05B03	something changes our brain	κάτι αλλάζει τον εγκέφαλό μας	cb117cb3-7466-4dbb-a93c-461835c67f32
el_for_eng:S0111L05B04	I think it changes our brain	νομίζω ότι αλλάζει τον εγκέφαλό μας	9ece31d5-7a02-4bd0-bbee-dac2185a5f9a
el_for_eng:S0111L05C01	brain	εγκέφαλο	dd4b5c70-d6b3-4aae-a041-5a25e0237409
el_for_eng:S0111L05U01	I'm surprised it changes our brain	εκπλήσσομαι ότι αλλάζει τον εγκέφαλό μας	870876f7-d32f-4de3-b472-a2bf69380aae
el_for_eng:S0111L05U02	I know something new changes our brain	ξέρω ότι κάτι νέο αλλάζει τον εγκέφαλό μας	94c26625-887c-49f2-8db3-f8bbbfdf37c8
el_for_eng:S0111L05U03	when we work hard it changes our brain	όταν δουλεύουμε σκληρά αλλάζει τον εγκέφαλό μας	e3eeac13-a010-404f-a25d-584132bbf0db
el_for_eng:S0111L05U04	that's why it changes our brain when we learn	γι'αυτό αλλάζει τον εγκέφαλό μας όταν μαθαίνουμε	a3739a21-4340-4fa7-a920-1a2a4008940b
el_for_eng:S0111L05U05	when we learn something new it changes our brain	όταν μαθαίνουμε κάτι νέο αλλάζει τον εγκέφαλό μας	186532c0-1f01-4710-9fe9-97a9cb0dda47
el_for_eng:S0112L02B01	I was expecting it	το περίμενα	d06eae94-7805-45c3-9e27-62f73bdaeacb
el_for_eng:S0112L02B02	I wasn't expecting it	δεν το περίμενα	c6a9e852-12ba-4a41-bfc7-5aedae3f2780
el_for_eng:S0112L02B03	yes, I was expecting it	ναι, το περίμενα	01361a46-b1ed-42a3-b50a-730d1aa3027d
el_for_eng:S0112L02C01	I was expecting	περίμενα	535de940-9cb9-417f-8a55-69a9902a5868
el_for_eng:S0112L02U01	that's why I wasn't expecting it	γι'αυτό δεν το περίμενα	10d7f5ce-0cf4-46b2-8db1-0d8b20051dfc
el_for_eng:S0112L02U02	I know I wasn't expecting it	ξέρω ότι δεν το περίμενα	d6aacbd7-836c-411c-96b9-1535a5eeebdc
el_for_eng:S0112L02U03	unfortunately, I wasn't expecting it	δυστυχώς, δεν το περίμενα	7cb8a6d6-0788-4f49-b230-aa476cfac187
el_for_eng:S0112L02U04	when it changes I wasn't expecting it	όταν αλλάζει δεν το περίμενα	bb77f3a0-a047-473b-b0dc-58d1c637965a
el_for_eng:S0112L02U05	I wasn't expecting it and I'm surprised	δεν το περίμενα και εκπλήσσομαι	1329e4e7-dc70-4c97-9945-4bed22ea2a22
el_for_eng:S0113L01B01	why?	γιατί;	9c1b2574-b364-48a6-8c15-ceba2b18636c
el_for_eng:S0113L01B02	why not?	γιατί όχι;	e6ce4253-1e9e-4fd9-9882-12aa2e3b91c8
el_for_eng:S0113L01B03	why is it like that?	γιατί είναι έτσι;	9146249e-54f2-4b28-ba50-e0d5e78af365
el_for_eng:S0113L01U01	I know why it changes	ξέρω γιατί αλλάζει	527a61d8-3c67-4ad0-8e4f-d3c8d468b288
el_for_eng:S0113L01U03	why are we trying to leave?	γιατί προσπαθούμε να φύγουμε;	49c31511-2768-47ba-8fed-afec10e3a177
el_for_eng:S0113L01U04	I don't know why it was interesting	δεν ξέρω γιατί ήταν ενδιαφέρον	fc948431-5f7f-4663-85c4-3b2963327876
el_for_eng:S0113L01U05	why do we need to work hard?	γιατί χρειάζεται να δουλεύουμε σκληρά;	52c41904-1203-4e6d-93c5-7fc01f318fcf
el_for_eng:S0113L02B01	I can	μπορώ	dee629fc-65b4-4a50-ba8e-c6cb2fc0bae6
el_for_eng:S0113L02B02	I can leave	μπορώ να φύγω	43d1afc4-0e96-49df-929e-6c93d4ac1b18
el_for_eng:S0113L02B03	I can continue	μπορώ να συνεχίσω	38f245c8-f089-4c93-ba6a-355c4c89d322
el_for_eng:S0113L02B04	I can't leave	δεν μπορώ να φύγω	ce21ab3c-d89e-4166-89ad-4845bb26503d
el_for_eng:S0113L02U01	I know I can continue	ξέρω ότι μπορώ να συνεχίσω	21c6afda-b940-4403-a854-11c3027a9cb1
el_for_eng:S0113L02U02	why can't I leave now?	γιατί δεν μπορώ να φύγω τώρα;	7fb30b5c-4287-413e-a2cd-9ffc7f1af557
el_for_eng:S0113L02U03	unfortunately, I can't answer	δυστυχώς, δεν μπορώ να απαντήσω	a79b23f7-0734-4f5e-9dbf-d0f49cc877ae
el_for_eng:S0113L02U04	I can relax after we finish	μπορώ να χαλαρώσω αφού τελειώσουμε	70f978d3-f5fd-498c-a4c8-9ee1b2164315
el_for_eng:S0113L02U05	I can do this, it's the only way	μπορώ να κάνω αυτό, είναι ο μόνος τρόπος	1fab32cb-d715-4044-95c3-8160c517981a
el_for_eng:S0113L03B01	to remember	να θυμηθώ	6eaa933e-df34-4887-bb11-d8f2ea7c89d8
el_for_eng:S0113L03B02	I would like to remember	θα ήθελα να θυμηθώ	d3755d4d-c37d-40c4-8632-8c5696a0a5df
el_for_eng:S0113L03B03	I can't remember	δεν μπορώ να θυμηθώ	c27c270f-71d1-47dd-99ab-25c36c3be585
el_for_eng:S0113L03B04	I need to remember	χρειάζεται να θυμηθώ	74eb416f-d487-412d-8fd4-3b128b8e67ab
el_for_eng:S0113L03C01	I remember	θυμηθώ	9e29b9af-d3e3-4a7c-ba58-0c420ab7c82b
el_for_eng:S0113L03U01	why can't I remember?	γιατί δεν μπορώ να θυμηθώ;	c9e98a24-67f4-4fbb-811a-bf23ab6ec252
el_for_eng:S0113L03U02	that's why I can't remember	γι'αυτό δεν μπορώ να θυμηθώ	42e5923f-3b27-4d06-9b85-7f946df93e07
el_for_eng:S0113L03U03	I need to remember what you were doing	χρειάζεται να θυμηθώ τι έκανες	7bb6bd08-484c-45b3-a12f-7c45b9320623
el_for_eng:S0113L03U04	I can't remember the answer	δεν μπορώ να θυμηθώ την απάντηση	ac126c74-fb30-4d2a-a727-d3294a37713f
el_for_eng:S0113L03U05	when we learn something new I can remember	όταν μαθαίνουμε κάτι νέο μπορώ να θυμηθώ	c3b740a9-b67c-4a94-b0ec-05899adfd7d3
el_for_eng:S0113L04B01	what you said	τι είπες	282ea07e-a79b-4631-a889-0c47ffdc76b2
el_for_eng:S0113L04B02	I know what you said	ξέρω τι είπες	ee72960d-7c8c-4f21-8796-a80197e4519c
el_for_eng:S0113L04B03	he didn't know what you said	δεν ήξερε τι είπες	be1aef6d-29a9-4447-aa2f-17fb351e715e
el_for_eng:S0113L04U01	I wasn't expecting what you said	δεν περίμενα τι είπες	85783d7e-7414-412c-937c-517172c0052b
el_for_eng:S0113L04U02	I can't remember what you said	δεν μπορώ να θυμηθώ τι είπες	fefb0ac8-884d-4920-9495-17c98af6adb0
el_for_eng:S0113L04U03	we hoped to hear what you said	ελπίζαμε να ακούσουμε τι είπες	896e0a35-af64-4a7b-bf5d-ca5d26d940a0
el_for_eng:S0113L04U04	why can't I remember what you said?	γιατί δεν μπορώ να θυμηθώ τι είπες;	afa1e3c8-c584-42e1-9d8a-0e4f1d009082
el_for_eng:S0113L04U05	that's why I need to remember what you said	γι'αυτό χρειάζεται να θυμηθώ τι είπες	c8bb3599-8ed0-4eaf-879d-a72975c9cc4d
el_for_eng:S0114L01B01	I don't feel like that	δεν νιώθω έτσι	c4dfd495-7ae4-4cba-89c6-5ba5be52c213
el_for_eng:S0114L01B02	why do I feel like that?	γιατί νιώθω έτσι;	9fcf13ab-85a9-440e-80f0-e90f714985a2
el_for_eng:S0114L01B03	that's why I feel like that	γι'αυτό νιώθω έτσι	602e25e6-66a7-4253-9a43-ea85e85eabfb
el_for_eng:S0114L01U01	I feel it's difficult	νιώθω ότι είναι δύσκολο	a8ff07fc-f634-4b95-b21d-6dd869fd4d28
el_for_eng:S0114L01U02	unfortunately, I don't feel like that	δυστυχώς, δεν νιώθω έτσι	f5d6e38a-cc03-44b6-a0ba-402481210215
el_for_eng:S0114L01U03	I feel it's interesting	νιώθω ότι είναι ενδιαφέρον	71f2d72a-30e7-4fa6-bf45-df281ea46b57
el_for_eng:S0114L01U04	I know how I feel and it changes	ξέρω ότι νιώθω έτσι και αλλάζει	f57b6a78-e4cf-4ac4-a10b-bfaa5b789095
el_for_eng:S0114L01U05	I feel like that when we learn something new	νιώθω έτσι όταν μαθαίνουμε κάτι νέο	f245628a-dc56-47a2-ba6b-55b279a3e30b
el_for_eng:S0114L02B01	as if I'm doing	σαν να τα πηγαίνω	1ac342bd-def6-420f-a127-3e16ece79fc5
el_for_eng:S0114L02B02	I feel as if I'm doing it	νιώθω σαν να τα πηγαίνω	938f40de-2168-48c0-9fda-9d35dfd807a0
el_for_eng:S0114L02B03	I feel as if I'm doing well	νιώθω σαν να τα πηγαίνω καλά	279bf867-1fb3-4889-b081-f06b16db38aa
el_for_eng:S0114L02B04	I don't feel as if I'm doing well	δεν νιώθω σαν να τα πηγαίνω καλά	40ee378d-c8a4-4145-b666-e1d10fba03eb
el_for_eng:S0114L02U01	I know I feel as if I'm doing well	ξέρω ότι νιώθω σαν να τα πηγαίνω καλά	4abe3cd1-4532-4982-8503-7db24fc8a22e
el_for_eng:S0114L02U03	that's why I feel as if I'm doing well now	γι'αυτό νιώθω σαν να τα πηγαίνω καλά τώρα	d50567b0-e4dc-4610-b99d-ab3b47628774
el_for_eng:S0114L02U04	when we learn I feel as if I'm doing well	όταν μαθαίνουμε νιώθω σαν να τα πηγαίνω καλά	6fa08a3a-bf93-44cd-9e72-a1250304a7fb
el_for_eng:S0114L02U05	I wasn't expecting to feel as if I'm doing well	δεν περίμενα ότι νιώθω σαν να τα πηγαίνω καλά	90a0e7ef-38bc-4484-af91-41bedcde637a
el_for_eng:S0114L03B01	not worse	όχι χειρότερα	576ad9ab-b6db-4180-9445-f4d57fc7f9fe
el_for_eng:S0114L03B02	it's worse	είναι χειρότερα	e6618b3a-7ad3-4285-ba6f-b7325796a45d
el_for_eng:S0114L03B03	why is it worse?	γιατί είναι χειρότερα;	b737f42d-6604-4031-9f5f-88b6a5681b81
el_for_eng:S0114L03U01	I know it's worse	ξέρω ότι είναι χειρότερα	e7a7ee75-37f3-49ea-9a96-d4555e8b7345
el_for_eng:S0114L03U02	I'm surprised it's worse	εκπλήσσομαι ότι είναι χειρότερα	4d4b73d4-4786-4300-b587-c9c06012458f
el_for_eng:S0114L03U03	I wasn't expecting it to be worse	δεν περίμενα ότι είναι χειρότερα	5e40baa6-a648-488e-9805-85b13ea02cf3
el_for_eng:S0114L03U04	I feel as if I'm doing worse	νιώθω σαν να τα πηγαίνω χειρότερα	017103eb-e28d-48ef-89c8-7016d5cb6d15
el_for_eng:S0114L03U05	that's why I feel as if I'm doing worse	γι'αυτό νιώθω σαν να τα πηγαίνω χειρότερα	64a379d4-9f22-4ba6-9449-dd3ffa9cb0fd
el_for_eng:S0114L05B01	worse than that	χειρότερα από αυτό	2b730d21-b153-46f6-b304-bce403a27f44
el_for_eng:S0114L05B02	worse than today	χειρότερα από σήμερα	b84d4e82-a30b-43fc-9e13-148e80c8c884
el_for_eng:S0114L05B03	it's worse than this	είναι χειρότερα από αυτό	de64da8d-a00c-4bdd-9fdd-572065579028
el_for_eng:S0114L05U01	I know it's worse than that	ξέρω ότι είναι χειρότερα από αυτό	19187426-2aea-46b7-ad20-ea674487a97a
el_for_eng:S0114L05U02	I'm surprised it's worse than that	εκπλήσσομαι ότι είναι χειρότερα από αυτό	5d8ed4ec-b66f-4feb-85b3-9ce9cb94ed95
el_for_eng:S0114L05U03	I wasn't expecting it to be worse than this	δεν περίμενα ότι είναι χειρότερα από αυτό	28848ee9-d24b-4eeb-9513-d00164f17f18
el_for_eng:S0114L05U04	I feel as if I'm doing worse than that	νιώθω σαν να τα πηγαίνω χειρότερα από αυτό	7574b6b0-c5f1-4668-8de4-d2ac26e08e4e
el_for_eng:S0114L05U05	today is worse than the middle of the night	σήμερα είναι χειρότερα από τη μέση της νύχτας	a19276c8-4f2d-4eb2-9a28-a8118480d55d
el_for_eng:S0115L02B01	as if	σαν να	3701dbbf-99bd-4fce-be36-de0ab7693ea4
el_for_eng:S0115L02B02	I feel as if I'm ready	νιώθω σαν να είμαι έτοιμος	2d9090de-0df9-4bec-aa9b-e892d574db6b
el_for_eng:S0115L02B03	it's as if it's difficult	είναι σαν να είναι δύσκολο	901e3807-0467-46df-bca0-39f760e53ebc
el_for_eng:S0115L02B04	it's as if it's interesting	είναι σαν να είναι ενδιαφέρον	10fd4217-1ef9-4bac-99a3-fce47f986626
el_for_eng:S0115L02C01	like	σαν	12fbb854-2dab-47fb-998a-33d43c6b202e
el_for_eng:S0115L02U01	I know it's as if it changes	ξέρω ότι είναι σαν να αλλάζει	1f0503e2-bd48-48b3-b79b-fa9531aabf18
el_for_eng:S0115L02U02	I don't feel as if I'm ready	δεν νιώθω σαν να είμαι έτοιμος	094aaade-5494-46ed-a79b-114403b2a43c
el_for_eng:S0115L02U03	it's as if it was worse yesterday	είναι σαν να ήταν χειρότερα χτες	99db9ea9-a96b-41a2-b9af-a6bee273bf56
el_for_eng:S0115L02U04	why does it feel as if it's the only way?	γιατί νιώθω σαν να είναι ο μόνος τρόπος;	d7fb41ea-cad5-42eb-9dca-b643023af482
el_for_eng:S0115L02U05	I feel as if I'm doing worse today	νιώθω σαν να τα πηγαίνω χειρότερα σήμερα	910edb19-f25b-4f78-b072-9bbacade7f53
el_for_eng:S0115L03B01	to do	να κάνω	c0e91b8d-d6fc-49e4-9024-30e274336005
el_for_eng:S0115L03B02	I can do this	μπορώ να κάνω αυτό	d0979634-6536-4548-8318-33bcf8ee6acd
el_for_eng:S0115L03B03	I would like to do something	θα ήθελα να κάνω κάτι	1fa9331b-1c63-41e9-9ba9-8bbda3879352
el_for_eng:S0115L03B04	I need to do this	χρειάζεται να κάνω αυτό	c69513b1-4b2f-4a09-9b8e-2c6b71f45677
el_for_eng:S0115L03C01	I do	κάνω	454cdbce-5866-4dae-83d9-9d056652ae5e
el_for_eng:S0115L03U01	why can't I do this?	γιατί δεν μπορώ να κάνω αυτό;	136fc8b4-c301-49c3-9097-b57559b4c741
el_for_eng:S0115L03U02	I know I can do something else	ξέρω ότι μπορώ να κάνω κάτι άλλο	c8cb2ea9-0a1c-456d-a27a-dd6941a397e6
el_for_eng:S0115L03U03	unfortunately, I can't do this now	δυστυχώς, δεν μπορώ να κάνω αυτό τώρα	ed97a437-7a70-4a96-bb37-74f70ce2d8ca
el_for_eng:S0115L03U04	that's why I need to do this today	γι'αυτό χρειάζεται να κάνω αυτό σήμερα	c93fa7c6-bce2-421e-a939-dfb70a7d6158
el_for_eng:S0115L03U05	I would like to do this after we finish	θα ήθελα να κάνω αυτό αφού τελειώσουμε	75d44253-f9e0-4018-b122-1c0903fcd01c
el_for_eng:S0115L04B01	a conversation	μια συνομιλία	f7fda7f9-6392-451d-bee5-bb897993cee5
el_for_eng:S0115L04B02	I can have a conversation	μπορώ να κάνω μια συνομιλία	20a119ad-46e1-4f3a-a98a-c32c08a2e5d7
el_for_eng:S0115L04B03	I would like to have a conversation	θα ήθελα να κάνω μια συνομιλία	60776f49-a916-4b1a-b2b9-8373381e362e
el_for_eng:S0115L04B04	I need to have a conversation	χρειάζεται να κάνω μια συνομιλία	2d7f0af1-6306-487b-ad23-1a65b6ee155f
el_for_eng:S0115L04C01	conversation	συνομιλία	0f34ee2f-1536-49ce-ac4f-3b6816635dac
el_for_eng:S0115L04U01	I know I can have a conversation	ξέρω ότι μπορώ να κάνω μια συνομιλία	ff56434a-2afb-4c4a-814c-442d62743134
el_for_eng:S0115L04U02	why can't I have a conversation?	γιατί δεν μπορώ να κάνω μια συνομιλία;	e879fa84-c3c5-4181-a5f7-9ef4cd32bc13
el_for_eng:S0115L04U03	I don't feel ready to have a conversation	δεν νιώθω έτοιμος να κάνω μια συνομιλία	2d21865c-0904-43a1-8c3b-c284a7eea9f6
el_for_eng:S0115L04U04	that's why I need to have a conversation	γι'αυτό χρειάζεται να κάνω μια συνομιλία	527f9f7a-ed8d-4f27-9bc2-228cde9ae57f
el_for_eng:S0115L04U05	after we finish I would like to have a conversation	αφού τελειώσουμε θα ήθελα να κάνω μια συνομιλία	577a1e96-ec7d-4c7e-b5ed-7052c4805458
el_for_eng:S0116L01B01	the best	η καλύτερη	59c215e6-c6ad-4e5d-abb4-499f42c0dedf
el_for_eng:S0116L01B02	it's the best	είναι η καλύτερη	c53789c5-33cc-4507-becc-96aa1df10b75
el_for_eng:S0116L01B03	it's not the best	δεν είναι η καλύτερη	5a389a0e-d715-4559-ac81-87afa0427eb6
el_for_eng:S0116L01B04	this is the best	αυτή είναι η καλύτερη	ccd4cd21-0e2c-4920-8c4d-aea037f7a8cf
el_for_eng:S0116L01C01	best	καλύτερη	5fd69fad-4630-4f57-89f1-4707cd8cc567
el_for_eng:S0116L01U01	that's why it's the best	γι'αυτό είναι η καλύτερη	30a3ba9e-c073-446f-8be7-4c09a7f6fea0
el_for_eng:S0116L01U02	I know it's the best	ξέρω ότι είναι η καλύτερη	8183634c-745c-446d-8aba-0d62e9a3f735
el_for_eng:S0116L01U03	why isn't it the best?	γιατί δεν είναι η καλύτερη;	4727ccd4-a5f9-4d9c-a080-18b5d87bd951
el_for_eng:S0116L01U04	I feel as if it's the best	νιώθω σαν να είναι η καλύτερη	aa908db6-f049-4a00-8721-5d8faf1ad93c
el_for_eng:S0116L01U05	I wasn't expecting it to be the best	δεν περίμενα ότι είναι η καλύτερη	54973ece-d757-41db-9acb-acec8c0c7ce1
el_for_eng:S0116L02B01	the best choice	η καλύτερη επιλογή	b19834ff-a192-44e5-a637-8b99857f0445
el_for_eng:S0116L02B02	it's the best choice	είναι η καλύτερη επιλογή	07b4c120-792c-413a-b420-9ee15b3f458b
el_for_eng:S0116L02B03	it's not the best choice	δεν είναι η καλύτερη επιλογή	70327637-4e88-470b-b25a-e3054a884798
el_for_eng:S0116L02U01	this is the best choice	αυτή είναι η καλύτερη επιλογή	79f236d6-f3c8-4d52-8426-add10d36cf92
el_for_eng:S0116L02U02	that's why it's the best choice	γι'αυτό είναι η καλύτερη επιλογή	0a293f41-bf81-4374-88d4-8eed8a0222b5
el_for_eng:S0116L02U03	I know it's the best choice	ξέρω ότι είναι η καλύτερη επιλογή	a91528de-2a3f-4ae3-ae95-0dcdf397c5ce
el_for_eng:S0116L02U04	why isn't it the best choice?	γιατί δεν είναι η καλύτερη επιλογή;	a43a8c7b-8347-45cd-b7d7-56371f3a4514
el_for_eng:S0116L02U05	I wasn't expecting it to be the best choice	δεν περίμενα ότι είναι η καλύτερη επιλογή	67fd1493-951a-4875-b5c3-eb9c38b2ce94
el_for_eng:S0116L03B01	I could	θα μπορούσα	7b3e059c-04b0-41fc-a87c-f9179b1c6cea
el_for_eng:S0116L03B02	I could do this	θα μπορούσα να κάνω αυτό	b480b523-e0d6-4502-90be-c877bff847d8
el_for_eng:S0116L03B03	I couldn't do this	δεν θα μπορούσα να κάνω αυτό	74a92523-c1b5-4c3e-8c47-832b9193cafa
el_for_eng:S0116L03B04	I could have a conversation	θα μπορούσα να κάνω μια συνομιλία	d65a1366-97e6-4295-9edc-76f495100ad3
el_for_eng:S0116L03U02	that's why I couldn't do this	γι'αυτό δεν θα μπορούσα να κάνω αυτό	15d4a6aa-7452-43bd-83d4-342d2d93f3e1
el_for_eng:S0116L03U04	I could relax after we finish	θα μπορούσα να χαλαρώσω αφού τελειώσουμε	05b868c6-027f-4fd5-ae80-2de1e2b89cfb
el_for_eng:S0116L03U05	this isn't the best choice I could make	αυτή δεν είναι η καλύτερη επιλογή που θα μπορούσα να κάνω	0548837a-7b51-45b3-8746-8b87cb2b3d4f
el_for_eng:S0117L01B01	definitely	σίγουρα	74a89dc3-5848-41b4-a7ba-d6c96abe63a4
el_for_eng:S0117L01B02	it's definitely difficult	σίγουρα είναι δύσκολο	45e81381-4a74-4b33-8dcb-c32cc1080227
el_for_eng:S0117L01B03	I definitely wasn't expecting this	σίγουρα δεν το περίμενα	155fe44c-04b9-4dc0-81eb-3860b5856f11
el_for_eng:S0117L01U01	it's definitely interesting	σίγουρα είναι ενδιαφέρον	5c6784a4-050b-48aa-b6b1-142c38615206
el_for_eng:S0117L01U02	I'm definitely not ready	σίγουρα δεν νιώθω έτοιμος	c7b932c3-5562-46e0-9cb8-00aa41d1e6c7
el_for_eng:S0117L01U03	he definitely didn't know the answer	σίγουρα δεν ήξερε την απάντηση	98d03310-de43-4aed-8eaf-b467316f75ee
el_for_eng:S0117L01U04	it's definitely the best choice	σίγουρα είναι η καλύτερη επιλογή	c7a314d3-bfb0-4f89-ba4d-ce11409ebb4d
el_for_eng:S0117L02B01	it's better	είναι καλύτερα	9730b62f-c015-4d1c-a956-51277c473dd2
el_for_eng:S0117L02B02	better than that	καλύτερα από αυτό	80608ba7-c109-4580-ad13-39e5bc70f834
el_for_eng:S0117L02B03	I'm doing better	τα πηγαίνω καλύτερα	562d0e1f-8a12-41fb-b8d6-3f197b0e9804
el_for_eng:S0117L02U01	it's definitely better	σίγουρα είναι καλύτερα	aa5c3c3d-8456-4e63-88e7-fe67b91b7c16
el_for_eng:S0117L02U02	why isn't it better?	γιατί δεν είναι καλύτερα;	d4a34e74-6da1-4ed8-971b-08f75934c9de
el_for_eng:S0117L02U03	I know I'm doing better	ξέρω ότι τα πηγαίνω καλύτερα	11c8ddba-f894-44fc-9034-1507bf2b9eba
el_for_eng:S0117L02U04	today is better than yesterday	σήμερα είναι καλύτερα από χτες	00ac0774-af21-4ac7-9598-53b212cfec48
el_for_eng:S0117L02U05	I feel as if I'm doing better today	νιώθω σαν να τα πηγαίνω καλύτερα σήμερα	91de094d-c96e-4fa8-b96f-f2a22970803f
el_for_eng:S0117L03B01	the last time	την τελευταία φορά	6444f7b4-ab0b-4753-9066-b0d2ccc32417
el_for_eng:S0117L03B02	it was better the last time	ήταν καλύτερα την τελευταία φορά	3230400a-262a-428a-9eea-c2a9adb466c7
el_for_eng:S0117L03B03	the last time it was interesting	την τελευταία φορά ήταν ενδιαφέρον	e517c129-b208-419f-851d-0f8af069c204
el_for_eng:S0117L03U01	the last time I wasn't expecting it	την τελευταία φορά δεν το περίμενα	ca3b6ff3-efaf-43ff-97a6-2f926b482246
el_for_eng:S0117L03U02	I can't remember the last time	δεν μπορώ να θυμηθώ την τελευταία φορά	e57a0877-8cb9-42b2-acb4-10c85face04e
el_for_eng:S0117L03U03	that's why the last time it was difficult	γι'αυτό την τελευταία φορά ήταν δύσκολο	46734555-a1e2-44d8-b4b8-035eba44b828
el_for_eng:S0117L03U04	I definitely felt better the last time	σίγουρα ήταν καλύτερα την τελευταία φορά	0fc7c7bb-05d1-4c6b-886a-d736cb3d54a9
el_for_eng:S0117L03U05	I know the last time was worse	ξέρω ότι την τελευταία φορά ήταν χειρότερα	ab1ea0c9-03bc-4acb-bd52-dc7a7d616a78
el_for_eng:S0117L04B01	we talked yesterday	μιλήσαμε χτες	afaf60b8-7cb7-42b9-b003-846c154840ba
el_for_eng:S0117L04B02	we talked about the answer	μιλήσαμε για την απάντηση	8556e57d-0d2d-4cd3-bd02-56b905ecf2c1
el_for_eng:S0117L04B03	we talked about what we're doing	μιλήσαμε για αυτό που κάνουμε	c90dcfbd-367c-4f81-ad96-e8f9520b2021
el_for_eng:S0117L04U01	the last time we talked	την τελευταία φορά που μιλήσαμε	36dec90a-fb37-4e64-ba83-88017cdbc06e
el_for_eng:S0117L04U02	the last time we talked it was interesting	την τελευταία φορά που μιλήσαμε ήταν ενδιαφέρον	90cc808e-b9e2-40d9-bf89-38ec764e897f
el_for_eng:S0117L04U03	I know the last time we talked was yesterday	ξέρω ότι την τελευταία φορά που μιλήσαμε ήταν χτες	9cbab524-5a58-457a-bb26-3900ce4c5329
el_for_eng:S0117L04U04	I can't remember the last time we talked	δεν μπορώ να θυμηθώ την τελευταία φορά που μιλήσαμε	6ecc6045-857c-4928-818d-d6e9468712f0
el_for_eng:S0117L04U05	I'm doing better than the last time we talked	τα πηγαίνω καλύτερα από την τελευταία φορά που μιλήσαμε	c1c3fc9d-491f-43cb-b325-4526946164ac
el_for_eng:S0118L02B01	better than what it was	καλύτερα από ό,τι ήταν	d867907b-b088-4e6b-8571-831ba7c2d07d
el_for_eng:S0118L02B02	worse than what I expected	χειρότερα από ό,τι περίμενα	348a1f40-456c-42f1-af4e-6f5210d738ed
el_for_eng:S0118L02B03	more interesting than what you said	πιο ενδιαφέρον από ό,τι είπες	1b3d5f21-fad8-452c-91f9-eb7d0a952589
el_for_eng:S0118L02U01	it was worse than what he knew	ήταν χειρότερα από ό,τι ήξερε	15d79e2e-a7b6-4100-9736-3400800341b4
el_for_eng:S0118L02U02	I feel better than what I expected	νιώθω καλύτερα από ό,τι περίμενα	97621df9-4993-4b2e-a4e2-304f4c45b6ba
el_for_eng:S0118L02U03	today is better than what it was yesterday	σήμερα είναι καλύτερα από ό,τι ήταν χτες	e7a30cf6-fffd-4718-b1c1-6c959bf095f7
el_for_eng:S0118L02U04	it's definitely better than what I expected	σίγουρα είναι καλύτερα από ό,τι περίμενα	d3f7a72f-f3dc-4d39-a3f4-3c28ff2cf048
el_for_eng:S0118L02U05	that's why it's worse than what I expected	γι'αυτό είναι χειρότερα από ό,τι περίμενα	585d5fad-3016-4455-b3aa-3a1951d70502
el_for_eng:S0118L03B01	I felt better	ένιωθα καλύτερα	7aaf7176-d32a-43b4-a7d0-189201b91926
el_for_eng:S0118L03B02	I didn't feel ready	δεν ένιωθα έτοιμος	6b8ed8f1-2dd7-40d3-b954-fba12505275c
el_for_eng:S0118L03B03	that's why I felt like that	γι'αυτό ένιωθα έτσι	5d32cbf8-f4e0-419a-b078-dc25c4aef015
el_for_eng:S0118L03U01	I felt worse yesterday	ένιωθα χειρότερα χτες	2fb9eb40-50f3-4e50-b7ff-74de98215cb6
el_for_eng:S0118L03U02	I definitely didn't feel ready	σίγουρα δεν ένιωθα έτοιμος	f8c140d4-3a52-457d-a683-0cf4c3ab7b25
el_for_eng:S0118L03U03	I feel better than I felt	νιώθω καλύτερα από ό,τι ένιωθα	ff44bc30-fc40-456d-8abe-55951120d779
el_for_eng:S0118L03U04	I know I felt worse the last time	ξέρω ότι ένιωθα χειρότερα την τελευταία φορά	0ffd69c7-280a-4c0d-a3e8-6574d23ba4ad
el_for_eng:S0118L03U05	I wasn't expecting to feel better than I felt yesterday	δεν περίμενα ότι νιώθω καλύτερα από ό,τι ένιωθα χτες	f68eae94-4715-4f71-8992-517f379ee988
el_for_eng:S0118L04B01	we were here	ήμασταν εδώ	c2c7c98f-32d5-425e-b45b-a974e9e7dcdd
el_for_eng:S0118L04B02	we were friends	ήμασταν φίλοι	31bf8974-283a-44f9-8b26-dc05d0126491
el_for_eng:S0118L04B03	we were happy	ήμασταν χαρούμενοι	c49b8ad7-080d-4220-bf97-a7303b558a29
el_for_eng:S0118L04U01	I know we were here yesterday	ξέρω ότι ήμασταν εδώ χτες	29f68555-df0a-4696-b09f-986ab0124add
el_for_eng:S0118L04U02	I definitely know we were here	σίγουρα ξέρω ότι ήμασταν εδώ	80de7f05-8a7f-4639-b78e-67365da186fd
el_for_eng:S0118L04U03	when we were friends it was better	όταν ήμασταν φίλοι ήταν καλύτερα	27669632-5614-4f2a-b910-d358ed2e6029
el_for_eng:S0118L04U04	I felt better when we were here	ένιωθα καλύτερα όταν ήμασταν εδώ	d0526bf6-a903-4410-963f-8bf02686740a
el_for_eng:S0118L04U05	that's why we were happy the last time	γι'αυτό ήμασταν χαρούμενοι την τελευταία φορά	bdf8306e-d4f5-40aa-96f2-d7486bdc3572
el_for_eng:S0118L05B01	in the pub	στο μπαρ	f3a801e6-71a1-4161-bbde-603e66105e96
el_for_eng:S0118L05B02	we were in the pub	ήμασταν στο μπαρ	27f372b7-91d7-463e-a8fa-556b39377e21
el_for_eng:S0118L05B03	when we were in the pub	όταν ήμασταν στο μπαρ	af002f7a-0f3d-482e-9fcc-88e5076d91d8
el_for_eng:S0118L05C01	bar	μπαρ	4959dc2b-71f0-4831-a6b1-4e0ba77bedb0
el_for_eng:S0118L05U01	yesterday we were in the pub and it was good	χτες ήμασταν στο μπαρ και ήταν καλό	0b62169a-4ff7-4551-aa58-3b34a6ce8ab3
el_for_eng:S0118L05U02	I felt better when we were in the pub	ένιωθα καλύτερα όταν ήμασταν στο μπαρ	2c76e830-c520-4b32-bfea-a829ae824875
el_for_eng:S0118L05U03	I feel better than I felt when we were in the pub	νιώθω καλύτερα από ό,τι ένιωθα όταν ήμασταν στο μπαρ	e345a838-0c5b-4e86-8bdb-018492f402c1
el_for_eng:S0118L05U04	the last time we were in the pub it was interesting	την τελευταία φορά που ήμασταν στο μπαρ ήταν ενδιαφέρον	e7bce436-a4ac-485e-9d5e-c51db873d564
el_for_eng:S0118L05U05	I can't remember the last time we were in the pub	δεν μπορώ να θυμηθώ την τελευταία φορά που ήμασταν στο μπαρ	afc0c1f4-3d23-4dba-b43e-e28b0f94ecb5
el_for_eng:S0119L02B01	ask you	σε ρωτήσω	ee7ec2b7-1610-4bee-b517-9122c1224358
el_for_eng:S0119L02B02	can I ask you?	μπορώ να σε ρωτήσω;	58e83994-e303-49ed-98c5-b604bda93477
el_for_eng:S0119L02B03	I would like to ask you	θα ήθελα να σε ρωτήσω	8d15ea6f-a18a-4abe-a8fe-a3733868da92
el_for_eng:S0119L02B04	can I ask you something?	μπορώ να σε ρωτήσω κάτι;	52f5f250-3078-46b0-a0f9-019aabb84a2b
el_for_eng:S0119L02C01	I ask	ρωτήσω	70eb37dc-46f8-422e-ad47-25e6a95f289f
el_for_eng:S0119L02U01	I need to ask you something	χρειάζεται να σε ρωτήσω κάτι	7cb78f22-8256-4399-b140-5ed3cc7f822f
el_for_eng:S0119L02U02	can I ask you something else?	μπορώ να σε ρωτήσω κάτι άλλο;	bf072078-d251-43ca-8455-452df6f2f04a
el_for_eng:S0119L02U03	why can't I ask you?	γιατί δεν μπορώ να σε ρωτήσω;	b5134c47-fdd1-4e1a-82fb-0a8a025d7ea7
el_for_eng:S0119L02U04	I would like to ask you the answer	θα ήθελα να σε ρωτήσω την απάντηση	c01b827c-64dc-4aec-af52-69c32eb98e3d
el_for_eng:S0119L02U05	that's why I need to ask you something	γι'αυτό χρειάζεται να σε ρωτήσω κάτι	bda0b5fb-d0b0-4991-a1a0-3025ff6ff60f
el_for_eng:S0119L03B01	before today	πριν σήμερα	b3278418-d6fb-420e-95d4-af8fe28988fb
el_for_eng:S0119L03B02	before we leave	πριν φύγουμε	703bd682-a341-470c-a694-e1f1f11de94b
el_for_eng:S0119L03B03	before the last time	πριν την τελευταία φορά	012005e2-ba3e-4684-8c5f-e20fbfc6ddaf
el_for_eng:S0119L03U01	I felt better before yesterday	ένιωθα καλύτερα πριν χτες	9f974599-2ca1-473d-8299-8d30b26e9404
el_for_eng:S0119L03U03	before we finish I would like to relax	πριν τελειώσουμε θα ήθελα να χαλαρώσω	52f39d50-0b49-4608-9d9b-01efe419f78b
el_for_eng:S0119L03U04	I need to ask you something before we leave	χρειάζεται να σε ρωτήσω κάτι πριν φύγουμε	0d383828-a3e9-4db2-9ad1-c7ca82892d05
el_for_eng:S0119L03U05	I definitely need to ask you before we leave	σίγουρα χρειάζεται να σε ρωτήσω πριν φύγουμε	445a9a37-de47-407f-81db-ed5f8f470b4f
el_for_eng:S0119L04B01	before you leave	πριν φύγεις	e84e23e5-2614-49fe-b653-2f8bedfc16cf
el_for_eng:S0119L04B02	are you ready before you leave?	είσαι έτοιμος πριν φύγεις;	182cf3ae-c5c0-4a57-95ec-11bf41b6662e
el_for_eng:S0119L04B03	I can ask you before you leave	μπορώ να σε ρωτήσω πριν φύγεις	25a1aead-7d91-4663-b630-c00867f85f08
el_for_eng:S0119L04U01	can I ask you something before you leave?	μπορώ να σε ρωτήσω κάτι πριν φύγεις;	9d481f11-9562-414c-810b-1f86aa0c08fb
el_for_eng:S0119L04U02	I would like to have a conversation before you leave	θα ήθελα να κάνω μια συνομιλία πριν φύγεις	3c1eb93c-f011-4d73-b9d9-18fea57bd840
el_for_eng:S0119L04U03	that's why I need to ask you before you leave	γι'αυτό χρειάζεται να σε ρωτήσω πριν φύγεις	98afcdca-f489-4342-ae42-c6bbfc3bc7fb
el_for_eng:S0119L04U04	I need to ask you the answer before you leave	χρειάζεται να σε ρωτήσω την απάντηση πριν φύγεις	a5deabc5-a999-4f47-9643-9df95b02b60c
el_for_eng:S0119L04U05	I definitely need to ask you something before you leave	σίγουρα χρειάζεται να σε ρωτήσω κάτι πριν φύγεις	9ef47bc3-7115-4de0-9a3f-8ab35232bdde
el_for_eng:S0120L02B01	you like	σου αρέσει	cb26a20e-e1dd-427b-8116-54d3c18e7620
el_for_eng:S0120L02B02	you don't like it	δεν σου αρέσει	298db29e-4ad0-403d-818a-8ec653f1d022
el_for_eng:S0120L02B03	you like this	σου αρέσει αυτό	82d9bc88-6aea-4d90-adc3-e8026c87595a
el_for_eng:S0120L02C01	it pleases	αρέσει	a2d4a12e-d817-4cf9-a0e4-75fff58bae95
el_for_eng:S0120L02U01	why do you like it?	γιατί σου αρέσει;	fd979bfc-2d79-4a00-ae93-a328ba13b50b
el_for_eng:S0120L02U02	I know you like it	ξέρω ότι σου αρέσει	be364f19-cbc1-4191-b46b-5bde6c9983a5
el_for_eng:S0120L02U03	I wasn't expecting you to like it	δεν περίμενα ότι σου αρέσει	8ed16680-4962-4b59-9fd2-55e62f3fd044
el_for_eng:S0120L02U04	I definitely know you like it	σίγουρα ξέρω ότι σου αρέσει	3552b526-11c1-4a77-a4f3-3e1914cad74b
el_for_eng:S0120L02U05	it's interesting that you like it	είναι ενδιαφέρον ότι σου αρέσει	30d3caac-e862-4cb4-9d1a-d5960d28d549
el_for_eng:S0120L03B01	to go	να πηγαίνεις	2ea21f01-b78a-4874-98f2-ebeafe8c486b
el_for_eng:S0120L03B02	you can go	μπορείς να πηγαίνεις	9aae2656-a456-4564-9422-ab3a30e5392a
el_for_eng:S0120L03B03	you like to go	σου αρέσει να πηγαίνεις	72a53c8c-8bae-4514-a2c8-b73be79f5d1d
el_for_eng:S0120L03B04	you like to go home	σου αρέσει να πηγαίνεις σπίτι	ea1f3155-acf8-47ed-91dd-8267fb288f6f
el_for_eng:S0120L03C01	you go	πηγαίνεις	8762e44e-7d04-43a1-bfe8-35face3a5b6c
el_for_eng:S0120L03U01	why do you like to go?	γιατί σου αρέσει να πηγαίνεις;	af55db02-fdcf-4974-93e7-93d744469ac7
el_for_eng:S0120L03U02	I was expecting you to like to go	περίμενα ότι σου αρέσει να πηγαίνεις	368ab304-5997-4cbb-bb68-3d0b8692ce7a
el_for_eng:S0120L03U03	I know you like to go home	ξέρω ότι σου αρέσει να πηγαίνεις σπίτι	8e4ca8af-753d-4c84-8a3f-1748acc77df8
el_for_eng:S0120L03U04	before you leave you like to go home	πριν φύγεις σου αρέσει να πηγαίνεις σπίτι	a56762a9-4fb7-4026-8bbb-150ea98e4348
el_for_eng:S0120L03U05	it's interesting that you like to go	είναι ενδιαφέρον ότι σου αρέσει να πηγαίνεις	d49f505c-87ae-4fc8-adc6-eec914d77e38
el_for_eng:S0120L04B01	with this	με αυτό	c34212ae-7fac-4d90-b9ee-5285e1dcc547
el_for_eng:S0120L04B02	by bus	με λεωφορείο	9abdca22-e49a-45df-b4e1-61f72d91c463
el_for_eng:S0120L04B03	you like to go by bus	σου αρέσει να πηγαίνεις με λεωφορείο	e5404ee1-005e-4f6b-b156-d29a5843bbe3
el_for_eng:S0120L04U01	why do you like to go by bus?	γιατί σου αρέσει να πηγαίνεις με λεωφορείο;	71c08bd6-9107-440b-a048-eed141d69771
el_for_eng:S0120L04U02	can I ask you before you leave by bus?	μπορώ να σε ρωτήσω πριν φύγεις με λεωφορείο;	689faf39-1154-4ee0-bc57-64a1ed8805f6
el_for_eng:S0120L04U03	I know you like to go by bus	ξέρω ότι σου αρέσει να πηγαίνεις με λεωφορείο	93210bc4-144d-437d-bede-e3ff9d0049a0
el_for_eng:S0120L04U04	the last time we went by bus it was interesting	την τελευταία φορά με λεωφορείο ήταν ενδιαφέρον	1247e187-1370-414b-811e-73b0fd032fcd
el_for_eng:S0120L04U05	it's interesting that you like to go by bus	είναι ενδιαφέρον ότι σου αρέσει να πηγαίνεις με λεωφορείο	2cedb944-b549-462b-a2e8-f306828fa17e
el_for_eng:S0121L01B01	something unusual	κάτι ασυνήθιστο	9a5e6638-3f06-4b7d-af26-645f6713bfb3
el_for_eng:S0121L01B02	it's unusual	είναι ασυνήθιστο	2b4db3f6-a5fe-4f4d-95a5-d1a57fc4d364
el_for_eng:S0121L01B03	it's not unusual	δεν είναι ασυνήθιστο	f5d1f6e7-d537-44ac-8bcc-52665d81deeb
el_for_eng:S0121L01U01	why is it unusual?	γιατί είναι ασυνήθιστο;	02ac665f-978a-4bb0-a417-3628910b3a90
el_for_eng:S0121L01U02	that's why it's unusual	γι'αυτό είναι ασυνήθιστο	3d991f01-4d3b-4907-9a3a-3685100df2c8
el_for_eng:S0121L01U03	it's definitely unusual	σίγουρα είναι ασυνήθιστο	41906404-9198-4564-bc08-502c0702dd58
el_for_eng:S0121L01U04	I know it's unusual	ξέρω ότι είναι ασυνήθιστο	5dba0a33-679e-487e-8cb9-65bacd203670
el_for_eng:S0121L01U05	I wasn't expecting something unusual	δεν περίμενα κάτι ασυνήθιστο	eeda6d8e-fb16-4ae9-80d3-52a27bce8db3
el_for_eng:S0121L03B01	to use	να χρησιμοποιείς	b7765f44-fefa-4068-a663-3267bf6c7c67
el_for_eng:S0121L03B02	you like to use	σου αρέσει να χρησιμοποιείς	3fbf7c0b-499d-4d48-b0ad-a25926740833
el_for_eng:S0121L03B03	you don't like to use	δεν σου αρέσει να χρησιμοποιείς	7c3a4405-04e5-4f99-849c-bac24a456b9c
el_for_eng:S0121L03B04	you like to use this	σου αρέσει να χρησιμοποιείς αυτό	6cc938c7-b598-4fef-8993-0076e61da7e6
el_for_eng:S0121L03C01	you use	χρησιμοποιείς	e0651c74-e33b-4ec1-a923-6619e208191f
el_for_eng:S0121L03U01	why don't you like to use it?	γιατί δεν σου αρέσει να χρησιμοποιείς;	81fc18d9-9f21-47a9-a14d-c2e1cc686322
el_for_eng:S0121L03U02	I know you like to use this	ξέρω ότι σου αρέσει να χρησιμοποιείς αυτό	3bfd222b-b53b-4427-b208-7dd43d9cf256
el_for_eng:S0121L03U03	can I ask you why you don't like to use it?	μπορώ να σε ρωτήσω γιατί δεν σου αρέσει να χρησιμοποιείς;	b4154b34-eac6-4a77-bead-39751bd16fe5
el_for_eng:S0121L03U04	it's unusual that you don't like to use this	είναι ασυνήθιστο ότι δεν σου αρέσει να χρησιμοποιείς αυτό	b093a65c-4e61-43dd-9393-e2175c2507b9
el_for_eng:S0121L03U05	it's definitely unusual that you don't like to use this	σίγουρα είναι ασυνήθιστο ότι δεν σου αρέσει να χρησιμοποιείς αυτό	27947c92-cfad-44ac-8cb8-bed9ea6d59d4
el_for_eng:S0121L04B01	your car	το αυτοκίνητό σου	2aa1c63a-4068-4549-98e2-61536be02ac6
el_for_eng:S0121L04B02	you like to use your car	σου αρέσει να χρησιμοποιείς το αυτοκίνητό σου	95f29728-03cf-4e47-984f-a369d33b8960
el_for_eng:S0121L04B03	you don't like to use your car	δεν σου αρέσει να χρησιμοποιείς το αυτοκίνητό σου	8d7c91cb-1e21-4823-be68-6cdc274867e6
el_for_eng:S0121L04U01	I know you like to use your car	ξέρω ότι σου αρέσει να χρησιμοποιείς το αυτοκίνητό σου	d8cad3ed-5503-4f15-8113-6ad4add3b803
el_for_eng:S0121L04U02	why don't you like to use your car?	γιατί δεν σου αρέσει να χρησιμοποιείς το αυτοκίνητό σου;	3cb83f9c-32af-4c89-b517-213a664f5dc4
el_for_eng:S0121L04U03	it's unusual that you don't like to use your car	είναι ασυνήθιστο ότι δεν σου αρέσει να χρησιμοποιείς το αυτοκίνητό σου	532f98f3-55ab-4a46-8195-97886bb76834
el_for_eng:S0121L04U04	can I ask you why you don't use your car?	μπορώ να σε ρωτήσω γιατί δεν σου αρέσει να χρησιμοποιείς το αυτοκίνητό σου;	bc7f0d51-cd7b-4169-9c8d-b6fe420e4111
el_for_eng:S0121L04U05	you like to go by bus and not use your car	σου αρέσει να πηγαίνεις με λεωφορείο και δεν σου αρέσει να χρησιμοποιείς το αυτοκίνητό σου	6ea89b73-2a8a-4de7-b102-97631e10e536
el_for_eng:S0122L01B01	it starts	αρχίζει να	7355cde3-0756-4f96-832a-ba73add50f52
el_for_eng:S0122L01B02	it's starting to change	αρχίζει να αλλάζει	cd2026c4-3324-4916-83e5-3176f8436fa2
el_for_eng:S0122L01B03	it's starting to work	αρχίζει να λειτουργεί	819cc0ca-f15e-462a-a527-61f35be15fc9
el_for_eng:S0122L01B04	why is it starting to change?	γιατί αρχίζει να αλλάζει;	87cf298a-ca0a-4aa9-955c-781146b12856
el_for_eng:S0122L01C01	it starts	αρχίζει	7355cde3-0756-4f96-832a-ba73add50f52
el_for_eng:S0122L01U01	it's starting to be interesting	αρχίζει να είναι ενδιαφέρον	8d11f32b-e6ab-467d-8153-6b5279e479ac
el_for_eng:S0122L01U02	I know it's starting to change	ξέρω ότι αρχίζει να αλλάζει	baa57cbb-b349-4fff-81b5-fbd8de458894
el_for_eng:S0122L01U03	it's definitely starting to work	σίγουρα αρχίζει να λειτουργεί	cc3948cd-cd87-4598-97d2-5ae9a6f84a6d
el_for_eng:S0122L01U04	that's why it's starting to be interesting	γι'αυτό αρχίζει να είναι ενδιαφέρον	9056ab5c-edb9-4297-8304-5a10fd863284
el_for_eng:S0122L01U05	I feel it's starting to change today	νιώθω ότι αρχίζει να αλλάζει σήμερα	08f0bf7a-9d3c-46a5-ad2f-0b399d66c112
el_for_eng:S0122L02B01	it feels like that	νιώθεται έτσι	846945da-ba8f-4ad6-9158-40b2079ecc2f
el_for_eng:S0122L02B02	it doesn't feel like that	δεν νιώθεται έτσι	1dd44a3f-41e9-47c0-88e2-3fe73b066917
el_for_eng:S0122L02B03	it's starting to feel	αρχίζει να νιώθεται	9f54d8f7-c947-4a72-bcee-43d0bc26b1a2
el_for_eng:S0122L02U01	why does it feel like that?	γιατί νιώθεται έτσι;	c0cdb69d-9a8c-4a6b-a3a4-ac4aac29e29a
el_for_eng:S0122L02U02	it definitely feels like that	σίγουρα νιώθεται έτσι	12873026-4dce-4e20-93e2-188075d1450d
el_for_eng:S0122L02U03	that's why it feels like that	γι'αυτό νιώθεται έτσι	f272d9b5-e79d-4cf4-a6af-1275b1b384cb
el_for_eng:S0122L02U04	it's starting to feel better today	αρχίζει να νιώθεται καλύτερα σήμερα	52f90c8d-d86a-4fcc-87ee-a4e117893db2
el_for_eng:S0122L03B01	it's easier	είναι πιο εύκολο	a3edcc6b-d101-44f6-af3e-d654b4ab2939
el_for_eng:S0122L03B02	it's not easy	δεν είναι εύκολο	efafac46-1734-47fb-a694-4465ef122390
el_for_eng:S0122L03B03	why isn't it easy?	γιατί δεν είναι εύκολο;	d6cc5cc1-6e15-4b83-a31a-ba1b7d783588
el_for_eng:S0122L03U01	it's starting to feel easier	αρχίζει να νιώθεται πιο εύκολο	a5371604-720f-48fc-a8d3-676d43a873dd
el_for_eng:S0122L03U02	today it's easier than yesterday	σήμερα είναι πιο εύκολο από χτες	c74af420-4348-40b7-b1c4-850eb10a8bc9
el_for_eng:S0122L03U03	it's definitely starting to feel easier	σίγουρα αρχίζει να νιώθεται πιο εύκολο	75b5080b-8374-4621-bb86-682c591caab0
el_for_eng:S0122L03U04	I know it's starting to feel easier	ξέρω ότι αρχίζει να νιώθεται πιο εύκολο	0641319c-374b-4da1-bc11-7eb591e48137
el_for_eng:S0122L03U05	I feel it's becoming easier	νιώθω ότι αρχίζει να νιώθεται πιο εύκολο	4af00606-60ad-4bef-b1d6-df8cc420642c
el_for_eng:S0122L04B01	I'm excited about this work	είμαι ενθουσιασμένος	e561bd78-97c2-4c9b-be5e-1ee0e612481e
el_for_eng:S0122L04B02	I'm not excited	δεν είμαι ενθουσιασμένος	eb83ba5f-569c-4c14-8603-ab1772a5cf8a
el_for_eng:S0122L04B03	I'm very excited	είμαι πολύ ενθουσιασμένος	fdc363cf-7ec6-4899-b79f-9becd114117f
el_for_eng:S0122L04U01	why am I excited?	γιατί είμαι ενθουσιασμένος;	d192c052-b274-495e-ba3e-373fa9cef48a
el_for_eng:S0122L04U02	I'm definitely excited	σίγουρα είμαι ενθουσιασμένος	11e8f428-8a29-4156-9d95-0401e3dae898
el_for_eng:S0122L04U03	I know I'm excited	ξέρω ότι είμαι ενθουσιασμένος	a170e41a-39fb-44ae-b714-6d7ba83e6ea3
el_for_eng:S0122L04U04	that's why I'm excited today	γι'αυτό είμαι ενθουσιασμένος σήμερα	7d8817db-9d45-4a75-ab5f-2543cbaea516
el_for_eng:S0122L04U05	I am excited and it's starting to feel easier	είμαι ενθουσιασμένος και αρχίζει να νιώθεται πιο εύκολο	08752cf6-f0e9-4e19-bee4-4f6b125454de
el_for_eng:S0122L05B01	how it's going	το πώς πάει	300813a1-9bc9-499f-966d-02964cba2b9f
el_for_eng:S0122L05B02	I know how it's going	ξέρω το πώς πάει	e887b2c8-941d-448e-93f6-8289cd3486aa
el_for_eng:S0122L05B03	I wasn't expecting how it's going	δεν περίμενα το πώς πάει	4b8c302f-b6f9-47eb-b693-f2e282ca7f72
el_for_eng:S0122L05B04	I definitely know how it's going	σίγουρα ξέρω το πώς πάει	c572ee64-7e67-4290-a990-a537f9037ad8
el_for_eng:S0122L05U01	how it's going is interesting	το πώς πάει είναι ενδιαφέρον	daeadc1e-5c97-4f4a-b24b-1756f785a26b
el_for_eng:S0122L05U02	I'm excited about this work	είμαι ενθουσιασμένος με το πώς πάει	e561bd78-97c2-4c9b-be5e-1ee0e612481e
el_for_eng:S0122L05U03	today I'm excited about how it's going	σήμερα είμαι ενθουσιασμένος με το πώς πάει	bd4f24a9-3285-4ccd-9863-a6d6226b7ac4
el_for_eng:S0122L05U04	that's why I'm excited about how it's going	γι'αυτό είμαι ενθουσιασμένος με το πώς πάει	babf08db-64f1-4754-8e40-84df3e61f42e
el_for_eng:S0122L05U05	it's starting to feel easier and I'm excited about how it's going	αρχίζει να νιώθεται πιο εύκολο και είμαι ενθουσιασμένος με το πώς πάει	f02b1be8-5228-4dd2-a739-b2337984eaa0
el_for_eng:S0123L01B01	I don't think so	δεν νομίζω	01e563a5-e676-40e4-ba1e-dba4553c1990
el_for_eng:S0123L01B02	I think it's better	νομίζω ότι είναι καλύτερα	39d5813e-7216-4f36-8ca3-f220c638e482
el_for_eng:S0123L01B03	I think I can remember	νομίζω ότι μπορώ να θυμηθώ	f82fcda7-cca7-4f32-b2c7-1fbf3607ec7b
el_for_eng:S0123L01U01	I think it's interesting	νομίζω ότι είναι ενδιαφέρον	6dc096ec-6569-4104-8f7f-f7109e45c53f
el_for_eng:S0123L01U02	why do I think it's worse?	γιατί νομίζω ότι είναι χειρότερα;	c1870f44-5fcc-432a-9f78-155426169fc7
el_for_eng:S0123L01U03	I think I feel better today	νομίζω ότι νιώθω καλύτερα σήμερα	836c7249-6599-4ab1-9b61-831a25b94b29
el_for_eng:S0123L01U04	I definitely think it's starting to change	σίγουρα νομίζω ότι αρχίζει να αλλάζει	d77ddca5-526f-43c3-962a-2380622b7fb6
el_for_eng:S0123L01U05	that's why I think it's the best choice	γι'αυτό νομίζω ότι είναι η καλύτερη επιλογή	f0902cc3-95bc-4e74-b5d1-2a9ce45c2f2b
el_for_eng:S0123L02B01	a good conversation	καλή συνομιλία	2e9d0f30-e17b-4a08-a219-42652eca3628
el_for_eng:S0123L02B02	it's a good choice	είναι καλή επιλογή	7e60f6a5-cac5-4960-91b6-899e6b8f4e9f
el_for_eng:S0123L02B03	why isn't it good?	γιατί δεν είναι καλή;	020f1b8e-58ef-4afe-8412-35c9097ee66f
el_for_eng:S0123L02U01	I think it's good	νομίζω ότι είναι καλή	f189c60f-4bfc-4670-93d6-a32f516dc233
el_for_eng:S0123L02U02	that's definitely a good choice	σίγουρα είναι καλή επιλογή	ce7ba3ea-1dcd-4c55-9439-988ac30d9225
el_for_eng:S0123L02U03	I know it's a good choice	ξέρω ότι είναι καλή επιλογή	176d876e-1bc6-47e7-9f89-3f1f3fa2bf2d
el_for_eng:S0123L02U04	I wasn't expecting it to be good	δεν περίμενα ότι είναι καλή	0494b658-7ca3-4bca-9490-17909ccd43fc
el_for_eng:S0123L03B01	it's an idea	είναι ιδέα	95922a7e-4807-4fc6-87b7-1335949efc5f
el_for_eng:S0123L03B02	it's not a good idea	δεν είναι καλή ιδέα	3e9fd74c-32a6-452d-a32f-d2f93cf89d47
el_for_eng:S0123L03B03	that's why it's a good idea	γι'αυτό είναι καλή ιδέα	64ccdbf5-b01b-46c4-8bb5-b2543f60a62e
el_for_eng:S0123L03U01	I know it's a good idea	ξέρω ότι είναι καλή ιδέα	bef2098c-ec0e-48a2-80ce-4dd61947ef08
el_for_eng:S0123L03U02	I think it's a good idea	νομίζω ότι είναι καλή ιδέα	d5f15b56-368a-4c07-9b11-16f5b9fbb7c1
el_for_eng:S0123L03U03	I feel it's a good idea today	νιώθω ότι είναι καλή ιδέα σήμερα	4e1b56f8-85ed-4a73-b288-fc664ed32ca8
el_for_eng:S0123L03U04	it was a good idea the last time	ήταν καλή ιδέα την τελευταία φορά	ed0f0481-979e-4983-bb70-7b304395a2bf
el_for_eng:S0123L03U05	I definitely think it's a good idea	σίγουρα νομίζω ότι είναι καλή ιδέα	ea48af23-89dc-46d3-8504-4b20abcce487
el_for_eng:S0124L01B01	I didn't think so	δεν νόμιζα	8a410908-b400-4353-b86c-ce9fe007aefa
el_for_eng:S0124L01B02	I thought it was better	νόμιζα ότι ήταν καλύτερα	d95b287d-5df5-4d22-8164-27b8e83484f6
el_for_eng:S0124L01B03	I thought we were friends	νόμιζα ότι ήμασταν φίλοι	96adf326-93b3-45d5-b25b-436c9a8e0e6c
el_for_eng:S0124L01U01	I thought it was interesting	νόμιζα ότι ήταν ενδιαφέρον	69edbda6-cfdc-4f17-bdd3-b0ab3c84b91d
el_for_eng:S0124L01U02	I thought I could remember	νόμιζα ότι μπορούσα να θυμηθώ	b4b389d6-884f-4bee-b943-d0923067fc4d
el_for_eng:S0124L01U03	I thought I felt better yesterday	νόμιζα ότι ένιωθα καλύτερα χτες	c304e85a-678e-45a8-a7d6-7b189fcaf962
el_for_eng:S0124L01U04	that's why I thought it was worse	γι'αυτό νόμιζα ότι ήταν χειρότερα	6d91308f-1482-412c-a052-c4836d6726fd
el_for_eng:S0124L01U05	I definitely thought it was a good choice	σίγουρα νόμιζα ότι ήταν καλή επιλογή	62e63609-cc9a-471d-8ee1-d7da88168315
el_for_eng:S0125L01B01	I don't believe it	δεν πιστεύω	322c06e4-791c-431a-b684-3e19555668fc
el_for_eng:S0125L01B02	I believe it's better	πιστεύω ότι είναι καλύτερα	2934df35-353c-45c4-bb66-125e50c2e1f6
el_for_eng:S0125L01B03	I believe I can remember	πιστεύω ότι μπορώ να θυμηθώ	f041dc25-2745-413c-957e-14f83b3ad166
el_for_eng:S0125L01U01	I believe it's interesting	πιστεύω ότι είναι ενδιαφέρον	3c261cc3-6027-45c1-b7c3-41a208f0db9b
el_for_eng:S0125L01U02	why do I believe it's worse?	γιατί πιστεύω ότι είναι χειρότερα;	153ba2a1-156a-44b1-b7f3-969d1b46d5f3
el_for_eng:S0125L01U03	I believe I feel better today	πιστεύω ότι νιώθω καλύτερα σήμερα	68861ed6-10fe-4ca5-ab56-57d3bfbdb4bb
el_for_eng:S0125L01U04	I definitely believe it's a good idea	σίγουρα πιστεύω ότι είναι καλή ιδέα	edd114ed-ab12-428f-85fd-5f6290cc5ea5
el_for_eng:S0125L01U05	that's why I believe it's the best choice	γι'αυτό πιστεύω ότι είναι η καλύτερη επιλογή	1bab2186-4f23-46bd-81ef-fdfc7d65ea80
el_for_eng:S0125L02B01	your idea	η ιδέα σου	e61e3059-cfce-4723-815f-abd613aeba0e
el_for_eng:S0125L02B02	your idea is good	η ιδέα σου είναι καλή	ba95b47f-630d-48ae-a6e4-09d6dd35948b
el_for_eng:S0125L02B03	your idea was interesting	η ιδέα σου ήταν ενδιαφέρουσα	10355ea4-1925-4c80-b880-ece5f43f603a
el_for_eng:S0125L02B04	I believe your idea is good	πιστεύω ότι η ιδέα σου είναι καλή	a3c77eb1-ac7e-4fde-bd6a-4b9a48d4c200
el_for_eng:S0125L02U01	your idea was definitely interesting	η ιδέα σου σίγουρα ήταν ενδιαφέρουσα	7de01f9b-4496-4783-9486-21505654572a
el_for_eng:S0125L02U02	I wasn't expecting your idea to be good	δεν περίμενα ότι η ιδέα σου είναι καλή	a07c8548-ce35-40d0-baeb-2cba69f15b9a
el_for_eng:S0125L02U03	I believe your idea is interesting	πιστεύω ότι η ιδέα σου είναι ενδιαφέρουσα	e5f61f1e-fe54-4b51-b4ca-318c2317be76
el_for_eng:S0125L02U04	I think your idea was the best choice	νομίζω ότι η ιδέα σου ήταν η καλύτερη επιλογή	4393b779-efdc-434b-8aee-f0a0dda83e41
el_for_eng:S0126L01B01	this work	αυτή η δουλειά	254c32bd-2669-416d-86b7-d3817f6d6147
el_for_eng:S0126L01B03	this work is interesting	αυτή η δουλειά είναι ενδιαφέρουσα	07872058-cf5c-444f-b01f-194425a46307
el_for_eng:S0126L01B04	I think this work is good	νομίζω ότι αυτή η δουλειά είναι καλή	4f640335-fc12-495f-bac0-f09404446695
el_for_eng:S0126L01U01	I thought this work was harder	νόμιζα ότι αυτή η δουλειά ήταν χειρότερα	fb834705-decf-4f63-9b54-261b684b7f1a
el_for_eng:S0126L01U02	I feel this work is starting to change	νιώθω ότι αυτή η δουλειά αρχίζει να αλλάζει	28f13e04-33b8-42bc-a9e4-85d75b91e235
el_for_eng:S0126L01U03	I can't remember when this work was good	δεν μπορώ να θυμηθώ πότε αυτή η δουλειά ήταν καλή	649c5414-82a2-4633-96e2-6b4a26c8b021
el_for_eng:S0126L01U04	I believe this work is the best choice	πιστεύω ότι αυτή η δουλειά είναι η καλύτερη επιλογή	d4a61c41-cb6c-4f64-8656-0b279ea3ddc9
el_for_eng:S0126L01U05	this work was definitely better the last time	αυτή η δουλειά σίγουρα ήταν καλύτερα την τελευταία φορά	65eb0185-923c-40bb-a5ed-2dc3c614e80b
el_for_eng:S0126L02B01	the shape	τη μορφή	23cad5a4-7d69-4f16-bf30-35bce735e366
el_for_eng:S0126L02B02	it's changing the shape	αλλάζει τη μορφή	d3222595-a4fa-4784-8668-701d4baa9005
el_for_eng:S0126L02B03	it's not changing the shape	δεν αλλάζει τη μορφή	a9800516-811c-47f0-83f7-0d3e9a773ad3
el_for_eng:S0126L02B04	that's why it's changing the shape	γι'αυτό αλλάζει τη μορφή	11760916-6eb9-4f6d-80da-03d8a990c961
el_for_eng:S0126L02C01	shape	μορφή	f8b34ad0-ae09-4c35-8395-652c3cf954b3
el_for_eng:S0126L02U01	I think it's changing the shape	νομίζω ότι αλλάζει τη μορφή	15b0fea0-7a14-43c4-b0e9-9348a52c23df
el_for_eng:S0126L02U02	I thought it was changing the shape	νόμιζα ότι αλλάζει τη μορφή	ba0e95f4-c3ee-4476-bdd3-ff8b77f04668
el_for_eng:S0126L02U03	this work is changing the shape	αυτή η δουλειά αλλάζει τη μορφή	e04d5366-03e0-4dde-8139-d8f168ea2b59
el_for_eng:S0126L02U04	I definitely think it's changing the shape	σίγουρα νομίζω ότι αλλάζει τη μορφή	0ff33376-7247-4b8b-9bc0-fece0a2871a9
el_for_eng:S0126L02U05	I believe it's starting to change the shape	πιστεύω ότι αρχίζει να αλλάζει τη μορφή	e7739f84-7e86-435b-ab67-8316eef9de9e
el_for_eng:S0126L03B01	of my brain	του εγκεφάλου μου	adc5b891-9cca-414a-a2a4-2811e2ced57f
el_for_eng:S0126L03B02	the shape of my brain	τη μορφή του εγκεφάλου μου	5c534fd5-f142-48bb-b962-3f36d4188bb4
el_for_eng:S0126L03B03	it's changing the shape of my brain	αλλάζει τη μορφή του εγκεφάλου μου	c6cf6aa8-f461-4573-83d0-06a5a62cc677
el_for_eng:S0126L03B04	that's why the shape of my brain is changing	γι'αυτό αλλάζει τη μορφή του εγκεφάλου μου	45eb5fb5-99ae-415f-8166-2f2611ef2efc
el_for_eng:S0126L03U01	I think the shape of my brain is changing	νομίζω ότι αλλάζει τη μορφή του εγκεφάλου μου	9de6fac2-f421-465f-9223-67c41ff5fb13
el_for_eng:S0126L03U02	this work is changing the shape of my brain	αυτή η δουλειά αλλάζει τη μορφή του εγκεφάλου μου	94e8b51c-e62c-4c58-b7bf-51e614d3e55a
el_for_eng:S0126L03U03	I definitely feel the shape of my brain is changing	σίγουρα νιώθω ότι αλλάζει τη μορφή του εγκεφάλου μου	4a808828-dc9b-40ba-961f-3ccb87f15aef
el_for_eng:S0126L03U04	I believe it's starting to change the shape of my brain	πιστεύω ότι αρχίζει να αλλάζει τη μορφή του εγκεφάλου μου	726b3358-26c2-4ed7-9261-98884aa0cbc9
el_for_eng:S0126L03U05	when we learn something new it changes the shape of my brain	όταν μαθαίνουμε κάτι νέο αλλάζει τη μορφή του εγκεφάλου μου	a577b3c2-bb7e-48cc-a043-0a4622d0f527
el_for_eng:S0127L01B01	the reason	ο λόγος	028f1b6c-433f-4717-81a6-6082cca875e1
el_for_eng:S0127L01B02	that's the reason	αυτός είναι ο λόγος	c08df61d-5e40-45fd-a176-845353d7db09
el_for_eng:S0127L01B03	that isn't the reason	αυτός δεν είναι ο λόγος	73023ca1-0bfb-4019-9969-34a8ff7ec793
el_for_eng:S0127L01C01	reason	λόγος	160d0967-859d-43f0-9dd2-d63bdbcc4c0f
el_for_eng:S0127L01U01	I thought that was the reason	νόμιζα ότι αυτός ήταν ο λόγος	747daf65-ac1b-4106-9095-b4565fc77530
el_for_eng:S0127L01U03	I definitely think that's the reason	σίγουρα νομίζω ότι αυτός είναι ο λόγος	52802553-391e-48d3-81bf-71c2a3022d86
el_for_eng:S0127L01U04	that isn't the reason I feel worse	αυτός δεν είναι ο λόγος που νιώθω χειρότερα	4543a4c2-3861-4a03-be5e-b1ab1e836139
el_for_eng:S0127L01U05	I believe that's the reason it's better	πιστεύω ότι αυτός είναι ο λόγος που είναι καλύτερα	8c640b57-5685-42b9-afb7-c220a7ca8677
el_for_eng:S0127L02B01	I wanted to	ήθελα να	dfaf495d-2289-4283-b15e-0a56c81320c3
el_for_eng:S0127L02B02	I didn't want to	δεν ήθελα να	66ac209f-24fd-4126-a22a-9b09c07421f3
el_for_eng:S0127L02B03	I wanted to relax	ήθελα να χαλαρώσω	1221e9f9-88e7-4720-b7dc-e9299be55d76
el_for_eng:S0127L02B04	I wanted to ask you	ήθελα να σε ρωτήσω	55d86466-c48b-4b08-8411-aef0da7d1aa1
el_for_eng:S0127L02C01	I wanted	ήθελα	c2117edf-2787-4bae-b202-4dddf2d07db5
el_for_eng:S0127L02U01	I wanted to feel better yesterday	ήθελα να νιώθω καλύτερα χτες	c8c2b7fc-7040-4227-9fa1-4ccfcf647306
el_for_eng:S0127L02U02	I wanted to go by bus	ήθελα να πηγαίνω με λεωφορείο	6a4b556e-2285-4896-8b7b-d591ca34d302
el_for_eng:S0127L02U03	I definitely wanted to remember the answer	σίγουρα ήθελα να θυμηθώ την απάντηση	6cbc4cc3-9c90-4e88-9e28-2083e5e5c14c
el_for_eng:S0127L02U04	I wanted to have a conversation before you leave	ήθελα να κάνω μια συνομιλία πριν φύγεις	1c313fe5-f2f1-4a44-8e4a-c47776ae0b34
el_for_eng:S0127L02U05	that isn't the reason I wanted to ask you	αυτός δεν είναι ο λόγος που ήθελα να σε ρωτήσω	14df7b91-90d5-4d78-bb7b-0e58b6134fcd
el_for_eng:S0127L03B01	to see you	να σε δω	eb4c9903-a073-4781-9a8d-b4f79cdc8f3f
el_for_eng:S0127L03B02	I want to see you	θέλω να σε δω	90027e89-6b77-411c-8fb1-3c02e37096ee
el_for_eng:S0127L03B03	I wanted to see you	ήθελα να σε δω	68a900ca-7cb2-4462-893f-cd6ad6f911d3
el_for_eng:S0127L03B04	can I see you?	μπορώ να σε δω;	554cdb8a-ae89-4029-8438-1343c017e7a2
el_for_eng:S0127L03C01	I see	δω	3c62e83a-ac5d-4a30-8488-4d42553de80d
el_for_eng:S0127L03U01	I thought I wanted to see you	νόμιζα ότι ήθελα να σε δω	c02ee2e1-a0d4-49dc-9af8-bde1d41ac8e0
el_for_eng:S0127L03U02	I wanted to see you before you leave	ήθελα να σε δω πριν φύγεις	67c9f592-007e-4cab-a63c-2ac02d9fef14
el_for_eng:S0127L03U03	I believe I can see you today	πιστεύω ότι μπορώ να σε δω σήμερα	9cf6b7c0-da7d-48fd-b89e-5755e5a90097
el_for_eng:S0127L03U04	I definitely wanted to see you the last time	σίγουρα ήθελα να σε δω την τελευταία φορά	dfda55ba-3bb6-4192-99a1-a6c2f8af90c5
el_for_eng:S0127L03U05	that isn't the reason I wanted to see you	αυτός δεν είναι ο λόγος που ήθελα να σε δω	62ddd8eb-df35-4f15-9879-a22e0b79edf0
el_for_eng:S0128L01B01	like someone	σαν κάποιον	3d14ce33-85cb-4dd0-bb01-c478ad5d4e94
el_for_eng:S0128L01B02	someone interesting	κάποιον ενδιαφέροντα	2bd45b2c-fa49-4d27-860c-79aebb13111f
el_for_eng:S0128L01B03	I wanted to see someone	ήθελα να δω κάποιον	6b0d70fe-8f7c-4a95-be4d-19b85cecb96d
el_for_eng:S0128L01U02	I definitely wanted to ask someone	σίγουρα ήθελα να ρωτήσω κάποιον	8664cf4b-744f-4e53-b28c-9a0089c33789
el_for_eng:S0128L01U03	I believe I can ask someone	πιστεύω ότι μπορώ να ρωτήσω κάποιον	a019f7a1-64e7-4766-a2ec-8ac3c73d1c37
el_for_eng:S0128L01U04	I think it's like someone I know	νομίζω ότι είναι σαν κάποιον που γνωρίζω	2628ed65-da95-4a24-bdaa-f229138ccc3c
el_for_eng:S0128L01U05	that isn't the reason I wanted to see someone	αυτός δεν είναι ο λόγος που ήθελα να δω κάποιον	ad2080e8-97b3-4c8c-a1a3-3e8688a457e4
el_for_eng:S0128L02B01	I knew it	ήξερα	0ba77065-626c-4be0-b47b-18e27a0f5212
el_for_eng:S0128L02B02	I didn't know	δεν ήξερα	f64d3987-72bc-4e9d-ad47-999adafb454b
el_for_eng:S0128L02B03	I knew the answer	ήξερα την απάντηση	ce04d255-2e71-4c23-a7b9-a505ac9c318a
el_for_eng:S0128L02U01	I knew someone like that	ήξερα κάποιον έτσι	244aae61-6a37-417b-afa4-5058ba2a6021
el_for_eng:S0128L02U03	I didn't know it was a good idea	δεν ήξερα ότι ήταν καλή ιδέα	27543bd1-687a-47cf-907d-a666cae03923
el_for_eng:S0128L02U04	I felt better when I knew the answer	ένιωθα καλύτερα όταν ήξερα την απάντηση	5c96f0ee-7e85-4e1b-97fc-32def1cd4799
el_for_eng:S0128L02U05	I definitely knew the answer the last time	σίγουρα ήξερα την απάντηση την τελευταία φορά	60682754-90ff-4ff7-b1cc-e88ade000246
el_for_eng:S0128L03B01	I knew someone long ago	ήξερα κάποιον παλιά	f2705d57-47d1-477f-900d-21b07417da7a
el_for_eng:S0128L03B02	it was better long ago	ήταν καλύτερα παλιά	fab4c56b-e376-4f94-8296-2b506be270af
el_for_eng:S0128L03B03	long ago it was interesting	παλιά ήταν ενδιαφέρον	29f7bcba-1aef-4ea2-95b6-6222b9ed954b
el_for_eng:S0128L03U01	I knew the answer long ago	ήξερα την απάντηση παλιά	bf2e1b87-722f-4496-908d-1de9cd3f1903
el_for_eng:S0128L03U02	I definitely felt better long ago	σίγουρα ένιωθα καλύτερα παλιά	c142f56a-0b4f-47d9-a615-c1d28e268680
el_for_eng:S0128L03U03	I believe it was a good idea long ago	πιστεύω ότι ήταν καλή ιδέα παλιά	23beb265-1e48-4b16-8af0-3e26f8dfe523
el_for_eng:S0128L03U04	you're like someone I knew long ago	είσαι σαν κάποιον που ήξερα παλιά	208f61a2-2341-4501-95b0-110198ddde9e
el_for_eng:S0129L01B01	so interesting	τόσο ενδιαφέρον	2f52224a-33cd-4ffa-a31f-40f5af4a0742
el_for_eng:S0129L01B02	it's so difficult	είναι τόσο δύσκολο	51dcf65c-9772-4184-b7f2-24b87d72257f
el_for_eng:S0129L01B03	I'm so excited	είμαι τόσο ενθουσιασμένος	37c05e45-8a8c-4464-b659-b22fea336974
el_for_eng:S0129L01U01	I felt so much better yesterday	ένιωθα τόσο καλύτερα χτες	34859539-994e-4087-b273-bb5fb7a6c4e5
el_for_eng:S0129L01U02	I wasn't expecting it to be so easy	δεν περίμενα ότι είναι τόσο εύκολο	30de06bf-d9b4-4fd7-b000-2a8c2cfa4299
el_for_eng:S0129L01U03	I think it's so much better today	νομίζω ότι είναι τόσο καλύτερα σήμερα	b508741d-9d8e-4b17-9efb-3876f45bbb7f
el_for_eng:S0129L01U04	it's so much better than the last time	είναι τόσο καλύτερα από την τελευταία φορά	eaca1ae0-64a0-4ebe-b3b2-0e97ffcb0caa
el_for_eng:S0129L01U05	I believe this work is so interesting	πιστεύω ότι αυτή η δουλειά είναι τόσο ενδιαφέρουσα	327fc5e1-c1ef-4221-92b3-fd83784129f7
el_for_eng:S0129L02B01	I'm happy	είμαι χαρούμενος	f6b5c282-51c4-4659-b7bd-66234d3639fd
el_for_eng:S0129L02B02	I'm not happy	δεν είμαι χαρούμενος	44a77e86-71c3-4573-a0d1-f29e97bb99d3
el_for_eng:S0129L02B03	I'm so happy	είμαι τόσο χαρούμενος	505caec1-b927-490a-af20-30d83aab2dc8
el_for_eng:S0129L02U01	I definitely feel happy today	σίγουρα νιώθω χαρούμενος σήμερα	9858d578-586d-4089-ae4a-4943fcc6a602
el_for_eng:S0129L02U02	I believe I'm so happy	πιστεύω ότι είμαι τόσο χαρούμενος	a566f310-ebae-40ac-a833-42fb19bb81c4
el_for_eng:S0129L02U03	I'm happy we're friends	είμαι χαρούμενος που είμαστε φίλοι	430b4f9c-9442-4aab-bc14-f08a9e1a161f
el_for_eng:S0129L02U05	I'm happy it's starting to feel easier	είμαι χαρούμενος που αρχίζει να νιώθεται πιο εύκολο	4540aff9-8652-4b7e-b218-92959d6ffb4e
el_for_eng:S0129L03B01	you're doing	τα πας	79b01b87-b211-4bfa-8f00-fd1a68d20048
el_for_eng:S0129L03B02	you're doing well	τα πας καλά	fe3fbe9a-ffc4-4ec4-bf30-87a4729be2b6
el_for_eng:S0129L03B03	you're doing better	τα πας καλύτερα	c0c7cb28-4903-4793-8b0f-be2df5fb97e0
el_for_eng:S0129L03B04	you're not doing well	δεν τα πας καλά	d17c694b-03dc-4008-b190-5d91696f855b
el_for_eng:S0129L03C01	you go	πας	8762e44e-7d04-43a1-bfe8-35face3a5b6c
el_for_eng:S0129L03U01	I think you're doing so well	νομίζω ότι τα πας τόσο καλά	803822cb-4974-4543-ac67-fe7474176caa
el_for_eng:S0129L03U02	I believe you're doing well today	πιστεύω ότι τα πας καλά σήμερα	5d09088c-14a8-40a3-bbea-fcf3080480e7
el_for_eng:S0129L03U03	I'm so happy you're doing better	είμαι τόσο χαρούμενος που τα πας καλύτερα	4783aac3-0514-4036-99ae-65a79ae65a0d
el_for_eng:S0129L03U04	I feel you're doing so well with this work	νιώθω ότι τα πας τόσο καλά με αυτή η δουλειά	4fbb4147-13eb-42b3-83a4-490d14fc57ca
el_for_eng:S0129L03U05	you're definitely doing better than the last time	σίγουρα τα πας καλύτερα από την τελευταία φορά	2403419a-ddcf-4378-afa7-05f2b91c7689
el_for_eng:S0129L04B01	very well	πολύ καλά	e7a06c26-0b8b-4089-b266-667d4e4d023c
el_for_eng:S0129L04B02	it's going well	πάει καλά	43ab7ac8-be19-4cb7-a27a-ace5e4cd6881
el_for_eng:S0129L04B03	I'm doing well	τα πηγαίνω καλά	d39db22c-1c41-40f1-88e5-f8e107737e7c
el_for_eng:S0129L04U01	I definitely think it's going well	σίγουρα νομίζω ότι πάει καλά	045c8087-1d06-414b-ba3d-68722b6cd1d9
el_for_eng:S0129L04U02	I thought you were doing well yesterday	νόμιζα ότι τα πας καλά χτες	bf044b33-2964-4e69-bc73-c03230bae0f6
el_for_eng:S0129L04U03	I believe I'm doing well today	πιστεύω ότι τα πηγαίνω καλά σήμερα	1be673fd-5189-4db0-b274-7389c778c735
el_for_eng:S0129L04U04	I felt it was going well the last time	ένιωθα ότι πάει καλά την τελευταία φορά	5a15534a-874b-4726-bae0-a43404914ba7
el_for_eng:S0129L04U05	I'm so happy you're doing so well	είμαι τόσο χαρούμενος που τα πας τόσο καλά	25fa72f5-d019-4748-b300-f8eb000fa9b0
el_for_eng:S0130L01B01	it was a surprise	ήταν έκπληξη	0ceb617c-8855-44bf-af7f-9220ed470fc6
el_for_eng:S0130L01B02	it's a surprise	είναι έκπληξη	c005566b-65da-4081-9090-6ca0b335e7ec
el_for_eng:S0130L01B03	it's not a surprise	δεν είναι έκπληξη	0c90e669-5d36-4cf1-a79c-a7bf08ca983b
el_for_eng:S0130L01U01	I think it was a surprise	νομίζω ότι ήταν έκπληξη	263b0851-57b4-449f-80b5-28dbd6d6ecb2
el_for_eng:S0130L01U02	I thought it was a surprise	νόμιζα ότι ήταν έκπληξη	5576d36b-9d64-475a-bb48-760adb82b40f
el_for_eng:S0130L01U03	I believe it was a good surprise	πιστεύω ότι ήταν καλή έκπληξη	848a3ecc-c787-44aa-83be-b9d2edadb770
el_for_eng:S0130L01U04	I'm so happy it was a surprise	είμαι τόσο χαρούμενος που ήταν έκπληξη	0a27a6ac-12fd-4dcd-8422-489854b17a4e
el_for_eng:S0130L01U05	it was definitely a surprise the last time	σίγουρα ήταν έκπληξη την τελευταία φορά	60f955c2-9cef-494e-842c-224a159c7da5
el_for_eng:S0130L02B01	my friend	φίλος μου	11ca8f17-0b34-4313-aa13-c17d8176380c
el_for_eng:S0130L02B02	he's my friend	είναι φίλος μου	2d097bb1-8a96-4dd8-9f50-b86e9d69a3ff
el_for_eng:S0130L02B03	he's not my friend	δεν είναι φίλος μου	ffee068f-adc3-4051-bb37-30416622a8c5
el_for_eng:S0130L02B04	I think he's my friend	νομίζω ότι είναι φίλος μου	b3f13568-9d71-41c6-bd99-890d899ebba7
el_for_eng:S0130L02U01	I thought he was my friend	νόμιζα ότι είναι φίλος μου	94e0b8e9-66e4-43a8-8159-63a59e740771
el_for_eng:S0130L02U02	I believe he's my friend	πιστεύω ότι είναι φίλος μου	84d7543e-b8a0-411d-a576-c58073a9e446
el_for_eng:S0130L02U03	it was a surprise because he's my friend	ήταν έκπληξη γιατί είναι φίλος μου	286d6e61-00dd-4c5b-85ac-4e268b1a422f
el_for_eng:S0130L02U04	he's my friend and I'm happy	είναι φίλος μου και είμαι χαρούμενος	59f2adbf-abc7-49de-9d99-3105965e54e0
el_for_eng:S0130L02U05	I knew someone long ago who is my friend	ήξερα κάποιον παλιά που είναι φίλος μου	5abc7244-e0fd-48fa-ae27-bc58a827c431
el_for_eng:S0131L01B01	there are many	υπάρχουν πολλές	d5a525a1-ba9f-495d-af6b-efe57b2bebc0
el_for_eng:S0131L01B02	there aren't many	δεν υπάρχουν πολλές	6db92592-e381-4593-97e9-a9b08c31a654
el_for_eng:S0131L01B03	I think there are	νομίζω ότι υπάρχουν	49ab22cf-73ef-4d29-9f26-f0b747eaf1a4
el_for_eng:S0131L01U01	I thought there were more	νόμιζα ότι υπάρχουν	0837110f-4531-46d8-9075-d9faa46838e0
el_for_eng:S0131L01U02	I definitely think there are	σίγουρα νομίζω ότι υπάρχουν	342a43f5-c22b-4e2b-8c76-cd7eafbef9b9
el_for_eng:S0131L01U03	I believe there are new words	πιστεύω ότι υπάρχουν νέες λέξεις	dee14b23-56df-4512-8ac3-4258bd7574f3
el_for_eng:S0131L01U04	it's a surprise that there are so many	είναι έκπληξη ότι υπάρχουν τόσο πολλές	effb9ddf-1f50-45bf-ae9e-8d69aa6a0730
el_for_eng:S0131L01U05	I'm happy there are new words	είμαι χαρούμενος που υπάρχουν νέες λέξεις	21eeddd0-88a4-4a96-a4ae-b1f47ebe33d5
el_for_eng:S0131L02B01	too many	πάρα πολλές	100ef541-4b8d-4db1-8175-6cd4e6824c06
el_for_eng:S0131L02B02	too many words	πάρα πολλές λέξεις	db67e6e1-61b4-44b9-9e3f-c286c6226de0
el_for_eng:S0131L02B03	there are too many	υπάρχουν πάρα πολλές	ca0594a0-1790-4761-8686-231800882834
el_for_eng:S0131L02U01	there are definitely too many	σίγουρα υπάρχουν πάρα πολλές	838587ef-74a0-4b22-a67a-c1d11e6464e3
el_for_eng:S0131L02U02	I thought there were too many	νόμιζα ότι υπάρχουν πάρα πολλές	a3a655d0-e52b-402d-b810-7350a0cd13f6
el_for_eng:S0131L02U03	I believe there are too many	πιστεύω ότι υπάρχουν πάρα πολλές	6131095e-1c5c-4b75-b839-d55bbc72ea2f
el_for_eng:S0131L02U04	it was a surprise there are too many	ήταν έκπληξη ότι υπάρχουν πάρα πολλές	18a497c3-bd9f-453d-85d9-fb135b52e996
el_for_eng:S0131L02U05	I think there are too many new words	νομίζω ότι υπάρχουν πάρα πολλές νέες λέξεις	b8a0070e-49fd-4a8c-b59e-eabc830fa73a
el_for_eng:S0131L03B01	there are ideas	υπάρχουν ιδέες	195f216a-98fc-464d-941b-da618492ee9b
el_for_eng:S0131L03B02	too many ideas	πάρα πολλές ιδέες	6d894bfb-58ea-4197-ac17-7a41ef5266c9
el_for_eng:S0131L03B03	I think there are ideas	νομίζω ότι υπάρχουν ιδέες	1263df48-48a3-4a34-a344-cbff64b3a80e
el_for_eng:S0131L03U01	I believe there are too many ideas	πιστεύω ότι υπάρχουν πάρα πολλές ιδέες	8e5e1b05-2a08-4439-af9d-efc285d546b5
el_for_eng:S0131L03U02	there are too many ideas and it's difficult	υπάρχουν πάρα πολλές ιδέες και είναι δύσκολο	e06a864a-5021-4431-a16b-d9c75b88c67d
el_for_eng:S0131L03U03	it's a surprise there are so many ideas	είναι έκπληξη ότι υπάρχουν τόσο πολλές ιδέες	7f064bfc-6c77-458b-87e7-ccf6058e2f93
el_for_eng:S0131L03U04	I definitely think there are too many ideas	σίγουρα νομίζω ότι υπάρχουν πάρα πολλές ιδέες	46406a28-3061-4b04-9055-a88a7abd7be9
el_for_eng:S0131L03U05	I thought there were too many ideas the last time	νόμιζα ότι υπάρχουν πάρα πολλές ιδέες την τελευταία φορά	1d7133c6-c6fe-4dc2-97f7-f758a5190a36
el_for_eng:S0131L04B01	they go around	τριγυρίζουν	ff59bc5e-8cba-404a-aac6-1bfbce64402c
el_for_eng:S0131L04B02	ideas going around	ιδέες που τριγυρίζουν	0bbf3b69-1f22-4555-8133-093011364aba
el_for_eng:S0131L04B03	too many ideas going around	πάρα πολλές ιδέες που τριγυρίζουν	473a27ec-21bf-47d4-a01c-8268e09a8115
el_for_eng:S0131L04U01	I feel ideas going around today	νιώθω ότι ιδέες τριγυρίζουν σήμερα	d3e92b0b-de35-4a88-81ae-4dc147ce8978
el_for_eng:S0131L04U02	there are new words going around	υπάρχουν νέες λέξεις που τριγυρίζουν	b84b7e95-155a-40e0-a5b8-b49ba7281e4f
el_for_eng:S0131L04U03	I think there are ideas going around	νομίζω ότι υπάρχουν ιδέες που τριγυρίζουν	77bc0520-c904-48ce-8f9b-38595f546a63
el_for_eng:S0131L04U04	I believe too many ideas are going around	πιστεύω ότι πάρα πολλές ιδέες τριγυρίζουν	8be92345-0556-465f-b4b8-ef589afafb4e
el_for_eng:S0131L04U05	I definitely think there are too many ideas going around	σίγουρα νομίζω ότι υπάρχουν πάρα πολλές ιδέες που τριγυρίζουν	5e628536-5c98-44b1-b294-6e7411530823
el_for_eng:S0131L05B01	in my head	στο μυαλό μου	4c43cc2d-659d-4c76-81e2-7a58f14f51a3
el_for_eng:S0131L05B02	ideas in my head	ιδέες στο μυαλό μου	46248099-4da5-4de1-a063-25f4a9b93ba9
el_for_eng:S0131L05B03	there are ideas in my head	υπάρχουν ιδέες στο μυαλό μου	ba3eb097-1247-4bd6-954e-a80b9d5ea492
el_for_eng:S0131L05U01	I think there are new words in my head	νομίζω ότι υπάρχουν νέες λέξεις στο μυαλό μου	53136f02-b89c-45b4-80d3-3a506d00ca1d
el_for_eng:S0131L05U02	I definitely think there are ideas in my head	σίγουρα νομίζω ότι υπάρχουν ιδέες στο μυαλό μου	9db8b71d-da70-4a36-b60b-1367aeb9403f
el_for_eng:S0131L05U03	I believe there are too many ideas in my head	πιστεύω ότι υπάρχουν πάρα πολλές ιδέες στο μυαλό μου	af520490-1af2-45fc-aed3-44bd6b7131da
el_for_eng:S0131L05U04	there are too many ideas going around in my head	υπάρχουν πάρα πολλές ιδέες που τριγυρίζουν στο μυαλό μου	2ebf5cf0-6ce6-401d-b3c7-e2e9405829c5
el_for_eng:S0131L05U05	I feel there are too many ideas going around in my head today	νιώθω ότι υπάρχουν πάρα πολλές ιδέες που τριγυρίζουν στο μυαλό μου σήμερα	86610f1c-f838-49c6-aac1-808ec983dc1b
el_for_eng:S0132L01B01	less difficult	λιγότερο δύσκολο	c54bb9ff-24e4-4891-9ad2-244c5de823c1
el_for_eng:S0132L01B02	less interesting	λιγότερο ενδιαφέρον	3dfc6718-1829-45df-92aa-3815fe1adebd
el_for_eng:S0132L01B03	I thought it was less	νόμιζα ότι ήταν λιγότερο	4b2b2323-e8e2-40aa-b991-b46d719b55b9
el_for_eng:S0132L01U01	I think it's less	νομίζω ότι είναι λιγότερο	e79f162b-f496-444a-ae93-800df8dcce19
el_for_eng:S0132L01U02	I feel it's less easy	νιώθω ότι είναι λιγότερο εύκολο	bd6ae393-3058-44c3-b9d7-4fb9ae259238
el_for_eng:S0132L01U03	it's less than what I was expecting	είναι λιγότερο από ό,τι περίμενα	32f6cb81-7e95-424b-ad93-b3416ed35d01
el_for_eng:S0132L01U04	I believe it's less difficult today	πιστεύω ότι είναι λιγότερο δύσκολο σήμερα	618ffbea-a2de-4929-aacd-a9e368483b01
el_for_eng:S0132L01U05	it's definitely less interesting than the last time	σίγουρα είναι λιγότερο ενδιαφέρον από την τελευταία φορά	8b28e2ad-c117-47ac-b5eb-76babd606dc7
el_for_eng:S0132L02B01	it's exciting	είναι συναρπαστικό	755f7383-fa50-49c3-9ee4-2159c03a7905
el_for_eng:S0132L02B02	it's not exciting	δεν είναι συναρπαστικό	effdf9af-8693-4a38-885b-f38d575428ea
el_for_eng:S0132L02B03	it's less exciting	είναι λιγότερο συναρπαστικό	9adbe510-89d0-479c-9baf-9423cb17169b
el_for_eng:S0132L02U01	I think it's so exciting	νομίζω ότι είναι τόσο συναρπαστικό	31825321-a5f3-4b4e-9720-a9343826d345
el_for_eng:S0132L02U02	I thought it was less exciting	νόμιζα ότι ήταν λιγότερο συναρπαστικό	caa7b1d2-7bec-49c6-933a-8e8845e4d169
el_for_eng:S0132L02U03	I'm happy it's exciting	είμαι χαρούμενος που είναι συναρπαστικό	7a402dd3-f0d1-4a25-8fe2-6036ba28ff61
el_for_eng:S0132L02U04	it was definitely exciting the last time	σίγουρα ήταν συναρπαστικό την τελευταία φορά	6aef4f37-adc9-459d-a21a-f9d92139c629
el_for_eng:S0132L02U05	I believe this work is exciting	πιστεύω ότι αυτή η δουλειά είναι συναρπαστικό	93a87841-cb84-43ea-96a7-375b089907e0
el_for_eng:S0132L03B01	what she was saying	ό,τι έλεγε	e082bb16-ee0c-439e-9a03-715770535781
el_for_eng:S0132L03B02	she wasn't saying that	δεν έλεγε αυτό	aaabd698-29fa-4395-aa9c-3a30cb6cf295
el_for_eng:S0132L03B03	I knew what she was saying	ήξερα ό,τι έλεγε	e291092c-f18d-463a-8f5d-d1518cd2873c
el_for_eng:S0132L03U01	she was saying it's interesting	έλεγε ότι είναι ενδιαφέρον	3a8e21d2-595a-451f-a482-b9facc94aaaa
el_for_eng:S0132L03U02	she was saying there are too many ideas	έλεγε ότι υπάρχουν πάρα πολλές ιδέες	4b0bb612-8264-4312-a03f-98e961bb683b
el_for_eng:S0132L03U03	I believe she was saying it's a good idea	πιστεύω ότι έλεγε ότι είναι καλή ιδέα	def75ea3-67f6-44f6-a3f3-7ed3f00c5cbf
el_for_eng:S0132L03U04	it's less exciting than what she was saying	είναι λιγότερο συναρπαστικό από ό,τι έλεγε	0f4782d5-fe7d-42bc-8319-229b7e9f4d87
el_for_eng:S0132L03U05	I think what she was saying is less exciting	νομίζω ότι ό,τι έλεγε είναι λιγότερο συναρπαστικό	4b076f9c-e9e5-4b86-b0a9-110034314abd
el_for_eng:S0133L01B02	you know someone	γνωρίζεις κάποιον	5f50264d-3816-41e1-94d8-69b9c8914653
el_for_eng:S0133L01U05	I'm happy you know someone	είμαι χαρούμενος που γνωρίζεις κάποιον	1c41859e-d56b-4b82-8215-9a46cb7346b4
el_for_eng:S0133L02B01	you don't work	δεν δουλεύετε	8306642f-d4d8-4bfb-9db8-90e31c4e88f3
el_for_eng:S0133L02B02	when you work	όταν δουλεύετε	085a74fa-0421-41bb-8bc3-9f42e25505a8
el_for_eng:S0133L02B03	you work hard	δουλεύετε σκληρά	9e0c3ce4-118a-42e1-9a5a-5a359cb8c091
el_for_eng:S0133L02U01	you definitely work hard	σίγουρα δουλεύετε σκληρά	f6b8430b-cf06-4f10-a2eb-a3d47f341279
el_for_eng:S0133L02U02	I believe you work well	πιστεύω ότι δουλεύετε καλά	467075e8-765b-499e-a4f9-24db45ad491a
el_for_eng:S0133L02U03	I think you work hard	νομίζω ότι δουλεύετε σκληρά	23c389c8-3c11-452f-87ff-cbcfedd6354e
el_for_eng:S0133L02U04	I thought you worked hard	νόμιζα ότι δουλεύετε σκληρά	68eab929-414c-4bce-a8e4-135233373868
el_for_eng:S0133L02U05	I'm happy you work	είμαι χαρούμενος που δουλεύετε	82234e6f-02a6-44dc-90eb-1fe6f6dd5d61
el_for_eng:S0133L03B01	together	μαζί	3119bb0d-b7f1-42c6-9b0d-0ff59d8f2667
el_for_eng:S0133L03B02	you work together	δουλεύετε μαζί	388cc275-cb4c-4231-ab63-fe9451d2cf37
el_for_eng:S0133L03B03	when you work together	όταν δουλεύετε μαζί	c8d62d01-e994-4559-900d-6d2d299e66ea
el_for_eng:S0133L03U02	I believe you work better together	πιστεύω ότι δουλεύετε καλύτερα μαζί	c1a908f7-b693-40b8-a768-932dae62e5e8
el_for_eng:S0133L03U03	I'm happy you work together	είμαι χαρούμενος που δουλεύετε μαζί	83f65263-29ba-4751-8bf9-9900395b414a
el_for_eng:S0134L01B01	it's a problem	είναι πρόβλημα	3dfc881b-e863-408b-acd8-f9af0ce47574
el_for_eng:S0134L01B02	it's not a problem	δεν είναι πρόβλημα	9e3a27a9-9846-4ed5-85d1-5a46c96d430f
el_for_eng:S0134L01B03	I thought it was a problem	νόμιζα ότι ήταν πρόβλημα	c64c75c5-8004-4d6b-9ff1-f4ae36857700
el_for_eng:S0134L01U01	I think it's a problem	νομίζω ότι είναι πρόβλημα	1a5fcab3-898f-4cf2-b12f-f85041519478
el_for_eng:S0134L01U02	I believe it's not a problem	πιστεύω ότι δεν είναι πρόβλημα	f184a84f-c26f-4195-83f5-208498a3cbc5
el_for_eng:S0134L01U03	it's a surprise it's not a problem	είναι έκπληξη ότι δεν είναι πρόβλημα	d9b7ea31-e8ec-4d3d-98d9-bf8c4f5ab60e
el_for_eng:S0134L01U04	it was definitely a problem the last time	σίγουρα ήταν πρόβλημα την τελευταία φορά	18812d95-026b-4083-8606-66dd713397cb
el_for_eng:S0134L01U05	I feel it's less of a problem today	νιώθω ότι είναι λιγότερο πρόβλημα σήμερα	3da74b7d-11fc-486b-bee1-a8ede848ef90
el_for_eng:S0134L02B01	you don't work	δεν δουλεύεις	8306642f-d4d8-4bfb-9db8-90e31c4e88f3
el_for_eng:S0134L02B02	when you work	όταν δουλεύεις	085a74fa-0421-41bb-8bc3-9f42e25505a8
el_for_eng:S0134L02B03	you work hard	δουλεύεις σκληρά	9e0c3ce4-118a-42e1-9a5a-5a359cb8c091
el_for_eng:S0134L02U01	you definitely work well	σίγουρα δουλεύεις καλά	a0162b07-b575-4d3a-9f58-97cebed11214
el_for_eng:S0134L02U02	I believe you work well	πιστεύω ότι δουλεύεις καλά	467075e8-765b-499e-a4f9-24db45ad491a
el_for_eng:S0134L02U03	I think you work hard	νομίζω ότι δουλεύεις σκληρά	23c389c8-3c11-452f-87ff-cbcfedd6354e
el_for_eng:S0134L02U04	I'm happy you work	είμαι χαρούμενος που δουλεύεις	82234e6f-02a6-44dc-90eb-1fe6f6dd5d61
el_for_eng:S0134L02U05	it's not a problem when you work hard	δεν είναι πρόβλημα όταν δουλεύεις σκληρά	b4270ac8-ce13-4973-95f2-015744895905
el_for_eng:S0134L03B01	with them	μαζί τους	52397ac4-d2ee-4abc-9f8e-d6675d50e5f5
el_for_eng:S0134L03B02	you work with them	δουλεύεις μαζί τους	86cdfa53-3378-44d6-bbed-ccae8a4be0dd
el_for_eng:S0134L03B03	when you work with them	όταν δουλεύεις μαζί τους	4172f824-0035-4218-afdb-ed318b38c85d
el_for_eng:S0134L03U01	I thought you worked well with them	νόμιζα ότι δουλεύεις καλά μαζί τους	74e4513a-acfe-4a85-94df-27b6ca83cca5
el_for_eng:S0134L03U02	I believe you work better with them	πιστεύω ότι δουλεύεις καλύτερα μαζί τους	fa3e58cf-147d-400c-a254-14c1ad6b75e4
el_for_eng:S0134L03U03	I'm happy you work with them	είμαι χαρούμενος που δουλεύεις μαζί τους	899b8dae-3e30-4505-b385-05ea01479e64
el_for_eng:S0134L03U04	it's not a problem when you work with them	δεν είναι πρόβλημα όταν δουλεύεις μαζί τους	8adc007e-9ac5-4dd7-9f5d-6afe4e98c138
el_for_eng:S0134L03U05	I think you get to know someone when you work with them	νομίζω ότι γνωρίζεις κάποιον όταν δουλεύεις μαζί τους	d8a69f41-1bcc-4cea-9a63-7be912d6008d
el_for_eng:S0135L01B01	you don't think so	δεν νομίζεις	e42addb0-b46c-445f-8a23-e982f8fb929a
el_for_eng:S0135L01B02	I don't know why you think that	δεν ξέρω γιατί νομίζεις	79fa9fc7-5b13-48fd-a31c-2dd193d7f0fa
el_for_eng:S0135L01B03	you think it's better	νομίζεις ότι είναι καλύτερα	23fb257f-37f8-43c8-8f56-209e3fe80d1f
el_for_eng:S0135L01U01	you think it's interesting	νομίζεις ότι είναι ενδιαφέρον	56a4402f-0ea3-4442-863e-2da2fea80bc7
el_for_eng:S0135L01U02	you definitely think it's a problem	σίγουρα νομίζεις ότι είναι πρόβλημα	86608c15-2028-4aa1-9acb-fa808cd1fddb
el_for_eng:S0135L01U03	you think there are too many ideas	νομίζεις ότι υπάρχουν πάρα πολλές ιδέες	e62de6f3-f138-4df9-9617-6a556e89039f
el_for_eng:S0135L01U04	I believe you think it's a good idea	πιστεύω ότι νομίζεις ότι είναι καλή ιδέα	0afce384-92ab-4a7c-94e5-323c30dff051
el_for_eng:S0135L01U05	I'm happy you think it's exciting	είμαι χαρούμενος που νομίζεις ότι είναι συναρπαστικό	4a4233d7-7a01-49de-bd2d-de9d3a4d3f1e
el_for_eng:S0135L02B01	it's good	είναι καλό	96a6a574-5052-40aa-9867-777e935e1823
el_for_eng:S0135L02B02	it's not good	δεν είναι καλό	f64c75cb-ddf8-472f-9199-ba1b4e5393dd
el_for_eng:S0135L02B03	it's so good	είναι τόσο καλό	351fc5b8-58a5-4a36-b567-4e0a8a1ed415
el_for_eng:S0135L02U01	I thought it was good	νόμιζα ότι ήταν καλό	01fa7148-c53d-49a0-acc4-916bb6336aa3
el_for_eng:S0135L02U02	I believe it's good	πιστεύω ότι είναι καλό	1f8a8791-ac06-40a6-af7a-e10841e3e429
el_for_eng:S0135L02U03	I feel it's so good today	νιώθω ότι είναι τόσο καλό σήμερα	71f6863d-6ea1-448c-95ed-0d24ced855fc
el_for_eng:S0135L02U04	I don't know why you think it's so good	δεν ξέρω γιατί νομίζεις ότι είναι τόσο καλό	7b9479b7-69f9-41b6-a6c2-eb32aa578776
el_for_eng:S0135L02U05	it's definitely less good than the last time	σίγουρα είναι λιγότερο καλό από την τελευταία φορά	200f7755-53df-46c7-98b9-8100a529d132
el_for_eng:S0136L01B01	of course	φυσικά	6ba7728c-d45d-42e1-9bd7-b4978b14890a
el_for_eng:S0136L01B02	of course it's good	φυσικά είναι καλό	c50c3d8e-892f-44b8-a7f4-4e67151a093c
el_for_eng:S0136L01B03	of course I can remember	φυσικά μπορώ να θυμηθώ	1bfd7e30-3192-43a5-b36b-be178ce40930
el_for_eng:S0136L01U01	of course it's not a problem	φυσικά δεν είναι πρόβλημα	3c95e97c-466e-4139-925d-939bc36c11b8
el_for_eng:S0136L01U02	of course I feel better today	φυσικά νιώθω καλύτερα σήμερα	7cd87eea-94d8-412c-8689-69f2f8e179e4
el_for_eng:S0136L01U03	of course I think it's a good idea	φυσικά νομίζω ότι είναι καλή ιδέα	abe615bc-041a-4831-bd46-3b0fda69feee
el_for_eng:S0136L01U04	of course there are too many ideas	φυσικά υπάρχουν πάρα πολλές ιδέες	2990f69b-820a-4b20-8235-7a2e8bf20fe8
el_for_eng:S0136L01U05	of course I believe you work hard	φυσικά πιστεύω ότι δουλεύεις σκληρά	82b73d81-c868-4025-b5c7-62c75b64b27e
el_for_eng:S0136L02B01	you can	μπορείς	4b9c585d-a8bf-418f-bd6b-ab3ec2dc9164
el_for_eng:S0136L02B02	you can't	δεν μπορείς	29c48f1e-7cc0-4ebf-a3e7-074defc6fff8
el_for_eng:S0136L02B03	you can work	μπορείς να δουλεύεις	b18df96d-0f2f-4aa9-a89d-e435787bd2e1
el_for_eng:S0136L02B04	you can go	μπορείς να πηγαίνεις	9aae2656-a456-4564-9422-ab3a30e5392a
el_for_eng:S0136L02U03	I don't know why you can't	δεν ξέρω γιατί δεν μπορείς	7315454e-ff07-49ae-a643-2295b1a35e09
el_for_eng:S0136L02U04	of course you can work with them	φυσικά μπορείς να δουλεύεις μαζί τους	29370753-df95-4ac2-a47f-694822e8985e
el_for_eng:S0136L02U05	I think you can use your car	νομίζω ότι μπορείς να χρησιμοποιείς το αυτοκίνητό σου	0b7550da-59fa-4d37-aaca-a474830bb02b
el_for_eng:S0136L03B01	for you to ask her	να τη ρωτήσεις	06bbac7a-9a28-49d9-a4db-4d8f70e5597a
el_for_eng:S0136L03B02	you can ask her	μπορείς να τη ρωτήσεις	a4acfe8a-fb3f-416b-a646-371a0f8fba56
el_for_eng:S0136L03B03	of course you can ask her	φυσικά μπορείς να τη ρωτήσεις	62cfb8ee-1df5-462b-90a6-bc80186bf2d3
el_for_eng:S0136L03B04	I think you can ask her	νομίζω ότι μπορείς να τη ρωτήσεις	14386bae-0943-45aa-80c5-6e42763bc497
el_for_eng:S0136L03C01	you ask	ρωτήσεις	aec76a79-91eb-4c4f-8c0d-b2ab3a65debf
el_for_eng:S0136L03U01	I believe you can ask her	πιστεύω ότι μπορείς να τη ρωτήσεις	957fe633-e657-4524-9f38-72c5028c3bad
el_for_eng:S0136L03U02	I don't know why you can't ask her	δεν ξέρω γιατί δεν μπορείς να τη ρωτήσεις	b639f236-6946-4f72-bb94-a0b8d8c2c763
el_for_eng:S0136L03U03	you can definitely ask her before you leave	σίγουρα μπορείς να τη ρωτήσεις πριν φύγεις	82d265d0-3fbb-4e55-b22a-50b118f89259
el_for_eng:S0136L03U04	I'm happy you can ask her	είμαι χαρούμενος που μπορείς να τη ρωτήσεις	e5a8a2f0-66a0-4548-9f06-543e581899c8
el_for_eng:S0136L03U05	of course you can ask her because it's not a problem	φυσικά μπορείς να τη ρωτήσεις γιατί δεν είναι πρόβλημα	b0baf494-e0c4-4866-a95e-eac69077a82b
el_for_eng:S0136L04B01	my friend	φίλη μου	11ca8f17-0b34-4313-aa13-c17d8176380c
el_for_eng:S0136L04B02	she's my friend	είναι φίλη μου	b289226c-ae16-444f-9e74-4b9738feae39
el_for_eng:S0136L04B03	she's not my friend	δεν είναι φίλη μου	b34f51b2-793d-48fb-a923-0d5caeef8c36
el_for_eng:S0136L04B04	of course she's my friend	φυσικά είναι φίλη μου	15c621db-9cdf-4912-8a6d-6682a5c7d530
el_for_eng:S0136L04U01	I knew she was my friend	ήξερα ότι είναι φίλη μου	13cd91eb-e869-4f93-b98b-1e0ccb71abd4
el_for_eng:S0136L04U02	I think she's my friend	νομίζω ότι είναι φίλη μου	aeb80f1f-0978-46a5-8022-54d852e08fe8
el_for_eng:S0136L04U03	I believe she's my friend	πιστεύω ότι είναι φίλη μου	aabdfa07-c588-4689-8060-0849923ce8d0
el_for_eng:S0136L04U04	I'm so happy she's my friend	είμαι τόσο χαρούμενος που είναι φίλη μου	073ce0be-209a-4790-870a-5ffaacfaa922
el_for_eng:S0136L04U05	you can ask her because she's my friend	μπορείς να τη ρωτήσεις γιατί είναι φίλη μου	b8ae1e39-a487-4baa-9d61-1cd26adde24a
el_for_eng:S0137L01B01	it's important	είναι σημαντικό	74a7dcbf-91e2-48d8-886e-ead8e8ea3324
el_for_eng:S0137L01B02	it's more important	είναι πιο σημαντικό	3dfc6e10-0a8e-420d-8609-31f872fc10bf
el_for_eng:S0137L01B03	it's not important	δεν είναι σημαντικό	f10875ba-6bc6-40b8-9196-88f7048d182a
el_for_eng:S0137L01U01	of course it's important	φυσικά είναι σημαντικό	be51027c-3741-4466-aaf9-487073a41bc0
el_for_eng:S0137L01U02	I think it's more important	νομίζω ότι είναι πιο σημαντικό	659f222a-9e51-4af3-b659-83b65853cdea
el_for_eng:S0137L01U03	I believe it's so important	πιστεύω ότι είναι τόσο σημαντικό	41781514-4bb1-4b36-acc2-1fb60ebefcc1
el_for_eng:S0137L01U04	it's definitely more important today	σίγουρα είναι πιο σημαντικό σήμερα	5e4870a7-9def-49ec-b36d-d4328b87b377
el_for_eng:S0137L01U05	I thought it was less important	νόμιζα ότι ήταν λιγότερο σημαντικό	f97d2932-98d9-4993-a16d-7198533b7140
el_for_eng:S0137L02B01	to talk	να μιλάς	78b942de-44d3-41cc-9b76-67705a3ed5a7
el_for_eng:S0137L02B02	you can talk	μπορείς να μιλάς	82dd417b-3462-43d6-8af2-e97f1bca20a7
el_for_eng:S0137L02B03	you like to talk	σου αρέσει να μιλάς	debfdbbc-ef42-4533-a076-7276d62d7742
el_for_eng:S0137L02B04	it's important to talk	είναι σημαντικό να μιλάς	0b75ff8e-4bd9-4221-9246-610c708dd9c4
el_for_eng:S0137L02C01	you talk	μιλάς	d9bed06e-bf26-4efc-8f70-ed7549b8d68a
el_for_eng:S0137L02U01	it's not a problem to talk	δεν είναι πρόβλημα να μιλάς	7cea5a96-6df1-4317-b722-41972094904e
el_for_eng:S0137L02U02	of course it's important to talk	φυσικά είναι σημαντικό να μιλάς	2b79f810-272d-46ba-8065-0c84a49dbc04
el_for_eng:S0137L02U03	I believe you like to talk	πιστεύω ότι σου αρέσει να μιλάς	7f613eed-1575-412e-93a6-90f01ac5810d
el_for_eng:S0137L02U04	I don't know why you don't like to talk	δεν ξέρω γιατί δεν σου αρέσει να μιλάς	35e01292-1675-4645-941d-e35828bf3a15
el_for_eng:S0137L02U05	I think it's more important to talk	νομίζω ότι είναι πιο σημαντικό να μιλάς	3fcf732d-3bbe-4f22-abab-8f08ca5d30f4
el_for_eng:S0137L03B01	you talk often	μιλάς συχνά	76dd8714-21b0-469e-946c-5bd767779063
el_for_eng:S0137L03B02	of course you talk often	φυσικά μιλάς συχνά	c198e4da-c13d-439e-bee1-3300d9983150
el_for_eng:S0137L03B03	we work together often	δουλεύουμε μαζί συχνά	8f47a34e-540b-48d0-bf9c-9e77c3ab22e5
el_for_eng:S0137L03U01	it's important to talk often	είναι σημαντικό να μιλάς συχνά	7b2e42f4-1ceb-40fa-834d-876077d82c88
el_for_eng:S0137L03U02	I'm happy you talk often	είμαι χαρούμενος που μιλάς συχνά	14890809-c512-4a49-b270-e313263d06f0
el_for_eng:S0137L03U03	I believe you work hard often	πιστεύω ότι δουλεύεις σκληρά συχνά	0b3973c8-898a-4909-bf6d-69890c876f87
el_for_eng:S0137L03U04	I think it's important to talk often	νομίζω ότι είναι σημαντικό να μιλάς συχνά	d926ae36-1620-41cd-b2e0-324d0daf4911
el_for_eng:S0137L03U05	it's definitely more important to talk often	σίγουρα είναι πιο σημαντικό να μιλάς συχνά	8adb6a7b-57f1-49a7-8358-9cfe261c6ba3
el_for_eng:S0137L04B01	rather than that	παρά αυτό	827e98f9-897b-4041-9513-c1f490b6c8fe
el_for_eng:S0137L04B02	more important rather than less	πιο σημαντικό παρά λιγότερο	02d76be0-21f6-4ce3-acf4-616f5ad116d2
el_for_eng:S0137L04B03	more exciting rather than less	πιο συναρπαστικό παρά λιγότερο	71bac461-b4f3-4823-9099-72f04f5a0102
el_for_eng:S0137L04U01	it was definitely better rather than worse	σίγουρα ήταν καλύτερα παρά χειρότερα	d13380c1-9146-47ea-8d57-7ff908f41370
el_for_eng:S0137L04U02	it's more important to talk rather than not	είναι πιο σημαντικό να μιλάς παρά όχι	981a239a-dc74-48ac-a03e-8149a3b75327
el_for_eng:S0137L04U03	I think it's better rather than worse	νομίζω ότι είναι καλύτερα παρά χειρότερα	5277746b-4cd6-4b53-a2c4-9b4f08d6579f
el_for_eng:S0137L04U04	I believe it's more important rather than less	πιστεύω ότι είναι πιο σημαντικό παρά λιγότερο	9e44ad2a-8776-4307-aa19-473381be4fe2
el_for_eng:S0137L04U05	of course it's more important to talk often rather than not	φυσικά είναι πιο σημαντικό να μιλάς συχνά παρά όχι	b5d47ff9-fcd3-4d3d-81e5-98c1e6aacdc6
el_for_eng:S0137L05B01	to be	να είσαι	1f195205-d790-4f85-8565-f6e4e9104443
el_for_eng:S0137L05B02	you can be better	μπορείς να είσαι καλύτερα	aa45ea03-a9e9-46c3-b56f-8302a2b85dff
el_for_eng:S0137L05B03	you like to be happy	σου αρέσει να είσαι χαρούμενος	44efa83b-8f74-4030-9b19-e51b947dafbf
el_for_eng:S0137L05B04	it's important to be happy	είναι σημαντικό να είσαι χαρούμενος	ad51dc93-517d-454d-8654-7e45797b6201
el_for_eng:S0137L05C01	you are	είσαι	e63027fc-ac13-43a7-ac12-ada9507f5c77
el_for_eng:S0137L05U01	of course you don't need to be happy	φυσικά δεν χρειάζεται να είσαι χαρούμενος	968d5290-939e-42bc-9274-f9085b67df14
el_for_eng:S0137L05U02	I don't know why you need to be happy	δεν ξέρω γιατί χρειάζεται να είσαι χαρούμενος	892cbb33-5f92-4103-b1dc-83fbe49b546e
el_for_eng:S0137L05U03	you can be happy when you work with them	μπορείς να είσαι χαρούμενος όταν δουλεύεις μαζί τους	533ec60c-47a9-4e3a-809d-fe7692c79663
el_for_eng:S0137L05U04	I believe it's less important to be excited	πιστεύω ότι είναι λιγότερο σημαντικό να είσαι ενθουσιασμένος	6f29a80d-e990-4abc-9cbd-ffd6e0dbd5be
el_for_eng:S0137L05U05	I think it's more important to talk rather than to be excited	νομίζω ότι είναι πιο σημαντικό να μιλάς παρά να είσαι ενθουσιασμένος	0083e0bd-b2af-43e8-a282-92f694a179bf
el_for_eng:S0137L06B01	rather than being perfect	παρά να είσαι τέλειος	623d53ec-c68f-4725-8d8a-fea99b0ecad7
el_for_eng:S0137L06B02	you don't need to be perfect	δεν χρειάζεται να είσαι τέλειος	5a223abd-ac01-4458-9ea8-5185b5b8dc6b
el_for_eng:S0137L06B03	it's not important to be perfect	δεν είναι σημαντικό να είσαι τέλειος	b5ddd7a7-b7e2-4513-b60d-d3e943313729
el_for_eng:S0137L06U01	of course you don't need to be perfect	φυσικά δεν χρειάζεται να είσαι τέλειος	34c3efd7-ad83-4807-b082-e1fd414f3b12
el_for_eng:S0137L06U02	I think it's a good idea rather than being perfect	νομίζω ότι είναι καλή ιδέα παρά να είσαι τέλειος	31e39f01-8784-4fc9-b656-f1d00b991489
el_for_eng:S0137L06U03	I believe it's less important to be perfect	πιστεύω ότι είναι λιγότερο σημαντικό να είσαι τέλειος	47ec7a4c-b19f-4485-bd1b-63520d39645d
el_for_eng:S0137L06U04	I don't know why you think you need to be perfect	δεν ξέρω γιατί νομίζεις ότι χρειάζεται να είσαι τέλειος	95d9f057-c327-4738-a15c-8026f36cfc76
el_for_eng:S0137L06U05	it's more important to talk often than to be perfect	είναι πιο σημαντικό να μιλάς συχνά παρά να είσαι τέλειος	7fa65b64-0332-4637-af68-ebe3dca5ba05
el_for_eng:S0138L01B01	he wanted	ήθελε	7da2d312-cb14-43c3-a73a-44d08be4d83b
el_for_eng:S0138L01B02	he didn't want	δεν ήθελε	8886640b-2b35-4a25-add3-8f443dbd2877
el_for_eng:S0138L01B03	of course he wanted it	φυσικά ήθελε	8b28d397-6e04-4f7b-a484-95a068036a03
el_for_eng:S0138L01U01	I knew he wanted	ήξερα ότι ήθελε	63dcb1fa-1698-4018-b2fa-783efd32193c
el_for_eng:S0138L01U02	I think he wanted	νομίζω ότι ήθελε	215c4168-17a4-4841-92f9-00cab616e75d
el_for_eng:S0138L01U03	I believe he wanted it	πιστεύω ότι ήθελε	a3c2e442-f5d8-4425-9dc4-5a57bb19249d
el_for_eng:S0138L01U04	she was saying he wanted something	έλεγε ότι ήθελε κάτι	3b516018-f73a-40b5-b886-b47677b2c920
el_for_eng:S0138L01U05	he definitely wanted it the last time	σίγουρα ήθελε την τελευταία φορά	88faac88-f264-434f-a502-d2495d97c85b
el_for_eng:S0138L02B01	to meet us	να μας συναντήσει	fc5987c7-06be-4cd2-8838-288ee802420e
el_for_eng:S0138L02B02	he wanted to meet us	ήθελε να μας συναντήσει	a3c3a706-2e7f-4e86-8e08-7075a4e38364
el_for_eng:S0138L02B03	he wanted to meet us here	ήθελε να μας συναντήσει εδώ	8b08e882-cc94-42b4-bd1c-842e83372749
el_for_eng:S0138L02B04	he didn't want to meet us	δεν ήθελε να μας συναντήσει	1a6f72c9-f54f-48e3-a752-88df0667c553
el_for_eng:S0138L02U01	of course he wanted to meet us	φυσικά ήθελε να μας συναντήσει	23fb8f98-b82e-4f64-9852-202a18aa8788
el_for_eng:S0138L02U02	he definitely wanted to meet us	σίγουρα ήθελε να μας συναντήσει	e35891eb-a946-45b4-8e93-36b4ff44e134
el_for_eng:S0138L02U03	I think he wanted to meet us	νομίζω ότι ήθελε να μας συναντήσει	60700881-e804-49a6-be7c-7d6a6a93d00b
el_for_eng:S0138L02U04	I believe he wanted to meet us yesterday	πιστεύω ότι ήθελε να μας συναντήσει χτες	6ef46ece-cf89-4e15-9b21-19ea37f7271b
el_for_eng:S0138L02U05	I don't know why he didn't want to meet us	δεν ξέρω γιατί δεν ήθελε να μας συναντήσει	417b6532-facd-4fba-a59a-3429c1719f13
el_for_eng:S0138L03B01	my friend	ο φίλος μου	11ca8f17-0b34-4313-aa13-c17d8176380c
el_for_eng:S0138L03B02	my friend wanted	ο φίλος μου ήθελε	5436f636-bf23-434b-8c2b-cc9fe9778821
el_for_eng:S0138L03B03	my friend is here	ο φίλος μου είναι εδώ	372649f7-c1f1-4e90-928c-3861e1b10a68
el_for_eng:S0138L03B04	I definitely know my friend wanted	σίγουρα ξέρω ότι ο φίλος μου ήθελε	5f5d3510-6943-40f2-bc0b-2309d8ff790e
el_for_eng:S0138L03U01	this was where my friend wanted to meet us	εδώ ήθελε να μας συναντήσει ο φίλος μου	8e9b4c72-8678-4f39-9200-9ff49d3d943a
el_for_eng:S0138L03U02	I believe my friend is happy	πιστεύω ότι ο φίλος μου είναι χαρούμενος	508d7bf0-732f-480a-9450-1acde032c2d0
el_for_eng:S0138L03U04	I think my friend wanted to meet us	νομίζω ότι ο φίλος μου ήθελε να μας συναντήσει	e3946f8e-907c-4f40-b7d6-f1e4743e20d5
el_for_eng:S0138L03U05	of course my friend wanted to meet us here	φυσικά ο φίλος μου ήθελε να μας συναντήσει εδώ	85c9c73c-6c2f-43ac-8769-79c85332ce4e
el_for_eng:S0139L01B01	I'm sorry	λυπάμαι	27ea302c-b45d-4a6f-969b-06147ece3f45
el_for_eng:S0139L01B02	I'm not sorry	δεν λυπάμαι	2fefe273-6da6-4ca0-87f1-0e56d62bdc11
el_for_eng:S0139L01B03	of course I'm sorry	φυσικά λυπάμαι	88ae4865-4dbc-4718-9a60-ba3cb4f277a3
el_for_eng:S0139L01U01	I think I'm sorry	νομίζω ότι λυπάμαι	4b7ab733-448a-4914-be38-aa0836eec9c9
el_for_eng:S0139L01U02	I'm sorry it's a problem	λυπάμαι που είναι πρόβλημα	15d74476-fb82-4f27-9550-072b671f8890
el_for_eng:S0139L01U03	I'm sorry it's not a good idea	λυπάμαι που δεν είναι καλή ιδέα	113a06cc-eaf8-432a-a2f4-de388543255a
el_for_eng:S0139L01U04	I'm sorry there are too many ideas	λυπάμαι που υπάρχουν πάρα πολλές ιδέες	63aef11f-af3e-4758-845f-d38ff9638a56
el_for_eng:S0139L01U05	I'm sorry it's less exciting	λυπάμαι που είναι λιγότερο συναρπαστικό	207e9f12-a77b-45ad-8dc8-3c3d6e9cbfe5
el_for_eng:S0139L02B01	I need to leave	χρειάζεται να φύγω	45ab0276-77bb-4986-a2de-02213f7a9e0c
el_for_eng:S0139L02B02	I don't need to leave	δεν χρειάζεται να φύγω	6e9be148-acf7-4cf6-81c0-2280f54ff870
el_for_eng:S0139L02B03	I think I need to leave	νομίζω ότι χρειάζεται να φύγω	1a435fc3-b09f-47ee-a966-e76c03baad76
el_for_eng:S0139L02U01	of course I don't need to leave	φυσικά δεν χρειάζεται να φύγω	9d48357c-f238-42a5-97a6-acf2674388cb
el_for_eng:S0139L02U02	I'm sorry I need to leave	λυπάμαι που χρειάζεται να φύγω	16b8a100-bd69-454a-8f56-26eae0a908a4
el_for_eng:S0139L02U03	I believe I need to leave today	πιστεύω ότι χρειάζεται να φύγω σήμερα	c9993463-8aa0-4b62-a659-be31a3af9670
el_for_eng:S0139L02U04	I definitely need to leave before you	σίγουρα χρειάζεται να φύγω πριν φύγεις	c3cbd83e-173e-4cac-bc39-6a49f25ddce3
el_for_eng:S0139L02U05	I'm sorry I need to leave because I wanted to see you	λυπάμαι που χρειάζεται να φύγω γιατί ήθελα να σε δω	38e3eaf8-222e-4895-ba94-17317b181841
el_for_eng:S0139L03B01	so early	τόσο νωρίς	d8d62ed9-910e-4aff-99a3-78d55f875199
el_for_eng:S0139L03B02	it's not early	δεν είναι νωρίς	6dbfa6cc-4e95-4f2f-85fb-125f5b703c7a
el_for_eng:S0139L03B03	I thought it was early	νόμιζα ότι ήταν νωρίς	45e3a0d9-f79f-4cac-ba40-bb835e0a4173
el_for_eng:S0139L03U01	of course it's not early	φυσικά δεν είναι νωρίς	e8f7b745-b48e-4c8e-8b04-85b7fb724ecd
el_for_eng:S0139L03U02	I need to leave early	χρειάζεται να φύγω νωρίς	bd295dc7-600e-4bec-abc1-63abbf9cc9ad
el_for_eng:S0139L03U03	I think it's so early	νομίζω ότι είναι τόσο νωρίς	f431280a-2eb5-422b-b77e-4e779a2dd497
el_for_eng:S0139L03U04	I believe I need to leave early	πιστεύω ότι χρειάζεται να φύγω νωρίς	5b5cd064-f9f4-4c44-a9cd-af1616d28f85
el_for_eng:S0139L03U05	I'm sorry I need to leave so early	λυπάμαι που χρειάζεται να φύγω τόσο νωρίς	8088d503-b44e-473d-83ac-08bb5f456b07
el_for_eng:S0140L01B02	I can't see	δεν μπορώ να δω	13bdfc01-1caa-43e3-a1f7-2f2b37e49403
el_for_eng:S0140L01B03	of course I can see	φυσικά μπορώ να δω	43a787d1-3c69-4e61-9f58-2d1c0fde6ddf
el_for_eng:S0140L01U01	I think I can see	νομίζω ότι μπορώ να δω	2d2a62b7-668e-4139-bc1d-9a329d15af9f
el_for_eng:S0140L01U02	I definitely can't see	σίγουρα δεν μπορώ να δω	64c6c943-5e77-4528-80dc-c067a0350864
el_for_eng:S0140L01U03	I'm sorry I can't see	λυπάμαι που δεν μπορώ να δω	2e569c3f-31d6-4240-a652-ce75c4b5e088
el_for_eng:S0140L01U04	I believe I can see something	πιστεύω ότι μπορώ να δω κάτι	5b2e9096-5f27-4e81-91e2-e62757adfe86
el_for_eng:S0140L01U05	I don't know why I can't see	δεν ξέρω γιατί δεν μπορώ να δω	c4ad8538-d3d5-4be2-84ba-df7c5ecd65f9
el_for_eng:S0140L02B01	you're trying	προσπαθείς	c2ecd29f-c7b8-48fc-97be-4a7648477530
el_for_eng:S0140L02B02	you're not trying	δεν προσπαθείς	e972ce12-6084-4c0f-a292-fc04156a1835
el_for_eng:S0140L02B03	of course you're trying	φυσικά προσπαθείς	3583a757-b882-46a0-a3ce-8a212663037b
el_for_eng:S0140L02U01	I think you're trying	νομίζω ότι προσπαθείς	11e44e7f-669e-41c6-9230-b83aa607de0e
el_for_eng:S0140L02U02	I believe you're trying hard	πιστεύω ότι προσπαθείς σκληρά	432f3b2b-cb6b-4fa4-b79c-5f2fc870a1b3
el_for_eng:S0140L02U03	I definitely think you're trying	σίγουρα νομίζω ότι προσπαθείς	469a305b-e01a-4811-9eaf-be72ba8c0f43
el_for_eng:S0140L02U04	I'm happy you're trying	είμαι χαρούμενος που προσπαθείς	574fbd55-c4ae-4d54-8e2e-87a3ef185cc4
el_for_eng:S0140L02U05	I'm sorry I can't see what you're trying	λυπάμαι που δεν μπορώ να δω τι προσπαθείς	d4215c59-3a8c-4fed-ac9c-7c283f7f02c3
el_for_eng:S0140L03B01	to show me	να μου δείξεις	e6a1dc5e-28d0-4094-9185-5d26e7ecbf47
el_for_eng:S0140L03B02	I want you to show me	θέλω να μου δείξεις	49f58b1c-a9bf-4493-a86d-413a682fad7e
el_for_eng:S0140L03B03	you can show me	μπορείς να μου δείξεις	56aa444c-5889-4cd2-a44d-aacc7f846266
el_for_eng:S0140L03B04	you're trying to show me	προσπαθείς να μου δείξεις	5453dc3e-973a-4afa-950b-f6f242faed71
el_for_eng:S0140L03C01	you show	δείξεις	d03ae099-c727-400f-b58b-4142eeb29201
el_for_eng:S0140L03U01	of course you can show me	φυσικά μπορείς να μου δείξεις	7ba76991-3272-486a-b00b-7dd85869194b
el_for_eng:S0140L03U02	I don't know why you can't show me	δεν ξέρω γιατί δεν μπορείς να μου δείξεις	5fae9999-249c-4c33-89f5-2fc2e479932f
el_for_eng:S0140L03U03	I believe you're trying to show me something	πιστεύω ότι προσπαθείς να μου δείξεις κάτι	e0a33bc0-83d2-4263-a163-c41babc5355c
el_for_eng:S0140L03U04	I think you're trying to show me the answer	νομίζω ότι προσπαθείς να μου δείξεις την απάντηση	4ec6abad-a922-4ce9-8468-ae57763f3659
el_for_eng:S0140L03U05	I'm sorry I can't see what you're trying to show me	λυπάμαι που δεν μπορώ να δω τι προσπαθείς να μου δείξεις	fe5aff90-b08f-4827-a4a6-63a9e439d8f0
el_for_eng:S0141L01B01	nothing	κανένα	e7c864fd-af8e-41f4-ae95-e48105c51738
el_for_eng:S0141L01B02	no problem	κανένα πρόβλημα	ee27d5a1-b997-4dfb-8f77-8d70218c05d5
el_for_eng:S0141L01B03	of course it's no problem	φυσικά δεν είναι κανένα πρόβλημα	57766e7f-fce2-4991-b407-2b65757624f0
el_for_eng:S0141L01U01	I think it's no problem	νομίζω ότι δεν είναι κανένα πρόβλημα	cde59a06-02bc-42d2-870a-904036a6cb74
el_for_eng:S0141L01U02	I'm sorry but there's no problem	λυπάμαι που δεν είναι κανένα πρόβλημα	2169d499-372b-4581-a353-ccb273e5ed4d
el_for_eng:S0141L01U03	I definitely think there's no problem	σίγουρα νομίζω ότι δεν είναι κανένα πρόβλημα	6908a73d-d175-4300-9944-1fb2300dd857
el_for_eng:S0141L01U04	I'm happy there's no problem	είμαι χαρούμενος που δεν είναι κανένα πρόβλημα	64941166-1a28-409c-b1b1-e83f872cb972
el_for_eng:S0141L01U05	I believe it's no problem to talk often	πιστεύω ότι δεν είναι κανένα πρόβλημα να μιλάς συχνά	52a22a8a-7f0f-4a6f-afd6-aca5afa6547a
el_for_eng:S0141L02B01	not everything	δεν είναι όλα	62ee6fc4-5ee8-4da9-9e1f-eaebc9f3efb1
el_for_eng:S0141L02B02	everything is good	όλα είναι καλά	66edf72e-3a63-4142-a013-2bb02d187a85
el_for_eng:S0141L02B03	everything is interesting	όλα είναι ενδιαφέρον	defa547c-d07d-4d02-b441-caa6dfad1a5a
el_for_eng:S0141L02U01	of course everything is good	φυσικά όλα είναι καλά	39b4834b-cb11-4407-a76e-bbe0ec34c2b1
el_for_eng:S0141L02U02	I thought everything was worse	νόμιζα ότι όλα ήταν χειρότερα	35070465-1f10-4391-89c3-fd3ceef279c1
el_for_eng:S0141L02U04	I think everything is better today	νομίζω ότι όλα είναι καλύτερα σήμερα	7c6d2811-07c6-444c-9563-126692ca11f4
el_for_eng:S0141L02U05	I'm happy everything is better	είμαι χαρούμενος που όλα είναι καλύτερα	a4dbbce0-65b4-4595-bf09-33ac98f3f8cf
el_for_eng:S0141L03B01	it's okay	είναι εντάξει	002e9991-7a1d-4ab1-bc59-0d0dc9c2dcad
el_for_eng:S0141L03B02	everything is okay	όλα είναι εντάξει	9bc1c5a6-86ca-4661-bca0-fb8878f5266a
el_for_eng:S0141L03B03	it's not okay	δεν είναι εντάξει	29b7f232-f55e-4946-8941-00077892ab8e
el_for_eng:S0141L03U01	of course it's okay	φυσικά είναι εντάξει	d7c05cd4-f0e0-4604-812c-97646d0ed8cb
el_for_eng:S0141L03U02	I think everything is okay	νομίζω ότι όλα είναι εντάξει	acc5151a-e928-47d5-b26a-949a6a53d132
el_for_eng:S0141L03U03	I believe everything is okay now	πιστεύω ότι όλα είναι εντάξει τώρα	64b629e9-55c8-48aa-bb53-a8849115030f
el_for_eng:S0141L03U04	I'm happy everything is okay	είμαι χαρούμενος που όλα είναι εντάξει	dd6ef7a9-cd21-4659-b46e-89f1628a3e69
el_for_eng:S0141L03U05	I thought it was okay the last time	νόμιζα ότι ήταν εντάξει την τελευταία φορά	625278ac-7d50-47e4-805d-c62f87b7413f
el_for_eng:S0142L01B01	it's kind	είναι ευγενικό	875dc16d-6ae0-4d07-beab-a065e8b24c23
el_for_eng:S0142L01B02	it's not kind	δεν είναι ευγενικό	9f570029-f4ab-4695-965c-2e0cef1d7004
el_for_eng:S0142L01B03	everything is kind	όλα είναι ευγενικό	3f259d2d-0182-4724-9662-f3257d1f9ee9
el_for_eng:S0142L01U01	it's very kind	είναι πολύ ευγενικό	9613a9a3-0d0a-4346-8b53-6772fdfb111a
el_for_eng:S0142L01U02	of course it's kind	φυσικά είναι ευγενικό	236c1ed2-5ef5-4c3c-af55-df5939a2288e
el_for_eng:S0142L01U03	I thought it was kind	νόμιζα ότι ήταν ευγενικό	686b3ea2-9aae-4d80-9c0c-0f30ff350001
el_for_eng:S0142L01U04	I think it's very kind	νομίζω ότι είναι πολύ ευγενικό	4c29fb28-43a5-49ad-8b4b-9fe7d24acc39
el_for_eng:S0142L01U05	I believe it's so kind	πιστεύω ότι είναι τόσο ευγενικό	05ac586c-cba5-42d4-a5e9-87cc4088ae3f
el_for_eng:S0142L02B01	on your part	από μέρους σου	72e6be82-4f19-4229-a686-c3ba139c2520
el_for_eng:S0142L02B02	kind of you	ευγενικό από μέρους σου	b448b24a-85af-4ba2-b22a-a86c463f127b
el_for_eng:S0142L02B03	it's very kind of you	είναι πολύ ευγενικό από μέρους σου	bd5ae5bf-2bba-41e4-ae04-4b814e6e039f
el_for_eng:S0142L02B04	that's kind of you	αυτό είναι ευγενικό από μέρους σου	343ccc35-edca-4c0a-ba7d-d5b940d8a58f
el_for_eng:S0142L02U01	of course it's kind of you	φυσικά είναι ευγενικό από μέρους σου	68add4d0-5a94-40c2-ae10-0dc0abe819bc
el_for_eng:S0142L02U02	it's definitely very kind of you	σίγουρα είναι πολύ ευγενικό από μέρους σου	b46d1f24-3ba8-40e0-a36c-72111116307b
el_for_eng:S0142L02U03	I think it's very kind of you	νομίζω ότι είναι πολύ ευγενικό από μέρους σου	e54bd256-72a3-4644-8943-bab6f05fdf1f
el_for_eng:S0142L02U04	I believe it's so kind of you	πιστεύω ότι είναι τόσο ευγενικό από μέρους σου	fde2230c-af05-4f87-899d-bf5099af5d4b
el_for_eng:S0142L02U05	I'm happy it's kind of you	είμαι χαρούμενος που είναι ευγενικό από μέρους σου	d23ca0dd-ad90-472c-8a26-1f9efa399a7c
el_for_eng:S0142L03B01	I'm grateful to you	σου είμαι ευγνώμων	9b3da8c0-38ad-4346-ace9-41cf2c796813
el_for_eng:S0142L03B02	I'm not grateful	δεν σου είμαι ευγνώμων	9867cbfb-e7aa-4878-8203-065b6e020fc6
el_for_eng:S0142L03B03	I'm so grateful to you	σου είμαι τόσο ευγνώμων	a4ce6030-6d7f-4f23-a2b8-11e94404f9a2
el_for_eng:S0142L03U01	of course I'm grateful to you	φυσικά σου είμαι ευγνώμων	cac28f32-1271-4c4b-9f14-5b19e619825f
el_for_eng:S0142L03U02	I definitely feel grateful to you	σίγουρα σου είμαι ευγνώμων	44a89288-7d7f-4c1a-a5b7-729436967b7c
el_for_eng:S0142L03U03	I think I'm grateful to you	νομίζω ότι σου είμαι ευγνώμων	9fa4f9ae-6b2d-486c-a84b-c8e922b2fa71
el_for_eng:S0142L03U04	I believe I'm so grateful to you	πιστεύω ότι σου είμαι τόσο ευγνώμων	066f1571-6784-435f-8818-d46403dba544
el_for_eng:S0142L03U05	I'm grateful to you because it's kind of you	σου είμαι ευγνώμων γιατί είναι ευγενικό από μέρους σου	a4b7271f-43c8-4cee-beb2-7f4e10ead174
el_for_eng:S0142L04B01	you're helping	βοηθάς	47a12332-3867-4c4a-a388-2e3949a04500
el_for_eng:S0142L04B02	you're not helping	δεν βοηθάς	3f0d4efe-7748-4b7f-a55a-6fcb62f207bb
el_for_eng:S0142L04B03	of course you're helping	φυσικά βοηθάς	149d1b09-d533-4305-afd0-055aaad45d3e
el_for_eng:S0142L04U01	I think you're helping	νομίζω ότι βοηθάς	4509aac4-2679-4fe6-b101-1f0b38fda67c
el_for_eng:S0142L04U02	I'm grateful you're helping	σου είμαι ευγνώμων που βοηθάς	cd0257f7-d73f-4769-92cc-26ed96dc3fca
el_for_eng:S0142L04U03	I'm so happy you're helping	είμαι τόσο χαρούμενος που βοηθάς	febbe245-ac1a-49d2-bd6e-f293e6647e75
el_for_eng:S0142L04U04	I believe you're trying and you're helping	πιστεύω ότι προσπαθείς και βοηθάς	5989bda7-c9d3-4bb6-93e4-e399f52cbaa0
el_for_eng:S0142L04U05	it's very kind of you that you're helping	είναι πολύ ευγενικό από μέρους σου που βοηθάς	65269435-ff37-4df0-af49-5baa0f195741
el_for_eng:S0143L01B01	the same thing	το ίδιο πράγμα	e70a2d93-1da7-47e3-8faa-4fad4a0154dc
el_for_eng:S0143L01B02	it's the same thing	είναι το ίδιο πράγμα	8b39ed0d-5b1e-4dd3-885c-6288e5863ad6
el_for_eng:S0143L01B03	it's not the same thing	δεν είναι το ίδιο πράγμα	379b0e5b-4322-4c74-8923-f868c0574c76
el_for_eng:S0143L01B04	of course it's the same thing	φυσικά είναι το ίδιο πράγμα	41970f26-91dd-44f3-a691-c4d53bbe432a
el_for_eng:S0143L01C01	same	ίδιο	b6555832-2fee-4a6d-a803-f5aa3c612595
el_for_eng:S0143L01C02	thing	πράγμα	73a02beb-16b7-40e4-904c-6bc45c19b6e5
el_for_eng:S0143L01U01	it's definitely the same thing	σίγουρα είναι το ίδιο πράγμα	7a708f09-75b8-431c-92de-c37b7fe1a93c
el_for_eng:S0143L01U02	I thought it was the same thing	νόμιζα ότι ήταν το ίδιο πράγμα	ec653708-9093-4baf-86a0-b061b92655aa
el_for_eng:S0143L01U03	I think it's the same thing	νομίζω ότι είναι το ίδιο πράγμα	4469df58-5677-4469-bbfc-70f29e877b7b
el_for_eng:S0143L01U04	I believe it's the same thing	πιστεύω ότι είναι το ίδιο πράγμα	294ee720-0276-455d-82b0-a2e74cabf762
el_for_eng:S0143L01U05	I'm sorry but it's the same thing	λυπάμαι που είναι το ίδιο πράγμα	12a7810e-d04f-4d43-990b-433e50392f87
el_for_eng:S0143L02B01	about which	για το οποίο	df3d07f3-729f-4416-80ac-65fd0bccd11d
el_for_eng:S0143L02B02	the reason about which	ο λόγος για το οποίο	a3f79b8f-4bbe-42b9-808d-488b00e1f5c1
el_for_eng:S0143L02B03	the same thing about which	το ίδιο πράγμα για το οποίο	db429e6b-f7d1-4f41-beca-e63b387e58f1
el_for_eng:S0143L02B04	about which it's interesting	για το οποίο είναι ενδιαφέρον	59567840-c11d-4b5d-b4da-84ce98c9665f
el_for_eng:S0143L02U02	of course it's the same thing about which I was thinking	φυσικά είναι το ίδιο πράγμα για το οποίο νόμιζα	f738627e-dcc7-4e70-b3f0-25ef4ff55c81
el_for_eng:S0143L02U03	I think it's the same thing about which he wanted	νομίζω ότι είναι το ίδιο πράγμα για το οποίο ήθελε	6399ba74-ff65-404f-b0c2-491e5acadab5
el_for_eng:S0143L02U04	I believe it's the same thing about which she was saying	πιστεύω ότι είναι το ίδιο πράγμα για το οποίο έλεγε	6b1cafbd-a6b3-4b44-b6d0-39412e41da82
el_for_eng:S0143L02U05	I thought it was the thing about which I'm happy	νόμιζα ότι ήταν το ίδιο πράγμα για το οποίο είμαι χαρούμενος	c7441c03-11d9-4461-8d6b-b12a11d7a8e6
el_for_eng:S0143L03B01	we weren't talking	δεν μιλούσαμε	443074f0-d854-4842-a073-1fafa8a0ca69
el_for_eng:S0143L03B02	of course we were talking about it	φυσικά μιλούσαμε	cac63edd-e159-4e01-92a2-2d23ba29a269
el_for_eng:S0143L03B03	we were talking about it	μιλούσαμε για το οποίο	68330c85-b821-45c2-9d78-ab836ba0ab72
el_for_eng:S0143L03U01	we were talking about the same thing	μιλούσαμε για το ίδιο πράγμα	d0da5487-d7ee-4873-9b2b-36a0109c4751
el_for_eng:S0143L03U02	I think we were talking about the same thing	νομίζω ότι μιλούσαμε για το ίδιο πράγμα	432b1b1b-535c-4a95-a28b-bd7a799d0435
el_for_eng:S0143L03U03	I believe we were talking about something important	πιστεύω ότι μιλούσαμε για κάτι σημαντικό	39e21d9b-0f4f-44af-8b1d-2657c5b33957
el_for_eng:S0143L03U04	I can't remember what we were talking about	δεν μπορώ να θυμηθώ για το οποίο μιλούσαμε	e3dca621-a402-419f-8e81-a0c5da7f0033
el_for_eng:S0143L03U05	it's the same thing we were talking about earlier	είναι το ίδιο πράγμα για το οποίο μιλούσαμε πριν	cd7f7f64-fcfd-43cb-9cae-f6dd0ff21f36
el_for_eng:S0144L01B01	I woke up	ξύπνησα	37baf130-cb66-493d-b035-983e604b6a91
el_for_eng:S0144L01B02	I didn't wake up	δεν ξύπνησα	6ba4dc0f-a6d6-4e52-943c-e25953d1c271
el_for_eng:S0144L01B03	I woke up early	ξύπνησα νωρίς	885ab37b-7b6f-4a52-a43b-ab99eef73908
el_for_eng:S0144L01U01	of course I woke up	φυσικά ξύπνησα	fbf95039-2936-4f29-8c69-6688b8e9bfe1
el_for_eng:S0144L01U02	I don't know why I woke up	δεν ξέρω γιατί ξύπνησα	61382ddd-f1e6-43af-81eb-2e6e77ead4be
el_for_eng:S0144L01U03	I'm sorry I woke up early	λυπάμαι που ξύπνησα νωρίς	578db87c-5167-4582-bff5-65889830566b
el_for_eng:S0144L01U04	I believe I woke up early	πιστεύω ότι ξύπνησα νωρίς	95358510-3d58-4202-b6cd-c6c5a9ca7cf3
el_for_eng:S0144L01U05	I'm happy I woke up	είμαι χαρούμενος που ξύπνησα	2f129848-0efd-4a66-8e8d-f815a6fe42f8
el_for_eng:S0144L02B01	earlier	νωρίτερα	c386ac05-2796-4d8c-990b-40e266a5b8bc
el_for_eng:S0144L02B02	I woke up earlier	ξύπνησα νωρίτερα	35b21040-2cb8-4450-a29e-68436d4dfe71
el_for_eng:S0144L02B03	earlier than that	νωρίτερα από αυτό	7ea67db7-ebf7-4a0c-af44-752215ac4e5a
el_for_eng:S0144L02U01	of course I woke up earlier	φυσικά ξύπνησα νωρίτερα	efeb83fd-8ccf-4dc8-bead-b7ad64005cf6
el_for_eng:S0144L02U02	I think I woke up earlier	νομίζω ότι ξύπνησα νωρίτερα	3b9ede85-6df0-4ac3-8e33-095e7d7e6704
el_for_eng:S0144L02U03	I definitely woke up earlier than I wanted	σίγουρα ξύπνησα νωρίτερα από ό,τι ήθελα	dff6b3d0-de91-49d1-aebc-ebef4a0a2fbc
el_for_eng:S0144L02U04	I woke up earlier than the last time	ξύπνησα νωρίτερα από την τελευταία φορά	51d43f86-8f48-4019-802d-bb407552fe0b
el_for_eng:S0144L03B01	this morning	σήμερα το πρωί	8a7140c6-e765-43ff-8cb0-4685488b5ef4
el_for_eng:S0144L03B02	I woke up this morning	ξύπνησα σήμερα το πρωί	dcd5386b-426e-4350-8773-890c1479e274
el_for_eng:S0144L03B03	this morning it was interesting	σήμερα το πρωί ήταν ενδιαφέρον	cb76d039-d0b6-43e0-bddb-41fb17d23cee
el_for_eng:S0144L03U01	of course I feel better this morning	φυσικά νιώθω καλύτερα σήμερα το πρωί	ba7aa907-469b-402d-b3d5-a76f9d00b08a
el_for_eng:S0144L03U02	I think this morning everything was good	νομίζω ότι σήμερα το πρωί όλα ήταν καλά	8fc6b808-9cb8-466d-91bf-022cf18d1583
el_for_eng:S0144L03U03	I'm sorry I need to leave this morning	λυπάμαι που χρειάζεται να φύγω σήμερα το πρωί	514de63b-41a0-4e36-a142-d9e31b684567
el_for_eng:S0144L03U04	I woke earlier than I wanted to this morning	ξύπνησα νωρίτερα από ό,τι ήθελα σήμερα το πρωί	07946e7b-7ca4-4873-bca1-092cd75e08a2
el_for_eng:S0144L03U05	I believe this morning was the same thing	πιστεύω ότι σήμερα το πρωί ήταν το ίδιο πράγμα	7609bb55-eded-4282-9231-f20ee1398bbb
el_for_eng:S0145L01B01	not any more	δεν πια	721490ab-000d-4096-8943-24b69b22c2a6
el_for_eng:S0145L01B02	I don't think so any more	δεν νομίζω πια	c56184b3-7537-49c9-a582-94248b830b7b
el_for_eng:S0145L01B03	it's not a problem any more	δεν είναι πρόβλημα πια	bc578da7-90a5-4223-832f-9727a3efafbe
el_for_eng:S0145L01U02	I don't feel the same any more	δεν νιώθω το ίδιο πράγμα πια	f86ebab7-9daf-4a9e-ae13-5119e93c455b
el_for_eng:S0145L01U03	I believe it's not important any more	πιστεύω ότι δεν είναι σημαντικό πια	a408d844-8854-4d76-a47d-e424555fa77e
el_for_eng:S0145L01U04	of course it's not the same any more	φυσικά δεν είναι το ίδιο πράγμα πια	20f1a9c2-de46-44b8-9135-acf964b54cda
el_for_eng:S0145L01U05	I don't know why it's not exciting any more	δεν ξέρω γιατί δεν είναι συναρπαστικό πια	d108fbd2-8fec-4e9b-9795-bde2273404ca
el_for_eng:S0146L01B01	nothing	τίποτα	e7c864fd-af8e-41f4-ae95-e48105c51738
el_for_eng:S0146L01B02	nothing is working	τίποτα δεν λειτουργεί	432e6ad1-6bca-40ff-8259-153eb01d7527
el_for_eng:S0146L01B03	nothing is the same	τίποτα δεν είναι το ίδιο	ef07ed80-0ade-48eb-acc0-f4e10fbce772
el_for_eng:S0146L01U01	nothing is important any more	τίποτα δεν είναι σημαντικό πια	5d2ee6df-4eaf-4267-b8c1-227789803ae4
el_for_eng:S0146L01U04	I'm sorry but nothing is working	λυπάμαι που τίποτα δεν λειτουργεί	81e1db11-8b8e-4bd7-89fc-0d69b3ba3e07
el_for_eng:S0146L01U05	I believe nothing is a problem	πιστεύω ότι τίποτα δεν είναι πρόβλημα	aae5dc3e-eb61-49fa-9b56-3b1df9f317e5
el_for_eng:S0146L02B01	it seems to	φαίνεται να	205f31c4-4113-4010-9aa4-91ad24808b52
el_for_eng:S0146L02B02	it doesn't seem to	δεν φαίνεται να	943617e8-bad8-4c8e-94d1-2abc588780db
el_for_eng:S0146L02B03	it seems to be good	φαίνεται να είναι καλό	2ff603d9-06ba-4196-8fdf-56664576bafd
el_for_eng:S0146L02B04	it seems to be the same thing	φαίνεται να είναι το ίδιο πράγμα	7e61e12a-cc05-476a-bc40-586f7b1ed139
el_for_eng:S0146L02C01	it seems	φαίνεται	006eea04-9e23-4dd7-9fa6-9f662881988b
el_for_eng:S0146L02U01	nothing seems to be working	τίποτα δεν φαίνεται να λειτουργεί	2a2757e5-22dd-4ccb-aa45-5eb40d40938a
el_for_eng:S0146L02U02	of course it seems to be important	φυσικά φαίνεται να είναι σημαντικό	ab6c469f-cec4-460a-8449-fac5afe27ff9
el_for_eng:S0146L02U03	it seems to be more exciting	φαίνεται να είναι πιο συναρπαστικό	5223803b-1b8e-4d1e-bc6a-b0b5227b9acb
el_for_eng:S0146L02U04	I believe it seems to be okay	πιστεύω ότι φαίνεται να είναι καλά	f168f3e5-b56b-4dfe-869c-e6914bd299c2
el_for_eng:S0146L02U05	I think it seems to be better	νομίζω ότι φαίνεται να είναι καλύτερα	cc21d984-653f-4209-89c9-c35b51cacdfc
el_for_eng:S0146L03B01	it's working	λειτουργεί	f614bdd2-fd8b-47c3-bda9-b2da862b40e4
el_for_eng:S0146L03B02	it's not working	δεν λειτουργεί	7e060dab-7e55-4445-8251-5971097d00e3
el_for_eng:S0146L03B03	of course it's working	φυσικά λειτουργεί	91cc762c-d7a8-4481-9812-51294dfdaf23
el_for_eng:S0146L03U01	I think it's working	νομίζω ότι λειτουργεί	cbf646c9-1a0c-40f5-88f4-39b982bfe251
el_for_eng:S0146L03U02	it seems to be working	φαίνεται να λειτουργεί	52d810aa-e2cf-4987-9022-656a3f89f6a1
el_for_eng:S0146L03U03	I'm happy it's working	είμαι χαρούμενος που λειτουργεί	1d274c2d-b98f-4c63-9057-d8d82d735f23
el_for_eng:S0146L03U04	nothing seems to be working	τίποτα δεν φαίνεται να λειτουργεί	2a2757e5-22dd-4ccb-aa45-5eb40d40938a
el_for_eng:S0146L03U05	I believe it's working better today	πιστεύω ότι λειτουργεί καλύτερα σήμερα	5df9e2c5-a7ea-4ec5-a3ae-b83d9567a421
el_for_eng:S0146L04B01	since	από τότε που	361c95a9-e327-47e4-84d7-43598f480ad9
el_for_eng:S0146L04B02	since we talked	από τότε που μιλήσαμε	4735b5b7-d682-4b84-b0b0-ed6eb4d23fef
el_for_eng:S0146L04B03	since we were together	από τότε που ήμασταν μαζί	efcc881d-1310-4b54-98ac-ba98d3e510f8
el_for_eng:S0146L04B04	nothing works since then	τίποτα δεν λειτουργεί από τότε που	d0c06f2c-e840-44b0-b762-428ffd9e3774
el_for_eng:S0146L04U01	everything is the same since the last time we talked	όλα είναι το ίδιο από τότε που μιλήσαμε	a5e2ccb9-8e67-4882-a0c9-8574e6619a40
el_for_eng:S0146L04U02	I feel better since we were together	νιώθω καλύτερα από τότε που ήμασταν μαζί	db395ba3-02a3-462e-855f-d5d3a41aa032
el_for_eng:S0146L04U03	I'm happy since I woke up this morning	είμαι χαρούμενος από τότε που ξύπνησα σήμερα το πρωί	f43a374f-1fe9-4cb8-8b6a-347cff164bf6
el_for_eng:S0146L04U04	of course nothing is the same since then	φυσικά τίποτα δεν είναι το ίδιο από τότε που μιλούσαμε	6e717010-b88c-4a96-8eac-2bca19d7a409
el_for_eng:S0146L04U05	nothing seems to be working since we talked	τίποτα δεν φαίνεται να λειτουργεί από τότε που μιλήσαμε	f9310964-e5bb-4804-a606-a2815f6da5dc
el_for_eng:S0146L05B01	we tried	προσπαθήσαμε	5f86e4f5-89af-4f22-a46e-c248ecf93362
el_for_eng:S0146L05B02	we didn't try	δεν προσπαθήσαμε	2b8f4730-feec-4fff-9eb0-307a7e56f0fb
el_for_eng:S0146L05B03	of course we tried	φυσικά προσπαθήσαμε	8c9fef6f-401f-47b6-b7de-e82721285261
el_for_eng:S0146L05U01	I'm sorry we tried	λυπάμαι που προσπαθήσαμε	725e87cc-6741-4dff-b856-60e0da5aeb40
el_for_eng:S0146L05U02	since we tried	από τότε που προσπαθήσαμε	bf1aefd8-0e60-4058-895f-5b9a09e7f703
el_for_eng:S0146L05U03	I think we tried hard	νομίζω ότι προσπαθήσαμε σκληρά	39072360-79b1-4fe2-895f-9e8a15e26be6
el_for_eng:S0146L05U04	I believe we tried the same thing	πιστεύω ότι προσπαθήσαμε το ίδιο πράγμα	929fa3f6-9442-4904-85a8-39286912a878
el_for_eng:S0146L05U05	nothing works since we tried	τίποτα δεν λειτουργεί από τότε που προσπαθήσαμε	1fb19c4d-ddec-4906-bce8-da1c4745660f
el_for_eng:S0146L06B01	to fix it	να το φτιάξουμε	2d6baf65-f536-455a-841b-37f389ee3373
el_for_eng:S0146L06B02	we need to fix it	χρειάζεται να το φτιάξουμε	6cddc273-6a6a-4e18-8dcb-854edb8d93f2
el_for_eng:S0146L06B03	we tried to fix it	προσπαθήσαμε να το φτιάξουμε	69cd08c9-9937-4ddb-938b-74d9f424bc39
el_for_eng:S0146L06B04	we didn't try to fix it	δεν προσπαθήσαμε να το φτιάξουμε	8798197f-1505-4270-9455-985e078f503c
el_for_eng:S0146L06C01	we fix	φτιάξουμε	0c69fff7-4357-47ff-a572-d64265e0c89e
el_for_eng:S0146L06U01	of course we tried to fix it	φυσικά προσπαθήσαμε να το φτιάξουμε	293685d1-3f7e-48b1-a833-bc064f7e9c11
el_for_eng:S0146L06U02	I think we need to fix it	νομίζω ότι χρειάζεται να το φτιάξουμε	2808fdf8-6076-413c-b699-01cb2164529f
el_for_eng:S0146L06U03	I'm sorry we need to fix it	λυπάμαι που χρειάζεται να το φτιάξουμε	ad6fad0e-eb5c-402b-b746-1ba608e40b02
el_for_eng:S0146L06U04	I believe we need to fix it today	πιστεύω ότι χρειάζεται να το φτιάξουμε σήμερα	b6f38464-0dd2-450a-a86f-ffc12959c228
el_for_eng:S0146L06U05	nothing works since we tried to fix it	τίποτα δεν λειτουργεί από τότε που προσπαθήσαμε να το φτιάξουμε	f5874cda-f854-4a2a-9a02-89006bc9df00
el_for_eng:S0147L01B01	she saw me	με είδε	c301e230-7d5e-4f76-b081-212d4ec00ab7
el_for_eng:S0147L01B02	she didn't see me	δεν με είδε	507f6bbf-53fe-4f29-8e64-b692fcb580d7
el_for_eng:S0147L01B03	when she saw me	όταν με είδε	c8c1c119-5ea7-474f-b64b-65bf9582b761
el_for_eng:S0147L01C01	she saw	είδε	8075a1f6-835f-44f3-bb68-00399b3d8dac
el_for_eng:S0147L01U01	of course she saw me	φυσικά με είδε	ecb28e60-34ea-41f7-b9bb-edee6fab8a91
el_for_eng:S0147L01U02	my friend saw me	η φίλη μου με είδε	303a9471-c51f-4313-a581-1d324d067684
el_for_eng:S0147L01U03	she saw me this morning	με είδε σήμερα το πρωί	e8c89d54-3ee7-4058-afb9-02a70ff5099d
el_for_eng:S0147L01U04	I think she saw me yesterday	νομίζω ότι με είδε χτες	bb01bbf7-1a6c-4172-b632-b0360497a896
el_for_eng:S0147L01U05	I don't know why she didn't see me	δεν ξέρω γιατί δεν με είδε	4d2f54f2-77eb-4b94-a118-a0458790b80a
el_for_eng:S0147L02B01	feeling	να νιώθω	de38b040-9721-4578-badf-57fe653c63d5
el_for_eng:S0147L02B02	she saw me feeling better	με είδε να νιώθω καλύτερα	bd6e1004-bf89-45f5-8293-a67f7b20ca89
el_for_eng:S0147L02B03	she saw me feeling worse	με είδε να νιώθω χειρότερα	ae36e052-8373-4590-ab5e-cb6b7c28cf22
el_for_eng:S0147L02B04	she saw me feeling happy	με είδε να νιώθω χαρούμενος	4af6f81d-cf2e-4c06-b65f-a3b6f8606e0b
el_for_eng:S0147L02C01	I feel	νιώθω	77570ad8-f6e8-41f1-ae81-05701895d980
el_for_eng:S0147L02U01	of course she saw me feeling better	φυσικά με είδε να νιώθω καλύτερα	466fb1f0-d4f0-4613-b644-22a4578a968e
el_for_eng:S0147L02U02	I'm sorry she saw me feeling worse	λυπάμαι που με είδε να νιώθω χειρότερα	323d5eb8-0726-469d-bf85-4f8e86584b14
el_for_eng:S0147L02U03	she was kind when she saw me feeling happy	ήταν καλή όταν με είδε να νιώθω χαρούμενος	4e52ec01-6bd5-4b3b-888b-f58bcc1ccdd7
el_for_eng:S0147L02U04	I think she saw me feeling excited	νομίζω ότι με είδε να νιώθω ενθουσιασμένος	b00ee1a3-08a3-41ba-9029-eb751cd9892a
el_for_eng:S0147L02U05	she definitely saw me feeling better this morning	σίγουρα με είδε να νιώθω καλύτερα σήμερα το πρωί	431916e9-b7b4-4167-9835-e09408213676
el_for_eng:S0147L03B01	feeling nervous	να νιώθω νευρικός	410eedb1-6e4f-4d26-83be-930431f1ef89
el_for_eng:S0147L03B02	I'm not nervous	δεν νιώθω νευρικός	0c5781a9-3605-48f9-a328-3b8242c01bf0
el_for_eng:S0147L03B03	I don't feel nervous any more	δεν νιώθω νευρικός πια	85fb3b4a-666e-4a66-8187-4931a6f93a5c
el_for_eng:S0147L03U01	she saw me feeling nervous	με είδε να νιώθω νευρικός	ba020ad3-62e4-4acb-aaa2-5f651172be4e
el_for_eng:S0147L03U02	I'm sorry I feel nervous	λυπάμαι που νιώθω νευρικός	32ed9d4b-49a6-4593-9266-963a99c9244b
el_for_eng:S0147L03U03	I think I was feeling nervous this morning	νομίζω ότι ένιωθα νευρικός σήμερα το πρωί	7b3b41c9-3b9d-45ce-a0b3-fd48b59f2544
el_for_eng:S0147L03U04	she was very kind when she saw me feeling nervous	ήταν πολύ καλή όταν με είδε να νιώθω νευρικός	e60fe1cb-276b-4422-8c34-d10aec812c73
el_for_eng:S0148L01B01	he was patient	ήταν υπομονετικός	8984b5c7-b880-42d1-bb55-6dc71c95f2d8
el_for_eng:S0148L01B02	he wasn't patient	δεν ήταν υπομονετικός	3d38867d-4ee0-463b-afe3-c514d8797fd1
el_for_eng:S0148L01B03	he was very patient	ήταν πολύ υπομονετικός	91023c37-1d7a-4bfd-99f8-fc1f52ec7d79
el_for_eng:S0148L01U01	of course he wasn't patient	φυσικά δεν ήταν υπομονετικός	f8729b6d-b052-4355-8e94-a6dcb5470094
el_for_eng:S0148L01U02	I believe he was patient	πιστεύω ότι ήταν υπομονετικός	72fe4862-44a7-430f-afa6-d8d0cae4c645
el_for_eng:S0148L01U03	he definitely wasn't patient	σίγουρα δεν ήταν υπομονετικός	6cac5834-7582-4473-8589-21b2b193193b
el_for_eng:S0148L01U04	I think he was very patient	νομίζω ότι ήταν πολύ υπομονετικός	c4e78afe-5e5d-4e2e-854a-327c589f2650
el_for_eng:S0148L01U05	my friend was very patient	ο φίλος μου ήταν πολύ υπομονετικός	a7bc7536-9f30-4c56-99bc-d4d03fadd56e
el_for_eng:S0148L02B02	I couldn't	δεν μπορούσα να	5efb001e-a048-4e9e-9aa7-a2208fef737c
el_for_eng:S0148L02B03	I could remember	μπορούσα να θυμηθώ	e8509594-ec05-4c1e-81df-e0edb9b5b6de
el_for_eng:S0148L02B04	I couldn't see	δεν μπορούσα να δω	2d2c611b-15d8-4c3f-9080-acf068f33d47
el_for_eng:S0148L02C01	I could	μπορούσα	7b3e059c-04b0-41fc-a87c-f9179b1c6cea
el_for_eng:S0148L02U01	I believe I could do it	πιστεύω ότι μπορούσα να κάνω	aa692ebe-b469-4d60-a960-9230cadf1bd6
el_for_eng:S0148L02U03	I'm sorry I couldn't see you	λυπάμαι που δεν μπορούσα να σε δω	75f01e35-616c-406b-a2f1-acb665065062
el_for_eng:S0148L02U04	I couldn't remember the answer	δεν μπορούσα να θυμηθώ την απάντηση	85788258-894d-4823-babd-1e61fb6f992f
el_for_eng:S0148L02U05	he wasn't patient when I couldn't	δεν ήταν υπομονετικός όταν δεν μπορούσα να	70fc13a6-0962-4cc1-9fd6-8d9464678425
el_for_eng:S0148L03B01	to answer	να απαντήσω	73b5edea-130b-43ab-86b3-b8ca7a419a74
el_for_eng:S0148L03B02	I want to answer	θέλω να απαντήσω	73b950df-716d-4f9e-acf4-877eae22e0b9
el_for_eng:S0148L03B03	I need to answer	χρειάζεται να απαντήσω	f51f0e1f-eaca-4e63-a20c-965e37d3d93e
el_for_eng:S0148L03B04	I couldn't answer	δεν μπορούσα να απαντήσω	5b60b396-f22f-4c44-9e1a-9545174d4e66
el_for_eng:S0148L03C01	I answer	απαντήσω	fa1677a1-bfd4-413d-b868-0864858074c6
el_for_eng:S0148L03U01	of course I wanted to answer	φυσικά ήθελα να απαντήσω	96ebd087-064e-4ff2-96c9-e32f4e30d42c
el_for_eng:S0148L03U02	I think I need to answer	νομίζω ότι χρειάζεται να απαντήσω	8c2b7720-481f-48a7-987f-ee0a6669fc41
el_for_eng:S0148L03U03	I believe I can answer now	πιστεύω ότι μπορώ να απαντήσω τώρα	4a6c102b-cf33-45fd-b989-bf164cc90f6f
el_for_eng:S0148L03U04	I'm sorry I couldn't answer	λυπάμαι που δεν μπορούσα να απαντήσω	7ce789cc-c3e0-47de-9859-0a7352188b71
el_for_eng:S0148L03U05	he wasn't patient when I couldn't answer	δεν ήταν υπομονετικός όταν δεν μπορούσα να απαντήσω	24b6be3e-ff52-49de-96b7-2009121b3152
el_for_eng:S0149L01B01	so I think	οπότε νομίζω	1b4771f7-39e5-4901-aca1-7735c03df136
el_for_eng:S0149L01B02	so it's good	οπότε είναι καλό	5aa1fb65-255c-42e9-9537-24b7614826cd
el_for_eng:S0149L01B03	so everything is okay	οπότε όλα είναι καλά	e15e7ac2-0e74-41e6-8ffa-bbd4f6a3e546
el_for_eng:S0149L01U01	I woke up early, so I feel better	ξύπνησα νωρίς, οπότε νιώθω καλύτερα	d7b8f23d-3a94-493c-8a24-fa497c137306
el_for_eng:S0149L01U02	it's not difficult, so I'm happy	δεν είναι δύσκολο, οπότε είμαι χαρούμενος	537fb362-9a3d-40e5-9aa4-f8cf44d543f8
el_for_eng:S0149L01U03	nothing is working, so it's a problem	τίποτα δεν λειτουργεί, οπότε είναι πρόβλημα	53fe0dfd-fe97-4015-941b-3e5299c5d1e9
el_for_eng:S0149L01U04	she was kind, so I believe everything is okay	ήταν καλή, οπότε πιστεύω ότι όλα είναι καλά	8badb054-3476-4114-99c6-d1e6895d7eaa
el_for_eng:S0149L01U05	it's the same thing, so it's not important	είναι το ίδιο πράγμα, οπότε δεν είναι σημαντικό	1d130489-4eec-4e0d-a4f2-65aff9653945
el_for_eng:S0149L02B01	I hope	ελπίζω να	29a4cd7f-e745-4cf9-bf45-c724700b9d7a
el_for_eng:S0149L02B02	I hope it works	ελπίζω να λειτουργεί	8fc724b1-1711-4652-8571-196475df6a14
el_for_eng:S0149L02B03	I hope it's better	ελπίζω να είναι καλύτερα	6ca47092-47da-4fa7-a390-39d5ef135ce9
el_for_eng:S0149L02B04	I hope everything is okay	ελπίζω να είναι όλα καλά	b21273fa-4222-47c1-9b7c-a3def55ec1f9
el_for_eng:S0149L02C01	I hope	ελπίζω	29a4cd7f-e745-4cf9-bf45-c724700b9d7a
el_for_eng:S0149L02U01	I definitely hope it works	σίγουρα ελπίζω να λειτουργεί	840038b2-fa5f-4db1-9c31-fbc33df84e51
el_for_eng:S0149L02U03	I hope it's the same thing	ελπίζω να είναι το ίδιο πράγμα	432a36f2-73b2-4df3-a486-c154ce2706de
el_for_eng:S0149L02U04	of course I hope everything is okay	φυσικά ελπίζω να είναι όλα καλά	d15cc9d2-c8b7-4792-bf80-631b7a2d72a3
el_for_eng:S0149L02U05	I hope it seems to be working	ελπίζω να φαίνεται να λειτουργεί	96946df7-0a40-40f2-b52e-8725f0ebe488
el_for_eng:S0149L03B01	before you finish	πριν τελειώσεις	496fcb3d-d0d9-4d3f-bc38-22ccf0890b0b
el_for_eng:S0149L03B02	I hope you'll finish	ελπίζω να τελειώσεις	b9ab3be2-133c-4c4e-9122-7720e271e9ee
el_for_eng:S0149L03B03	you can finish	μπορείς να τελειώσεις	477f6a33-8d7e-4d9a-9f7c-eec6aaf2c293
el_for_eng:S0149L03U01	of course I hope you'll finish	φυσικά ελπίζω να τελειώσεις	d397384d-a517-47ec-914f-3805fe0a0601
el_for_eng:S0149L03U02	I think you can finish today	νομίζω ότι μπορείς να τελειώσεις σήμερα	4bb95c28-08ea-457e-a070-6d56fc2007e3
el_for_eng:S0149L03U03	I'm happy you can finish	είμαι χαρούμενος που μπορείς να τελειώσεις	c91a223f-820d-438b-93ee-62c6f6f6861f
el_for_eng:S0149L03U04	I hope you'll finish, so everything is okay	ελπίζω να τελειώσεις, οπότε όλα είναι καλά	945b21f0-99c3-4365-8a10-e341dca4dcee
el_for_eng:S0149L03U05	I believe you can finish before you leave	πιστεύω ότι μπορείς να τελειώσεις πριν φύγεις	a63d993e-c15e-47aa-99fe-f176c7e5a07c
el_for_eng:S0149L04B01	soon	σύντομα	940ef78d-26c6-4940-9365-868160b72205
el_for_eng:S0149L04B02	I hope you'll finish soon	ελπίζω να τελειώσεις σύντομα	7f583165-8a54-48ad-9e30-f76fba712752
el_for_eng:S0149L04B03	I think it'll work soon	νομίζω ότι λειτουργεί σύντομα	7d1ad9b0-a9f6-4caf-b3c4-73fb282fd188
el_for_eng:S0149L04U01	of course I hope to see you soon	φυσικά ελπίζω να σε δω σύντομα	1f1f46b1-beb6-42e1-8ec1-fe3830ecede1
el_for_eng:S0149L04U04	I'm sorry I need to leave soon	λυπάμαι που χρειάζεται να φύγω σύντομα	13f7af46-14e4-4c22-b282-4060633d588b
el_for_eng:S0149L04U05	I hope you can finish soon, so it's not a problem	ελπίζω να τελειώσεις σύντομα, οπότε δεν είναι πρόβλημα	20d1ccc3-9317-4a2e-8d39-839cc21a18cc
el_for_eng:S0150L01B01	tell me	να μου πεις	19f1b4d9-159f-4e27-9110-ab8ec3d29f08
el_for_eng:S0150L01B02	I hope you can tell me	ελπίζω να μου πεις	b5acc8eb-a71f-4925-813e-eeb417b3ff5d
el_for_eng:S0150L01B03	can you tell me?	μπορείς να μου πεις;	41503900-e1cf-46f9-926b-3519fac4abfa
el_for_eng:S0150L01B04	you need to tell me	χρειάζεται να μου πεις	2066d44e-93a2-41ef-aa17-f78250fe0988
el_for_eng:S0150L01C01	you tell	πεις	38790b6b-350f-478d-b931-3e3042a843d2
el_for_eng:S0150L01U01	of course you can tell me	φυσικά μπορείς να μου πεις	1253d721-06ae-44a2-9e6e-92c1c0ff3bad
el_for_eng:S0150L01U02	I hope you can tell me soon	ελπίζω να μου πεις σύντομα	83d06829-2b40-4705-bbd0-2e2c06f48f3a
el_for_eng:S0150L01U03	can you tell me the answer?	μπορείς να μου πεις την απάντηση;	106a852e-ffeb-44eb-8b55-0e138079b538
el_for_eng:S0150L01U04	I don't know why you can't tell me	δεν ξέρω γιατί δεν μπορείς να μου πεις	74534a14-bf7a-4753-a57c-1b1450324bff
el_for_eng:S0150L02B01	what you're called	πώς σε λένε	87b00f40-36e9-4e7b-a094-b82a73476eae
el_for_eng:S0150L02B02	I don't know what your name is	δεν ξέρω πώς σε λένε	ed9ac757-b3ea-4dec-b37a-0f72b4cd7c54
el_for_eng:S0150L02B03	of course I know what your name is	φυσικά ξέρω πώς σε λένε	1952f18f-de2d-4655-87ce-0bbfcfcdd8bf
el_for_eng:S0150L02C01	how	πώς	af1b4188-bd5c-40a4-a8e3-2d9eebe18d31
el_for_eng:S0150L02C02	they call	λένε	d8ff2093-0cf4-4b32-9de8-69879d432fa2
el_for_eng:S0150L02U01	I want to know what your name is	θέλω να ξέρω πώς σε λένε	4d9bbfec-db38-48ad-bc66-3d6f3cbc2e1b
el_for_eng:S0150L02U02	I think I know what your name is	νομίζω ότι ξέρω πώς σε λένε	03176519-6aab-4a86-a6a9-775f4d82bad8
el_for_eng:S0150L02U03	I hope you can tell me what your name is	ελπίζω να μου πεις πώς σε λένε	04940ee9-7f55-4e29-ba18-f01b8814617c
el_for_eng:S0150L02U04	can you tell me what your name is?	μπορείς να μου πεις πώς σε λένε;	c96416ea-d372-48ff-a4b3-2cdcc6e1db8f
el_for_eng:S0150L02U05	can you tell me what your name is before you leave?	μπορείς να μου πεις πώς σε λένε πριν φύγεις;	95802ed9-35c2-4629-ad78-8ff01304cef2
el_for_eng:S0151L01B01	I was hoping	ήλπιζα να	8546aa26-7996-45a3-ab2f-ca8a20b2d2ac
el_for_eng:S0151L01B02	I wasn't hoping	δεν ήλπιζα να	b6e837b2-ac07-48e4-b173-38cf991ea908
el_for_eng:S0151L01B03	I was hoping it would be okay	ήλπιζα να είναι καλά	10bb46b5-3e2d-4777-bc61-83b349e3e91c
el_for_eng:S0151L01B04	I was hoping it would be better	ήλπιζα να είναι καλύτερα	92818072-9b37-4c75-aecc-ad0f3a57bb2e
el_for_eng:S0151L01C01	I was hoping	ήλπιζα	8546aa26-7996-45a3-ab2f-ca8a20b2d2ac
el_for_eng:S0151L01U01	I was hoping everything would be okay	ήλπιζα να είναι όλα καλά	0ffcdcd5-9715-4714-9515-8b3e02114daa
el_for_eng:S0151L01U02	of course I was hoping it would work	φυσικά ήλπιζα να λειτουργεί	3a913b1c-1565-4cee-aa68-870f4e3462d0
el_for_eng:S0151L01U03	I was hoping you would finish soon	ήλπιζα να τελειώσεις σύντομα	e6b8d90e-814e-4da0-b245-22286c42a99b
el_for_eng:S0151L01U04	I was hoping it would be less difficult	ήλπιζα να είναι λιγότερο δύσκολο	6f366390-8d8e-4c2f-9233-809c4beea2aa
el_for_eng:S0151L01U05	I definitely was hoping for the same thing	σίγουρα ήλπιζα να είναι το ίδιο πράγμα	c885808c-25df-4bef-88e3-6cc655c75358
el_for_eng:S0151L02B01	to happen	να γίνει	1491a70d-4828-4e59-a9a5-11ebdf85aeba
el_for_eng:S0151L02B02	I was hoping it would happen	ήλπιζα να γίνει	d96165cf-f44e-44ac-ba2c-f3e1e7a2b765
el_for_eng:S0151L02B03	I hope it'll happen	ελπίζω να γίνει	4b8c133c-bf88-40b3-b416-0048aa30bbfb
el_for_eng:S0151L02B04	it seems it'll happen	φαίνεται να γίνει	7a0329ab-896b-4370-8fc4-463719b10d48
el_for_eng:S0151L02C01	it happens	γίνει	664d7699-accd-42cb-b43c-75f1da83a45d
el_for_eng:S0151L02U01	I hope it'll happen soon	ελπίζω να γίνει σύντομα	49f0a0fb-72df-45c6-b329-a7b4ee877602
el_for_eng:S0151L02U02	I was hoping the same thing would happen	ήλπιζα να γίνει το ίδιο πράγμα	a7d82859-b872-45ef-af06-2e88fec3c340
el_for_eng:S0151L02U03	I don't know why it seems to happen	δεν ξέρω γιατί φαίνεται να γίνει	0aeaf277-ef4b-4089-a38e-fa01964fbd01
el_for_eng:S0151L02U04	I believe it can happen	πιστεύω ότι μπορώ να δω να γίνει	68e225b9-4f7c-4557-bfcb-bdb687108517
el_for_eng:S0151L02U05	that wasn't what I was hoping would happen	αυτό δεν ήταν αυτό που ήλπιζα να γίνει	d889482a-2f76-4672-a190-2f9a8c04ec12
el_for_eng:S0152L01B01	I would have done it	θα το έκανα	5d0b1ac8-3ad1-46fd-bafd-60c7c729cd4f
el_for_eng:S0152L01B02	I wouldn't have done it	δεν θα το έκανα	66762254-227a-4fc9-8ab3-c4305e69e7ed
el_for_eng:S0152L01B03	of course I would have done it	φυσικά θα το έκανα	10094580-d99c-48ec-86cd-802abe718095
el_for_eng:S0152L01U01	I definitely would have done it	σίγουρα θα το έκανα	44b42538-fa10-4b55-9bfb-3c5fe5b3ceff
el_for_eng:S0152L01U03	I think I would have done it	νομίζω ότι θα το έκανα	15664a81-4f74-43eb-8b31-89bbdeb079af
el_for_eng:S0152L01U04	I believe I would have done it	πιστεύω ότι θα το έκανα	8d42b58e-7ed1-4a65-85da-4088987dfdb7
el_for_eng:S0152L01U05	I wouldn't have done it if it was a problem	δεν θα το έκανα αν ήταν πρόβλημα	5e2c66de-7b9f-437d-b222-960e654eb892
el_for_eng:S0152L02B01	differently	διαφορετικά	a44d4052-d353-4f03-acbe-2c1236e97741
el_for_eng:S0152L02B02	I would have done it differently	θα το έκανα διαφορετικά	2e8a16d3-5108-4ba8-9bc6-db17b9af40b3
el_for_eng:S0152L02B03	I was hoping it would be different	ήλπιζα να είναι διαφορετικά	2abcca72-811a-4509-9592-4efa6a3c9fce
el_for_eng:S0152L02U01	it seems to be different	φαίνεται να είναι διαφορετικά	312b2a2b-bb43-417d-ad73-9e00a57921c8
el_for_eng:S0152L02U02	of course I would have done it differently	φυσικά θα το έκανα διαφορετικά	f438cdfa-6e52-4bd1-a8aa-d94ea7a5e7b8
el_for_eng:S0152L02U03	I believe everything would be different	πιστεύω ότι όλα είναι διαφορετικά	abc7464c-67ad-4ebc-a8df-f2221c62a59f
el_for_eng:S0152L02U04	I think I would have done it differently	νομίζω ότι θα το έκανα διαφορετικά	2c6e290e-cbf6-4030-913d-e764719cbf16
el_for_eng:S0152L02U05	nothing seems to be different	τίποτα δεν φαίνεται να είναι διαφορετικά	2a373e43-9569-4133-9b52-b3fbb3ebdb51
el_for_eng:S0152L03B01	if I knew	αν ήξερα	931446c5-09b4-4e21-bdae-bc58cafbda6e
el_for_eng:S0152L03B02	if I could	αν μπορούσα	1147a9b7-d2ce-4d2e-a75d-c6401b0bebbd
el_for_eng:S0152L03B03	if it was good	αν ήταν καλό	c074c70a-9c1b-463d-9d6c-0f4fa8d2bae2
el_for_eng:S0152L03U01	of course I would have done it if I could	φυσικά θα το έκανα αν μπορούσα	c3adc344-720d-4567-9fd3-f277d1a9198b
el_for_eng:S0152L03U02	I would have done it differently if I knew	θα το έκανα διαφορετικά αν ήξερα	bb9cf9d0-88fa-42c6-9ad3-c004e22716a6
el_for_eng:S0152L03U03	I believe it would be okay if we tried	πιστεύω ότι θα ήταν καλά αν προσπαθήσαμε	e800ff14-b183-4c59-9d0d-220eabe83b36
el_for_eng:S0152L04B01	what you wanted	τι ήθελες	9f293f2d-915f-4781-88c4-f406a0f19861
el_for_eng:S0152L04B02	if I knew what you wanted	αν ήξερα τι ήθελες	6693a85c-4735-4369-b96b-ba9f1ac4da16
el_for_eng:S0152L04B03	I don't know what you wanted	δεν ξέρω τι ήθελες	51e4376a-2552-4c40-819c-6fee4bd8734e
el_for_eng:S0152L04U01	I didn't know what you wanted	δεν ήξερα τι ήθελες	d555b248-ca8b-4f27-9961-661fd1825dd1
el_for_eng:S0152L04U02	I was hoping I knew what you wanted	ήλπιζα να ξέρω τι ήθελες	8ea1f020-38d1-47d9-a10c-e9394152ae49
el_for_eng:S0152L04U03	I think I know what you wanted	νομίζω ότι ξέρω τι ήθελες	4ca540e1-aa48-4633-b1c3-2b3bcb738f46
el_for_eng:S0152L04U04	can you tell me what you wanted?	μπορείς να μου πεις τι ήθελες;	856e3127-1d1d-46dd-93fb-2432664eea1f
el_for_eng:S0152L04U05	I would have done it differently if I had known what you wanted	θα το έκανα διαφορετικά αν ήξερα τι ήθελες	ad4c3414-27ac-418b-9fe1-abac7d0fa702
el_for_eng:S0153L01B01	I wouldn't have said it	θα το έλεγα	c21fc6bb-2c3f-45fb-b4d2-369031d8e282
el_for_eng:S0153L01B02	I wouldn't have said it	δεν θα το έλεγα	c21fc6bb-2c3f-45fb-b4d2-369031d8e282
el_for_eng:S0153L01B03	I definitely would have said it	σίγουρα θα το έλεγα	ac9cff22-d480-4721-9f5e-02c89ee3c3c2
el_for_eng:S0153L01U01	I think I would have said it	νομίζω ότι θα το έλεγα	e7a8c995-4186-40a3-b07e-cac01c214d94
el_for_eng:S0153L01U02	of course I wouldn't have said it	φυσικά δεν θα το έλεγα	9b908710-ea6e-40dc-8a37-43c876b6d287
el_for_eng:S0153L01U03	I wouldn't have said it if I knew	δεν θα το έλεγα αν ήξερα	34b9daf5-02b5-4f52-88d4-2fd6b62cba9a
el_for_eng:S0153L01U04	I wouldn't have said it if it was a problem	δεν θα το έλεγα αν ήταν πρόβλημα	10a950b8-7d1c-46ae-90e5-eeb81314f9b9
el_for_eng:S0153L01U05	I believe I would have said it differently	πιστεύω ότι θα το έλεγα διαφορετικά	c2ee4a0b-a278-4636-b192-63c64d5b0a86
el_for_eng:S0153L02B01	exactly	ακριβώς	951fd086-bf18-4f39-a498-a80f8c0c8f64
el_for_eng:S0153L02B02	exactly the same	ακριβώς το ίδιο	8d3e98b3-8418-4cff-bacd-ad0dd9764511
el_for_eng:S0153L02B03	not exactly	δεν είναι ακριβώς	5acc9eda-6129-4458-921a-0095ab11ab97
el_for_eng:S0153L02U01	I don't know exactly what you wanted	δεν ξέρω ακριβώς τι ήθελες	dcb3820a-28a9-4ba2-add3-75484f62bf88
el_for_eng:S0153L02U02	I wouldn't have said it exactly like that	δεν θα το έλεγα ακριβώς έτσι	d2b4cdd3-decf-45ae-ae83-bf62369253df
el_for_eng:S0153L02U03	of course it's not exactly the same	φυσικά δεν είναι ακριβώς το ίδιο	b2644248-ac8b-4c52-b8dd-601c683236e2
el_for_eng:S0153L02U04	I think it's exactly the same thing	νομίζω ότι είναι ακριβώς το ίδιο πράγμα	247ca1fb-371a-49f2-9795-4ded3483faa5
el_for_eng:S0153L02U05	I believe it's exactly what I was hoping	πιστεύω ότι είναι ακριβώς αυτό που ήλπιζα	4afc5b58-48ee-4860-9c39-2905c490f50c
el_for_eng:S0153L03B01	in the same way	με τον ίδιο τρόπο	f4116219-33b0-49bd-adf6-553dc0472b88
el_for_eng:S0153L03B02	exactly in the same way	ακριβώς με τον ίδιο τρόπο	847ee16c-24ca-4265-82e9-7db57286de59
el_for_eng:S0153L03B03	not in the same way	δεν είναι με τον ίδιο τρόπο	7187e3e1-76cf-4042-b931-11f46a9beb9f
el_for_eng:S0153L03U01	I was hoping it would happen in the same way	ήλπιζα να γίνει με τον ίδιο τρόπο	b768c5c7-d6a9-426e-bf36-d544b642ed0e
el_for_eng:S0153L03U02	of course it's not in the same way	φυσικά δεν είναι με τον ίδιο τρόπο	2708203c-5366-4e94-9f20-4d50331d961c
el_for_eng:S0153L03U03	I think I would have done it in the same way	νομίζω ότι θα το έκανα με τον ίδιο τρόπο	1e73162d-2534-45dd-bdfd-69eb4ad8f6e8
el_for_eng:S0153L03U04	I wouldn't have said it in exactly the same way	δεν θα το έλεγα ακριβώς με τον ίδιο τρόπο	0357ba33-7ca0-4f63-868f-7f2a837d25a4
el_for_eng:S0153L03U05	I believe it works in exactly the same way	πιστεύω ότι λειτουργεί ακριβώς με τον ίδιο τρόπο	7d0ee8f5-4162-4d71-bce7-0b6b52da9750
el_for_eng:S0154L01B01	where was it?	πού ήταν;	c2a303b7-d608-4d9b-82b2-25e3ca469e91
el_for_eng:S0154L01B02	where is it?	πού είναι;	5a27c45c-9578-488a-abcf-2383a85216ff
el_for_eng:S0154L01B03	I don't know where	δεν ξέρω πού	96fe0fa6-7aaf-485f-8479-f302e63d76ee
el_for_eng:S0154L01U01	I want to know where	θέλω να ξέρω πού	84f50e01-e1f0-4a33-a8c8-7d1374af49f1
el_for_eng:S0154L01U02	I definitely don't know where it is	σίγουρα δεν ξέρω πού είναι	1098120d-bff3-48ee-8828-a47c7a71faac
el_for_eng:S0154L01U03	can I ask you where it is?	μπορώ να σε ρωτήσω πού είναι;	1dc3dfa8-e95d-46dd-82bb-23b2c6ff5eff
el_for_eng:S0154L01U04	that's why I want to know where it is	γι'αυτό θέλω να ξέρω πού είναι	b132eadd-d4e3-4758-8670-a2e85854760a
el_for_eng:S0154L01U05	I know where it was the last time	ξέρω πού ήταν την τελευταία φορά	3da39fb9-6079-4fc1-9306-88a4cab5f57a
el_for_eng:S0154L02B01	you want to	θέλεις να	39df7b61-9941-4921-849d-135badcd1a18
el_for_eng:S0154L02B02	you want to go	θέλεις να πας	10f69d48-2d6d-4c44-8dcf-9060368e1098
el_for_eng:S0154L02B03	you want to learn	θέλεις να μάθεις	582c65a1-8248-47d7-a847-22d31dd22fa2
el_for_eng:S0154L02B04	you don't want to go	δεν θέλεις να πας	6e4e56f0-33a7-4cb9-bac9-40280ff1afc5
el_for_eng:S0154L02C01	you want	θέλεις	f0ad62a1-280a-497f-95c0-b819f861e071
el_for_eng:S0154L02U01	where do you want to go today?	πού θέλεις να πας σήμερα;	58da15b8-aa8f-49b9-9741-b9ee5fca5a55
el_for_eng:S0154L02U02	that's why you want to learn	γι'αυτό θέλεις να μάθεις	7cedb047-0683-4ae3-b2b8-b0f32d3458ae
el_for_eng:S0154L02U03	I was expecting you wanted to go	περίμενα ότι θέλεις να πας	5db782ee-78ef-4baa-b90d-40942c172049
el_for_eng:S0154L02U04	why don't you want to finish?	γιατί δεν θέλεις να τελειώσεις;	0c6a63c9-dc9d-4d14-9adb-ba9048bb93a9
el_for_eng:S0154L02U05	I know you want to learn Greek	ξέρω ότι θέλεις να μάθεις ελληνικά	bb2c67dd-e5d6-42e0-b070-fda9d272b7cd
el_for_eng:S0154L03B01	I want to meet	θέλω να συναντηθούμε	04e155a8-b816-4298-80a8-6195e84b7f3c
el_for_eng:S0154L03B02	I hope we meet	ελπίζω να συναντηθούμε	2fd1274f-649d-4273-b6ad-bbf879cb60b9
el_for_eng:S0154L03B03	where do you want to meet?	πού θέλεις να συναντηθούμε;	f5244855-b30c-4e28-919c-f923dc955f5a
el_for_eng:S0154L03U01	that's why I want to meet	γι'αυτό θέλω να συναντηθούμε	5d4ba047-3457-4b61-aace-2c07ce1c6579
el_for_eng:S0154L03U02	I hope we meet soon	ελπίζω να συναντηθούμε σύντομα	fabef5c1-adfd-4ec8-8499-e788b58b5a10
el_for_eng:S0154L03U03	I want to meet before you leave	θέλω να συναντηθούμε πριν φύγεις	949a1536-2d04-44ef-9723-849eb7738959
el_for_eng:S0154L03U04	where do you want to meet today?	πού θέλεις να συναντηθούμε σήμερα;	8466acdd-15b2-4267-a1df-4cf2990cb552
el_for_eng:S0154L03U05	I definitely want to meet before you leave	σίγουρα θέλω να συναντηθούμε πριν φύγεις	23a6d8e2-f3f0-4d64-be8e-e1ddd389b8c9
el_for_eng:S0154L04B01	on Saturday night	το Σάββατο βράδυ	ebc0a34b-842e-4c40-bc7c-d5f49be58f51
el_for_eng:S0154L04B02	not on Saturday night	δεν είναι το Σάββατο βράδυ	e0663924-fdbd-4f09-a681-1bfe119877c7
el_for_eng:S0154L04B03	on Saturday night it's going to be interesting	το Σάββατο βράδυ θα είναι ενδιαφέρον	fde1c63f-acf6-4ce5-8778-a516c2301add
el_for_eng:S0154L04C01	Saturday	Σάββατο	3580ff3a-7ebb-40b6-b477-6477946d7b39
el_for_eng:S0154L04C02	night	βράδυ	ddca3292-2394-4eed-825a-2b3bb5a1bdae
el_for_eng:S0154L04U01	I want to meet on Saturday night	θέλω να συναντηθούμε το Σάββατο βράδυ	e2c15b51-dbc6-4e06-bd76-ca8b6262a330
el_for_eng:S0154L04U02	I hope we meet on Saturday night	ελπίζω να συναντηθούμε το Σάββατο βράδυ	f4df71f0-8cc9-41c9-bac4-3539b755971d
el_for_eng:S0154L04U03	where do you want to meet on Saturday night?	πού θέλεις να συναντηθούμε το Σάββατο βράδυ;	2cc67407-ded8-4b9a-a2a8-ce891b22489c
el_for_eng:S0154L04U04	I definitely want to meet on Saturday night	σίγουρα θέλω να συναντηθούμε το Σάββατο βράδυ	3140d2fa-2157-4573-8d0b-a17b29c5d23f
el_for_eng:S0154L04U05	that's why I want to meet on Saturday night	γι'αυτό θέλω να συναντηθούμε το Σάββατο βράδυ	678a9b90-5a6a-4493-8982-7a2d8665610e
el_for_eng:S0155L01B01	I don't mind	δεν με πειράζει	afc004c1-29c0-47b0-96ca-868c31f889a8
el_for_eng:S0155L01B02	I don't mind today	δεν με πειράζει σήμερα	138471d7-91a1-4c29-b9f3-13bc49a7a5fe
el_for_eng:S0155L01B03	I really don't mind	δεν με πειράζει σίγουρα	5afeaf46-e03c-457e-a024-05468b94833b
el_for_eng:S0155L01C01	it bothers	πειράζει	2518c6c5-747b-4b20-8f7e-f9839307e9a7
el_for_eng:S0155L01U01	I definitely don't mind	σίγουρα δεν με πειράζει	9d875b7c-b172-4b72-9911-6f7b36f04460
el_for_eng:S0155L01U02	that's why I don't mind	γι'αυτό δεν με πειράζει	8cc0b9ac-190d-4617-824c-5af559f6a28d
el_for_eng:S0155L01U03	I know I don't mind	ξέρω ότι δεν με πειράζει	84df0a48-b7ca-4d88-a441-2e192b13d027
el_for_eng:S0155L01U05	I don't mind because it's interesting	δεν με πειράζει γιατί είναι ενδιαφέρον	f352ca0a-96d0-42d7-9e2c-1d6dcabf7545
el_for_eng:S0155L02B01	to wait	να περιμένω	3cd4c2f4-bea5-4503-892d-1db3f98059d3
el_for_eng:S0155L02B02	I want to wait	θέλω να περιμένω	7036a132-d7ef-44f8-a580-fa2ee9df1304
el_for_eng:S0155L02B03	I hope I can wait	ελπίζω να περιμένω	1c7b0ecb-cfa3-4abb-af60-aa0576e4fb0c
el_for_eng:S0155L02B04	I need to wait	χρειάζεται να περιμένω	da08c8f4-8201-424d-818e-9be4ba1dea4e
el_for_eng:S0155L02C01	I wait	περιμένω	32c88aec-8757-40b9-9a0e-1e04a0198d42
el_for_eng:S0155L02U01	that's why I want to wait	γι'αυτό θέλω να περιμένω	61e06073-de6f-40bc-82b9-6a97650c2e1c
el_for_eng:S0155L02U02	I don't mind waiting	δεν με πειράζει να περιμένω	5d5cf8f5-e376-488a-9821-34ebe1bf1422
el_for_eng:S0155L02U03	I know I need to wait	ξέρω ότι χρειάζεται να περιμένω	a473b55e-a32f-4e80-83b7-b8d3785c7f65
el_for_eng:S0155L02U04	I definitely don't mind waiting	σίγουρα δεν με πειράζει να περιμένω	c4bf222e-db4d-4e27-889b-6b5c435bb222
el_for_eng:S0155L02U05	I don't mind waiting because it's important	δεν με πειράζει να περιμένω γιατί είναι σημαντικό	5314f469-c23b-4b74-b8f4-e42cb36f7beb
el_for_eng:S0155L03B01	for a few minutes	για λίγα λεπτά	222bfc24-2590-4d00-9fbb-c8e457dece2b
el_for_eng:S0155L03B02	I want to wait for a few minutes	θέλω να περιμένω για λίγα λεπτά	21dae10a-7b09-4b6f-84cb-e80abcf4b4d9
el_for_eng:S0155L03B03	I hope I only wait for a few minutes	ελπίζω να περιμένω για λίγα λεπτά	4ae18e5f-d039-400f-9403-a1b0fa04fa51
el_for_eng:S0155L03C01	few	λίγα	6b72305e-a435-48f2-8b00-02decb10fd05
el_for_eng:S0155L03C02	minutes	λεπτά	910dada9-674c-4418-b204-9184ad7eacb1
el_for_eng:S0155L03U01	that's why I want to wait for a few minutes	γι'αυτό θέλω να περιμένω για λίγα λεπτά	de343616-1560-40be-b574-4d91c819e73d
el_for_eng:S0155L03U02	I don't mind waiting for a few minutes	δεν με πειράζει να περιμένω για λίγα λεπτά	59e5510e-b094-4b00-b9d3-780ff5662d0d
el_for_eng:S0155L03U03	I know I need to wait for a few minutes	ξέρω ότι χρειάζεται να περιμένω για λίγα λεπτά	ed3c39c3-3b70-468e-a075-e35f4a98ef35
el_for_eng:S0155L03U04	I need to wait for a few minutes before I leave	χρειάζεται να περιμένω για λίγα λεπτά πριν φύγω	b197dd15-3052-4480-8437-6593e10240bd
el_for_eng:S0155L03U05	I definitely don't mind waiting for a few minutes	σίγουρα δεν με πειράζει να περιμένω για λίγα λεπτά	1b3307dc-89d4-487c-9c69-549f1acf9465
el_for_eng:S0155L04B01	tomorrow morning	αύριο το πρωί	fcc7dda4-96fa-47e1-8033-e6dd48d062fe
el_for_eng:S0155L04B02	not tomorrow morning	δεν είναι αύριο το πρωί	3144567b-1cf2-44fc-8ead-6588dbfe688f
el_for_eng:S0155L04B03	I want to meet tomorrow morning	θέλω να συναντηθούμε αύριο το πρωί	8fc7274b-f166-4ea7-b9fa-53d2cd9d5986
el_for_eng:S0155L04U01	I hope we meet tomorrow morning	ελπίζω να συναντηθούμε αύριο το πρωί	211551c6-e256-413d-9e11-e253d9a17404
el_for_eng:S0155L04U02	where do you want to meet tomorrow morning?	πού θέλεις να συναντηθούμε αύριο το πρωί;	53bfdea9-20b7-46f8-bb5c-397319603a98
el_for_eng:S0155L04U03	I definitely need to leave tomorrow morning	σίγουρα χρειάζεται να φύγω αύριο το πρωί	50926c18-6f22-4634-a1d3-e8d33421aa9a
el_for_eng:S0155L04U04	that's why I need to wait until tomorrow morning	γι'αυτό χρειάζεται να περιμένω αύριο το πρωί	d1839a96-34d0-41c5-9a0d-c71177d011ce
el_for_eng:S0155L04U05	I don't mind waiting for a few minutes tomorrow morning	δεν με πειράζει να περιμένω για λίγα λεπτά αύριο το πρωί	321f33f5-fee9-4100-b050-dca0cac7f62e
el_for_eng:S0156L02B01	I want us to go	θέλω να πάμε	f4375a4c-cd7a-499b-9847-d2287e6dd343
el_for_eng:S0156L02B02	you want us to go	θέλεις να πάμε	8c885ae7-09fd-4b61-a0c2-85f940a37d8d
el_for_eng:S0156L02B03	I hope we go	ελπίζω να πάμε	7661bb79-9f30-4d3e-a204-6b68c4e891bc
el_for_eng:S0156L02U01	where do you want us to go?	πού θέλεις να πάμε;	9b3a86da-114e-449b-8963-fc624569111e
el_for_eng:S0156L02U02	that's why I want us to go	γι'αυτό θέλω να πάμε	97e18c9e-4e3e-455d-8cac-72df03afc10f
el_for_eng:S0156L02U03	I hope we go tomorrow morning	ελπίζω να πάμε αύριο το πρωί	227bd6cb-acf6-4490-8a26-b34b46bd41d9
el_for_eng:S0156L02U04	I know you want us to go today	ξέρω ότι θέλεις να πάμε σήμερα	331090a6-97d6-4f52-943a-10c5ac176ef1
el_for_eng:S0156L02U05	I definitely want us to go before Saturday	σίγουρα θέλω να πάμε πριν το Σάββατο	c0d85fe7-3a43-4c65-90be-e43bd9ed5966
el_for_eng:S0156L03B01	to a restaurant	σε εστιατόριο	1f91bed6-755f-477f-9d5b-aa172acfbcf0
el_for_eng:S0156L03B02	I want us to go to a restaurant	θέλω να πάμε σε εστιατόριο	42d1cca6-fc99-4e07-8364-0168257ae142
el_for_eng:S0156L03B03	you want us to go to a restaurant	θέλεις να πάμε σε εστιατόριο	2b558ac7-baf4-4cef-85ad-c18b42f503ad
el_for_eng:S0156L03C01	restaurant	εστιατόριο	06bc691a-8263-4188-98a8-38509e27f834
el_for_eng:S0156L03U01	where do you want us to go to a restaurant?	πού θέλεις να πάμε σε εστιατόριο;	2120e9a8-cbf6-4ce6-8992-24aaf9c41197
el_for_eng:S0156L03U02	I hope we go to a restaurant tomorrow	ελπίζω να πάμε σε εστιατόριο αύριο	abe64545-1a1d-4a4e-b41c-dc8cf4f7e491
el_for_eng:S0156L03U03	that's why I want us to go to a restaurant	γι'αυτό θέλω να πάμε σε εστιατόριο	bc0756e8-be25-469a-92c1-751eca9fb38a
el_for_eng:S0156L03U04	I know you want us to go to a restaurant	ξέρω ότι θέλεις να πάμε σε εστιατόριο	58df3ab1-86b7-46fc-b693-4d11da6c6a9c
el_for_eng:S0156L03U05	I definitely want to meet at a restaurant	σίγουρα θέλω να συναντηθούμε σε εστιατόριο	2d32db2e-2e32-4fd7-b47b-7e9d3d024e46
el_for_eng:S0156L04B01	tonight	απόψε	f246441e-5de4-48bb-aaae-ef31f193c7c3
el_for_eng:S0156L04B02	not tonight	δεν είναι απόψε	e84bd98d-2944-47b7-b0cf-3e8a9af62479
el_for_eng:S0156L04B03	I want us to go tonight	θέλω να πάμε απόψε	a621b490-6a12-4cc3-b324-77ba66dd08b1
el_for_eng:S0156L04U01	I don't mind waiting until tonight	δεν με πειράζει να περιμένω απόψε	439801f5-c1d8-4b7b-8908-71169ef8fea2
el_for_eng:S0156L04U02	do you want to go to a restaurant tonight?	θέλεις να πάμε σε εστιατόριο απόψε;	8c28624c-fede-4402-a280-e413de7c97b1
el_for_eng:S0156L04U03	I definitely want to meet tonight	σίγουρα θέλω να συναντηθούμε απόψε	2304d9d9-ac60-4fdc-a923-7f72e34682bd
el_for_eng:S0156L04U04	I hope we go to a restaurant tonight	ελπίζω να πάμε σε εστιατόριο απόψε	76cc4dc5-8d02-4282-b7a3-3adbe1c6924f
el_for_eng:S0156L04U05	that's why I want to meet tonight	γι'αυτό θέλω να συναντηθούμε απόψε	fdda4c10-1db3-43c8-af96-1d78c07b594c
el_for_eng:S0157L01B01	I won't be able to	δεν θα μπορέσω να	ad09007a-a77d-4a52-8f86-67c1251b0488
el_for_eng:S0157L01B02	I won't be able to leave	δεν θα μπορέσω να φύγω	59791f32-65e6-461d-8258-1dae7a8ab7f2
el_for_eng:S0157L01B03	I won't be able to wait	δεν θα μπορέσω να περιμένω	45d44f8a-2445-4de9-a137-92056a8f3d38
el_for_eng:S0157L01U01	I definitely won't be able to wait	σίγουρα δεν θα μπορέσω να περιμένω	f4401be4-8468-490d-afef-003844db8f61
el_for_eng:S0157L01U02	I'm sorry but I won't be able to leave early	λυπάμαι αλλά δεν θα μπορέσω να φύγω νωρίς	a68d32ca-09c2-4e74-9408-7bb707b3e2b1
el_for_eng:S0157L01U03	I won't be able to wait for a few minutes	δεν θα μπορέσω να περιμένω για λίγα λεπτά	b3f5bf8d-7668-4f1f-9365-da3f4dfc2037
el_for_eng:S0157L01U05	that's why I won't be able to meet on Saturday night	γι'αυτό δεν θα μπορέσω να συναντηθούμε το Σάββατο βράδυ	f5b3bc06-41e0-41fd-8db2-24119173fcf8
el_for_eng:S0157L02B01	I'm happy	είμαι χαρούμενος	f6b5c282-51c4-4659-b7bd-66234d3639fd
el_for_eng:S0157L02B02	I'm not ready	δεν είμαι έτοιμος	54884fd1-2a4f-4024-bbe3-cf6b72dbc6f4
el_for_eng:S0157L02B03	I'm excited about this work	είμαι ενθουσιασμένος	e561bd78-97c2-4c9b-be5e-1ee0e612481e
el_for_eng:S0157L02U01	I'm definitely happy	σίγουρα είμαι χαρούμενος	8597dc20-0906-46f3-832c-82acf7ae2bf2
el_for_eng:S0157L02U02	that's why I'm excited	γι'αυτό είμαι ενθουσιασμένος	e4e82431-f051-469f-96ff-26a7ff1577a2
el_for_eng:S0157L02U03	I know I'm not ready today	ξέρω ότι δεν είμαι έτοιμος σήμερα	e64c29a7-2f84-40b3-8489-70485245331c
el_for_eng:S0157L02U04	I don't mind because I'm happy	δεν με πειράζει γιατί είμαι χαρούμενος	d07808ac-3542-41dd-acfd-d6eac74fb9fc
el_for_eng:S0157L02U05	I know I'm excited about how it's going	ξέρω ότι είμαι ενθουσιασμένος με το πώς πάει	a3b515ad-4af0-416b-bb6a-e1a9fe964b09
el_for_eng:S0157L03B01	I want to be there	θέλω να είμαι εκεί	6a4b8cef-021a-49af-9157-f8e055d38867
el_for_eng:S0157L03B02	I hope to be there	ελπίζω να είμαι εκεί	b71cfaa7-c7df-480c-a77f-24d6f80e0dc9
el_for_eng:S0157L03B03	I hope to be there tonight	ελπίζω να είμαι εκεί απόψε	a2a37d55-688a-45c7-913f-0addb17c4a58
el_for_eng:S0157L03U01	I won't be able to be there	δεν θα μπορέσω να είμαι εκεί	e20bf646-ab3c-40be-8cb0-95dff05286ed
el_for_eng:S0157L03U02	that's why I want to be there tomorrow	γι'αυτό θέλω να είμαι εκεί αύριο	f566ce78-2b2c-4917-b73a-9182d368f97b
el_for_eng:S0157L03U03	I know I won't be able to be there	ξέρω ότι δεν θα μπορέσω να είμαι εκεί	8e02b851-d2ea-41e4-a1ae-dedd6d80ccbb
el_for_eng:S0157L03U04	I'm sorry I won't be able to be there	λυπάμαι που δεν θα μπορέσω να είμαι εκεί	9abbcad2-9cf2-4765-8496-2c6126b09f9a
el_for_eng:S0157L03U05	I definitely want to be there on Saturday night	σίγουρα θέλω να είμαι εκεί το Σάββατο βράδυ	3e303541-86b6-4106-b58d-36c2f6388f7f
el_for_eng:S0157L04B01	next month	τον επόμενο μήνα	50fc8373-1506-4842-b401-e7ad20fa3d72
el_for_eng:S0157L04B02	not next month	δεν είναι τον επόμενο μήνα	dd5a6a11-d87f-4273-98a0-6056eee72935
el_for_eng:S0157L04B03	I hope to be there next month	ελπίζω να είμαι εκεί τον επόμενο μήνα	a0e96fe5-bdde-45ca-a009-445256fb40e2
el_for_eng:S0157L04C01	next	επόμενο	cc809d40-823b-4320-8ed8-6a030615de3a
el_for_eng:S0157L04C02	month	μήνα	df19cd32-faf7-45f4-845e-51cb0d387e35
el_for_eng:S0157L04U01	I definitely want to be there next month	σίγουρα θέλω να είμαι εκεί τον επόμενο μήνα	3092a548-d8e1-4a60-a59e-6d1addedae0b
el_for_eng:S0157L04U02	I know I won't be there next month	ξέρω ότι δεν θα είμαι εκεί τον επόμενο μήνα	281aa45b-81be-4415-ba02-966caa58fc44
el_for_eng:S0157L04U03	I won't be able to be there next month	δεν θα μπορέσω να είμαι εκεί τον επόμενο μήνα	5ac8827c-89ee-4ef5-899b-87287c6e609c
el_for_eng:S0157L04U04	I want to meet at a restaurant next month	θέλω να συναντηθούμε σε εστιατόριο τον επόμενο μήνα	ab3b1d83-e372-4757-a0cf-ed2583d09c3c
el_for_eng:S0157L04U05	that's why I won't be able to be there next month	γι'αυτό δεν θα μπορέσω να είμαι εκεί τον επόμενο μήνα	2d7e6227-7b1d-4334-b5e6-e5c9458364e0
el_for_eng:S0158L01B01	let's talk	ας μιλήσουμε	9e5bb244-38ee-45d8-9c87-e010efa50fad
el_for_eng:S0158L01B02	let's talk today	ας μιλήσουμε σήμερα	cf173c22-919a-4c2c-af4e-885367d56594
el_for_eng:S0158L01B03	I think let's talk now	νομίζω ας μιλήσουμε τώρα	590be534-fc56-4b02-9fb0-ae467acae4fd
el_for_eng:S0158L01C01	let's	ας	a01ee044-4b02-4612-8fb3-23fb1723bbde
el_for_eng:S0158L01C02	we talk	μιλήσουμε	aec9046e-ba30-4b83-9421-4b1723f2903e
el_for_eng:S0158L01U01	let's talk tomorrow morning	ας μιλήσουμε αύριο το πρωί	05b99a02-6e77-4b94-9beb-e3af5df36f13
el_for_eng:S0158L01U02	that's why let's talk tomorrow	γι'αυτό ας μιλήσουμε αύριο	fb7d84d3-7354-418e-a93a-aef4666b41e4
el_for_eng:S0158L01U03	let's talk on Saturday night	ας μιλήσουμε το Σάββατο βράδυ	f859f769-eb4f-47b5-9a97-d4e87d0972ad
el_for_eng:S0158L01U04	let's talk before you leave tonight	ας μιλήσουμε πριν φύγεις απόψε	d216aa86-ad8f-49d7-8bfb-6e72c7cdd2b1
el_for_eng:S0158L01U05	let's talk before we meet at the restaurant	ας μιλήσουμε πριν συναντηθούμε σε εστιατόριο	8dd9bd2e-8bdd-4dbb-8c63-9fbf71f6c0f0
el_for_eng:S0158L02B01	about something else	για κάτι άλλο	e55dab5e-a194-42c4-a888-685e8992eeed
el_for_eng:S0158L02B02	let's talk about something else	ας μιλήσουμε για κάτι άλλο	56cc4e1c-4e56-4d22-a53d-47f627e4a35a
el_for_eng:S0158L02B03	I want to talk about something else	θέλω να μιλήσουμε για κάτι άλλο	c9b2d2a4-07a6-4da4-a09f-615c11884386
el_for_eng:S0158L02U01	that's why I want to talk about something else	γι'αυτό θέλω να μιλήσουμε για κάτι άλλο	1bf82150-99e8-464f-9630-33a485077c04
el_for_eng:S0158L02U02	let's talk about something else tomorrow morning	ας μιλήσουμε για κάτι άλλο αύριο το πρωί	c9fff01e-0b73-4564-a223-db0f4b45baee
el_for_eng:S0158L02U03	I definitely want to talk about something else tonight	σίγουρα θέλω να μιλήσουμε για κάτι άλλο απόψε	08f7035d-1811-4b1a-9ae4-37d9d347eb6c
el_for_eng:S0158L02U04	I think we need to talk about something else	νομίζω ότι χρειάζεται να μιλήσουμε για κάτι άλλο	ff526c94-d058-4947-aeac-0a408e66cd5b
el_for_eng:S0158L02U05	I hope we talk about something else next month	ελπίζω να μιλήσουμε για κάτι άλλο τον επόμενο μήνα	452ab327-426f-44fe-97a0-3dc1e991ad53
el_for_eng:S0159L01B01	I know that	ξέρω αυτό	25e54084-1e11-4c74-bbd2-42a7c4f01235
el_for_eng:S0159L01B02	this is interesting	αυτό είναι ενδιαφέρον	fbb7694e-7d0d-435a-8be5-22cd99d29dce
el_for_eng:S0159L01B03	that isn't easy	αυτό δεν είναι εύκολο	ad60300a-b2a8-4e99-9161-7be05a1e21ca
el_for_eng:S0159L01U01	I definitely don't want that	σίγουρα δεν θέλω αυτό	c63b8496-719e-4f8b-8b5a-a404688c4f9f
el_for_eng:S0159L01U02	that's why that is interesting	γι'αυτό αυτό είναι ενδιαφέρον	f0b03da1-e2ec-42bf-baa0-66f3613ac6f6
el_for_eng:S0159L01U03	I think that is important	νομίζω ότι αυτό είναι σημαντικό	91c9416b-0d51-4db6-9b34-26869bc93601
el_for_eng:S0159L01U04	I don't mind because I know that	δεν με πειράζει γιατί ξέρω αυτό	766f0e87-bdca-4627-9de2-24c8d999e726
el_for_eng:S0159L01U05	that is exactly what I was saying	αυτό είναι ακριβώς αυτό που έλεγα	db266376-9aae-4972-a89b-b394adc4df26
el_for_eng:S0159L02B01	I'm trying to	προσπαθώ να	80543701-25ef-441a-9b6e-34f1d54f8007
el_for_eng:S0159L02B02	I'm trying to learn	προσπαθώ να μάθω	eeb1a96a-e17a-4a4e-a93a-41848afd0781
el_for_eng:S0159L02B03	I'm trying to understand	προσπαθώ να καταλάβω	6d70c26e-b08b-47d4-9aac-20f02b3cc046
el_for_eng:S0159L02B04	I'm not trying to leave	δεν προσπαθώ να φύγω	d9ec46e0-1b7e-48d2-b0c2-77eec9be171d
el_for_eng:S0159L02C01	I try	προσπαθώ	82235020-5d57-4654-b4ac-c91b6156146d
el_for_eng:S0159L02U01	that's why I'm trying to learn	γι'αυτό προσπαθώ να μάθω	ab003e5d-1035-404f-ab26-7646403a1233
el_for_eng:S0159L02U02	I'm definitely trying to understand	σίγουρα προσπαθώ να καταλάβω	bb442bd7-1251-4c5d-b840-0a72d234d076
el_for_eng:S0159L02U03	I know I'm trying to learn Greek	ξέρω ότι προσπαθώ να μάθω ελληνικά	63f91a29-0a67-4817-a86f-31400aa740f3
el_for_eng:S0159L02U05	I don't mind because I'm trying to learn	δεν με πειράζει γιατί προσπαθώ να μάθω	5af7be2c-2e05-4a38-b627-98da4ded481f
el_for_eng:S0159L03B01	I'm trying to say	προσπαθώ να πω	753c3aa6-1f9e-41b5-aea2-8f1d041511a8
el_for_eng:S0159L03B02	I want to say something	θέλω να πω κάτι	e31ed9ff-9351-4e5d-b8b2-1b11b9517434
el_for_eng:S0159L03B03	I'm trying to say something	προσπαθώ να πω κάτι	3b9e0e96-18a1-4875-bc66-8de5379c2b60
el_for_eng:S0159L03U01	that's why I want to say this	γι'αυτό θέλω να πω αυτό	cb3963e1-2b50-47f9-88e2-2c9ac67e4b2e
el_for_eng:S0159L03U02	I definitely want to say something else	σίγουρα θέλω να πω κάτι άλλο	c71172ae-40f2-4c51-9a7b-ff66e29320db
el_for_eng:S0159L03U03	I'm trying to say something important	προσπαθώ να πω κάτι σημαντικό	8c3f8125-cdf8-42f1-b270-744f665e4b35
el_for_eng:S0159L03U04	I need to say something before I leave	χρειάζεται να πω κάτι πριν φύγω	1b4280d1-d27d-446a-8efd-fe82b9230478
el_for_eng:S0159L03U05	that's not what I'm trying to say	αυτό δεν είναι αυτό που προσπαθώ να πω	85e0b4bc-d68c-4eca-9f79-90ca5ef47c07
el_for_eng:S0160L01B01	how is it said?	πώς λέγεται;	1511b559-7093-4d61-bb5a-537ad8fa5073
el_for_eng:S0160L01B02	it is said like that	λέγεται έτσι	f4830493-971f-494b-baf6-972e2ba35503
el_for_eng:S0160L01B03	it isn't said like that	δεν λέγεται έτσι	6400a5c0-efb5-4ccf-9765-2a670cb6d15f
el_for_eng:S0160L01U01	I know how it is said	ξέρω πώς λέγεται	6849c1c2-8008-41ac-a6c8-4fd3564b33c3
el_for_eng:S0160L01U02	I think it is said like that	νομίζω ότι λέγεται έτσι	9ec26821-8780-4583-b2c5-addcd209c273
el_for_eng:S0160L01U03	I'm trying to learn how it is said	προσπαθώ να μάθω πώς λέγεται	7558147d-69f9-4327-8336-12f5abd3f291
el_for_eng:S0160L01U04	I definitely don't know how it is said	σίγουρα δεν ξέρω πώς λέγεται	0b386d88-e2ef-483f-bc05-330502a9c5cc
el_for_eng:S0160L01U05	that's why I want to know how it is said	γι'αυτό θέλω να ξέρω πώς λέγεται	df32ce25-dc8f-49ad-89ac-d6c9adc66149
el_for_eng:S0160L02B01	this word	αυτή η λέξη	1009a583-bff0-486a-b622-515797acb524
el_for_eng:S0160L02B02	how is this word said?	πώς λέγεται αυτή η λέξη;	a5a21b08-9037-4708-92fb-e76e5effae94
el_for_eng:S0160L02U02	I want to know how this word is said	θέλω να ξέρω πώς λέγεται αυτή η λέξη	4480ce36-3e58-429a-a404-9b2558bf225a
el_for_eng:S0160L02U04	I'm trying to learn how this word is said	προσπαθώ να μάθω πώς λέγεται αυτή η λέξη	ce919c75-0b8b-49f5-89fc-d6be395d7770
el_for_eng:S0160L02U05	I definitely don't know how this word is said	σίγουρα δεν ξέρω πώς λέγεται αυτή η λέξη	c4fdb5f2-1e2c-456b-98f8-2d665dda732b
el_for_eng:S0160L03B01	in Greek	στα ελληνικά	a0d0f8fa-b39d-4c3d-be14-be8117ace270
el_for_eng:S0160L03B02	I'm learning in Greek	μαθαίνω στα ελληνικά	c9d2094c-5ce3-421d-9c15-0a2bb6dddc20
el_for_eng:S0160L03B03	that's why I'm learning in Greek	γι'αυτό μαθαίνω στα ελληνικά	dfd7fd32-b04e-4247-ae2b-ee9147b6c5b4
el_for_eng:S0160L03C01	Greek	ελληνικά	9cb1839d-a59d-415e-bcab-392d1484f639
el_for_eng:S0160L03U02	I don't know how it is said in Greek	δεν ξέρω πώς λέγεται στα ελληνικά	540ce8b0-8343-4b89-a525-196a9ca5a11b
el_for_eng:S0160L03U03	how is this word said in Greek?	πώς λέγεται αυτή η λέξη στα ελληνικά;	0edb3f73-4cfc-49ce-a5ca-d98820448e44
el_for_eng:S0160L03U04	let's talk about something else in Greek	ας μιλήσουμε για κάτι άλλο στα ελληνικά	d7367cd1-a999-436c-83a1-5cec1d301913
el_for_eng:S0160L03U05	I definitely want to learn this word in Greek	σίγουρα θέλω να μάθω πώς λέγεται αυτή η λέξη στα ελληνικά	32b7d6c8-ff80-4863-9e4a-0e09d7d38e94
el_for_eng:S0161L02B01	for you to give me	να μου δώσεις	c657f5f5-b8d3-477f-a9b0-bb458eae0345
el_for_eng:S0161L02B02	I want you to give me	θέλω να μου δώσεις	45af1ba2-1605-43ac-bbdc-05db0e08aeaa
el_for_eng:S0161L02B03	can you give me?	μπορείς να μου δώσεις;	a37205e7-1ec7-4974-8810-c5e3ab24b64e
el_for_eng:S0161L02B04	I hope you can give me something	ελπίζω να μου δώσεις κάτι	6d50986b-f926-4eac-bbf1-d691ed25aa15
el_for_eng:S0161L02C01	you give	δώσεις	9b549668-0429-4b7a-8e47-78067285183a
el_for_eng:S0161L02U01	can you give me something?	μπορείς να μου δώσεις κάτι;	b0ddb78f-292f-4ac9-a469-b094b5d91e85
el_for_eng:S0161L02U02	I definitely want you to give me something	σίγουρα θέλω να μου δώσεις κάτι	537fba24-6041-459d-bcbe-b7a1cd1d6df2
el_for_eng:S0161L02U03	can you give me a few minutes?	μπορείς να μου δώσεις λίγα λεπτά;	c0851a5e-6629-424c-a958-e7d95fbddfbf
el_for_eng:S0161L02U04	that's why I want you to give me something else	γι'αυτό θέλω να μου δώσεις κάτι άλλο	bc5796b0-238f-4451-b9f1-33948a947134
el_for_eng:S0161L02U05	can you give me something before you leave?	μπορείς να μου δώσεις κάτι πριν φύγεις;	39f59104-be84-432a-94ea-d68494532dab
el_for_eng:S0161L03B01	that book	εκείνο το βιβλίο	6d65e798-c7fb-4c50-a44e-99bcc7becc16
el_for_eng:S0161L03B02	I want that book	θέλω εκείνο το βιβλίο	b804554a-2cb8-4d41-a499-6471236e9428
el_for_eng:S0161L03B03	I definitely want that book	σίγουρα θέλω εκείνο το βιβλίο	5988bd74-5a32-4203-8475-e0724b2c580d
el_for_eng:S0161L03C01	that	εκείνο	695dc24d-82f7-4d78-beb6-3da5a917be3a
el_for_eng:S0161L03C02	book	βιβλίο	15abd0ae-3a05-4652-b42b-6a91fad78259
el_for_eng:S0161L03U01	that's why I want that book	γι'αυτό θέλω εκείνο το βιβλίο	706a4640-b754-4bd5-9160-999eb05170fa
el_for_eng:S0161L03U02	I hope you can give me that book	ελπίζω να μου δώσεις εκείνο το βιβλίο	a11715e5-c47d-4300-8323-e18dbdbbd4ab
el_for_eng:S0161L03U03	can you give me that book?	μπορείς να μου δώσεις εκείνο το βιβλίο;	240d4147-7a31-4cfe-b104-289f9a7c153d
el_for_eng:S0161L03U04	I know that book is interesting	ξέρω ότι εκείνο το βιβλίο είναι ενδιαφέρον	82c1001a-4710-4fc1-9cfb-376bd91b66a9
el_for_eng:S0161L03U05	can you give me that book before you leave?	μπορείς να μου δώσεις εκείνο το βιβλίο πριν φύγεις;	8cd032c0-677d-4a1b-901a-9597e1dadea3
el_for_eng:S0161L04B01	on Sunday morning	την Κυριακή το πρωί	048d82b9-d83b-46a3-9a6b-2123fe7725bd
el_for_eng:S0161L04B02	not on Sunday morning	δεν είναι την Κυριακή το πρωί	5840d60e-f5aa-41c4-a856-d4577080ba02
el_for_eng:S0161L04B03	I hope we meet on Sunday morning	ελπίζω να συναντηθούμε την Κυριακή το πρωί	c71f02fb-5ebd-4c54-8aaf-450b26e0b09a
el_for_eng:S0161L04U01	let's talk about something else on Sunday morning	ας μιλήσουμε για κάτι άλλο την Κυριακή το πρωί	74b18c36-8627-4bea-bdb2-ed3fc7a365e7
el_for_eng:S0161L04U02	that's why I want to meet on Sunday morning	γι'αυτό θέλω να συναντηθούμε την Κυριακή το πρωί	5d2322e0-3466-4d67-80c1-9f17e5e2e7fd
el_for_eng:S0161L04U03	I won't be able to be there on Sunday morning	δεν θα μπορέσω να είμαι εκεί την Κυριακή το πρωί	23f7f8a4-58e4-4035-9627-a4b76e0bbff2
el_for_eng:S0161L04U04	I definitely want to go to a restaurant on Sunday morning	σίγουρα θέλω να πάμε σε εστιατόριο την Κυριακή το πρωί	f90153db-ccbf-4743-ba8e-545d43a82083
el_for_eng:S0161L04U05	can you give me that book on Sunday morning?	μπορείς να μου δώσεις εκείνο το βιβλίο την Κυριακή το πρωί;	9cda7e6a-ea99-4c08-94b1-ca6144a81270
el_for_eng:S0162L01B01	what do you think?	τι νομίζεις;	4f777bea-e18a-440d-98ab-9a270aea5f9c
el_for_eng:S0162L01B02	I know what you think	ξέρω τι νομίζεις	0f548c07-89c5-4d29-b179-a598934cc69d
el_for_eng:S0162L01B03	you don't think so	δεν νομίζεις έτσι	e42addb0-b46c-445f-8a23-e982f8fb929a
el_for_eng:S0162L01U01	you think it's interesting	νομίζεις ότι είναι ενδιαφέρον	56a4402f-0ea3-4442-863e-2da2fea80bc7
el_for_eng:S0162L01U02	that's why I want to know what you think	γι'αυτό θέλω να ξέρω τι νομίζεις	63c27337-4b0b-43dc-8cad-368eae62d3d6
el_for_eng:S0162L01U03	I definitely know what you think about this	σίγουρα ξέρω τι νομίζεις για αυτό	fbaa6622-f481-40aa-a13c-89d4b326c30e
el_for_eng:S0162L01U05	I hope you don't think it's easy	ελπίζω ότι δεν νομίζεις ότι είναι εύκολο	331fb09b-a595-43a5-aec2-cb140b6d115d
el_for_eng:S0162L02B01	about that	για αυτό	55d72eda-6350-4ba3-bbb9-5bbc977d3f66
el_for_eng:S0162L02B02	what do you think about that?	τι νομίζεις για αυτό;	c4621ae5-b916-4e76-90ec-0585b3ab6106
el_for_eng:S0162L02B03	I want to talk about that	θέλω να μιλήσουμε για αυτό	eb9360f6-1201-4535-adc2-dbe0acdbfccb
el_for_eng:S0162L02C01	about	για	f78728eb-f19a-404c-a8a9-cf843d3ae29e
el_for_eng:S0162L02U01	I'm trying to say something about that	προσπαθώ να πω κάτι για αυτό	aec277b9-9b54-45e2-a63f-4ec2de2271ca
el_for_eng:S0162L02U03	that's why I want to talk about that	γι'αυτό θέλω να μιλήσουμε για αυτό	70eb0bfc-eab7-4174-9ffe-582118f46aa3
el_for_eng:S0162L02U04	I definitely want to know what you think about that	σίγουρα θέλω να ξέρω τι νομίζεις για αυτό	e8b231c9-ffab-4c4c-8496-7e2efadbd40c
el_for_eng:S0162L02U05	I don't mind because I want to know about that	δεν με πειράζει γιατί θέλω να ξέρω για αυτό	aa7239f1-38e2-4467-87fb-df87b31ffd19
el_for_eng:S0163L01B01	I think that	νομίζω ότι	43ce2970-da8a-4822-a090-3fe617ac65ff
el_for_eng:S0163L01B02	I think that it's easy	νομίζω ότι είναι εύκολο	3005388c-a896-4c98-9d29-1a7c9ccb191d
el_for_eng:S0163L01B03	I think that it's important	νομίζω ότι είναι σημαντικό	9ba14eb0-02f4-4dfb-8d1f-994f004046b3
el_for_eng:S0163L01B04	I don't think that it's easy	δεν νομίζω ότι είναι εύκολο	494556c1-4b17-4240-9be8-6dfff585b456
el_for_eng:S0163L01U01	I think that you want to learn	νομίζω ότι θέλεις να μάθεις	b5ae1faa-fc52-49db-88b6-ca73e5aaae22
el_for_eng:S0163L01U02	that's why I think that it's better	γι'αυτό νομίζω ότι είναι καλύτερα	8916cf3a-b65d-4b1e-997c-f719e9e55e61
el_for_eng:S0163L01U03	I definitely think that it's interesting	σίγουρα νομίζω ότι είναι ενδιαφέρον	7b7ebf6f-7676-4ab0-87f5-a104e07df2e3
el_for_eng:S0163L01U05	I think that we need to talk about that	νομίζω ότι χρειάζεται να μιλήσουμε γι'αυτό	dc7688f9-ecc2-4bef-9366-420a62a6dc2d
el_for_eng:S0164L01B01	a book	ένα βιβλίο	6550ee37-3136-463b-ad56-5674fa8b7993
el_for_eng:S0164L01B02	one thing	ένα πράγμα	8c65fc2a-56b8-41b8-9eef-1388b016d4e4
el_for_eng:S0164L01B03	an interesting book	ένα ενδιαφέρον βιβλίο	aeeea424-0c0e-4130-955c-e70f72d33f36
el_for_eng:S0164L01U01	that's why I want to find a book	γι'αυτό θέλω ένα βιβλίο	1937bf13-76c3-433b-8dde-ee1f80928020
el_for_eng:S0164L01U02	I hope you can give me a book	ελπίζω να μου δώσεις ένα βιβλίο	cc21e912-70cf-4a27-ae67-34a78f9efafb
el_for_eng:S0164L01U03	can you give me a book?	μπορείς να μου δώσεις ένα βιβλίο;	8dc8f30a-ac50-4db3-8744-f72313d6f9d7
el_for_eng:S0164L01U04	I definitely want an interesting book	σίγουρα θέλω ένα ενδιαφέρον βιβλίο	a7945629-dbc0-44a4-819c-3d0bbdf4f9c8
el_for_eng:S0164L01U05	I think it's an interesting book	νομίζω ότι είναι ένα ενδιαφέρον βιβλίο	a4ee85d9-f5a1-460a-bd67-325219938cf9
el_for_eng:S0165L01B01	but I don't mind	αλλά δεν με πειράζει	bb427192-a724-492a-8b6f-86f2f325d196
el_for_eng:S0165L01B02	but not tomorrow	αλλά δεν είναι αύριο	ba89a353-0031-4baf-b5f3-88e731c3a8bf
el_for_eng:S0165L01B03	but it's interesting	αλλά είναι ενδιαφέρον	06afd172-c23a-4fc9-bda1-b0f5f65d8eed
el_for_eng:S0165L01U01	I want us to go but I cannot	θέλω να πάμε αλλά δεν θα μπορέσω	40b19048-7f00-4b3e-92ee-0829d59e6dc6
el_for_eng:S0165L01U02	I want an interesting book but I can't find one	θέλω ένα ενδιαφέρον βιβλίο αλλά δεν ξέρω πού	77033d35-3820-48e7-86fa-feef38c53567
el_for_eng:S0165L01U03	I am excited but I need to wait	είμαι ενθουσιασμένος αλλά χρειάζεται να περιμένω	6e9813f5-96a0-42aa-8ab1-d87f92170f30
el_for_eng:S0165L01U04	it's interesting but I don't think it's easy	είναι ενδιαφέρον αλλά δεν νομίζω ότι είναι εύκολο	db09c58c-b621-4418-9fee-5b5376ee6a08
el_for_eng:S0165L01U05	I think it's important but I'm not sure	νομίζω ότι είναι σημαντικό αλλά δεν είμαι σίγουρος	fcac470c-e216-483e-bfba-1c91d5b42c24
el_for_eng:S0165L02B01	I'm sure	είμαι σίγουρος	3a54be61-9529-4e91-9e74-7fbfff79bc11
el_for_eng:S0165L02B02	I'm not sure	δεν είμαι σίγουρος	bf5064d0-0244-489b-b5d0-ae372a2427c7
el_for_eng:S0165L02B03	I'm not sure about that	δεν είμαι σίγουρος γι'αυτό	c60ea3ac-c9c6-4d0c-b4e6-1ec8af34d95e
el_for_eng:S0165L02U01	that's why I'm not sure	γι'αυτό δεν είμαι σίγουρος	3d548180-5660-4f0b-9645-76076b6ced3c
el_for_eng:S0165L02U02	I'm not sure what you think	δεν είμαι σίγουρος τι νομίζεις	c6974e6a-a6b5-46a0-9a49-6dc1e2f19357
el_for_eng:S0165L02U03	I'm definitely sure about that	σίγουρα είμαι σίγουρος γι'αυτό	14da9bcd-c7f6-45ca-80a9-54128b6522a3
el_for_eng:S0165L02U04	I'm sure it's interesting	είμαι σίγουρος ότι είναι ενδιαφέρον	e2513a78-6dd6-4f5f-b90a-3adc96b9dcf5
el_for_eng:S0165L02U05	but I'm not sure if I can go	αλλά δεν είμαι σίγουρος αν θα μπορέσω	32d23c80-504a-42d5-b812-62c57cd8afcb
el_for_eng:S0165L03B01	if you want	αν θέλεις	54170a83-1bfd-45b6-ab64-236f3f26f937
el_for_eng:S0165L03B02	if it's true	αν είναι αλήθεια	6f4dce63-3975-4274-b182-7fd7ff84c2a5
el_for_eng:S0165L03B03	I'm not sure if	δεν είμαι σίγουρος αν	39917e93-91d1-4df2-94e7-1ebbee0e4a82
el_for_eng:S0165L03U01	I don't know if you think it's easy	δεν ξέρω αν νομίζεις ότι είναι εύκολο	07a3e95d-ad46-4ef7-b695-2a6240db0a96
el_for_eng:S0165L03U02	I'm not sure if it's interesting	δεν είμαι σίγουρος αν είναι ενδιαφέρον	287307e6-3521-45f9-91ef-a84a5a551d25
el_for_eng:S0165L03U03	can you tell me if it's important?	μπορείς να μου πεις αν είναι σημαντικό;	080305c1-5f35-4d26-866c-b2e352b1cd02
el_for_eng:S0165L03U04	I want to know if you can give me that book	θέλω να ξέρω αν μπορείς να μου δώσεις αυτό το βιβλίο	d4da8f57-3b91-42b6-8e87-6c614ad3c8f4
el_for_eng:S0165L04B01	it's true	είναι αλήθεια	e685ae5e-a88f-4e34-8ac3-60b34b26fdf6
el_for_eng:S0165L04B02	it's not true	δεν είναι αλήθεια	24cf747b-aa81-431c-9bcf-d472a67b7788
el_for_eng:S0165L04B03	I think it's true	νομίζω ότι είναι αλήθεια	aaa0e89d-1ecf-468b-be35-f8d505b7f243
el_for_eng:S0165L04U01	I want to know if it's true	θέλω να ξέρω αν είναι αλήθεια	759bb046-3b37-44df-bad3-82d40c58ae84
el_for_eng:S0165L04U02	I definitely think it's true	σίγουρα νομίζω ότι είναι αλήθεια	9d086ac0-2a4e-496d-9f79-1df40f3a1dd8
el_for_eng:S0165L04U03	I'm not sure if it's true	δεν είμαι σίγουρος αν είναι αλήθεια	4e406502-cbb8-4230-b1ea-afde5310a89a
el_for_eng:S0165L04U04	but I'm not sure if it's true	αλλά δεν είμαι σίγουρος αν είναι αλήθεια	2961b85d-464c-4ad9-83ba-072fca29f5e0
el_for_eng:S0165L04U05	I'm sure it's true because I know	είμαι σίγουρος ότι είναι αλήθεια γιατί ξέρω	ebdf5ef9-9b57-4d81-a48a-fd86712e2336
el_for_eng:S0166L01B01	my name	το όνομά μου	72d987d0-b34c-4f5a-956b-6e2b4fc7a208
el_for_eng:S0166L01B02	my name is interesting	το όνομά μου είναι ενδιαφέρον	567fabf0-619e-4d37-bdd5-0e61a87df6c4
el_for_eng:S0166L01B03	my name isn't easy	το όνομά μου δεν είναι εύκολο	197fce6d-f0b4-4bab-8528-f786dd7996be
el_for_eng:S0166L01U01	that's why my name is important	γι'αυτό το όνομά μου είναι σημαντικό	5801ab9f-213a-40ac-95c4-47ad7e148516
el_for_eng:S0166L01U02	I want to know if you know my name	θέλω να ξέρω αν γνωρίζεις το όνομά μου	19d4cb3f-c138-4ad4-94f1-a3113be4f1ff
el_for_eng:S0166L01U03	I think my name is interesting	νομίζω ότι το όνομά μου είναι ενδιαφέρον	4918842b-e983-4206-bb01-f4a864e1260d
el_for_eng:S0166L01U04	I'm sure my name isn't easy	είμαι σίγουρος ότι το όνομά μου δεν είναι εύκολο	09d81fb6-0481-4ef0-8757-3809331869f1
el_for_eng:S0166L01U05	I'm not sure how my name is said in Greek	δεν είμαι σίγουρος πώς λέγεται το όνομά μου στα ελληνικά	0eea31ab-5e46-4629-893b-eccdf72b89eb
el_for_eng:S0166L02B01	very interesting	πολύ ενδιαφέρον	5f71f614-960c-406c-974a-8ca2e7ab49f3
el_for_eng:S0166L02B02	it's very important	είναι πολύ σημαντικό	fe7d7153-bd9d-49c9-93c8-669a3c7d9dc3
el_for_eng:S0166L02B03	it's not very easy	δεν είναι πολύ εύκολο	5f4ae700-5432-49f0-98b6-3f383db513e9
el_for_eng:S0166L02U01	I think it's very interesting	νομίζω ότι είναι πολύ ενδιαφέρον	695da278-c977-4f2b-9a9f-9d78cf467c9a
el_for_eng:S0166L02U03	I definitely think it's very important	σίγουρα νομίζω ότι είναι πολύ σημαντικό	f95f3802-7216-4e6f-9103-58efe20b21f9
el_for_eng:S0166L02U05	it's very important but not very easy	είναι πολύ σημαντικό αλλά δεν είναι πολύ εύκολο	527a2cba-3490-49db-9a48-a8774ba9b652
el_for_eng:S0166L03B01	it's unusual	είναι ασυνήθιστο	2b4db3f6-a5fe-4f4d-95a5-d1a57fc4d364
el_for_eng:S0166L03B02	it's not unusual	δεν είναι ασυνήθιστο	f5d1f6e7-d537-44ac-8bcc-52665d81deeb
el_for_eng:S0166L03B03	it's very unusual	είναι πολύ ασυνήθιστο	336d2fd8-034a-4f45-93e9-5a7498b162e6
el_for_eng:S0166L03U01	that's why it's unusual	γι'αυτό είναι ασυνήθιστο	3d991f01-4d3b-4907-9a3a-3685100df2c8
el_for_eng:S0166L03U02	I don't think it's very unusual	δεν νομίζω ότι είναι πολύ ασυνήθιστο	e29bf640-9d68-4675-99a1-a03fabb3dc87
el_for_eng:S0166L03U03	my name is not very unusual	το όνομά μου δεν είναι πολύ ασυνήθιστο	e392466f-1815-4399-afac-ca235ff1a0d3
el_for_eng:S0166L03U04	I'm sure it's not unusual	είμαι σίγουρος ότι δεν είναι ασυνήθιστο	1c9b6e4c-a9e6-406d-806d-c274cfabeb5f
el_for_eng:S0166L03U05	I think it's unusual but interesting	νομίζω ότι είναι ασυνήθιστο αλλά ενδιαφέρον	302d966c-5e14-4503-bd6c-693371e3198e
el_for_eng:S0167L01B01	you need to	χρειάζεται να κάνεις	b1753117-cad2-4e91-b7de-b72e5729ae60
el_for_eng:S0167L01B02	what do you need to do?	τι χρειάζεται να κάνεις;	9c02a84e-6518-412d-a261-a8127d16d67d
el_for_eng:S0167L01B03	you need to do something	χρειάζεται να κάνεις κάτι	fb71ac97-230e-4264-a9a0-e9da126ad80d
el_for_eng:S0167L01B04	I know what you need to do	ξέρω τι χρειάζεται να κάνεις	f5dbcbfe-181b-4387-8b5b-70a546138a84
el_for_eng:S0167L01U01	you don't need to do that	δεν χρειάζεται να κάνεις αυτό	abd85b72-1ebb-4552-9350-d79358a483e7
el_for_eng:S0167L01U02	what do you need to do today?	τι χρειάζεται να κάνεις σήμερα;	e789ea11-3163-4d8c-a059-6cfbba6650f5
el_for_eng:S0167L01U03	I think you need to do something else	νομίζω ότι χρειάζεται να κάνεις κάτι άλλο	e6ed31b9-d7ba-407e-934a-68d4c4142e19
el_for_eng:S0167L01U04	I'm not sure what you need to do	δεν είμαι σίγουρος τι χρειάζεται να κάνεις	cb5071b7-dd59-43d8-adb8-f0f6a52865ac
el_for_eng:S0167L01U05	that's why you need to do something important	γι'αυτό χρειάζεται να κάνεις κάτι σημαντικό	0820ecbf-2d08-4cdd-a33b-b677e9f6f22e
el_for_eng:S0167L02B01	tomorrow afternoon	αύριο το απόγευμα	89ef8d6e-29c4-454c-8874-cbd912870840
el_for_eng:S0167L02B02	not tomorrow afternoon	δεν είναι αύριο το απόγευμα	65b13018-78b2-4f3a-898e-1918fd4d9fcf
el_for_eng:S0167L02B03	I hope we can talk tomorrow afternoon	ελπίζω να μιλήσουμε αύριο το απόγευμα	02c8345f-5807-49b7-b14f-4541958aed19
el_for_eng:S0167L02U01	what do you need to do tomorrow afternoon?	τι χρειάζεται να κάνεις αύριο το απόγευμα;	622120ce-cb5b-46c5-a035-e78b5ba26ebe
el_for_eng:S0167L02U02	let's talk about something else tomorrow afternoon	ας μιλήσουμε για κάτι άλλο αύριο το απόγευμα	93cce700-a084-44fc-8deb-dfc6d54af02a
el_for_eng:S0167L02U03	I won't be able to be there tomorrow afternoon	δεν θα μπορέσω να είμαι εκεί αύριο το απόγευμα	62133a98-43eb-4c52-869f-bec27f8671df
el_for_eng:S0167L02U04	I want to meet at a restaurant tomorrow afternoon	θέλω να συναντηθούμε σε εστιατόριο αύριο το απόγευμα	b0f56f71-1383-492b-bb2f-485c092f8eca
el_for_eng:S0167L02U05	can you give me that book tomorrow afternoon?	μπορείς να μου δώσεις αυτό το βιβλίο αύριο το απόγευμα;	b619aa07-e344-49f6-9fb2-ca8a52cd396b
el_for_eng:S0168L01B01	and then	και μετά	bec46491-e4ed-425c-ae03-0238eeef881e
el_for_eng:S0168L01B02	after that	μετά αυτό	00b60df8-8a96-4b4a-9607-652c8613bba7
el_for_eng:S0168L01B03	not after	δεν είναι μετά	2f5dd554-c2bf-49e9-af83-0200d092dae5
el_for_eng:S0168L01U01	I want to meet afterwards	θέλω να συναντηθούμε μετά	4e32d247-c33e-4ceb-840e-e68efaa1fc01
el_for_eng:S0168L01U02	let's talk about that afterwards	ας μιλήσουμε γι'αυτό μετά	09663e55-7301-465a-a5a6-2496e2ae6845
el_for_eng:S0168L01U04	I want to go to a restaurant afterwards	θέλω να πάμε σε εστιατόριο μετά	2fcae93d-8a14-4002-8fef-e23717fb6c3f
el_for_eng:S0168L01U05	I definitely want to go to a restaurant afterwards	σίγουρα θέλω να πάμε σε εστιατόριο μετά	01d3797c-4f65-4e1e-bbe2-18f934c504a0
el_for_eng:S0168L02B01	I'll be able to come	θα μπορέσω να έρθω	e8ea1333-287a-49ed-ad44-22769626a352
el_for_eng:S0168L02B02	I won't be able to come	δεν θα μπορέσω να έρθω	435d9172-1451-47f4-9f62-d1f4301a39bb
el_for_eng:S0168L02B03	I'll be able to come tomorrow	θα μπορέσω να έρθω αύριο	8de77e94-320d-4fee-a572-cce4ccf83e80
el_for_eng:S0168L02U01	I definitely won't be able to come tonight	σίγουρα δεν θα μπορέσω να έρθω απόψε	fffe0bb9-5f0f-4642-8227-314787b0bb3b
el_for_eng:S0168L02U03	I'm not sure if I'll be able to come	δεν είμαι σίγουρος αν θα μπορέσω να έρθω	dcf0d9dd-1a9d-4b9d-9c3a-b08f741bff01
el_for_eng:S0168L02U04	I hope I'll be able to come tomorrow afternoon	ελπίζω ότι θα μπορέσω να έρθω αύριο το απόγευμα	ffb34a7a-0edf-4cf9-9e1f-dd5c9caa83b2
el_for_eng:S0168L02U05	I'm sure I'll be able to come on Saturday night	είμαι σίγουρος ότι θα μπορέσω να έρθω το Σάββατο βράδυ	9e65c27f-e418-4bf3-a494-91f18c2de3f7
el_for_eng:S0168L03B01	and help	και να βοηθήσω	8c3d13ae-f18f-401e-81a9-f69786828f27
el_for_eng:S0168L03B02	I want to come and help	θέλω να έρθω και να βοηθήσω	5483ba34-499e-462f-b2a8-c88a579eec1a
el_for_eng:S0168L03B03	I'll be able to come and help	θα μπορέσω να έρθω και να βοηθήσω	04e35f58-3a92-4522-a6df-3e681f118042
el_for_eng:S0168L03U01	I definitely want to come and help	σίγουρα θέλω να έρθω και να βοηθήσω	a5de905f-d3a2-463f-b6b5-c6d456e22065
el_for_eng:S0168L03U02	that's why I want to come and help on Saturday	γι'αυτό θέλω να έρθω και να βοηθήσω το Σάββατο	af0fc8ce-7c44-4ffb-92a8-8ab1f6e5f60b
el_for_eng:S0168L03U03	I hope I'll be able to come and help tomorrow	ελπίζω ότι θα μπορέσω να έρθω και να βοηθήσω αύριο	af2a46fd-2666-4b78-953b-bdcfcd04a428
el_for_eng:S0168L03U04	I'll be able to come and help next month	θα μπορέσω να έρθω και να βοηθήσω τον επόμενο μήνα	5a2af832-cba3-4821-891a-2bb83f0d896b
el_for_eng:S0168L03U05	I'm not sure if I can come and help	δεν είμαι σίγουρος αν θα μπορέσω να έρθω και να βοηθήσω	91f2157f-c434-4819-97c9-041e4507cd5d
el_for_eng:S0168L04B01	later on	αργότερα	203be89e-254c-42d2-b836-31816e4c18e6
el_for_eng:S0168L04B02	not later on	δεν είναι αργότερα	669ab038-08f4-4089-8638-a88351035633
el_for_eng:S0168L04B03	I hope we can talk later on	ελπίζω να μιλήσουμε αργότερα	2c691a07-c525-4589-9bea-0f498e70c0af
el_for_eng:S0168L04U01	I want to meet later on	θέλω να συναντηθούμε αργότερα	41350fb0-e7af-4f2f-8fbb-c04c78f044fb
el_for_eng:S0168L04U02	let's talk about that later on	ας μιλήσουμε γι'αυτό αργότερα	7b3485a0-7015-43ac-9313-5e8c14ba0674
el_for_eng:S0168L04U03	I'll be able to come and help later on	θα μπορέσω να έρθω και να βοηθήσω αργότερα	7882eb7d-a85d-4e38-ac04-0e1782ec2078
el_for_eng:S0168L04U04	I'm not sure if I can come later on	δεν είμαι σίγουρος αν θα μπορέσω να έρθω αργότερα	ef427fe3-bd7d-4484-8372-7af0283972e2
el_for_eng:S0168L04U05	and then I'll be able to come and help later on	και μετά θα μπορέσω να έρθω και να βοηθήσω αργότερα	41353e8a-3225-4fff-aab9-57e18c1a3d67
el_for_eng:S0169L01B01	what do you want me to do?	τι θέλεις να κάνω;	ba2325c1-99d9-453c-8782-e34f4b9a00e1
el_for_eng:S0169L01B02	I want to do something	θέλω να κάνω κάτι	adbcf620-052d-4900-8e6b-842a49c25c73
el_for_eng:S0169L01B03	I don't know what to do	δεν ξέρω τι να κάνω	0b778a5c-46db-41c1-8d83-9e7aa3d8631a
el_for_eng:S0169L01U01	I hope I can do something later on	ελπίζω να κάνω κάτι αργότερα	3615dbda-ddc6-4aea-98e3-0d486aa0c3f5
el_for_eng:S0169L01U02	I definitely want to do something else	σίγουρα θέλω να κάνω κάτι άλλο	e513178b-913d-4cfa-a0d0-e23e83d16616
el_for_eng:S0169L01U03	can you tell me what to do?	μπορείς να μου πεις τι να κάνω;	f5e50e67-6299-47ad-ac85-920204dd5ef9
el_for_eng:S0169L01U04	I'm trying to do something important	προσπαθώ να κάνω κάτι σημαντικό	e8dd0561-0448-4630-b911-84bd0453bcd3
el_for_eng:S0169L01U05	I'm not sure what to do tomorrow	δεν είμαι σίγουρος τι θέλω να κάνω αύριο	39f9cb01-96ab-40e0-88e3-317726e79e80
el_for_eng:S0170L01B01	I'd like you to tell me	θα ήθελα να μου πεις	8eb9d312-751d-424c-bdf1-19678e3c870c
el_for_eng:S0170L01B02	I'd like you to tell me something	θα ήθελα να μου πεις κάτι	a38c7d7e-61fc-4930-afb3-be86be14e7ce
el_for_eng:S0170L01B03	I'd like you to tell me something else	θα ήθελα να μου πεις κάτι άλλο	21f30588-0691-4570-af3c-ec1232f777fb
el_for_eng:S0170L01U01	I'd like you to tell me what you think	θα ήθελα να μου πεις τι νομίζεις	20c5f6e7-bdb1-4dfa-b592-eddfd9d44c6c
el_for_eng:S0170L01U02	I'd like you to tell me something important	θα ήθελα να μου πεις κάτι σημαντικό	5bcba8f8-4a08-449c-a252-fe0c45f5e852
el_for_eng:S0170L01U03	I'd like you to tell me if it's true	θα ήθελα να μου πεις αν είναι αλήθεια	f13c4987-c836-4a25-b05b-1e106d3d5447
el_for_eng:S0170L01U04	I'd like you to tell me what you need to do	θα ήθελα να μου πεις τι χρειάζεται να κάνεις	0fa36f0c-f8e3-4768-b783-4115348dafa9
el_for_eng:S0170L01U05	I'd like you to tell me how this word is said in Greek	θα ήθελα να μου πεις πώς λέγεται αυτή η λέξη στα ελληνικά	83e0c103-57db-46dd-aaf5-68224898e67e
el_for_eng:S0170L02B01	what do you need?	τι χρειάζεσαι;	cf5c7173-d5ca-44fa-ad71-6e59dd5b6543
el_for_eng:S0170L02B02	I know what you need	ξέρω τι χρειάζεσαι	89d79f75-23d2-4e81-a824-227f61f7875b
el_for_eng:S0170L02B03	you don't need that	δεν χρειάζεσαι αυτό	34d3ec94-e930-4ce4-8e3d-c90984442077
el_for_eng:S0170L02U01	I'm not sure what you need	δεν είμαι σίγουρος τι χρειάζεσαι	69cc8cb1-3eb9-406b-95f6-da0404fa97b1
el_for_eng:S0170L02U02	can you tell me what you need?	μπορείς να μου πεις τι χρειάζεσαι;	f710e155-1c09-46e3-a35c-289f683e82d4
el_for_eng:S0170L02U03	I'd like you to tell me what you need	θα ήθελα να μου πεις τι χρειάζεσαι	db8b6a54-e50a-4b5b-84b0-cbea6eccb9fd
el_for_eng:S0170L02U04	I definitely want to know what you need	σίγουρα θέλω να ξέρω τι χρειάζεσαι	855929ca-9f59-480d-a320-731b13fbd412
el_for_eng:S0170L02U05	I think you need an interesting book	νομίζω ότι χρειάζεσαι ένα ενδιαφέρον βιβλίο	a6dc2495-779d-4cfc-8979-7d21ddf2c78a
el_for_eng:S0171L01B01	to help you	να σε βοηθήσω	2de656d8-662e-4ade-8822-ab3e6b493c74
el_for_eng:S0171L01B02	I want to help you	θέλω να σε βοηθήσω	e0cdf9d1-ba3c-41af-b94d-91b28101343e
el_for_eng:S0171L01B03	I can help you	μπορώ να σε βοηθήσω	8d407d6e-1383-4e99-bc45-108e0db58cdf
el_for_eng:S0171L01B04	do you want me to help you?	θέλεις να σε βοηθήσω;	8723a9ee-2d9b-45dd-b968-c89f6fd11378
el_for_eng:S0171L01C01	I help you	βοηθήσω	9df6fe5f-3411-4067-8af3-2ce10ecd6901
el_for_eng:S0171L01U01	I'm trying to help you	προσπαθώ να σε βοηθήσω	4c0bf478-612b-4529-9471-127f6c6e18d3
el_for_eng:S0171L01U02	I definitely want to help you	σίγουρα θέλω να σε βοηθήσω	d06098c6-1e29-4f89-856e-7886616a8cf8
el_for_eng:S0171L01U03	that's why I want to help you	γι'αυτό θέλω να σε βοηθήσω	17e7e06f-36e7-4139-ab72-d30e105522e4
el_for_eng:S0171L01U04	I hope I can help you later on	ελπίζω να σε βοηθήσω αργότερα	20ff59ed-c091-4497-84f7-07b04061cfc3
el_for_eng:S0171L01U05	I'd like to help you tomorrow afternoon	θα ήθελα να σε βοηθήσω αύριο το απόγευμα	65e3eb3a-9c00-423c-b42d-a7c68f0fe456
el_for_eng:S0171L02B01	to look for it	να το ψάξεις	a72091b5-bf8a-46fd-8e54-3d20720e9152
el_for_eng:S0171L02B02	I want you to look for it	θέλω να το ψάξεις	f7d1e695-b718-4083-9ec7-77e845d363c0
el_for_eng:S0171L02B03	do you want to look for it?	θέλεις να το ψάξεις;	c2b1d203-9c5b-441e-b76f-870608ac93a5
el_for_eng:S0171L02B04	you need to look for it	χρειάζεται να το ψάξεις	1f608c23-2f9e-41a1-aba4-ded89e87f1cf
el_for_eng:S0171L02C01	you look for	ψάξεις	d90ec882-1b7c-4f97-ad05-356af261d079
el_for_eng:S0171L02U01	I definitely want you to look for it	σίγουρα θέλω να το ψάξεις	71e2e339-a6d7-4169-bc12-7ea017f5ef23
el_for_eng:S0171L02U02	do you want me to help you look for it?	θέλεις να σε βοηθήσω να το ψάξεις;	06ac77a6-28b7-4431-ae79-3dec7a28192f
el_for_eng:S0171L02U03	I'd like you to look for it before Saturday	θα ήθελα να το ψάξεις πριν το Σάββατο	c004255d-5f4c-4988-b21a-75c761203062
el_for_eng:S0171L02U04	I think you need to look for it tomorrow	νομίζω ότι χρειάζεται να το ψάξεις αύριο	6689ebcd-4311-49a2-8a01-85660c00e0ea
el_for_eng:S0171L02U05	I'm not sure if you can look for it later on	δεν είμαι σίγουρος αν μπορείς να το ψάξεις αργότερα	e26baa28-6d7d-4bef-be2b-1b4684a6da1f
el_for_eng:S0172L01B01	yes	ναι	a475ab5a-ef8f-4adb-9798-6314866b8be9
el_for_eng:S0172L01B02	yes, I need to leave early	ναι, χρειάζεται να φύγω νωρίς	91816955-4591-4a39-9617-e3e3dcf626a1
el_for_eng:S0172L01B03	yes, I don't mind waiting for a few minutes	ναι, δεν με πειράζει να περιμένω για λίγα λεπτά	ccde3862-33ed-41c7-b7f2-e8ed48e1ae82
el_for_eng:S0172L01U01	yes, I want to help you	ναι, θέλω να σε βοηθήσω	9beb01c3-3f68-4c06-b110-aa6b2aa43e46
el_for_eng:S0172L01U02	yes, I'd like you to tell me	ναι, θα ήθελα να μου πεις	8e09cfa1-1849-4487-9799-98f007d7c3a6
el_for_eng:S0172L01U03	yes, I'll be able to come tomorrow	ναι, θα μπορέσω να έρθω αύριο	1d786a16-ece3-4f49-a0ce-a628841ad22d
el_for_eng:S0172L01U04	yes, I think it's interesting	ναι, νομίζω ότι είναι ενδιαφέρον	8225241a-5f89-4fff-a8a1-d3495448d394
el_for_eng:S0172L01U05	yes, but I'm not sure if it's true	ναι, αλλά δεν είμαι σίγουρος αν είναι αλήθεια	f9ba3603-3965-46c9-b66d-c01d0b825066
el_for_eng:S0172L02B01	that would be	αυτό θα ήταν	6056e789-6e7a-4f3d-a000-613de351b946
el_for_eng:S0172L02B02	that would be important	αυτό θα ήταν σημαντικό	e6299b6b-38d4-4ad6-beb6-db868cb2be67
el_for_eng:S0172L02B03	that would be interesting	αυτό θα ήταν ενδιαφέρον	d6dc983d-d442-493a-87be-3e09a2088929
el_for_eng:S0172L02B04	that wouldn't be easy	αυτό δεν θα ήταν εύκολο	1ababd78-26f6-4149-a7e2-fb72d88cc7fb
el_for_eng:S0172L02U01	but that wouldn't be easy	αλλά αυτό δεν θα ήταν εύκολο	6f992bcc-092c-4cc8-ba3f-401b05e8950f
el_for_eng:S0172L02U02	I think that would be very interesting	νομίζω ότι αυτό θα ήταν πολύ ενδιαφέρον	fa4bbcdb-8c67-4560-9947-0f769cfbe576
el_for_eng:S0172L02U03	yes, I think that would be interesting	ναι, νομίζω ότι αυτό θα ήταν ενδιαφέρον	aa85f795-330b-4ec5-a285-301761862ce3
el_for_eng:S0172L02U04	I'm sure that would be important	είμαι σίγουρος ότι αυτό θα ήταν σημαντικό	50015583-17c2-409d-9388-02fd62f565b0
el_for_eng:S0172L02U05	I'm not sure if that would be true	δεν είμαι σίγουρος αν αυτό θα ήταν αλήθεια	2398c990-16f7-493a-b427-3b8c1a56b6f6
el_for_eng:S0172L03B01	it's helpful	είναι χρήσιμο	65ae4398-5c40-469b-ae51-45c25fc77e56
el_for_eng:S0172L03B02	it's very helpful	είναι πολύ χρήσιμο	a6935916-19af-4b4c-97ac-d9add12114b0
el_for_eng:S0172L03B03	that would be very helpful	αυτό θα ήταν πολύ χρήσιμο	6cd9845d-ddeb-4342-b525-fbbec32b3603
el_for_eng:S0172L03U01	yes, that would be very helpful	ναι, αυτό θα ήταν πολύ χρήσιμο	300cd7be-26e6-438b-b808-b4dc3ef3ee2b
el_for_eng:S0172L03U02	I think that would be very helpful	νομίζω ότι αυτό θα ήταν πολύ χρήσιμο	6b03be3c-50c1-4cc9-bcc0-6613f642831e
el_for_eng:S0172L03U03	I'm sure it would be helpful	είμαι σίγουρος ότι αυτό θα ήταν χρήσιμο	f70e1743-adab-4d1a-8b95-9abba246236c
el_for_eng:S0172L03U04	I think this book is very helpful	νομίζω ότι αυτό το βιβλίο είναι πολύ χρήσιμο	6fb39fd3-57d9-4f9c-af5e-c05a479d7933
el_for_eng:S0172L03U05	it's not very helpful but it's interesting	δεν είναι πολύ χρήσιμο αλλά είναι ενδιαφέρον	75e71543-e16b-478d-a1db-1bdb40532455
el_for_eng:S0173L01B01	no	όχι	83d0c61a-d078-4152-8749-d12cb23284ae
el_for_eng:S0173L01B02	no, I need to examine something else	όχι, χρειάζεται να εξετάσω κάτι άλλο	0ad9a940-80ba-4e42-8be4-53bc0fa68b0d
el_for_eng:S0173L01B03	no, I would like to continue for a while	όχι, θα ήθελα να συνεχίσω για λίγο	321aca5f-2c98-40ee-8eed-80a6b4698f25
el_for_eng:S0173L01U01	no, I won't be able to come	όχι, δεν θα μπορέσω να έρθω	c1846459-a3fb-4b75-b3bd-74db2c5099c6
el_for_eng:S0173L01U02	no, but I want to help you	όχι, αλλά θέλω να σε βοηθήσω	71dd4da8-ffaf-43e3-93b4-97a5a9df5ba6
el_for_eng:S0173L01U03	no, let's talk about something else	όχι, ας μιλήσουμε για κάτι άλλο	f39eaf1f-7a17-4de6-811a-5086520e9210
el_for_eng:S0173L01U04	no, I don't think it's interesting	όχι, δεν νομίζω ότι είναι ενδιαφέρον	8e6a1f21-ab94-49c9-b655-a2153351a501
el_for_eng:S0173L01U05	no, I'm not sure if that would be helpful	όχι, δεν είμαι σίγουρος αν αυτό θα ήταν χρήσιμο	0917fb17-6657-498b-a9a9-ebb794245302
el_for_eng:S0173L02B01	thank you	ευχαριστώ	f2651f4e-634f-44b0-8332-bc230792a9be
el_for_eng:S0173L02B02	no thank you	όχι ευχαριστώ	c3203370-8d01-4587-8ab7-6e06d92e675b
el_for_eng:S0173L02B03	yes thank you	ναι ευχαριστώ	4d90d6e8-9256-4168-bee1-8909fc14287d
el_for_eng:S0173L02U01	thank you, I want to help you too	ευχαριστώ, θέλω να σε βοηθήσω	881b97dd-dcb9-4026-952a-4f1e86bb7f1a
el_for_eng:S0173L02U02	thank you, but I'm not sure	ευχαριστώ, αλλά δεν είμαι σίγουρος	87d40684-018b-4392-9d9f-1bc030e2c534
el_for_eng:S0173L02U03	thank you, I'll be able to come tomorrow	ευχαριστώ, θα μπορέσω να έρθω αύριο	0bd58edd-60c1-41c5-915c-d78eb40aedb4
el_for_eng:S0173L02U04	thank you, that would be very helpful	ευχαριστώ, αυτό θα ήταν πολύ χρήσιμο	309bc57d-fee6-4a53-b68b-473d6a801f44
el_for_eng:S0173L02U05	yes thank you, that would be interesting	ναι ευχαριστώ, αυτό θα ήταν ενδιαφέρον	cfc8fa6e-6940-4a65-bfa4-9e5b7c10c075
el_for_eng:S0173L03B01	I can manage	μπορώ να τα βγάλω πέρα	9af1cac5-1027-4a60-9487-4be827a63b14
el_for_eng:S0173L03B02	I can't manage	δεν μπορώ να τα βγάλω πέρα	055a042a-5ca4-463d-975e-a1ba17f9320f
el_for_eng:S0173L03B03	I definitely can manage	σίγουρα μπορώ να τα βγάλω πέρα	5eda6602-87f4-42e7-b1dd-800d9ad2f7b6
el_for_eng:S0173L03C01	I get through	βγάλω	913c75d0-9825-41ef-9a69-426a3e0cfbab
el_for_eng:S0173L03C02	through	πέρα	30db3867-3e77-4634-a0d2-c8ce9c36f374
el_for_eng:S0173L03U01	I think I can manage	νομίζω ότι μπορώ να τα βγάλω πέρα	ca11c6c9-ff61-4352-90f3-7deb034d48ca
el_for_eng:S0173L03U02	I hope I can manage	ελπίζω ότι μπορώ να τα βγάλω πέρα	9d37e51a-411e-4c3e-a66d-299d350c96a7
el_for_eng:S0173L03U03	I'm sure I can manage	είμαι σίγουρος ότι μπορώ να τα βγάλω πέρα	9a669827-0f76-4373-8438-b63430b25773
el_for_eng:S0173L03U04	I'm not sure if I can manage	δεν είμαι σίγουρος αν μπορώ να τα βγάλω πέρα	78e92c8b-cd3b-4a5d-a6e9-887e0d99ed4f
el_for_eng:S0173L03U05	I'm sure I can manage later on	είμαι σίγουρος ότι μπορώ να τα βγάλω πέρα αργότερα	4abf912d-ded8-473c-a4b0-17360f23c520
el_for_eng:S0173L04B01	on my own	μόνος μου	e32bdbd9-bc79-4d07-8fe9-9dc230c0ac5b
el_for_eng:S0173L04C01	alone	μόνος	7a0718f0-be3c-4c3a-acf7-1208a4085d39
el_for_eng:S0173L04U01	I can manage on my own	μπορώ να τα βγάλω πέρα μόνος μου	d95a823b-06db-411a-8ea6-a75b2049f524
el_for_eng:S0173L04U03	no thank you, I can manage on my own	όχι ευχαριστώ, μπορώ να τα βγάλω πέρα μόνος μου	05bb9488-311b-4e8b-80eb-5b8fe9eadced
el_for_eng:S0173L04U04	I'm sure I can manage on my own	είμαι σίγουρος ότι μπορώ να τα βγάλω πέρα μόνος μου	40b0b4fa-34d6-4726-a326-7cecc7bdf23f
el_for_eng:S0173L04U05	I'm not sure if I can manage on my own	δεν είμαι σίγουρος αν μπορώ να τα βγάλω πέρα μόνος μου	2ef9addf-791b-43b1-8766-c1c4c53b9c77
el_for_eng:S0174L01B01	I want you to understand	θέλω να καταλάβεις	675c55a0-27d1-41a7-8511-4fdcd88c719a
el_for_eng:S0174L01B02	I hope you understand	ελπίζω να καταλάβεις	8e9e1e1a-1632-4457-b3de-43c072fab083
el_for_eng:S0174L01B03	can you understand?	μπορείς να καταλάβεις;	c70bda47-18b0-40e2-a15d-0df33fabe3c2
el_for_eng:S0174L01U01	I definitely want you to understand	σίγουρα θέλω να καταλάβεις	fbe6c98a-d58a-4ab6-8fda-bee0ae235b8c
el_for_eng:S0174L01U02	that's why I want you to understand	γι'αυτό θέλω να καταλάβεις	f04b64e5-2fd7-40e0-bc78-b2b081f97aca
el_for_eng:S0174L01U04	I'm not sure if you can understand	δεν είμαι σίγουρος αν μπορείς να καταλάβεις	6dfe4802-ea25-4f5c-8c54-cf38ec677a08
el_for_eng:S0174L01U05	I'd like you to understand what I'm trying to say	θα ήθελα να καταλάβεις αυτό που προσπαθώ να πω	a11432ad-ecf4-4350-b460-072279214aa7
el_for_eng:S0174L02B01	I'm saying something	λέω κάτι	aa55a340-70fb-4b83-bc1d-ceea8f4ea046
el_for_eng:S0174L02B02	what I'm saying	αυτό που λέω	2d2922d2-09b2-4849-83e6-a1fd6313da0e
el_for_eng:S0174L02B03	I'm not saying that	δεν λέω αυτό	eaeaa65d-e6e6-4fb4-8af0-e2001f71d7d4
el_for_eng:S0174L02U01	I'm saying something important	λέω κάτι σημαντικό	e420288b-7d9d-4bc8-825a-84d93c7d9db7
el_for_eng:S0174L02U02	that's not what I'm saying	αυτό δεν είναι αυτό που λέω	cc8c1e3b-a66f-4eb4-8416-b933d31e03fe
el_for_eng:S0174L02U03	I hope you understand what I'm saying	ελπίζω να καταλάβεις αυτό που λέω	68bb8444-9113-43e7-a192-62fe166d2c6e
el_for_eng:S0174L02U04	can you understand what I'm saying?	μπορείς να καταλάβεις αυτό που λέω;	3fc85cf5-4e0b-4861-96cc-3dc2530e9066
el_for_eng:S0174L02U05	I think what I'm saying is true	νομίζω ότι αυτό που λέω είναι αλήθεια	8a458134-ef86-4af8-bd42-cf60b75d21da
el_for_eng:S0175L01B01	you want to do	θέλεις να κάνεις	06e13c04-cf4b-498e-a543-96b582505ac2
el_for_eng:S0175L01B02	what do you want to do?	τι θέλεις να κάνεις;	cfd45885-2080-4ce1-9c7b-475a3c6d0479
el_for_eng:S0175L01B03	you want to do something	θέλεις να κάνεις κάτι	7cd284ba-a585-4203-81c2-4d57507b1b16
el_for_eng:S0175L01B04	I know what you want to do	ξέρω τι θέλεις να κάνεις	d1d69d4a-a502-47a1-882d-7e74b0e83b88
el_for_eng:S0175L01U01	you don't want to do that	δεν θέλεις να κάνεις αυτό	746d9e8c-ddfc-4782-8af2-afdead0f74db
el_for_eng:S0175L01U02	I'd like to know what you want to do	θα ήθελα να ξέρω τι θέλεις να κάνεις	8b67bef6-8f26-485b-87f4-8b2632dce905
el_for_eng:S0175L01U03	what do you want to do tomorrow afternoon?	τι θέλεις να κάνεις αύριο το απόγευμα;	762b21b8-776a-4382-a84a-be5e2d68bc4d
el_for_eng:S0175L01U04	I'm not sure what you want to do	δεν είμαι σίγουρος τι θέλεις να κάνεις	3a85c643-e2e6-4d90-9321-85f05bf13171
el_for_eng:S0175L01U05	can you tell me what you want to do?	μπορείς να μου πεις τι θέλεις να κάνεις;	2a170a4e-7d9f-46b4-b93d-3ffad6261603
el_for_eng:S0176L01B01	I'll ask him	θα τον ρωτήσω	49b6477c-aefe-4e6d-930f-ff7f4e80555a
el_for_eng:S0176L01B02	I won't ask him	δεν θα τον ρωτήσω	f3adcf31-4f74-4b85-8d68-be146ef1eaf2
el_for_eng:S0176L01B03	I'll ask him tomorrow	θα τον ρωτήσω αύριο	e482fad5-20df-41c9-9d64-5122bfd83033
el_for_eng:S0176L01U01	I definitely want to ask him	σίγουρα θα τον ρωτήσω	c39cd14d-7936-42e4-b86e-51eaeb2b2018
el_for_eng:S0176L01U02	I'll ask him if it's true	θα τον ρωτήσω αν είναι αλήθεια	2dcfb264-75a2-4a2e-bcab-3757c6e48ec2
el_for_eng:S0176L01U03	that's why I'll ask him later on	γι'αυτό θα τον ρωτήσω αργότερα	8f1e601a-be3d-4010-b516-bf061a598f89
el_for_eng:S0176L01U04	I'll ask him what you need to do	θα τον ρωτήσω τι χρειάζεται να κάνεις	6a7ea9ee-7b67-4d02-9fc1-a2c6276451f4
el_for_eng:S0176L01U05	I think I'll ask him tomorrow morning	νομίζω ότι θα τον ρωτήσω αύριο το πρωί	bff688ec-1ff7-4ad9-b0e5-aea4af153672
el_for_eng:S0176L02B01	he'll be able to help	θα μπορέσει να βοηθήσει	fd8ffca1-e933-48c9-a5d3-9aa08c669b67
el_for_eng:S0176L02B02	he won't be able to help	δεν θα μπορέσει να βοηθήσει	56bb1cc0-cf1a-4836-9b67-35d048b67507
el_for_eng:S0176L02B03	I think he'll be able to help	νομίζω ότι θα μπορέσει να βοηθήσει	71767c3c-b493-4b96-bf3d-43d5beddee67
el_for_eng:S0176L02C01	he will be able	μπορέσει	26ea7321-9a34-473c-b9f7-00aa2f3d96b8
el_for_eng:S0176L02C02	he helps	βοηθήσει	5424dc9c-0df2-4864-8f64-2b9d5e39ee08
el_for_eng:S0176L02U01	yes, I think he'll be able to help	ναι, νομίζω ότι θα μπορέσει να βοηθήσει	a22d4546-24ef-47d2-9aed-e5ef3516d640
el_for_eng:S0176L02U02	I'll ask him if he'll be able to help	θα τον ρωτήσω αν θα μπορέσει να βοηθήσει	1135d43b-f911-4a4e-8213-e86711384372
el_for_eng:S0176L02U03	I hope he'll be able to help tomorrow	ελπίζω ότι θα μπορέσει να βοηθήσει αύριο	e627a8a3-0492-4cd8-84b6-b79f42324ede
el_for_eng:S0176L02U04	I'm not sure if he was patient	δεν είμαι σίγουρος αν θα μπορέσει να βοηθήσει	2c8aa468-0e3e-49d2-9d00-7cf5fa7b8bf2
el_for_eng:S0176L02U05	I definitely think he'll be able to help later on	σίγουρα νομίζω ότι θα μπορέσει να βοηθήσει αργότερα	e6c04d71-0bf7-4bff-8760-867ef2c3631c
el_for_eng:S0176L03B01	next year	τον επόμενο χρόνο	ff667f2b-b949-4539-b5c3-a9d7cf36e5cc
el_for_eng:S0176L03B02	not next year	δεν είναι τον επόμενο χρόνο	993225a8-f12c-4ebc-a1bf-b954b1a6a463
el_for_eng:S0176L03B03	I'll ask him next year	θα τον ρωτήσω τον επόμενο χρόνο	ec007630-c300-4beb-bfc8-6fc5f691733d
el_for_eng:S0176L03U01	I hope we can meet next year	ελπίζω να συναντηθούμε τον επόμενο χρόνο	e30db553-cf11-48d1-8f1e-0a5a6f2b3ff7
el_for_eng:S0176L03U02	I think that would be helpful next year	νομίζω ότι αυτό θα ήταν χρήσιμο τον επόμενο χρόνο	910c03c8-99c0-4c6a-bb27-8392c2b57348
el_for_eng:S0176L03U03	I definitely want to come and help next year	σίγουρα θέλω να έρθω και να βοηθήσω τον επόμενο χρόνο	0577bfc8-3a45-40ee-8f3f-7785ac3db38a
el_for_eng:S0176L03U04	I'll ask him if he'll be able to help next year	θα τον ρωτήσω αν θα μπορέσει να βοηθήσει τον επόμενο χρόνο	bc4a0bab-5ea8-4e50-9b71-797f19baa98c
el_for_eng:S0176L03U05	I'm not sure if I can come next year	δεν είμαι σίγουρος αν θα μπορέσω να έρθω τον επόμενο χρόνο	c60abd61-e174-4f90-866a-ecbb24e6006b
el_for_eng:S0177L01B01	I'll ask her	θα τη ρωτήσω	5825001b-0e61-4d48-a5f4-0082218f3489
el_for_eng:S0177L01B02	I won't ask her	δεν θα τη ρωτήσω	e0ba00d7-59d5-4e71-bcf9-c5810de04e5e
el_for_eng:S0177L01B03	I'll ask her tomorrow	θα τη ρωτήσω αύριο	c3ac044b-3632-4d40-a0c1-22bc904b61b1
el_for_eng:S0177L01U01	I definitely want to ask her	σίγουρα θα τη ρωτήσω	ecf1daef-8fe6-4cee-80d2-c542a3c3643a
el_for_eng:S0177L01U02	I'll ask her if it's true	θα τη ρωτήσω αν είναι αλήθεια	029e8fc0-f96a-4fb9-864e-7224d0e6fa09
el_for_eng:S0177L01U03	I think I'll ask her later on	νομίζω ότι θα τη ρωτήσω αργότερα	8891d57a-4dfd-46d3-8b06-33397506a2a7
el_for_eng:S0177L01U04	that's why I'll ask her tomorrow morning	γι'αυτό θα τη ρωτήσω αύριο το πρωί	9cfaeb71-5826-4a03-b34f-a49db9521840
el_for_eng:S0177L01U05	I'll ask her what you need to do	θα τη ρωτήσω τι χρειάζεται να κάνεις	d50a827c-eb61-43fa-a90f-c12920fd3dd4
el_for_eng:S0177L02B01	she wants to go	θέλει να πάει	ae18eb60-28c3-447d-9eba-0604c379b2f9
el_for_eng:S0177L02B02	she doesn't want to go	δεν θέλει να πάει	71a882d3-d195-47da-88be-553931a2566b
el_for_eng:S0177L02B03	where does she want to go?	πού θέλει να πάει;	8cf87ffb-144b-4956-b328-974497eb193e
el_for_eng:S0177L02C01	she wants	θέλει	3775655a-a549-4fdf-a351-53e7e9678acc
el_for_eng:S0177L02C02	she goes	πάει	adc7ac47-e9a1-440c-ab8d-10fe9d4a7f1d
el_for_eng:S0177L02U01	I'll ask her where she wants to go	θα τη ρωτήσω πού θέλει να πάει	7f590627-ea32-4465-9e8c-924d408cc27c
el_for_eng:S0177L02U02	I'm not sure where she wants to go	δεν είμαι σίγουρος πού θέλει να πάει	46ef6e7d-25c8-4f7b-9e84-4af372440e04
el_for_eng:S0177L02U03	I think she wants to go to a restaurant	νομίζω ότι θέλει να πάει σε εστιατόριο	0a3f1ca3-acef-41f2-98d2-d01b59e79367
el_for_eng:S0177L02U04	I know she wants to go tomorrow afternoon	ξέρω ότι θέλει να πάει αύριο το απόγευμα	4ba29797-6bc6-4109-82b3-b70787d3c30d
el_for_eng:S0177L02U05	I'll ask her if she wants to go on Saturday night	θα τη ρωτήσω αν θέλει να πάει το Σάββατο βράδυ	5dbee3d1-8a8c-4688-b372-cb23dc3ef348
el_for_eng:S0178L01B01	I had time	είχα χρόνο	6bf8378c-9274-451f-85dc-a6d7ea0e95fe
el_for_eng:S0178L01B02	I didn't have time	δεν είχα χρόνο	597c86cc-ebb6-461f-afba-d0c48d1c4393
el_for_eng:S0178L01B03	yes, I had something to do	ναι, είχα κάτι να κάνω	6cf0d1b9-90e5-4e72-b22c-ad400f4e3d46
el_for_eng:S0178L01U01	I didn't have time on Saturday	δεν είχα χρόνο το Σάββατο	77834554-8e3f-4f91-bba7-b6cdd3a10e8c
el_for_eng:S0178L01U02	I had an interesting book	είχα ένα ενδιαφέρον βιβλίο	0aba06a8-e703-42e6-bac7-2cdb0f7811b2
el_for_eng:S0178L01U03	I think I had something important	νομίζω ότι είχα κάτι σημαντικό	0bb0a925-0b7a-4d9c-ac8f-1dae47f4c1d6
el_for_eng:S0178L01U04	I'm sure I had time yesterday	είμαι σίγουρος ότι είχα χρόνο χτες	037263d8-c791-4881-8d6e-383aa2911346
el_for_eng:S0178L01U05	I didn't have time but I wanted to help	δεν είχα χρόνο αλλά ήθελα να βοηθήσω	12af0454-c527-4624-a0b2-e7f71af9a954
el_for_eng:S0178L02B01	although	αν και	7b7a349d-c848-4ec6-bf6a-3aef6fe86475
el_for_eng:S0178L02B02	although I don't know	αν και δεν ξέρω	23cd4f67-dd46-4b2b-a9f2-491cbd9c96e3
el_for_eng:S0178L02B03	although it's true	αν και είναι αλήθεια	c4a1905e-28d0-4b5f-9e88-11e805108a82
el_for_eng:S0178L02B04	although it's interesting	αν και είναι ενδιαφέρον	1dbabb51-9a03-437a-b917-7ef7048afb49
el_for_eng:S0178L02C01	and	και	a5c4e631-741d-4868-9365-a48b787e4e5a
el_for_eng:S0178L02U02	although it's not easy, I'm trying	αν και δεν είναι εύκολο, προσπαθώ να μάθω	3bdeead0-81ea-4d25-9469-cc08135c7afc
el_for_eng:S0178L02U03	although I'm not sure, I think it's true	αν και δεν είμαι σίγουρος, νομίζω ότι είναι αλήθεια	c997159b-9d5c-40ee-a389-8d54fde43863
el_for_eng:S0178L02U04	I'll ask him although I don't know if he can help	θα τον ρωτήσω αν και δεν ξέρω αν θα μπορέσει να βοηθήσει	b0fe1d08-f45f-4195-b8f7-7b4aa6e9c845
el_for_eng:S0178L02U05	I think it's interesting although it's not very helpful	νομίζω ότι είναι ενδιαφέρον αν και δεν είναι πολύ χρήσιμο	93467967-44c7-4fa6-9106-e5e8c3fc42ee
el_for_eng:S0178L03B01	I wanted to see you	ήθελα να σε δω	68a900ca-7cb2-4462-893f-cd6ad6f911d3
el_for_eng:S0178L03B02	I didn't want to see you	δεν ήθελα να σε δω	4a1ee51f-5dcd-490a-85a3-468c23d94db4
el_for_eng:S0178L03B03	I really wanted to see you	σίγουρα ήθελα να σε δω	52ec0e1e-17f0-4486-8021-731142fa9b6a
el_for_eng:S0178L03U01	I wanted to see you before you left	ήθελα να σε δω πριν φύγεις	cf7b5cc9-58bf-4abd-8ddf-c0d7db94e137
el_for_eng:S0178L03U02	I'm sure I wanted to see you	είμαι σίγουρος ότι ήθελα να σε δω	bc797403-50f5-4cbc-bfce-872189353c5b
el_for_eng:S0178L03U03	I wanted to see you although I didn't have time	ήθελα να σε δω αν και δεν είχα χρόνο	e33f0e00-5f1a-4e51-a45d-10ffba830cd0
el_for_eng:S0178L03U04	I didn't have time, although I wanted to see you	δεν είχα χρόνο, αν και ήθελα να σε δω	3a6c5728-06a9-4de3-85e8-53d43b1e3cce
el_for_eng:S0178L03U05	that's why I wanted to see you on Saturday night	γι'αυτό ήθελα να σε δω το Σάββατο βράδυ	eb356794-b7eb-402f-b918-d0127d810e2a
el_for_eng:S0179L01B01	what will you do?	τι θα κάνεις;	cd054667-6306-4697-ade2-2cc518d10bb1
el_for_eng:S0179L01B02	you'll do something	θα κάνεις κάτι	472a464e-100e-4e99-adb3-43dc8a3ef2af
el_for_eng:S0179L01B03	you won't do that	δεν θα κάνεις αυτό	c2f71b7e-1127-45e8-9bd6-4369fbf76e63
el_for_eng:S0179L01U01	I want to know what you'll do	θέλω να ξέρω τι θα κάνεις	6ea72723-21be-42e4-b169-984b136b96fb
el_for_eng:S0179L01U02	what will you do tomorrow afternoon?	τι θα κάνεις αύριο το απόγευμα;	ee2fb5bd-00ec-4831-b365-f83b424db9cf
el_for_eng:S0179L01U03	I'd like you to tell me what you'll do	θα ήθελα να μου πεις τι θα κάνεις	c76d44e4-c9bb-4ee3-9caa-3b2178522354
el_for_eng:S0179L01U04	I'm not sure what you'll do next year	δεν είμαι σίγουρος τι θα κάνεις τον επόμενο χρόνο	03107f3c-1c3d-442e-831f-cf10e9a7ed46
el_for_eng:S0179L01U05	can you tell me what you'll do on Saturday night?	μπορείς να μου πεις τι θα κάνεις το Σάββατο βράδυ;	ed79867d-e240-4364-a3f2-b3984ce64b79
el_for_eng:S0180L01B01	I'd like to read	θα ήθελα να διαβάσω	e618969d-3612-4144-9c5f-f72e44283267
el_for_eng:S0180L01B02	I'd like to read something	θα ήθελα να διαβάσω κάτι	a7255a14-2cf1-424b-a3fc-09e78fea3b1c
el_for_eng:S0180L01B03	I'd like to read something else	θα ήθελα να διαβάσω κάτι άλλο	6ee04238-54b7-4654-be10-fa1455c88126
el_for_eng:S0180L01U01	I'd like to read that book	θα ήθελα να διαβάσω αυτό το βιβλίο	6e4e7e12-4086-4759-8295-9f4fcaaf74c5
el_for_eng:S0180L01U02	I'd like to read something important	θα ήθελα να διαβάσω κάτι σημαντικό	feeb7f0d-ba82-442a-b759-aca035e7f370
el_for_eng:S0180L01U03	I'd like to read something interesting	θα ήθελα να διαβάσω κάτι ενδιαφέρον	25a0d375-7573-4922-b8d0-8677f6611f97
el_for_eng:S0180L01U04	I'd like to read although I don't have time	θα ήθελα να διαβάσω αν και δεν είχα χρόνο	c1acffb9-0145-479d-bb37-f6f7d82e1712
el_for_eng:S0180L01U05	I definitely want to read an interesting book	σίγουρα θα ήθελα να διαβάσω ένα ενδιαφέρον βιβλίο	ea5af650-1656-442a-857f-ee7f136f492b
el_for_eng:S0180L02B01	my book	το βιβλίο μου	93de0559-8de0-4ae0-8454-f6be9eae7a21
el_for_eng:S0180L02B02	I want you to look for my book	θέλω να ψάξεις το βιβλίο μου	4f18416b-daf9-4de3-8270-5c32e74f6d6e
el_for_eng:S0180L02B03	my book is interesting	το βιβλίο μου είναι ενδιαφέρον	9b4ff32c-1c80-4dbc-843d-0e98207bbcf9
el_for_eng:S0180L02U01	I'd like to read my book	θα ήθελα να διαβάσω το βιβλίο μου	b72fd3e8-86f2-4968-bc8e-f38d10386080
el_for_eng:S0180L02U02	can you give me my book?	μπορείς να μου δώσεις το βιβλίο μου;	e8003a90-5076-4f3d-8cc2-4bb0b98de32c
el_for_eng:S0180L02U03	I'm not sure where my book is	δεν είμαι σίγουρος πού είναι το βιβλίο μου	5bb241d3-6c31-4a27-9b18-7e8f55317ddf
el_for_eng:S0180L02U04	I think my book is very interesting	νομίζω ότι το βιβλίο μου είναι πολύ ενδιαφέρον	70f6400d-4281-4cda-a219-d09358465dc2
el_for_eng:S0180L02U05	I definitely want to read my book tonight	σίγουρα θα ήθελα να διαβάσω το βιβλίο μου απόψε	5a966ff0-b97f-4ddf-8df7-beee921458ca
el_for_eng:S0180L03B01	for a while	για λίγο	d9a6d1d1-b6c8-4dd9-bd11-52088c529383
el_for_eng:S0180L03B02	I want to wait for a while	θέλω να περιμένω για λίγο	c947f3d6-36fd-4c0d-a673-f9ae619bff75
el_for_eng:S0180L03B03	I'd like to read for a while	θα ήθελα να διαβάσω για λίγο	b8b23348-471d-4462-ade5-781ebcadb357
el_for_eng:S0180L03U01	I need to wait for a while	χρειάζεται να περιμένω για λίγο	bba505ea-f554-4aaa-b5dc-3112a8f37030
el_for_eng:S0180L03U02	I want to read for a while later on	θέλω να διαβάσω για λίγο αργότερα	989d0582-398c-46a2-9664-361e52392d6a
el_for_eng:S0180L03U03	I don't mind waiting for a while	δεν με πειράζει να περιμένω για λίγο	a0b867c1-72ad-4abb-b37f-d9e7bdd0dfe8
el_for_eng:S0180L03U04	I hope I can read for a while tomorrow morning	ελπίζω να διαβάσω για λίγο αύριο το πρωί	85bb7c0a-cec3-49b3-be83-9140d773dbff
el_for_eng:S0180L03U05	I'd like to read my book for a while	θα ήθελα να διαβάσω το βιβλίο μου για λίγο	0fbbb7d7-dc93-433f-a6f5-b48b0da02e47
el_for_eng:S0181L01B01	I have to	πρέπει να πάω	c64b4745-cab0-4766-9296-1e9a7c641e7e
el_for_eng:S0181L01B02	I don't have to go	δεν πρέπει να πάω	6f93e1be-543e-4c06-8463-ff792ad6300d
el_for_eng:S0181L01B03	I have to go tomorrow	πρέπει να πάω αύριο	3e37694b-3d60-4a64-beb3-d7f8ba089c92
el_for_eng:S0181L01C01	must	πρέπει	52436ce0-ae3d-4a29-ae7c-279e89f8e113
el_for_eng:S0181L01C02	I go	πάω	666ba9b7-e817-4452-b4e5-c4250556e53d
el_for_eng:S0181L01U01	I'm sorry but I have to go	λυπάμαι αλλά πρέπει να πάω	77502e6d-6177-44bc-ba24-78d6d47334be
el_for_eng:S0181L01U02	I have to go but I don't want to	πρέπει να πάω αλλά δεν θέλω	3fb6d359-4803-4a89-98a1-0e8ec1b1ec19
el_for_eng:S0181L01U03	I think I have to go now	νομίζω ότι πρέπει να πάω τώρα	a2d24573-580b-4601-b624-2104a0f959e9
el_for_eng:S0181L01U04	I have to go although I'd like to stay	πρέπει να πάω αν και θα ήθελα να περιμένω	39d3ae99-7c84-4622-8be5-864126044cd7
el_for_eng:S0181L01U05	I'm sure I have to go tomorrow morning	είμαι σίγουρος ότι πρέπει να πάω αύριο το πρωί	8307d12f-15dc-41f7-9428-683660fee8de
el_for_eng:S0181L02B01	my mother	τη μητέρα μου	9334f5bc-ca3f-40a9-901e-5f945c7c69c9
el_for_eng:S0181L02B02	I have to take my mother	πρέπει να πάω τη μητέρα μου	d5d14cbf-454d-4a0f-ad6f-c269033e42f7
el_for_eng:S0181L02B03	I want to help my mother	θέλω να βοηθήσω τη μητέρα μου	49871eb0-50ae-4a74-a96e-edf6e30649f9
el_for_eng:S0181L02U02	I'll ask my mother later on	θα τη ρωτήσω τη μητέρα μου αργότερα	5af79630-2b88-4dfc-b476-f2db2170fa3b
el_for_eng:S0181L02U03	I definitely want to help my mother	σίγουρα θέλω να βοηθήσω τη μητέρα μου	af9113a0-3cbf-495a-8efd-cf5213b4ff46
el_for_eng:S0181L02U04	I want to see my mother next month	θέλω να δω τη μητέρα μου τον επόμενο μήνα	813e8ed1-df44-4ad5-b784-037e77562f31
el_for_eng:S0181L02U05	I have to take my mother tomorrow afternoon	πρέπει να πάω τη μητέρα μου αύριο το απόγευμα	1ab0c6db-89b7-49f5-9b4a-f46072252da5
el_for_eng:S0181L03B01	to the doctor	στο γιατρό	3dfdc623-9129-498e-abff-b7d4f6c53069
el_for_eng:S0181L03B02	I have to go to the doctor	πρέπει να πάω στο γιατρό	e3d7a429-cc8f-48ec-b76e-cff7c8ff7563
el_for_eng:S0181L03B03	I have to take my mother to the doctor	πρέπει να πάω τη μητέρα μου στο γιατρό	b4a2d3ef-0d83-411f-8a56-180168e1e369
el_for_eng:S0181L03C01	doctor	γιατρό	34993cc3-5de3-400c-9048-363b8f104eea
el_for_eng:S0181L03U01	I have to go to the doctor tomorrow morning	πρέπει να πάω στο γιατρό αύριο το πρωί	b34139f2-6eea-4e22-a0bf-b143e27604bf
el_for_eng:S0181L03U02	I'll ask her if she wants to go to the doctor	θα τη ρωτήσω αν θέλει να πάει στο γιατρό	8f59b1e6-f07d-4b4d-b615-1749596c4acc
el_for_eng:S0181L03U04	but I have to take my mother to the doctor	αλλά πρέπει να πάω τη μητέρα μου στο γιατρό	bcf61381-481b-4596-8dee-595874838708
el_for_eng:S0181L03U05	I'm not sure if I have to go to the doctor	δεν είμαι σίγουρος αν πρέπει να πάω στο γιατρό	000d1c88-7cf8-4f16-8585-41c17f1cb9dc
el_for_eng:S0182L01B01	have you seen	έχεις δει	407e7fab-f864-43d5-9191-c72747c089e6
el_for_eng:S0182L01B02	you haven't seen	δεν έχεις δει	6573f47d-cf31-4ad3-885d-3549ca930a26
el_for_eng:S0182L01B03	have you seen that?	έχεις δει αυτό;	7bad3b70-e6db-48f1-82f7-56071cef664e
el_for_eng:S0182L01C01	you have	έχεις	321a55bc-24a9-441b-95d5-61b65cdc8e53
el_for_eng:S0182L01C02	seen	δει	d53818da-28f0-4e79-b688-fcbf11cf5dd6
el_for_eng:S0182L01U01	have you seen my mother?	έχεις δει τη μητέρα μου;	fd36b042-e55c-4c75-b33a-6c2a694ce81d
el_for_eng:S0182L01U02	have you seen that book?	έχεις δει αυτό το βιβλίο;	0e2ef3f9-a9a2-458d-9067-b97115e1e823
el_for_eng:S0182L01U03	I want to know if you've seen it	θέλω να ξέρω αν έχεις δει	8f295fe7-f70c-48dd-a297-199f92c2e640
el_for_eng:S0182L01U04	I'm not sure if you've seen it	δεν είμαι σίγουρος αν έχεις δει	873e0e6b-95d3-4130-9e2c-5ddd34e6d774
el_for_eng:S0182L01U05	I think you've seen something interesting	νομίζω ότι έχεις δει κάτι ενδιαφέρον	46a0e65e-6076-40e3-99d5-80078f20e6eb
el_for_eng:S0182L02B01	my keys	τα κλειδιά μου	ee3cd656-beb8-4dcc-ac62-42dc1ab4b963
el_for_eng:S0182L02B02	have you seen my keys?	έχεις δει τα κλειδιά μου;	0a6d8095-8b29-4a5d-b5bd-acfb8d85dfb6
el_for_eng:S0182L02B03	I want you to look for my keys	θέλω να ψάξεις τα κλειδιά μου	d9b9516e-d49e-41f4-8d12-1940da5c74e8
el_for_eng:S0182L02U01	I hope you can find my keys	ελπίζω να ψάξεις τα κλειδιά μου	67e942b1-7827-4cac-bc56-3916c0746b78
el_for_eng:S0182L02U02	I can't find my keys	δεν ξέρω πού είναι τα κλειδιά μου	9f42da08-7c09-4742-9e39-b1ac2e8e1b21
el_for_eng:S0182L02U03	I think I had my keys yesterday	νομίζω ότι είχα τα κλειδιά μου χτες	c3bf02ac-5af0-4257-be14-30d4bee19303
el_for_eng:S0182L02U04	can you give me my keys?	μπορείς να μου δώσεις τα κλειδιά μου;	96294742-747b-4ea5-bada-dd3db935a604
el_for_eng:S0182L02U05	I'm not sure where my keys are	δεν είμαι σίγουρος πού είναι τα κλειδιά μου	20c200bf-3e68-4823-8017-5f1ba72e06ab
el_for_eng:S0182L03B01	somewhere	κάπου	088fb44a-890a-4b23-8396-16b56d357691
el_for_eng:S0182L03B02	I think it's somewhere	νομίζω ότι είναι κάπου	729ad271-04ea-44bc-9e73-b413a9f4fe65
el_for_eng:S0182L03B03	I want to go somewhere tomorrow	θέλω να πάω κάπου αύριο	11d54422-9e85-43f1-acc6-c471f751a8b0
el_for_eng:S0182L03U02	have you seen my mother anywhere?	έχεις δει τη μητέρα μου κάπου;	f9e3a30f-8631-45cc-b35a-277321838dcc
el_for_eng:S0182L03U03	have you seen my keys anywhere?	έχεις δει τα κλειδιά μου κάπου;	8bec75bb-94e2-4ea1-983d-25336cc280ba
el_for_eng:S0182L03U04	I think my book is somewhere	νομίζω ότι το βιβλίο μου είναι κάπου	bacbbdcf-f5a8-4a31-ac0c-5eec620e3b6f
el_for_eng:S0182L03U05	I definitely want to go somewhere on Saturday night	σίγουρα θέλω να πάω κάπου το Σάββατο βράδυ	0e961d7d-6f7a-401d-bf3d-9cf3b5fc680b
el_for_eng:S0183L01B01	I'm afraid that	φοβάμαι ότι	f03ec27e-f9e4-47b6-9c13-acf110ca6035
el_for_eng:S0183L01B02	I'm afraid that I can't	φοβάμαι ότι δεν μπορώ	c0912105-57e6-4102-80d3-a7828b16ee25
el_for_eng:S0183L01B03	I'm afraid that it's true	φοβάμαι ότι είναι αλήθεια	a310d7f0-92d8-4f75-9d28-33a496e389c5
el_for_eng:S0183L01B04	no, I'm afraid that I don't know	όχι, φοβάμαι ότι δεν ξέρω	15b967bb-c1c8-4b47-af93-d0d72f535079
el_for_eng:S0183L01U02	I'm afraid that it's not easy	φοβάμαι ότι δεν είναι εύκολο	a4d268a2-72db-4b1e-acf0-d571d07c5eb4
el_for_eng:S0183L01U03	I'm afraid that I won't be able to come	φοβάμαι ότι δεν θα μπορέσω να έρθω	5d3a4807-0c39-44b7-baad-2be0d0d7b722
el_for_eng:S0183L01U04	I'm afraid that it's not very helpful	φοβάμαι ότι δεν είναι πολύ χρήσιμο	37b37c4f-e93d-418f-b79f-a7381c39967f
el_for_eng:S0183L01U05	I'm afraid that I have to go to the doctor	φοβάμαι ότι πρέπει να πάω στον γιατρό	fcc48473-37e6-438c-bc2c-2f85854f81e9
el_for_eng:S0183L02B01	I haven't seen them	δεν τα έχω δει	490cb4d6-f98c-4c73-aaf7-bd5ad57a3857
el_for_eng:S0183L02B03	I definitely haven't seen them	σίγουρα δεν τα έχω δει	6246fb1d-c7cc-4c62-be5b-44b4a1b35718
el_for_eng:S0183L02U02	no, I'm afraid I haven't seen them	όχι, φοβάμαι ότι δεν τα έχω δει	55ad7cd3-cd83-4f85-8443-2396ca3569ff
el_for_eng:S0183L02U04	I'm sure I haven't seen them	είμαι σίγουρος ότι δεν τα έχω δει	1d4c6b09-0fc5-43e7-a925-f6d1d5625cd7
el_for_eng:S0183L02U05	I think I haven't seen them but I'm not sure	νομίζω ότι δεν τα έχω δει αλλά δεν είμαι σίγουρος	09e6197c-abd3-4870-b21e-fb0f95e93f0e
el_for_eng:S0184L02B01	I saw them	τα είδα	aa5eb823-a111-4377-b079-b70659a77687
el_for_eng:S0184L02B02	I didn't see them	δεν τα είδα	25049b35-56af-45c9-8bab-215e5c0a7fbe
el_for_eng:S0184L02B03	I saw them yesterday	τα είδα χτες	9bfc6480-55c1-49c4-a78b-9a7a6c948154
el_for_eng:S0184L02C01	I saw	είδα	aced4754-46cc-4e43-904d-472b27537393
el_for_eng:S0184L02U01	yes, I definitely saw them	ναι, σίγουρα τα είδα	b538d24e-f6ae-4894-894a-6ffa3dd730f7
el_for_eng:S0184L02U02	I'm afraid that I didn't see them	φοβάμαι ότι δεν τα είδα	debd9b9e-6e6d-4970-a581-60e4f94ad29c
el_for_eng:S0184L02U03	I saw them but I don't know where	τα είδα αλλά δεν ξέρω πού	9d762ff1-0403-4c50-9518-a7d94ea497bc
el_for_eng:S0184L02U04	I saw them although I wasn't expecting it	τα είδα αν και δεν το περίμενα	e9785f7c-8295-4b48-9a94-e0b10ffa4549
el_for_eng:S0184L02U05	I think I saw them the last time	νομίζω ότι τα είδα την τελευταία φορά	d40ebce7-3180-4b83-87f5-7fdca5a91ead
el_for_eng:S0184L03B01	in the office	στο γραφείο	ef9f4e6c-6059-4a92-865f-494bad6767b1
el_for_eng:S0184L03B02	it was in the office	ήταν στο γραφείο	2689e11b-be7d-4423-846e-eec43b505e72
el_for_eng:S0184L03B03	I'm in the office	είμαι στο γραφείο	c3d1978e-f25d-41a8-a437-3bdddd21dbbc
el_for_eng:S0184L03C01	office	γραφείο	10a99c39-f9af-4591-91dd-d7cf54a4f08c
el_for_eng:S0184L03U01	I saw them in the office	τα είδα στο γραφείο	38369aca-5d13-45f1-9845-2f287b4a150b
el_for_eng:S0184L03U03	I have to go to the office tomorrow	πρέπει να πάω στο γραφείο αύριο	4d33c8fa-1d25-4e5e-b0d4-8ac3c5876646
el_for_eng:S0184L03U04	I'm afraid I can't come to the office	φοβάμαι ότι δεν μπορώ να έρθω στο γραφείο	32d6eb12-a1e6-47f6-b3af-d2f3ce8288f8
el_for_eng:S0184L03U05	I think I need to be in the office	νομίζω ότι χρειάζεται να είμαι στο γραφείο	e70d1f78-8b08-458b-8dec-f637bbca768a
el_for_eng:S0184L04B01	a while ago	πριν από λίγο	70c056cf-63f2-45dc-9c28-471ffde571b7
el_for_eng:S0184L04B02	I saw them a while ago	τα είδα πριν από λίγο	abe47101-07a2-4933-9cd8-ee69f2d9e470
el_for_eng:S0184L04B03	it was here a while ago	ήταν εδώ πριν από λίγο	75316768-2c8e-47a8-ba3a-ad05a5a60014
el_for_eng:S0184L04U01	a while ago it was easier	πριν από λίγο ήταν πιο εύκολο	a4af5e9b-8328-4a64-9f78-ae40757f5bbd
el_for_eng:S0184L04U02	it was in the office a while ago	ήταν στο γραφείο πριν από λίγο	8a15e750-8761-41e6-9c71-a916ec6f093d
el_for_eng:S0184L04U03	I'm afraid that it wasn't a while ago	φοβάμαι ότι δεν ήταν πριν από λίγο	3282d5ac-b8f3-4148-a5a6-584228d8da0e
el_for_eng:S0184L04U04	yes, I definitely saw them a while ago	ναι, σίγουρα τα είδα πριν από λίγο	56622edc-81c5-4d7d-a337-f1f142234b81
el_for_eng:S0184L04U05	I think I saw them a while ago in the office	νομίζω ότι τα είδα πριν από λίγο στο γραφείο	9fff47bc-5661-4a4f-a057-8e67c6772bdf
el_for_eng:S0185L02B01	you left them	τα άφησες	c2834789-90dc-4779-b5c1-16fe5da27112
el_for_eng:S0185L02B02	you left them here	τα άφησες εδώ	93de2b44-629a-4926-bc6c-185fbff4db3a
el_for_eng:S0185L02B03	you didn't leave them	δεν τα άφησες	bc4550bc-4593-47f3-8e37-76f9bb8f3e4a
el_for_eng:S0185L02C01	you left	άφησες	2133e1ba-ed84-46de-aad0-8167a8e4e51d
el_for_eng:S0185L02U01	I'm afraid that you left them somewhere	φοβάμαι ότι τα άφησες κάπου	7d4f39c1-350d-4ea4-98d6-ef2fa908549f
el_for_eng:S0185L02U02	I think that you left them in the office	νομίζω ότι τα άφησες στο γραφείο	2bd5226c-bb72-4f8d-b4ea-e0854880d53a
el_for_eng:S0185L02U03	I saw that you left them a while ago	είδα ότι τα άφησες πριν από λίγο	469bb498-a6b8-446e-bd1c-0a6b83a37112
el_for_eng:S0185L02U04	are you sure you left them here?	είσαι σίγουρος ότι τα άφησες εδώ;	9e77a590-9d45-4258-863f-a5faec9b9c68
el_for_eng:S0185L02U05	I know you left them but I don't know where	ξέρω ότι τα άφησες αλλά δεν ξέρω πού	f040f1ab-6106-4331-8f69-76fb2486306e
el_for_eng:S0185L03B01	at work	στη δουλειά	251e31e5-6ef4-4d6f-bda2-797f67d8f176
el_for_eng:S0185L03B02	I'm at work	είμαι στη δουλειά	8f344b81-4c7e-44a0-921f-75f81ce7ef03
el_for_eng:S0185L03B03	you left them at work	τα άφησες στη δουλειά	8a59dd34-2630-424a-88eb-4002c1327063
el_for_eng:S0185L03C01	work	δουλειά	b556364a-4df1-45c5-8ae1-30f7afea8436
el_for_eng:S0185L03U01	I need to go to work tomorrow	πρέπει να πάω στη δουλειά αύριο	fa2f3ced-4a11-4baf-9334-94ca214f58c6
el_for_eng:S0185L03U02	I think you left them at work	νομίζω ότι τα άφησες στη δουλειά	4371f16d-5702-4b16-b467-275b516d5aee
el_for_eng:S0185L03U03	I saw them at work a while ago	τα είδα στη δουλειά πριν από λίγο	f03ee5de-3de0-4eef-8b32-eaec4a217198
el_for_eng:S0185L03U04	it was at work the last time	ήταν στη δουλειά την τελευταία φορά	37c51e83-ac55-4a05-83e4-4f6944f479ee
el_for_eng:S0185L03U05	I'm afraid that I have to go to work	φοβάμαι ότι πρέπει να πάω στη δουλειά	fd1e5c46-9be4-4c20-b989-29b09540e760
el_for_eng:S0186L01B01	do you want us to talk	θέλεις να μιλήσουμε	a3644f9a-2a4c-4011-8107-f0cf82ca67f2
el_for_eng:S0186L01B02	do you want us to talk now?	θέλεις να μιλήσουμε τώρα;	a4637c33-de3c-4aae-a0e0-cb87a5224662
el_for_eng:S0186L01B03	I know you want us to talk	ξέρω ότι θέλεις να μιλήσουμε	fd01b6d4-aac3-4961-9c33-633b52a551a3
el_for_eng:S0186L01U01	I think you want us to talk	νομίζω ότι θέλεις να μιλήσουμε	1a046ff5-4b31-4520-b8ba-fd3ccb4be5a6
el_for_eng:S0186L01U02	do you want us to talk before you leave?	θέλεις να μιλήσουμε πριν φύγεις;	d625dd38-2274-436f-b593-4003feeae9cf
el_for_eng:S0186L01U03	do you want us to talk about it tomorrow?	θέλεις να μιλήσουμε για αυτό αύριο;	db6ad2f3-4fd8-4dfd-957e-baa6f68e821c
el_for_eng:S0186L01U04	I'm afraid you don't want us to talk	φοβάμαι ότι δεν θέλεις να μιλήσουμε	f5b11e1a-aa62-4acc-978f-5f87410fe3fb
el_for_eng:S0186L01U05	yes, I know you want us to talk at the office	ναι, ξέρω ότι θέλεις να μιλήσουμε στο γραφείο	397a42b1-c2ea-42f0-85a4-f94865768e7f
el_for_eng:S0186L02B01	about what?	για τι;	50093153-e84c-4d8e-92b8-bd17e3b48c4a
el_for_eng:S0186L02B02	about this	για αυτό	50908ab6-cee6-4132-a252-ca15cfa2361b
el_for_eng:S0186L02B03	about something	για κάτι	900db160-bcd2-4629-9208-0ea271dc41d5
el_for_eng:S0186L02U01	I want to talk about it	θέλω να μιλήσω για αυτό	4bc48fbd-3494-4f68-98cf-dbcca00a0719
el_for_eng:S0186L02U02	I think it was for this	νομίζω ότι ήταν για αυτό	f674ed15-c5bf-4b38-b633-6f4c466112bd
el_for_eng:S0186L02U03	do you want us to talk about it?	θέλεις να μιλήσουμε για αυτό;	b0a25927-962b-4913-8b6e-940be16ec8e9
el_for_eng:S0186L02U04	I think we need to talk about this	νομίζω ότι χρειάζεται να μιλήσουμε για αυτό	e26d1c37-a82c-4271-9cf1-7735f67c9bb0
el_for_eng:S0186L02U05	I'm afraid I can't talk about it now	φοβάμαι ότι δεν μπορώ να μιλήσω για αυτό τώρα	971d2b1b-bec4-4c63-978c-06dd3cddc7dd
el_for_eng:S0186L03B01	something	κάτι	1b75c3f1-c1b9-4d68-95ba-229af2d9a692
el_for_eng:S0186L03B02	about something	για κάτι	900db160-bcd2-4629-9208-0ea271dc41d5
el_for_eng:S0186L03B03	something else	κάτι άλλο	f411c01a-870a-42ff-964c-e7c0d45b1265
el_for_eng:S0186L03U01	I want to do something	θέλω να κάνω κάτι	adbcf620-052d-4900-8e6b-842a49c25c73
el_for_eng:S0186L03U02	can I ask you something?	μπορώ να σε ρωτήσω κάτι;	52f5f250-3078-46b0-a0f9-019aabb84a2b
el_for_eng:S0186L03U03	do you want us to talk about something?	θέλεις να μιλήσουμε για κάτι;	851e7943-7b3f-4797-bda2-c00e73ffe626
el_for_eng:S0186L03U04	I think you left something at work	νομίζω ότι άφησες κάτι στη δουλειά	62e5ab61-03a0-484d-9ee5-326bc5196752
el_for_eng:S0186L03U05	I saw something in the office a while ago	είδα κάτι στο γραφείο πριν από λίγο	7b194e5c-5bca-44e9-b539-ded89802d182
el_for_eng:S0186L04B01	something different	κάτι διαφορετικό	4b81e888-ba88-4d2f-ac39-c04b774632c2
el_for_eng:S0186L04B02	it's different	είναι διαφορετικό	201db037-bad2-499e-ae32-921eadb6f793
el_for_eng:S0186L04B03	something very different	κάτι πολύ διαφορετικό	0b60e27a-6900-4656-9cf6-353045aa3e13
el_for_eng:S0186L04U01	I think it's something different	νομίζω ότι είναι κάτι διαφορετικό	ba91b71b-e4d6-47f5-b161-bd5c921e976c
el_for_eng:S0186L04U02	I saw something different in the office	είδα κάτι διαφορετικό στο γραφείο	97f18ed1-f685-49fc-a4df-773287f59352
el_for_eng:S0186L04U03	I would like to do something different	θα ήθελα να κάνω κάτι διαφορετικό	0e0d9958-b5db-4c83-a15c-f61b2b04c907
el_for_eng:S0186L04U04	do you want to do something different tomorrow?	θέλεις να κάνεις κάτι διαφορετικό αύριο;	b444c967-e4fd-42a4-9daf-f015f8722105
el_for_eng:S0186L04U05	do you want us to talk about something different?	θέλεις να μιλήσουμε για κάτι διαφορετικό;	68ebecd6-d861-4c61-88e1-0d56c9ddbe08
el_for_eng:S0186L05B01	next week	την επόμενη εβδομάδα	322df491-d0bc-48be-ac6f-a010de1a0f10
el_for_eng:S0186L05B02	I'll come next week	θα έρθω την επόμενη εβδομάδα	b67f8c7e-32e3-4a92-a1ab-b8d88e90a682
el_for_eng:S0186L05B03	I think it's next week	νομίζω ότι είναι την επόμενη εβδομάδα	cbf281f2-fd85-46fe-9de6-9038816da8a9
el_for_eng:S0186L05U01	I'll be in the office next week	θα είμαι στο γραφείο την επόμενη εβδομάδα	a9a61d6a-dab1-42b5-9e6e-0c3c068ae7ca
el_for_eng:S0186L05U02	I have to go to work next week	πρέπει να πάω στη δουλειά την επόμενη εβδομάδα	a05681b2-f903-4735-bc74-d839fbabe6e4
el_for_eng:S0186L05U03	I'm afraid I can't come next week	φοβάμαι ότι δεν μπορώ να έρθω την επόμενη εβδομάδα	c76d4a67-d156-41b3-b30e-1f5845ac7624
el_for_eng:S0186L05U04	I think next week will be different	νομίζω ότι την επόμενη εβδομάδα θα είναι διαφορετικό	7d27ec21-015d-4229-ae61-5c4b482d4550
el_for_eng:S0186L05U05	do you want us to talk about something different next week?	θέλεις να μιλήσουμε για κάτι διαφορετικό την επόμενη εβδομάδα;	9d349e04-3171-4f21-853c-e58691314dfd
el_for_eng:S0187L03B01	so far	μέχρι στιγμής	75fa5150-87e8-41c4-b53b-ef626fad02ed
el_for_eng:S0187L03B02	it's going well so far	πάει καλά μέχρι στιγμής	cdd5d52b-9c9f-4617-b15d-ca8d7903b243
el_for_eng:S0187L03B03	so far I haven't seen them	μέχρι στιγμής δεν τα έχω δει	1972bf08-17fc-444d-883d-aae3dd2110ac
el_for_eng:S0187L03U01	I'm happy so far	είμαι χαρούμενος μέχρι στιγμής	efbc34fe-2c69-4838-bf88-ef342f53c082
el_for_eng:S0187L03U02	I'm doing better so far	τα πηγαίνω καλύτερα μέχρι στιγμής	7e2950bc-3b43-4f56-b07a-92a39a18f2a2
el_for_eng:S0187L03U03	I think everything is good so far	νομίζω ότι είναι καλά μέχρι στιγμής	8183d4bd-b53d-449d-81cd-24f01821a7e6
el_for_eng:S0187L03U04	I'm afraid that so far it hasn't been easy	φοβάμαι ότι μέχρι στιγμής δεν ήταν εύκολο	b30b16e7-64b4-4176-b4b7-c16a44e8b455
el_for_eng:S0187L03U05	I'm excited about this work	είμαι ενθουσιασμένος με το πώς πάει μέχρι στιγμής	e561bd78-97c2-4c9b-be5e-1ee0e612481e
el_for_eng:S0188L02B01	I don't know	δεν ξέρω	9bf6122c-740f-44c7-893d-6b15bc1174d6
el_for_eng:S0188L02B02	I don't want to	δεν θέλω	2963936d-5657-4aa7-ad8e-a87f3fab4b44
el_for_eng:S0188L02B03	it's not easy	δεν είναι εύκολο	efafac46-1734-47fb-a694-4465ef122390
el_for_eng:S0188L02U01	I definitely don't want to go	σίγουρα δεν θέλω να πάω	43325472-680a-48ba-a0ac-27f78e8e1cfd
el_for_eng:S0188L02U02	I'm afraid I don't have time	φοβάμαι ότι δεν έχω χρόνο	7a529933-7719-41b0-9ecf-7b43212c7655
el_for_eng:S0188L02U03	I don't think it's different	δεν νομίζω ότι είναι διαφορετικό	91c6072d-4e8c-48e1-8c85-69d503849ab7
el_for_eng:S0188L02U04	so I don't think it's interesting	οπότε δεν νομίζω ότι είναι ενδιαφέρον	80333600-388b-477e-8e3b-04553bbf5527
el_for_eng:S0188L02U05	so I don't need to go to the office	οπότε δεν χρειάζεται να πάω στο γραφείο	1f8c953c-246a-4d4f-b5e2-e056b15444fc
el_for_eng:S0188L03B01	I need to change	χρειάζεται να αλλάξω	f64fe078-9721-485c-b65d-5fede916f910
el_for_eng:S0188L03B02	I don't need to change	δεν χρειάζεται να αλλάξω	3bb81330-1ad5-4221-b653-35c69c33ea63
el_for_eng:S0188L03B03	I need to change something	χρειάζεται να αλλάξω κάτι	f12d72d9-e5c9-4742-8546-fb0e82388d60
el_for_eng:S0188L03U01	so I don't need to change	οπότε δεν χρειάζεται να αλλάξω	2f9bb586-2989-46bd-884b-9140daabf9b8
el_for_eng:S0188L03U02	I definitely need to change something at work	σίγουρα χρειάζεται να αλλάξω κάτι στη δουλειά	48ccaac7-cfde-464e-a165-695739c57274
el_for_eng:S0188L03U03	I'm happy so I don't need to change	είμαι χαρούμενος οπότε δεν χρειάζεται να αλλάξω	cb6e986c-7c99-4d6c-a655-a45d31aff644
el_for_eng:S0188L03U04	I think I need to change something different	νομίζω ότι χρειάζεται να αλλάξω κάτι διαφορετικό	76b5134c-d845-4f63-8e43-7bc64fa0798a
el_for_eng:S0188L03U05	I'm afraid I need to change it next week	φοβάμαι ότι χρειάζεται να αλλάξω αυτό την επόμενη εβδομάδα	de4e1f56-07a3-4feb-a3e5-980dc2b52a0b
el_for_eng:S0189L02U01	I think this is better	νομίζω ότι αυτή είναι καλύτερα	8c99ff7a-d7b1-4f82-93c7-e1e070391fca
el_for_eng:S0189L02U03	I'm happy because this is going well	είμαι χαρούμενος γιατί αυτή πάει καλά	b782ffcc-1fdd-4f2c-bb32-417bd900aa77
el_for_eng:S0189L02U04	I think this is what you left at work	νομίζω ότι αυτή τα άφησες στη δουλειά	5e2cdb5c-a169-4a68-ae12-4c1b0439e63b
el_for_eng:S0189L02U05	yes, this is definitely something different	ναι, αυτή σίγουρα είναι κάτι διαφορετικό	a89b12b8-d0e0-4bb7-b14d-f12569757cb4
el_for_eng:S0189L03B01	it is	είναι	aa88cef2-9abd-4d15-9326-70f4aa362746
el_for_eng:S0189L03B02	it's true	είναι αλήθεια	e685ae5e-a88f-4e34-8ac3-60b34b26fdf6
el_for_eng:S0189L03B03	it's not different	δεν είναι διαφορετικό	cb703105-164d-40fa-8198-35687cc100f8
el_for_eng:S0189L03U02	so it is different	οπότε είναι διαφορετικό	fdd4d1fc-cbd0-45b3-92aa-3f98a3861b59
el_for_eng:S0189L03U03	it's definitely interesting	σίγουρα είναι ενδιαφέρον	5c6784a4-050b-48aa-b6b1-142c38615206
el_for_eng:S0189L03U04	I think it's better now	νομίζω ότι είναι καλύτερα τώρα	2d1dff8a-4349-43f1-9dc7-d3c68778b6f0
el_for_eng:S0189L03U05	it's something different at work	είναι κάτι διαφορετικό στη δουλειά	6f82904a-351b-4bad-a374-a122741a8d62
el_for_eng:S0189L03U06	it's starting to be easier and that is good	αρχίζει να νιώθεται πιο εύκολο και αυτό είναι καλά	8ddaade1-c915-4e2f-b5c1-4862872a5156
el_for_eng:S0189L04B01	one time	μια φορά	a3ee500f-8ce5-4e82-877d-dc2977efafff
el_for_eng:S0189L04B02	a week	μια εβδομάδα	816152b7-c26a-42f1-bc31-4007a0e44c0e
el_for_eng:S0189L04B03	a conversation	μια συνομιλία	f7fda7f9-6392-451d-bee5-bb897993cee5
el_for_eng:S0189L04U01	I saw them a while ago one time	τα είδα πριν από λίγο μια φορά	e42a2c9b-4566-4c08-b4f9-0f60c89fb420
el_for_eng:S0189L04U02	so I need a conversation	οπότε χρειάζεται μια συνομιλία	e3cffcfe-488e-4071-ad6e-c2c80df8132d
el_for_eng:S0189L04U03	I definitely need a week	σίγουρα χρειάζεται μια εβδομάδα	fef89ed0-8046-4e36-890c-1659b0c5a431
el_for_eng:S0189L04U04	I need to have a conversation	χρειάζεται να κάνω μια συνομιλία	2d7f0af1-6306-487b-ad23-1a65b6ee155f
el_for_eng:S0189L04U05	I want to do something different for a week	θέλω να κάνω κάτι διαφορετικό για μια εβδομάδα	1feea419-930a-4aa5-b9c1-8508464d5785
el_for_eng:S0189L04U06	I would like to have a conversation next week	θα ήθελα να κάνω μια συνομιλία την επόμενη εβδομάδα	fc337e84-5eb2-4615-ac47-3daf3b65689d
el_for_eng:S0189L04U07	I think it's something very different in a week	νομίζω ότι είναι κάτι πολύ διαφορετικό σε μια εβδομάδα	b75d55a3-4054-47c0-b401-d7dafe18d96d
el_for_eng:S0189L05B01	good idea	καλή ιδέα	dbe6217f-519e-4717-af30-94884a60da51
el_for_eng:S0189L05B02	a good idea	μια καλή ιδέα	256fb062-757a-4707-aa45-0d5196fbfb67
el_for_eng:S0189L05B03	it's not a good idea	δεν είναι μια καλή ιδέα	3e9fd74c-32a6-452d-a32f-d2f93cf89d47
el_for_eng:S0189L05B04	that's a good idea	αυτή είναι μια καλή ιδέα	1fe94fda-3155-41c4-b494-2e365269b132
el_for_eng:S0189L05U01	I think this is a good idea	νομίζω ότι αυτή είναι μια καλή ιδέα	70e404c9-f872-4280-9f77-7d5e3f6833da
el_for_eng:S0189L05U02	I'm afraid it's not a good idea	φοβάμαι ότι δεν είναι μια καλή ιδέα	6f67c53f-6516-4ba9-aa8c-f80193e220ea
el_for_eng:S0189L05U03	a good idea is something different	μια καλή ιδέα είναι κάτι διαφορετικό	f3da76d8-1ac5-4b7a-923d-df18925ab0b8
el_for_eng:S0189L05U04	so I think it's a good idea	οπότε νομίζω ότι είναι μια καλή ιδέα	819cd40d-c9ce-4d05-aeda-165ed881f6c2
el_for_eng:S0189L05U05	yes, I definitely think it's a good idea	ναι, σίγουρα νομίζω ότι είναι μια καλή ιδέα	ac260253-704a-40d7-8a61-21cb8571b720
el_for_eng:S0190L01B01	do you mind if	σε πειράζει αν	46374cfa-78cb-4572-92e6-43dd849d1dbb
el_for_eng:S0190L01B02	do you mind if I go?	σε πειράζει αν πάω;	6a7277f9-3aa3-4630-aeea-f8a410ee16ab
el_for_eng:S0190L01B03	do you mind if I come?	σε πειράζει αν έρθω;	26424763-992d-40f9-942a-61adcee59f41
el_for_eng:S0190L01B04	do you mind if I do this?	σε πειράζει αν κάνω αυτό;	005d5672-9ae0-499c-9e5f-d6f2916dd1b6
el_for_eng:S0190L01U01	do you mind if I change something?	σε πειράζει αν αλλάξω κάτι;	ea529801-be62-4d14-a374-8cf0a40953bf
el_for_eng:S0190L01U02	do you mind if I read a little?	σε πειράζει αν διαβάσω λίγο;	683f35aa-17d6-4f7b-b823-cc83dcb737a9
el_for_eng:S0190L01U03	do you mind if I go to the office?	σε πειράζει αν πάω στο γραφείο;	284975eb-a7f1-4f9c-afce-ab3fb541fc2b
el_for_eng:S0190L01U04	do you mind if I come next week?	σε πειράζει αν έρθω την επόμενη εβδομάδα;	c4b42743-59d3-498f-9a24-c95b3117d1d8
el_for_eng:S0190L01U05	do you mind if we talk about something different?	σε πειράζει αν μιλήσουμε για κάτι διαφορετικό;	0457ec3a-20ef-4d1a-9776-6c32aa4a796f
el_for_eng:S0190L02B01	I ask you	σε ρωτήσω	e4f91fa7-c976-47ae-9e84-2cb0276f0d1d
el_for_eng:S0190L02B02	can I ask you?	μπορώ να σε ρωτήσω;	58e83994-e303-49ed-98c5-b604bda93477
el_for_eng:S0190L02B03	can I ask you something?	μπορώ να σε ρωτήσω κάτι;	52f5f250-3078-46b0-a0f9-019aabb84a2b
el_for_eng:S0190L02B04	do you mind if I ask you?	σε πειράζει αν σε ρωτήσω;	331afc47-d249-4a54-8e97-97227a7e2061
el_for_eng:S0190L02C01	I ask	ρωτήσω	70eb37dc-46f8-422e-ad47-25e6a95f289f
el_for_eng:S0190L02U01	I would like to ask you about this	θα ήθελα να σε ρωτήσω για αυτό	c070cafa-8cc4-49a3-b2c8-2ab2cd04282f
el_for_eng:S0190L02U02	I think I need to ask you	νομίζω ότι χρειάζεται να σε ρωτήσω	d55129df-897a-4b16-9e71-b8e1ba5f9855
el_for_eng:S0190L02U03	I need to ask you before you leave	χρειάζεται να σε ρωτήσω πριν φύγεις	6b66601e-df81-48cc-8ff2-43f4e2ee91e7
el_for_eng:S0190L02U04	can I ask you something about work?	μπορώ να σε ρωτήσω κάτι για τη δουλειά;	4e687078-1edc-42b7-ab18-d6ed92357d4e
el_for_eng:S0190L02U05	do you mind if I ask you something different?	σε πειράζει αν σε ρωτήσω κάτι διαφορετικό;	de8348b6-f94b-4116-90f0-ea3380fdd1c1
el_for_eng:S0190L03B01	I have some	έχω μερικές	faff306e-d6af-4dbe-9036-d8cda0f4b27b
el_for_eng:S0190L03B02	I saw some	είδα μερικές	526a5d7d-9b7f-46e5-92e6-a80e5b2151f3
el_for_eng:S0190L03B03	some are here	μερικές είναι εδώ	baf7a0fc-82b0-489e-a1f0-e636e1e5172f
el_for_eng:S0190L03U01	you left some at work	άφησες μερικές στη δουλειά	4cb25be6-7c1f-4d76-9442-45d813153388
el_for_eng:S0190L03U02	I'm afraid I don't have some	φοβάμαι ότι δεν έχω μερικές	b59c0d87-ebd1-495f-a95d-9f50f01eadc7
el_for_eng:S0190L03U03	I think I have some at work	νομίζω ότι έχω μερικές στη δουλειά	88bd3130-d95a-4eb0-ae09-16e3367d5fb4
el_for_eng:S0190L03U04	I saw some in the office a while ago	είδα μερικές στο γραφείο πριν από λίγο	0858c80a-1ca0-4ec9-93b8-652a78338b96
el_for_eng:S0190L03U05	so I have some for next week	οπότε έχω μερικές για την επόμενη εβδομάδα	3091b7f5-ee71-4f60-9076-a2ef0f7b2d37
el_for_eng:S0190L04B01	I have questions	έχω ερωτήσεις	7487f1d2-6c6a-44a8-ad5c-a619b70fab7a
el_for_eng:S0190L04B02	some questions	μερικές ερωτήσεις	e0708b2f-8e8f-4477-b6b1-2ac7a732801b
el_for_eng:S0190L04B03	questions about this	ερωτήσεις για αυτό	00536440-8169-48bd-96b6-874cdefa0da0
el_for_eng:S0190L04U01	I'm afraid I have some questions	φοβάμαι ότι έχω μερικές ερωτήσεις	474cd3c6-0194-4736-a348-1aac50b492f0
el_for_eng:S0190L04U02	I think there are some questions	νομίζω ότι είναι μερικές ερωτήσεις	59f4ee0f-a125-40e1-b058-337e0e56af36
el_for_eng:S0190L04U03	I have some questions about work	έχω μερικές ερωτήσεις για τη δουλειά	cebbe202-5e86-45db-848a-13db2f90df6f
el_for_eng:S0190L04U04	do you mind if I ask you some questions about this?	σε πειράζει αν σε ρωτήσω μερικές ερωτήσεις για αυτό;	48bda4ad-cd16-4fa2-b786-27e6436032a3
el_for_eng:S0190L04U05	I definitely have some questions for next week	σίγουρα έχω μερικές ερωτήσεις για την επόμενη εβδομάδα	90be3aae-7851-4fed-918b-7d1af8456977
el_for_eng:S0191L02B01	it doesn't bother me	δεν με πειράζει	8e2428d0-c718-4229-a80e-696c150499bb
el_for_eng:S0191L02B02	no, I don't mind	όχι, δεν με πειράζει	aadf8198-2ed8-4fc3-b43c-84a77f1de2c7
el_for_eng:S0191L02B03	I really don't mind	σίγουρα δεν με πειράζει	5afeaf46-e03c-457e-a024-05468b94833b
el_for_eng:S0191L02C01	it bothers	πειράζει	2518c6c5-747b-4b20-8f7e-f9839307e9a7
el_for_eng:S0191L02U02	no, I definitely don't mind	όχι, σίγουρα δεν με πειράζει	98c488b6-c015-48bf-8268-63028e4ee136
el_for_eng:S0191L02U03	I don't mind because I'm happy	δεν με πειράζει γιατί είμαι χαρούμενος	d07808ac-3542-41dd-acfd-d6eac74fb9fc
el_for_eng:S0191L02U04	I don't mind, so it's a good idea	δεν με πειράζει, οπότε είναι καλή ιδέα	dc4aaa78-b50d-4360-a0b3-9fd80354c05f
el_for_eng:S0191L02U05	I don't mind but I have some questions	δεν με πειράζει αλλά έχω μερικές ερωτήσεις	4834ead0-99a7-4734-8e6c-86d552b5e093
el_for_eng:S0191L03B01	not at all	δεν πειράζει καθόλου	05cffbec-5757-437b-b76c-0236974435d3
el_for_eng:S0191L03B02	I don't mind at all	δεν με πειράζει καθόλου	107d47c8-4827-4b8b-8902-e8212ed1510c
el_for_eng:S0191L03B03	it's not difficult at all	δεν είναι δύσκολο καθόλου	ea957198-ceae-49f0-aa8c-50f9225f00ba
el_for_eng:S0191L03U01	I'm not excited at all	δεν είμαι ενθουσιασμένος καθόλου	0ff1eae0-dddf-47d3-82aa-3c17fb5a54bc
el_for_eng:S0191L03U02	no, it's not different at all	όχι, δεν είναι διαφορετικό καθόλου	2b245416-96ae-4d19-9dee-e080de70f797
el_for_eng:S0191L03U03	I'm not happy at all about this	δεν είμαι χαρούμενος καθόλου για αυτό	e2794e9d-071f-4a39-9f1e-98e1f55bdf34
el_for_eng:S0191L03U04	I don't mind at all, it's a good idea	δεν με πειράζει καθόλου, είναι καλή ιδέα	acf85431-391a-4075-a15c-8d944e41da10
el_for_eng:S0191L03U05	it wasn't easy at all the last time	δεν ήταν εύκολο καθόλου την τελευταία φορά	52921fe7-1385-431a-93fb-42191cb7a23c
el_for_eng:S0192L02B01	I'm busy	είμαι απασχολημένος	e8a8825a-2f08-4547-8e70-e1c28ea39dbb
el_for_eng:S0192L02B02	I'm not busy	δεν είμαι απασχολημένος	a72a3397-6183-4e1d-a8c3-c522e77e66ee
el_for_eng:S0192L02B03	I'm very busy	είμαι πολύ απασχολημένος	baa06bc2-0815-4f40-97a1-66dc672591f6
el_for_eng:S0192L02U01	no, I'm definitely not busy	όχι, σίγουρα δεν είμαι απασχολημένος	f57fa610-83db-4765-98d9-b953e7411133
el_for_eng:S0192L02U02	I'm busy but it's a good idea	είμαι απασχολημένος αλλά είναι καλή ιδέα	5f305c77-acb5-41b3-871d-029b09fc4b83
el_for_eng:S0192L02U03	I think I'm busy at work	νομίζω ότι είμαι απασχολημένος στη δουλειά	a3637bbc-5062-464e-9fb4-6c60a56cc051
el_for_eng:S0192L02U04	I'm busy so I don't mind at all	είμαι απασχολημένος οπότε δεν με πειράζει καθόλου	f6e7f905-d581-42de-a269-cdd8e2e698b6
el_for_eng:S0192L02U05	I'm afraid I'm busy next week	φοβάμαι ότι είμαι απασχολημένος την επόμενη εβδομάδα	d5507f6f-61db-4c17-bb3d-0444ba8fe5be
el_for_eng:S0192L03B01	tomorrow night	αύριο το βράδυ	add7eaf0-d3ed-44e9-9470-3dae40887a30
el_for_eng:S0192L03B02	I'll come tomorrow night	θα έρθω αύριο το βράδυ	a959e2f2-296b-47dc-8b35-560c275ec63d
el_for_eng:S0192L03B03	I'm busy tomorrow night	είμαι απασχολημένος αύριο το βράδυ	4457e7ff-6fb6-4239-ab83-54927d6fb82b
el_for_eng:S0192L03U01	do you mind if I come tomorrow night?	σε πειράζει αν έρθω αύριο το βράδυ;	253c5022-5ba5-4075-a227-0425e2aabc7d
el_for_eng:S0192L03U02	do you want us to talk tomorrow night?	θέλεις να μιλήσουμε αύριο το βράδυ;	a073253e-d955-4c50-a8d9-05f193997246
el_for_eng:S0192L03U03	I think tomorrow night is a good idea	νομίζω ότι αύριο το βράδυ είναι καλή ιδέα	6a83cb37-a0a5-4442-8066-4b725ad9d9f4
el_for_eng:S0192L03U04	I'm afraid I'm busy tomorrow night	φοβάμαι ότι είμαι απασχολημένος αύριο το βράδυ	db6b833a-c4a4-4687-a65c-0f8cc8696c79
el_for_eng:S0192L03U05	I saw them in the office and I'll be there tomorrow night	τα είδα στο γραφείο και θα είμαι εκεί αύριο το βράδυ	65764bd3-7a8f-4af9-a118-1f2fe42914ef
el_for_eng:S0193L01B01	I'm sorry	λυπάμαι	27ea302c-b45d-4a6f-969b-06147ece3f45
el_for_eng:S0193L01B02	I'm sorry about this	λυπάμαι για αυτό	e7c405e4-c491-4213-abde-8e6c4628e8a1
el_for_eng:S0193L01B03	I'm sorry but I can't	λυπάμαι αλλά δεν μπορώ	f1bd7e35-edc8-453b-82af-ff692dcf281c
el_for_eng:S0193L01U01	I'm sorry, I don't mind at all	λυπάμαι, δεν με πειράζει καθόλου	17cad3e6-35c4-477b-aa6e-1a3fcca92023
el_for_eng:S0193L01U02	I'm sorry but I have some questions	λυπάμαι αλλά έχω μερικές ερωτήσεις	dceaa806-ccf4-4325-ad41-3c028396d34c
el_for_eng:S0193L01U03	I'm sorry, I'm afraid I can't come	λυπάμαι, φοβάμαι ότι δεν μπορώ να έρθω	9831aade-7aaf-49a9-80c3-964cbb4dc150
el_for_eng:S0193L01U04	I'm sorry, I think it's something different	λυπάμαι, νομίζω ότι είναι κάτι διαφορετικό	3b6cc39f-85ba-44fd-a3b5-23cadfcb1d2d
el_for_eng:S0193L01U05	I'm sorry but I'm busy tomorrow night	λυπάμαι αλλά είμαι απασχολημένος αύριο βράδυ	904c9f3e-242f-485e-b778-2f19230a9df9
el_for_eng:S0193L03B01	very interesting	πολύ ενδιαφέρον	5f71f614-960c-406c-974a-8ca2e7ab49f3
el_for_eng:S0193L03B02	very different	πολύ διαφορετικό	8f517d0f-60f5-4373-8166-7074ce41c01f
el_for_eng:S0193L03B03	very busy	πολύ απασχολημένος	921a3095-4bbe-4e3d-963b-477b24b4c446
el_for_eng:S0193L03U02	I'm very happy so far	είμαι πολύ χαρούμενος	8ed45261-6eda-4a20-9b53-7ed865c37bc3
el_for_eng:S0193L03U03	it's very different from what I was expecting	είναι πολύ διαφορετικό από αυτό	f5e4cb83-d7cf-41a1-9aff-e7a17eb044ca
el_for_eng:S0193L03U04	I think this is a very good idea	νομίζω ότι αυτή είναι πολύ καλή ιδέα	6578a33d-fe18-430a-bb30-1c9bab445485
el_for_eng:S0193L03U05	I'm sorry but I'm too busy at work	λυπάμαι αλλά είμαι πολύ απασχολημένος στη δουλειά	4c79bc2c-668f-4ca6-9b1c-bef7d8268dfc
el_for_eng:S0193L04B01	today	σήμερα	9803b1bf-14e4-49d1-a5bb-524a46fef3e9
el_for_eng:S0193L04B02	today is different	σήμερα είναι διαφορετικό	25c853fa-8649-46ad-9684-4dae5cbc5360
el_for_eng:S0193L04B03	I'm busy today	είμαι απασχολημένος σήμερα	9ec725d7-99ba-4d7a-b199-9544e99a6a1b
el_for_eng:S0193L04U01	I saw them at work today	τα είδα στη δουλειά σήμερα	066a4310-fe46-4825-a1c8-874bce5eed0f
el_for_eng:S0193L04U02	do you mind if we talk today?	σε πειράζει αν μιλήσουμε σήμερα;	66ffd4e9-e259-4052-bea3-011ef1d953b7
el_for_eng:S0193L04U03	I have to go to the office today	πρέπει να πάω στο γραφείο σήμερα	d22a869c-66b6-478f-91ec-ac97c1fb2823
el_for_eng:S0193L04U04	I think today is a good idea	νομίζω ότι σήμερα είναι καλή ιδέα	7d5b4236-2708-44c5-bb17-a1e4aa286f80
el_for_eng:S0193L04U05	I'm sorry but I'm too busy today	λυπάμαι αλλά είμαι πολύ απασχολημένος σήμερα	0fb8d38f-3f94-441b-b627-ad935a5bdfc3
el_for_eng:S0194L01B01	what?	τι;	2151d2eb-445a-48a2-b2c2-bb3b5a8e8f8c
el_for_eng:S0194L01B02	what is it?	τι είναι;	345f3bf2-33a3-4af2-a00e-9a60e6b3b2b6
el_for_eng:S0194L01B03	what do you want?	τι θέλεις;	9896aa3b-e8c9-4ce6-a36b-e50649312472
el_for_eng:S0194L01U01	what is a good idea?	τι είναι καλή ιδέα;	9df68354-5f83-4a07-bbc9-d9fb9a8c3e7c
el_for_eng:S0194L01U02	what do you think about this?	τι νομίζεις για αυτό;	a2e24fac-50cf-4bd9-9004-92ab3d6c0482
el_for_eng:S0194L01U04	what do you want us to talk about?	τι θέλεις να μιλήσουμε;	d4860ec8-d9f4-4c5a-8976-1f00ded55c77
el_for_eng:S0194L01U05	I don't know what is different	δεν ξέρω τι είναι διαφορετικό	b6f52d6d-04ab-4ce3-8722-091db76fbce9
el_for_eng:S0194L02B01	what are you looking for?	τι ψάχνεις;	202beac8-112d-45f4-97a3-c277ba88d02f
el_for_eng:S0194L02B02	you're looking for something	ψάχνεις κάτι	84464239-df4a-4359-afa3-ef90607def98
el_for_eng:S0194L02B03	I know you're looking for something	ξέρω ότι ψάχνεις κάτι	538bf9c1-aec4-4b41-b11c-c0f9167aedfa
el_for_eng:S0194L02U01	what are you looking for at work?	τι ψάχνεις στη δουλειά;	c4605efd-80b9-4ab1-a74f-e2be7d18d1a9
el_for_eng:S0194L02U02	you're looking for something different	ψάχνεις κάτι διαφορετικό	67d94927-a863-4173-a011-6bb35e68df17
el_for_eng:S0194L02U03	I'm sorry, I don't know what you're looking for	λυπάμαι, δεν ξέρω τι ψάχνεις	74d2ad1a-0b0b-4733-bee7-4e36c8af50a4
el_for_eng:S0194L02U04	do you mind if I ask what you're looking for?	σε πειράζει αν ρωτήσω τι ψάχνεις;	04fabe56-aa6a-48b4-abf7-db26f2b09a82
el_for_eng:S0194L02U05	I think you're looking for something at the office	νομίζω ότι ψάχνεις κάτι στο γραφείο	d039bcca-4cb7-445a-91eb-d12fcea594a6
el_for_eng:S0195L01B01	I'm trying to find	προσπαθώ να βρω	a90779a3-1252-481b-a168-32cb92b511b5
el_for_eng:S0195L01B02	I'm trying to find something	προσπαθώ να βρω κάτι	bce8d182-0a8c-4aa4-aa33-2008b6224945
el_for_eng:S0195L01B03	I'm trying to find what you're looking for	προσπαθώ να βρω τι ψάχνεις	78adbdee-7270-4a99-8dd2-e9b8ae45de2d
el_for_eng:S0195L01U01	I'm trying to find something different	προσπαθώ να βρω κάτι διαφορετικό	6b9db0fb-d0f7-48f4-ad8d-064e90494e4c
el_for_eng:S0195L01U02	I'm trying to find it at work	προσπαθώ να βρω αυτό στη δουλειά	b636cda4-6b60-4e11-b28f-c8b0dd4d4267
el_for_eng:S0195L01U03	I'm trying to find it in the office	προσπαθώ να βρω αυτό στο γραφείο	80607d73-da60-4fcc-a3a4-17b546683edc
el_for_eng:S0195L01U04	I'm sorry but I'm trying to find something	λυπάμαι αλλά προσπαθώ να βρω κάτι	2e630850-d10e-4621-8911-1b8fa131aace
el_for_eng:S0195L01U05	I think I'm trying to find something at work	νομίζω ότι προσπαθώ να βρω κάτι στη δουλειά	b8290a8f-a459-4482-9119-7f31480d25af
el_for_eng:S0195L02B01	the money	τα χρήματα	fd6264d0-0f23-4008-9020-9f22c040d6dc
el_for_eng:S0195L02B02	I don't have the money	δεν έχω τα χρήματα	59627b49-b802-4ce6-b526-03104483373d
el_for_eng:S0195L02B03	what are you looking for? The money?	τι ψάχνεις; τα χρήματα;	25b484cb-a326-40b5-9d62-af7fd83fa256
el_for_eng:S0195L02C01	money	χρήματα	ace9c4dc-d670-4633-a786-39177476f20e
el_for_eng:S0195L02U01	I'm trying to find the money	προσπαθώ να βρω τα χρήματα	f4654e6d-0cb2-4578-9cc0-b97d2af0748e
el_for_eng:S0195L02U02	I saw the money a while ago	είδα τα χρήματα πριν από λίγο	7045b21f-d108-4356-a215-f8812159990f
el_for_eng:S0195L02U03	I'm afraid I don't have the money	φοβάμαι ότι δεν έχω τα χρήματα	1c3f92e9-982e-4862-8427-fb6b5a5fd740
el_for_eng:S0195L02U04	I'm trying to find the money at work	προσπαθώ να βρω τα χρήματα στη δουλειά	d10b0de4-a5e1-4755-a4bc-c154e93dbec7
el_for_eng:S0195L02U05	I think the money is in the office	νομίζω ότι τα χρήματα είναι στο γραφείο	2558c9de-93f6-4149-880f-a5bf5e3c5e9d
el_for_eng:S0195L03B01	the money that I have	τα χρήματα που έχω	1743f897-f95a-47ea-9ef3-c427e211edb5
el_for_eng:S0195L03B02	the one that is here	αυτό που είναι εδώ	d68b1192-5cd8-41a0-862d-351a2b1a6e75
el_for_eng:S0195L03U01	something that I saw in the office	κάτι που είδα στο γραφείο	8ae15710-9540-4918-ab95-fa49491ad457
el_for_eng:S0195L03U02	something that is different	κάτι που είναι διαφορετικό	ec2ab9ee-7769-4045-9774-90c855bb8fc8
el_for_eng:S0195L03U03	I don't know what it is that you're looking for	δεν ξέρω τι είναι που ψάχνεις	5211cdd0-45ed-4bb1-85f5-8ab96e6ea2b2
el_for_eng:S0195L03U04	I'm trying to find the money that I have	προσπαθώ να βρω τα χρήματα που έχω	976c5e28-7078-40ca-a489-e1c5b8280797
el_for_eng:S0195L04B01	I left it	το άφησα	27cdec2e-ede0-49ca-9dab-c04e3fc2f3d8
el_for_eng:S0195L04B02	I left something here	άφησα κάτι εδώ	1b20639c-a985-4100-b026-04c7157bb936
el_for_eng:S0195L04B03	I left the money	άφησα τα χρήματα	b2223835-409e-4b9d-8348-96d7596167ba
el_for_eng:S0195L04U01	I left it but I don't know where	το άφησα αλλά δεν ξέρω πού	405ba04a-a021-4c0e-9669-51064b81ef3f
el_for_eng:S0195L04U02	I left the money at work	άφησα τα χρήματα στη δουλειά	3fa5e887-8d44-4daf-a7e6-c6e89f2f0d25
el_for_eng:S0195L04U03	I left something that I'm trying to find	άφησα κάτι που προσπαθώ να βρω	08ec9860-6762-4c77-a7f3-18980383f187
el_for_eng:S0195L04U04	I'm afraid I left it in the office	φοβάμαι ότι το άφησα στο γραφείο	e44c19a7-d77f-4920-871f-8c666ce12161
el_for_eng:S0195L04U05	I think I left something a while ago	νομίζω ότι άφησα κάτι πριν από λίγο	a288a083-f0a6-45fc-974c-68a3184e0187
el_for_eng:S0195L05B01	on the table	στο τραπέζι	861af49e-c5f8-4a36-906f-aab55bd5621b
el_for_eng:S0195L05B02	it's on the table	είναι στο τραπέζι	e13c0e7a-e2a5-4c42-b4d1-6d00a86c376d
el_for_eng:S0195L05B03	what is on the table?	τι είναι στο τραπέζι;	28cf64b3-0e57-452c-a9fa-161ae8134f01
el_for_eng:S0195L05C01	table	τραπέζι	ec729bd6-4ed7-4c8b-b4b3-42a8dc18c9b5
el_for_eng:S0195L05U01	I left the money on the table	άφησα τα χρήματα στο τραπέζι	9e40d507-b3f7-417c-bf49-ef1f0cb25215
el_for_eng:S0195L05U02	I left the keys on the table	άφησα τα κλειδιά στο τραπέζι	cdd38394-59d2-4e43-8896-7d28c92a3d7e
el_for_eng:S0195L05U03	I think I left something on the table	νομίζω ότι άφησα κάτι στο τραπέζι	558f6b37-3bd8-4128-b1df-f81c8a936cdf
el_for_eng:S0195L05U04	I saw the money on the table a while ago	είδα τα χρήματα στο τραπέζι πριν από λίγο	0dea202a-18f4-461b-b34a-da83c9dafcbc
el_for_eng:S0195L05U05	I'm trying to find the money I left on the table	προσπαθώ να βρω τα χρήματα που άφησα στο τραπέζι	2cc0340a-fe54-42d5-b92e-51ec8bada30f
el_for_eng:S0196L01B01	have you heard	έχεις ακούσει	3de8e95f-d4ec-4c38-9642-8e3491d1d4ff
el_for_eng:S0196L01B02	have you heard about this?	έχεις ακούσει για αυτό;	4ce615c0-58d9-48e0-8757-319b0ace017d
el_for_eng:S0196L01B03	I know you have heard	ξέρω ότι έχεις ακούσει	15216815-fe5d-4c62-8cfe-cd804d4dbb6a
el_for_eng:S0196L01U01	have you heard what I left on the table?	έχεις ακούσει τι άφησα στο τραπέζι;	de518a48-e1ba-4892-8e3d-173003da0adf
el_for_eng:S0196L01U02	have you heard about something different?	έχεις ακούσει για κάτι διαφορετικό;	937758e9-61e5-4e99-bc71-f6a34d875040
el_for_eng:S0196L01U04	I'm sure you have heard about it	είμαι σίγουρος ότι έχεις ακούσει για αυτό	4f40b795-516e-4f54-ae68-477d1ef8b8cc
el_for_eng:S0196L01U05	I think you have heard about this at work	νομίζω ότι έχεις ακούσει για αυτό στη δουλειά	d6bae53a-7621-4e41-8977-64672d4844f5
el_for_eng:S0196L02B01	the latest idea	την πιο πρόσφατη ιδέα	5c9736d1-d45a-4d47-808a-9d2b334094df
el_for_eng:S0196L02B02	I know the latest idea	ξέρω την πιο πρόσφατη ιδέα	b1f15f1e-01df-4425-9f12-341fbff52b51
el_for_eng:S0196L02B03	have you heard the latest idea?	έχεις ακούσει την πιο πρόσφατη ιδέα;	b009d7b3-640a-4e99-97cf-271c28e637d1
el_for_eng:S0196L02U01	I'm trying to find the latest idea	προσπαθώ να βρω την πιο πρόσφατη ιδέα	dd6adf40-31eb-4a4f-8cf1-6e0ed88f0fdf
el_for_eng:S0196L02U02	I left the latest idea on the table	άφησα την πιο πρόσφατη ιδέα στο τραπέζι	444d916d-76c5-46be-95a7-9dbf64580ec4
el_for_eng:S0196L02U03	I'm sorry but I don't know the latest idea	λυπάμαι αλλά δεν ξέρω την πιο πρόσφατη ιδέα	49ed52b0-3623-4f3d-972b-50cca770f547
el_for_eng:S0196L02U04	have you heard the latest idea about this?	έχεις ακούσει την πιο πρόσφατη ιδέα για αυτό;	88a82c80-ac64-4937-a632-a369ef013a23
el_for_eng:S0197L01B01	my son	ο γιος μου	5b15c149-4118-49a1-b3f7-957c3adee95b
el_for_eng:S0197L01B02	my son is here	ο γιος μου είναι εδώ	fe8d6fac-5376-41f1-84dc-912aaa474453
el_for_eng:S0197L01B03	my son is busy	ο γιος μου είναι απασχολημένος	ff9bf6ad-944d-447f-a086-178f5074db89
el_for_eng:S0197L01U01	my son is at the office today	ο γιος μου είναι στο γραφείο σήμερα	e1b234e1-2098-4c90-b3fc-399a388e385c
el_for_eng:S0197L01U02	my son is at work today	ο γιος μου είναι στη δουλειά σήμερα	333c16e8-9afc-4bcb-8a86-1c69d701a4e1
el_for_eng:S0197L01U03	I think my son is happy	νομίζω ότι ο γιος μου είναι χαρούμενος	0ffab55b-b4bc-4204-b10e-aceba95de728
el_for_eng:S0197L01U04	my son is not happy at all	ο γιος μου δεν είναι χαρούμενος καθόλου	d6ee67eb-f204-428c-8b47-f251605c3bef
el_for_eng:S0197L01U05	I'm afraid my son is too busy	φοβάμαι ότι ο γιος μου είναι πολύ απασχολημένος	066694d0-0cff-4d8b-be9a-3de038180829
el_for_eng:S0197L02B01	he works	δουλεύει	1bc5f140-965a-44b8-96c1-063a64a6e8a1
el_for_eng:S0197L02B02	he works a lot	δουλεύει πολύ	1e4d85c0-26e9-4a85-926b-af5cca95b669
el_for_eng:S0197L02B03	my son works	ο γιος μου δουλεύει	6a5b4597-5cb1-4cf3-8ebd-58d8c0df9423
el_for_eng:S0197L02U01	he works in the office	δουλεύει στο γραφείο	04d663c6-a17c-42f2-a522-168826b96f82
el_for_eng:S0197L02U02	he definitely works a lot	σίγουρα δουλεύει πολύ	d9361422-c7ba-4181-8801-ea5484b09ae2
el_for_eng:S0197L02U03	I think he works too much	νομίζω ότι δουλεύει πολύ	45c3d883-4909-490b-97f0-f613eb18633c
el_for_eng:S0197L02U04	my son works at the office	ο γιος μου δουλεύει στο γραφείο	7f32ec11-e370-4144-a3d3-65e7355d0ae5
el_for_eng:S0197L02U05	my son works and he's happy	ο γιος μου δουλεύει και είναι χαρούμενος	886d14c0-dcb1-4cb5-8377-46a05bf16a3f
el_for_eng:S0197L03B01	as a teacher	ως δάσκαλος	94def5b1-d7e3-4573-9548-6a5e774a39e7
el_for_eng:S0197L03B02	he works as a teacher	δουλεύει ως δάσκαλος	790fc7fd-add8-4a19-add4-19cece976c41
el_for_eng:S0197L03B03	I know he works as a teacher	ξέρω ότι δουλεύει ως δάσκαλος	0ad6259a-234c-416f-9c52-539bf4b626e4
el_for_eng:S0197L03C01	teacher	δάσκαλος	627a8a7e-bc06-44cc-b06d-c87c72c48a47
el_for_eng:S0197L03U01	my son works as a teacher	ο γιος μου δουλεύει ως δάσκαλος	c6c71aee-2fb9-42cf-a12a-252decbf8c1e
el_for_eng:S0197L03U02	as a teacher, it's very interesting	ως δάσκαλος, είναι πολύ ενδιαφέρον	bf32c456-c715-4efd-a3bf-8b1e73c9941b
el_for_eng:S0197L03U03	I'm happy that he works as a teacher	είμαι χαρούμενος ότι δουλεύει ως δάσκαλος	edfe62c2-6c68-46f5-8781-c0639e3c20fc
el_for_eng:S0197L03U04	I think he works as a teacher at the office	νομίζω ότι δουλεύει ως δάσκαλος στο γραφείο	e6a1ad87-b16c-467d-95b6-e1d7d2313c45
el_for_eng:S0197L03U05	have you heard that my son works as a teacher?	έχεις ακούσει ότι ο γιος μου δουλεύει ως δάσκαλος;	8b84e07c-0b0e-4a67-b22f-0a8dbfe7fc63
el_for_eng:S0198L01B01	my daughter	η κόρη μου	8ce7aa7a-a140-485c-be6b-6ad5e9daed02
el_for_eng:S0198L01B02	my daughter is here	η κόρη μου είναι εδώ	e7023c44-c670-4d35-88da-b67ab5f1fa8e
el_for_eng:S0198L01B03	my daughter works a lot	η κόρη μου δουλεύει πολύ	4b14febe-209c-4506-905d-eefcd7b8a53a
el_for_eng:S0198L01U01	my daughter is at work	η κόρη μου είναι στη δουλειά	51747fce-cecc-484c-ac69-eb298331e855
el_for_eng:S0198L01U02	my daughter is in the office	η κόρη μου είναι στο γραφείο	4a592620-ba9b-4242-b807-bfb0adee65a7
el_for_eng:S0198L01U03	I think my daughter works a lot	νομίζω ότι η κόρη μου δουλεύει πολύ	bc444507-a63e-48f4-a3bb-7ee3c7f81630
el_for_eng:S0198L01U04	my daughter is at work today	η κόρη μου είναι στη δουλειά σήμερα	1b6e464a-5a06-4433-ba27-ed760e30ad9f
el_for_eng:S0198L01U05	I'm afraid my daughter is not here	φοβάμαι ότι η κόρη μου δεν είναι εδώ	40a46fd7-e7c1-4119-866b-c91ac1f5c117
el_for_eng:S0198L03B01	for the council	στο δημοτικό συμβούλιο	23cc40f2-4493-472a-a4c0-d9708c020da2
el_for_eng:S0198L03B03	she works for the council	δουλεύει στο δημοτικό συμβούλιο	2aa4d544-ca0c-411e-adf3-90fd588d61d1
el_for_eng:S0198L03C01	council	συμβούλιο	a660f71b-9d51-4294-a6e0-d169fd1d8548
el_for_eng:S0198L03U01	my daughter works for the council	η κόρη μου δουλεύει στο δημοτικό συμβούλιο	dd204b30-8957-4050-a621-c07e13d12cc4
el_for_eng:S0198L03U02	my son also works for the council	ο γιος μου δουλεύει στο δημοτικό συμβούλιο	f577515b-07c3-424c-ad28-c144dedb7e91
el_for_eng:S0198L03U03	have you heard that she works for the council?	έχεις ακούσει ότι δουλεύει στο δημοτικό συμβούλιο;	1bb5dc76-f400-4bac-8727-4af4a37bc2af
el_for_eng:S0198L03U04	I think she works for the council today	νομίζω ότι δουλεύει στο δημοτικό συμβούλιο σήμερα	90de82d6-d261-43d8-b4dd-2446b7296c90
el_for_eng:S0198L03U05	I'm happy that she works for the council	είμαι χαρούμενος ότι δουλεύει στο δημοτικό συμβούλιο	15bb925d-f74b-4884-ad95-3db5a68519f0
el_for_eng:S0199L01B01	my friend	ο φίλος μου	11ca8f17-0b34-4313-aa13-c17d8176380c
el_for_eng:S0199L01B02	my friend works	ο φίλος μου δουλεύει	468a14ee-4a2c-43a8-8fdf-784551bd11e7
el_for_eng:S0199L01B03	my friend is here	ο φίλος μου είναι εδώ	372649f7-c1f1-4e90-928c-3861e1b10a68
el_for_eng:S0199L01U01	my friend is at work	ο φίλος μου είναι στη δουλειά	b2fdfdbd-3678-4b85-8de0-3eb3c7420a57
el_for_eng:S0199L01U02	my friend works as a teacher	ο φίλος μου δουλεύει ως δάσκαλος	7a521e99-aef0-41d8-be5b-19746513402b
el_for_eng:S0199L01U03	my friend is not busy at all	ο φίλος μου δεν είναι απασχολημένος καθόλου	2c3335c7-9288-4968-a2c7-355aa93f5be3
el_for_eng:S0199L01U04	I think my friend is very happy	νομίζω ότι ο φίλος μου είναι πολύ χαρούμενος	877a0fca-ed8a-4e88-8672-07c2c1f8dab0
el_for_eng:S0199L01U05	I think my friend is busy today	νομίζω ότι ο φίλος μου είναι απασχολημένος σήμερα	4f7d0b66-e3c7-4375-b511-c825a3e20b96
el_for_eng:S0199L02B01	he used to work	δούλευε	50ff15a7-abbe-4378-a8e9-3e59bb1d24a4
el_for_eng:S0199L02B02	he used to work a lot	δούλευε πολύ	93797b07-3133-4966-b72b-a66d79cbf22f
el_for_eng:S0199L02B03	my friend used to work	ο φίλος μου δούλευε	698d462d-fd6e-452b-8c79-bb6341d8849f
el_for_eng:S0199L02U01	he used to work at the office	δούλευε στο γραφείο	ebe7b809-9971-4664-b116-f19998877b16
el_for_eng:S0199L02U02	I know he used to work a lot	ξέρω ότι δούλευε πολύ	fc061d5b-013e-4d92-b427-89c2f1f43f70
el_for_eng:S0199L02U03	he used to work but not anymore	δούλευε αλλά δεν δουλεύει	87b29ddc-33e5-423b-b203-f4e1978497b6
el_for_eng:S0199L02U04	my son used to work at the office	ο γιος μου δούλευε στο γραφείο	ed96a275-942c-403b-84b9-3808827d9921
el_for_eng:S0199L02U05	my friend used to work as a teacher	ο φίλος μου δούλευε ως δάσκαλος	52b011b3-915d-49f1-9dbd-8109195070c0
el_for_eng:S0199L03B01	in an office	σε γραφείο	1f89536f-4f1d-4bac-82d5-7cbf5dba275c
el_for_eng:S0199L03B02	he used to work in an office	δούλευε σε γραφείο	d5fc0123-6a08-45ce-9669-27f0ee28054a
el_for_eng:S0199L03B03	I know he used to work in an office	ξέρω ότι δούλευε σε γραφείο	0086e5f7-115a-42ec-bbce-f552837351e5
el_for_eng:S0199L03C01	office	γραφείο	10a99c39-f9af-4591-91dd-d7cf54a4f08c
el_for_eng:S0199L03U01	my friend used to work in an office	ο φίλος μου δούλευε σε γραφείο	0dcf6691-35d7-4774-a735-6739d8cb5074
el_for_eng:S0199L03U02	my daughter works in an office	η κόρη μου δουλεύει σε γραφείο	a789ed40-8531-49d3-9dca-f63cef413c5a
el_for_eng:S0199L03U03	I'm sorry but he doesn't work in an office	λυπάμαι αλλά δεν δουλεύει σε γραφείο	f90bb088-d6e3-43b9-a466-be8d7b1b4a09
el_for_eng:S0199L03U04	he used to work in an office the last time	δούλευε σε γραφείο την τελευταία φορά	d613f1df-815b-49af-bc3d-1ff95cd7701a
el_for_eng:S0199L03U05	I think my friend used to work in an office	νομίζω ότι ο φίλος μου δούλευε σε γραφείο	a9e8e3ca-f67a-4993-98f4-12e2da46abd0
el_for_eng:S0200L01B01	they say	λένε	ce3de07a-80bb-4cc9-8e5b-bd31b1d2bdef
el_for_eng:S0200L01B02	I know what they say	ξέρω τι λένε	b4e85409-ff49-4d04-b0fd-e52d84fea08a
el_for_eng:S0200L01B03	have you heard what they say?	έχεις ακούσει τι λένε;	f253e10c-2710-4cdb-b7b1-31bdde1f754b
el_for_eng:S0200L01U01	they say it's true	λένε ότι είναι αλήθεια	861918f2-0fa4-4fbd-93b5-37b2fb1ea2ee
el_for_eng:S0200L01U02	they say it's a good idea	λένε ότι είναι καλή ιδέα	4a7aa878-18ae-4dd4-aca4-c7cb72000448
el_for_eng:S0200L01U03	they say it's different	λένε ότι είναι διαφορετικό	a6c87268-9a60-495d-9524-121ca1e2af79
el_for_eng:S0200L01U04	they say my friend used to work here	λένε ότι ο φίλος μου δούλευε εδώ	dc6f5e95-6a79-492a-bfda-8e574d265cfe
el_for_eng:S0200L01U05	they say my son works as a teacher	λένε ότι ο γιος μου δουλεύει ως δάσκαλος	ca2900cb-6878-449e-a532-730320c2368c
el_for_eng:S0200L02B01	they want to make sure	θέλουν να βεβαιωθούν	ab0866cf-f39c-40dd-83f3-3382fe4fbb6a
el_for_eng:S0200L02B02	they definitely want to make sure	σίγουρα θέλουν να βεβαιωθούν	9bd1a721-1368-42fd-9597-803304efbcb2
el_for_eng:S0200L02B03	they say they want to make sure	λένε ότι θέλουν να βεβαιωθούν	3480940f-48ba-4f35-90be-bc8c59049398
el_for_eng:S0200L02U01	I think they want to make sure	νομίζω ότι θέλουν να βεβαιωθούν	0699d254-6dcf-485b-a407-dcaa245ffac9
el_for_eng:S0200L02U02	they want to make sure it's true	θέλουν να βεβαιωθούν ότι είναι αλήθεια	6d1aab5f-3a2e-42da-9491-8b3af15b020a
el_for_eng:S0200L02U03	they say they want to make sure about this	λένε ότι θέλουν να βεβαιωθούν για αυτό	217cf6a7-49cd-4363-a92d-073017fa5810
el_for_eng:S0200L02U04	they want to make sure that it's a good idea	θέλουν να βεβαιωθούν ότι είναι καλή ιδέα	d5def035-52d1-4e57-babd-1719e47ea81c
el_for_eng:S0200L02U05	they want to make sure it's different	θέλουν να βεβαιωθούν ότι είναι διαφορετικό	13bd51a0-ccc3-46bd-aa06-2def3ecc7d51
el_for_eng:S0200L03B01	we finish	τελειώνουμε	cd3469a5-9a1c-4806-802e-cf4f5fef156a
el_for_eng:S0200L03B02	we finish tomorrow	τελειώνουμε αύριο	f2534074-f6f6-48f7-8c6b-7b73888102e0
el_for_eng:S0200L03B03	we finish everything	τελειώνουμε τα πάντα	99364fad-7e4e-4d2f-8a08-539994f6dda6
el_for_eng:S0200L03U01	I'm afraid we don't finish	φοβάμαι ότι δεν τελειώνουμε	b4dbc346-d8f5-4d09-9f72-f88d6d25ec5b
el_for_eng:S0200L03U02	do you think we finish tomorrow?	νομίζεις ότι τελειώνουμε αύριο;	de95fcc6-ec68-4a33-830c-ba8b68e8c945
el_for_eng:S0200L03U03	I think we finish in time	νομίζω ότι τελειώνουμε εγκαίρως	99849d44-28ce-45c2-a17b-2e035f175f2c
el_for_eng:S0200L03U04	I'm not sure we finish	δεν είμαι σίγουρος ότι τελειώνουμε	9cc07ab0-73e8-40c1-ae35-24c0d3db0461
el_for_eng:S0200L03U05	they say we finish next week	λένε ότι τελειώνουμε την επόμενη εβδομάδα	88fb2544-a97c-456e-8757-7501388356be
el_for_eng:S0200L04B01	everything	τα πάντα	d90adb54-b644-4ce0-b9ad-0b4cb8ffff8b
el_for_eng:S0200L04B02	I know everything	ξέρω τα πάντα	53480a6f-fe6c-4b0e-87cf-cc32175e72aa
el_for_eng:S0200L04B03	we finish everything	τελειώνουμε τα πάντα	99364fad-7e4e-4d2f-8a08-539994f6dda6
el_for_eng:S0200L04C01	everything	πάντα	d90adb54-b644-4ce0-b9ad-0b4cb8ffff8b
el_for_eng:S0200L04U01	have you heard everything?	έχεις ακούσει τα πάντα;	e8299d7e-5b64-40a8-bffd-326adf89b1c2
el_for_eng:S0200L04U02	I'm trying to find everything	προσπαθώ να βρω τα πάντα	85babc32-0e62-42e1-9130-b5c6bca3e617
el_for_eng:S0200L04U03	I left everything on the table	άφησα τα πάντα στο τραπέζι	4fe87620-3454-457b-b10f-8a15d1a0d5f3
el_for_eng:S0200L04U04	they say we finish everything	λένε ότι τελειώνουμε τα πάντα	4ae6bc30-a493-41de-961a-89d55f9604f7
el_for_eng:S0200L05B01	in time	εγκαίρως	d21caf79-f8ba-4583-8e03-8114e2a22658
el_for_eng:S0200L05B02	we finish in time	τελειώνουμε εγκαίρως	51848516-f0fb-466a-8bbe-00f7128f44a2
el_for_eng:S0200L05B03	we finish everything in time	τελειώνουμε τα πάντα εγκαίρως	cba38345-d6f9-4d0d-8c6e-2d14abd6495f
el_for_eng:S0200L05U01	I think we finish in time	νομίζω ότι τελειώνουμε εγκαίρως	99849d44-28ce-45c2-a17b-2e035f175f2c
el_for_eng:S0200L05U02	they say we definitely finish in time	λένε ότι σίγουρα τελειώνουμε εγκαίρως	a3e82b7d-10a7-4e39-9332-a4af52ee0083
el_for_eng:S0200L05U03	I'm afraid we don't finish everything in time	φοβάμαι ότι δεν τελειώνουμε τα πάντα εγκαίρως	03595cb3-c6ef-448a-88ff-8a39316fa91a
el_for_eng:S0200L05U04	I'm not sure we finish everything in time	δεν είμαι σίγουρος ότι τελειώνουμε τα πάντα εγκαίρως	700657a6-c8df-4ac7-b875-07fdad77b57d
el_for_eng:S0200L05U05	they want to make sure we finish everything in time	θέλουν να βεβαιωθούν ότι τελειώνουμε τα πάντα εγκαίρως	ff047f5d-0c0a-4ecc-af9e-0d1440181805
el_for_eng:S0201L01B01	we wanted to know	θέλαμε να ξέρουμε	fdb552c9-2d98-4002-92b7-980f87b819fe
el_for_eng:S0201L01B02	we wanted to know about this	θέλαμε να ξέρουμε για αυτό	d945062f-80be-488d-b052-7c1eaf17b35c
el_for_eng:S0201L01B03	we wanted to know everything	θέλαμε να ξέρουμε τα πάντα	d3decbd0-3f59-4c0a-a4f1-6ad3637f05cd
el_for_eng:S0201L01U01	they say we wanted to know	λένε ότι θέλαμε να ξέρουμε	857f0b98-7948-4646-8ec9-34bdb4b06b04
el_for_eng:S0201L01U02	I know we wanted to know	ξέρω ότι θέλαμε να ξέρουμε	82b27b71-05d1-4ff5-a750-922341021814
el_for_eng:S0201L01U03	we definitely wanted to know about it	σίγουρα θέλαμε να ξέρουμε για αυτό	dce80b8e-27a7-40d0-bd74-e63ec015cd9e
el_for_eng:S0201L01U04	we wanted to know something different	θέλαμε να ξέρουμε κάτι διαφορετικό	95f706ed-1634-492b-84aa-388f9afeb416
el_for_eng:S0201L01U05	we wanted to know about the latest idea	θέλαμε να ξέρουμε για την πιο πρόσφατη ιδέα	14ea5c39-1f07-407f-a330-864912ed9962
el_for_eng:S0201L03B01	was going to happen	θα γινόταν	d886ff6d-04ed-4435-865d-c210aeb1ef3a
el_for_eng:S0201L03B02	what was going to happen	τι θα γινόταν	fdfa1532-be50-403f-9cc5-6721b2330e2b
el_for_eng:S0201L03B03	I think it was going to happen tomorrow	νομίζω ότι θα γινόταν αύριο	ad3e6389-e223-488f-97bc-891439ce29e8
el_for_eng:S0201L03U01	have you heard what was going to happen?	έχεις ακούσει τι θα γινόταν;	e001d021-2afd-4dc4-84a6-0d8e16455117
el_for_eng:S0201L03U02	we wanted to know what was going to happen	θέλαμε να ξέρουμε τι θα γινόταν	d93c1325-81c5-4d77-a638-beb208c5e7af
el_for_eng:S0201L03U03	I'm afraid I don't know what was going to happen	φοβάμαι ότι δεν ξέρω τι θα γινόταν	4521c87a-e2ee-44de-882e-c961df183003
el_for_eng:S0201L03U04	I think it was going to happen next week	νομίζω ότι θα γινόταν την επόμενη εβδομάδα	fa4bcfd3-5930-4fb6-8642-1d3d060dc75b
el_for_eng:S0201L03U05	we wanted to know what was going to happen at work	θέλαμε να ξέρουμε τι θα γινόταν στη δουλειά	8b92f69b-5252-4ce5-83a1-73bc322952fc
el_for_eng:S0202L01B01	nobody	κανείς	bd175347-4f8a-4523-be6a-d58df0ce046b
el_for_eng:S0202L01B02	nobody was here	κανείς δεν ήταν εδώ	1d73c5c9-d374-4f8a-adf5-55007ffbbb8d
el_for_eng:S0202L01B03	nobody works here	κανείς δεν δουλεύει εδώ	bced604d-8da6-4876-bef7-299cae9a8700
el_for_eng:S0202L01U01	nobody is sure	κανείς δεν είναι σίγουρος	4abe6bff-472e-4842-b1c8-45c4be1446e8
el_for_eng:S0202L01U02	nobody is at the office today	κανείς δεν είναι στο γραφείο σήμερα	eaa59c6a-a03e-4cf9-bad7-ca33e72631d9
el_for_eng:S0202L01U03	nobody wanted to know what was going to happen	κανείς δεν ήταν σίγουρος τι θα γινόταν	6a0ee339-8eb6-4e15-aa69-7a6f9946aa69
el_for_eng:S0202L01U04	they say nobody is busy	λένε ότι κανείς δεν είναι απασχολημένος	17254e5d-3a9d-491d-bef7-9f7e347d0652
el_for_eng:S0202L01U05	I'm afraid nobody is happy	φοβάμαι ότι κανείς δεν είναι χαρούμενος	5af2f577-6053-4939-9bc4-ae0881d85a53
el_for_eng:S0202L02B01	how to answer	πώς να απαντήσει	db5b292f-77a3-4fc0-9169-ed976be811b9
el_for_eng:S0202L02B02	how to answer this	πώς να απαντήσει αυτό	3dc91344-a3b3-4d4c-831c-77aeb69af0cb
el_for_eng:S0202L03B01	the question	στην ερώτηση	d1a1e83c-18a4-460f-8a94-6ece6e06ebe4
el_for_eng:S0202L03B02	how to answer the question	πώς να απαντήσει στην ερώτηση	4b3c25d3-5802-4c6f-ba5c-79eb20df33e3
el_for_eng:S0202L03B03	I don't know how to answer the question	δεν ξέρω πώς να απαντήσει στην ερώτηση	ddc48c1c-fc67-4774-966a-4c43b0122134
el_for_eng:S0202L03C01	question	ερώτηση	ac5544f7-293e-4c10-b876-4fa6b659b4f2
el_for_eng:S0202L03U05	nobody knew how to answer the question	κανείς δεν ήταν σίγουρος πώς να απαντήσει στην ερώτηση	b6085603-ff70-45f7-bb2b-304b4ce62cad
el_for_eng:S0203L02B01	would you do	θα έκανες	4ec1d1c0-d3e8-43f5-9cad-f8665cb3ac6f
el_for_eng:S0203L02B02	what would you do?	τι θα έκανες;	ba858ec6-a7ac-47ae-9921-a781a98cf9ac
el_for_eng:S0203L02B03	would you do it?	θα έκανες αυτό;	a2a8e3b2-bf95-4a85-905e-44614630197e
el_for_eng:S0203L02B04	what would you do about this?	τι θα έκανες για αυτό;	019e9857-5110-4e2e-a464-204be78b6537
el_for_eng:S0203L02U01	what would you do at work?	τι θα έκανες στη δουλειά;	acaba2ca-1c9e-44dd-b77f-fc05268796e9
el_for_eng:S0203L02U02	would you do something different?	θα έκανες κάτι διαφορετικό;	5da9103f-7b43-4fde-85a4-408d7e6a7606
el_for_eng:S0203L02U03	I think I know what you would do	νομίζω ότι ξέρω τι θα έκανες	e686f844-09e5-4032-94de-bbe8448e8d45
el_for_eng:S0203L02U05	what would you do if nobody was sure?	τι θα έκανες αν κανείς δεν ήταν σίγουρος;	859e3a3b-592b-415f-bec8-53ebc1052d1b
el_for_eng:S0203L03B01	I asked you	σου ζητούσα	e48ef9d7-8098-46f9-ac85-2cc85261747e
el_for_eng:S0203L03B02	if I asked you	αν σου ζητούσα	e11983aa-7bac-4b85-ac4c-b8543627a8cf
el_for_eng:S0203L03B03	if I asked you something	αν σου ζητούσα κάτι	b4fac5cb-a3d8-4f15-889b-0f5de9da031d
el_for_eng:S0203L03B04	would you mind if I asked you?	σε πειράζει αν σου ζητούσα;	610e95b3-4a81-40dc-ae07-6a43beb75cd2
el_for_eng:S0203L03C01	I was asking	ζητούσα	d881ce2b-b4ba-4a71-9fdc-e7e8ea0f5538
el_for_eng:S0203L03U01	what would you do if I asked you?	τι θα έκανες αν σου ζητούσα;	61fd2753-0f68-43d7-a026-33d9f23eeb6f
el_for_eng:S0203L03U02	if I asked you, would you do it?	αν σου ζητούσα, θα έκανες αυτό;	3f45e08d-8e8c-4ad4-88aa-87b8c9f3dce4
el_for_eng:S0203L03U03	I don't know what would happen if I asked you	δεν ξέρω τι θα γινόταν αν σου ζητούσα	3201b4e6-60bc-42e2-92ca-92182e831b81
el_for_eng:S0203L03U04	what would you do if I asked you something different?	τι θα έκανες αν σου ζητούσα κάτι διαφορετικό;	691fcdd5-26f9-480c-acee-fcd537c071dc
el_for_eng:S0203L03U05	I think I know what would happen if I asked you	νομίζω ότι ξέρω τι θα γινόταν αν σου ζητούσα	541343b7-b8a2-4ae0-9678-7b28c8e92665
el_for_eng:S0203L04B01	to help me	να με βοηθήσεις	39f3b8d5-557d-4fa5-9c98-9bf6e72c65f5
el_for_eng:S0203L04B02	I want you to help me	θέλω να με βοηθήσεις	2160b42a-ec1e-4d9f-8503-3ec834d35c2d
el_for_eng:S0203L04B03	if I asked you to help me	αν σου ζητούσα να με βοηθήσεις	e4e61c10-1e4f-4dae-8ca3-d6fe739ec7e3
el_for_eng:S0203L04C01	you help	βοηθήσεις	a7a6f33a-f05b-4429-a158-9fc1108388db
el_for_eng:S0203L04U01	I need you to help me at work	χρειάζεται να με βοηθήσεις στη δουλειά	b7fc7660-024e-4c1f-8973-4d9b825eb6ef
el_for_eng:S0203L04U02	I'm afraid I need you to help me	φοβάμαι ότι χρειάζεται να με βοηθήσεις	062f9836-37f3-4545-b231-6918557c47cf
el_for_eng:S0203L04U03	I'm sorry but I need you to help me	λυπάμαι αλλά χρειάζεται να με βοηθήσεις	4c20b844-be93-4b5e-bfd5-2e1c29f3083b
el_for_eng:S0203L04U04	do you mind if I ask you to help me?	σε πειράζει αν σου ζητούσα να με βοηθήσεις;	2dd4f26d-0360-4a44-926d-7f0f62573562
el_for_eng:S0203L04U05	what would you do if I asked you to help me?	τι θα έκανες αν σου ζητούσα να με βοηθήσεις;	071eea24-b50e-4d28-b2cc-918c9588c024
el_for_eng:S0204L01B01	I wanted	ήθελα	c2117edf-2787-4bae-b202-4dddf2d07db5
el_for_eng:S0204L01B02	I wanted something	ήθελα κάτι	c80c6f81-ceb4-4e7e-8467-ad8359346053
el_for_eng:S0204L01B03	I wanted to find everything	ήθελα να βρω τα πάντα	77fa9c71-0b91-4d21-805d-1fda30d4c388
el_for_eng:S0204L01U01	I wanted something different	ήθελα κάτι διαφορετικό	53730e63-fe45-4836-943e-341ee1d0b00f
el_for_eng:S0204L01U02	I wanted to go to the office	ήθελα να πάω στο γραφείο	c0653a48-df19-47af-a93d-295c4c62f12a
el_for_eng:S0204L01U03	I wanted to know what would happen	ήθελα να ξέρω τι θα γινόταν	aa5f71e2-c9a4-4f1b-a922-2b148e75e0c5
el_for_eng:S0204L01U04	I wanted to change something at work	ήθελα να αλλάξω κάτι στη δουλειά	abb441bc-515b-40fe-98d9-1d18d554cebf
el_for_eng:S0204L01U05	nobody knew what I wanted	κανείς δεν ήταν σίγουρος τι ήθελα	9d9944f6-2603-4cba-919c-8ef60e63ace1
el_for_eng:S0204L02B01	to help you	να σε βοηθήσει	2de656d8-662e-4ade-8822-ab3e6b493c74
el_for_eng:S0204L02B02	I wanted her to help you	ήθελα να σε βοηθήσει	9ce6df91-36f4-4a00-ba91-51851054cd56
el_for_eng:S0204L02B03	she needs to help you	χρειάζεται να σε βοηθήσει	7455f832-c666-41f8-adcb-0de8cd285c9a
el_for_eng:S0204L02C01	helps	βοηθήσει	882b1aa6-4ca7-4a80-9440-d6f8f841649e
el_for_eng:S0204L02U01	I'm sorry, I wanted her to help you	λυπάμαι, ήθελα να σε βοηθήσει	16cff43a-d20b-4152-a0cc-27f1785ecc47
el_for_eng:S0204L02U02	I wanted my son to help you	ήθελα ο γιος μου να σε βοηθήσει	7ebda890-8b15-47c0-a2ec-03950a31dd7f
el_for_eng:S0204L02U03	I wanted my daughter to help you	ήθελα η κόρη μου να σε βοηθήσει	fe787698-bf72-41b1-9302-5b4e9645168e
el_for_eng:S0204L02U04	she definitely needs to help you	σίγουρα χρειάζεται να σε βοηθήσει	ef18caa3-b30b-472f-b64a-b94305a11ef1
el_for_eng:S0204L02U05	I think my daughter needs to help you	νομίζω ότι χρειάζεται να σε βοηθήσει η κόρη μου	088bc5be-4c6d-4c60-a36b-80a050c8919f
el_for_eng:S0204L03B01	to take care of	να φροντίσεις	d324f417-1041-4cb5-974e-8fc6a0000f66
el_for_eng:S0204L03B02	I wanted you to take care of it	ήθελα να φροντίσεις	55ab2a6a-c813-49f6-9776-4adec3fee532
el_for_eng:S0204L03B03	you need to take care of this	χρειάζεται να φροντίσεις	fb4a3728-2eea-454e-9de1-85ba887bd0da
el_for_eng:S0204L03C01	you take care of	φροντίσεις	614a26b2-8849-4a30-bdb6-974b8be0a76d
el_for_eng:S0204L03U01	I wanted her to help you to take care of it	ήθελα να σε βοηθήσει να φροντίσεις	06a2f200-2922-4a20-8dd6-c5dfc0cbe88b
el_for_eng:S0204L03U02	I think you need to take care of this	νομίζω ότι χρειάζεται να φροντίσεις	eda8423a-2441-4b49-9c1d-4198fe37e3b3
el_for_eng:S0204L03U03	I'm afraid you need to take care of this	φοβάμαι ότι χρειάζεται να φροντίσεις	70c07795-4fc4-457c-b78d-118d07e07cb0
el_for_eng:S0204L03U04	what would you do if you had to take care of it?	τι θα έκανες αν χρειάζεται να φροντίσεις;	bae1a679-cfcd-43dd-86bc-b22c3310c29e
el_for_eng:S0204L03U05	I'm sorry but you need to take care of this at work	λυπάμαι αλλά χρειάζεται να φροντίσεις στη δουλειά	0eb177c2-8384-407c-9eef-23a201ed779e
el_for_eng:S0204L04B01	the arrangements	τις ετοιμασίες	e44ee587-22f1-4e21-8c1a-7b8aad444741
el_for_eng:S0204L04B02	to take care of the arrangements	να φροντίσεις τις ετοιμασίες	d4bf9e1f-f87c-41b8-ace6-7eaac0218a04
el_for_eng:S0204L04C01	arrangements	ετοιμασίες	80b98bbd-6e03-4bdd-9c6c-400f3f738ddc
el_for_eng:S0204L04U02	I wanted her to help you to take care of the arrangements	ήθελα να σε βοηθήσει να φροντίσεις τις ετοιμασίες	ca155ba3-e3e1-4c56-aa28-07120e59197b
el_for_eng:S0204L04U03	I think you need to take care of the arrangements	νομίζω ότι χρειάζεται να φροντίσεις τις ετοιμασίες	1735e6d2-5650-4d77-9c76-a9dd5e115f0a
el_for_eng:S0204L04U04	I'm afraid I need you to take care of the arrangements	φοβάμαι ότι χρειάζεται να φροντίσεις τις ετοιμασίες	5c485119-6d8c-4081-9ba7-33d47ee50f75
el_for_eng:S0204L04U05	I'm sorry but you have to take care of the arrangements	λυπάμαι αλλά χρειάζεται να φροντίσεις τις ετοιμασίες	f25dbf2d-fb4b-469e-8e14-347c111b3321
el_for_eng:S0205L01B01	I've forgotten	έχω ξεχάσει	fb609757-9672-4f2a-9574-8df0a722acf0
el_for_eng:S0205L01B02	I've forgotten something	έχω ξεχάσει κάτι	40c5f437-74d8-4fc9-8007-bb92754bd1fc
el_for_eng:S0205L01B03	I've forgotten everything	έχω ξεχάσει τα πάντα	da7726f4-2239-4c87-8b77-4b45284d3d1d
el_for_eng:S0205L01U01	I'm sorry, I've forgotten	λυπάμαι, έχω ξεχάσει	4b5cabfa-90d1-4bae-91c4-7edd092d13e4
el_for_eng:S0205L01U02	I'm afraid I've forgotten	φοβάμαι ότι έχω ξεχάσει	d0f938d5-69cf-405e-b293-5f157c42d239
el_for_eng:S0205L01U03	I've forgotten the question	έχω ξεχάσει την ερώτηση	a9b09c95-d3f6-40a7-9d57-0f1ec1eead18
el_for_eng:S0205L01U04	I've forgotten what you left on the table	έχω ξεχάσει τι άφησες στο τραπέζι	060e2188-bc26-465b-8cb3-4d6da428eac8
el_for_eng:S0205L01U05	I think I've forgotten something at work	νομίζω ότι έχω ξεχάσει κάτι στη δουλειά	75a945e9-0f39-4115-a78b-37bfb1af390e
el_for_eng:S0205L02B01	the word	τη λέξη	4d5cfd28-f0c5-4f36-a8b2-d5b6e4c23cd5
el_for_eng:S0205L02B02	I know the word	ξέρω τη λέξη	cdb83a2d-4e81-4799-ada4-874476f00ae5
el_for_eng:S0205L02B03	I don't know the word	δεν ξέρω τη λέξη	5cb669e1-8d2c-4e13-9422-f55fe4876b96
el_for_eng:S0205L02C01	word	λέξη	fac585f8-ed0e-46b6-a1cc-cd6189831741
el_for_eng:S0205L02U01	I've forgotten the word	έχω ξεχάσει τη λέξη	8bd38c9f-4de1-4569-a897-d6d762cfc271
el_for_eng:S0205L02U02	have you heard the word?	έχεις ακούσει τη λέξη;	383a5c5a-282b-4524-a0a7-aba9a7b85889
el_for_eng:S0205L02U03	I'm trying to find the word	προσπαθώ να βρω τη λέξη	d664b157-64c1-46cf-82d2-427b44871d1f
el_for_eng:S0205L02U04	I left the word on the table	άφησα τη λέξη στο τραπέζι	1236830a-48b1-470e-8505-0e60793f8b4b
el_for_eng:S0205L02U05	I'm afraid I've forgotten the word	φοβάμαι ότι έχω ξεχάσει τη λέξη	805f2731-db40-4b61-a95d-1919b71bf179
el_for_eng:S0205L04B01	I was trying to say	προσπαθούσα να πω	65693c27-ffcd-4ed3-99c2-88365e235b04
el_for_eng:S0205L04B02	I was trying to say something	προσπαθούσα να πω κάτι	8b92f28b-01b3-4d62-9330-62c227e4e279
el_for_eng:S0205L04B03	the word I was trying to say	τη λέξη που προσπαθούσα να πω	9cd4404d-d58a-4c0b-9725-71ba7ad79de6
el_for_eng:S0205L04U01	I've forgotten what I was trying to say	έχω ξεχάσει τι προσπαθούσα να πω	3da92baf-590e-4a6c-817c-21523057e5ea
el_for_eng:S0205L04U02	I was trying to say something different	προσπαθούσα να πω κάτι διαφορετικό	95c0c256-b415-4452-8c54-a0db3ca98e81
el_for_eng:S0205L04U03	I'm sorry, I was trying to say the word	λυπάμαι, προσπαθούσα να πω τη λέξη	e4c5e4c9-058a-4f8a-ba91-ebaa74b7a44f
el_for_eng:S0205L04U04	I think I know what I was trying to say	νομίζω ότι ξέρω τι προσπαθούσα να πω	d3820b96-6c6c-4c34-8fab-e8dc925c7cfd
el_for_eng:S0205L04U05	I've forgotten the word I was trying to say	έχω ξεχάσει τη λέξη που προσπαθούσα να πω	16e81cc9-9ff6-471d-bd32-5836c18d56e7
el_for_eng:S0206L01B01	I like	μου αρέσει	cb3d7ce7-413f-4654-9c9b-fc5a5f9351ab
el_for_eng:S0206L01B02	I like this	μου αρέσει αυτό	c06d3504-f7c2-41b1-9fff-948063ac7ad2
el_for_eng:S0206L01B03	I like it a lot	μου αρέσει πολύ	0021ff3e-2e1d-4055-8d94-92529346da5a
el_for_eng:S0206L01C01	it pleases	αρέσει	a2d4a12e-d817-4cf9-a0e4-75fff58bae95
el_for_eng:S0206L01U01	I like the idea	μου αρέσει η ιδέα	ce96d686-4b4c-4cbd-9839-999ce8bf28ed
el_for_eng:S0206L01U02	I definitely like it	σίγουρα μου αρέσει	bccded15-7bd3-41d3-95fb-6d1323208987
el_for_eng:S0206L01U04	I like the work	μου αρέσει η δουλειά	89189d72-7599-43f5-bc8a-991587757098
el_for_eng:S0206L01U05	I think I like this	νομίζω ότι μου αρέσει αυτό	8816e917-ce41-402a-9942-f2f1510bdc24
el_for_eng:S0206L02B01	the chance to practise	η ευκαιρία να εξασκούμαι	d5281be7-3386-4da0-9317-1cce93fddb58
el_for_eng:S0206L02C01	chance	ευκαιρία	aa240786-b059-45e4-8cab-41ad105efe4f
el_for_eng:S0206L02C02	I practise	εξασκούμαι	4c83c98f-6c49-44a0-84dd-e4f2b9518fb7
el_for_eng:S0206L02U01	I like the chance to practise	μου αρέσει η ευκαιρία να εξασκούμαι	852bfa25-362a-4888-8e76-c61fe4c77dd5
el_for_eng:S0206L02U02	I definitely like the chance to practise	σίγουρα μου αρέσει η ευκαιρία να εξασκούμαι	3e3057b8-536b-475b-85d5-325a2d362609
el_for_eng:S0206L02U04	it's very interesting to have the chance to practise	είναι πολύ ενδιαφέρον η ευκαιρία να εξασκούμαι	04b0d84e-da40-49f3-9b23-d08eacc9a3bd
el_for_eng:S0206L02U05	I think the chance to practise is a good idea	νομίζω ότι η ευκαιρία να εξασκούμαι είναι καλή ιδέα	fa6a2ede-518c-4a39-8655-ed9b232cfc24
el_for_eng:S0206L03B01	to speak with you	να μιλάω μαζί σου	d6915689-fb00-4f01-b1d7-13e26b91b9a9
el_for_eng:S0206L03B02	I wanted to speak with you	ήθελα να μιλάω μαζί σου	771aa8d0-412e-48b3-8126-c22dbb4f04b9
el_for_eng:S0206L03B03	I like to speak with you	μου αρέσει να μιλάω μαζί σου	5256d964-3bd5-4805-8e09-f1841c82171b
el_for_eng:S0206L03C01	I speak	μιλάω	c9482b2f-e765-4ad6-9f34-cc08661980ac
el_for_eng:S0206L03C02	with you	μαζί σου	db2e9599-840a-4311-a615-a47f98df3646
el_for_eng:S0206L03U01	the chance to speak with you	η ευκαιρία να μιλάω μαζί σου	979b121b-8f3f-41ad-8213-77eb251695f4
el_for_eng:S0206L03U02	it's a good idea to speak with you	είναι καλή ιδέα να μιλάω μαζί σου	099f7d80-b621-420e-a0cb-d84cbeeb4ae1
el_for_eng:S0206L03U03	I definitely like speaking with you	σίγουρα μου αρέσει να μιλάω μαζί σου	2c741953-4141-4ea2-a87c-7c2bb191fdb3
el_for_eng:S0206L03U05	I enjoy the chance to practise speaking with you	μου αρέσει η ευκαιρία να εξασκούμαι να μιλάω μαζί σου	087ef928-7dd6-4696-b21b-f6d9516a43a4
el_for_eng:S0207L01B01	you did it	έκανες αυτό	75fcbd92-1fd5-414d-86e4-69d9c54c598d
el_for_eng:S0207L01B02	you did something	έκανες κάτι	c6d61b33-fac2-486b-9414-91b53230e746
el_for_eng:S0207L01B03	you didn't do it	δεν έκανες αυτό	cb4fb63b-e0bc-42d8-95d1-a6e408082800
el_for_eng:S0207L01U01	you did everything	έκανες τα πάντα	64f70fac-fb38-4e3f-a193-32249168c651
el_for_eng:S0207L01U02	what did you do at work?	τι έκανες στη δουλειά;	7b63b7b9-a718-43d6-becf-602c378801e4
el_for_eng:S0207L01U03	have you heard what you did?	έχεις ακούσει τι έκανες;	d9f96afd-bf94-46c3-aacb-8bbb2cd68066
el_for_eng:S0207L01U04	I know what you did a while ago	ξέρω τι έκανες πριν από λίγο	8f72fbf6-8b37-475f-a605-7e515a45632c
el_for_eng:S0207L01U05	I think you did something different	νομίζω ότι έκανες κάτι διαφορετικό	0999e947-ff7d-47ed-af5a-268cb61b63fe
el_for_eng:S0207L02B01	what was needed	ό,τι χρειαζόταν	2fd085e1-2311-4053-b977-3ec407c5ac15
el_for_eng:S0207L02B02	I know what was needed	ξέρω ό,τι χρειαζόταν	2d016ef8-aad8-4019-9602-1824b3ded276
el_for_eng:S0207L02B03	you did what was needed	έκανες ό,τι χρειαζόταν	dad42d1b-bc06-4b31-bcb5-1e4568770ed3
el_for_eng:S0207L02U01	I've forgotten what was needed	έχω ξεχάσει ό,τι χρειαζόταν	4b78ab02-81e7-43c6-ae72-7105883586ff
el_for_eng:S0207L02U02	I wanted to know what was needed	ήθελα να ξέρω ό,τι χρειαζόταν	7caddee7-5399-4857-9b2a-c959ed01f218
el_for_eng:S0207L02U03	they say you did what was needed	λένε ότι έκανες ό,τι χρειαζόταν	80e901e7-6ced-42c5-bf5a-29a8163ab92a
el_for_eng:S0207L02U04	what was needed was something different	ό,τι χρειαζόταν ήταν κάτι διαφορετικό	3601699e-246f-4750-89d1-2257d9eabbb5
el_for_eng:S0207L02U05	nobody knew what was needed	κανείς δεν ήταν σίγουρος ό,τι χρειαζόταν	c1566740-1244-445e-b905-3ca036ff80f5
el_for_eng:S0207L03B01	to do	να κάνεις	c0e91b8d-d6fc-49e4-9024-30e274336005
el_for_eng:S0207L03B02	I wanted you to do something	ήθελα να κάνεις κάτι	d618a2ac-2843-4202-b123-46ddfeed2cb4
el_for_eng:S0207L03B03	what you needed to do	ό,τι χρειαζόταν να κάνεις	963de541-7a7e-40de-b492-c96493305954
el_for_eng:S0207L03C01	you do	κάνεις	4a4f3ab7-451e-47be-8c9c-8bfe34a80041
el_for_eng:S0207L03U01	I know what you need to do	ξέρω τι χρειάζεται να κάνεις	f5dbcbfe-181b-4387-8b5b-70a546138a84
el_for_eng:S0207L03U02	you did what you needed to do	έκανες ό,τι χρειαζόταν να κάνεις	aaba9f4e-a6a4-4a4a-b62b-0a0027696439
el_for_eng:S0207L03U03	I like what you need to do	μου αρέσει τι χρειάζεται να κάνεις	1b04b706-6da6-4d44-a638-5c293e288e19
el_for_eng:S0207L03U04	what do you need to do at work?	τι χρειάζεται να κάνεις στη δουλειά;	d780a3bf-6f14-4b5d-80e7-c59429884598
el_for_eng:S0208L02B01	to ask you	να σε ρωτήσω	ba0d13b0-b3a9-4d96-8adb-9392953f05cf
el_for_eng:S0208L02B02	I didn't want to ask you	δεν ήθελα να σε ρωτήσω	b0f9d220-6cd2-4712-9bb0-c9d85240f178
el_for_eng:S0208L02B03	I need to ask you	χρειάζεται να σε ρωτήσω	b74fa417-b8c9-4de3-90b0-45a285d54536
el_for_eng:S0208L02C01	I ask	ρωτήσω	70eb37dc-46f8-422e-ad47-25e6a95f289f
el_for_eng:S0208L02U01	I wanted to ask you what you did	ήθελα να σε ρωτήσω τι έκανες	0ae43445-649c-4d5a-9b26-96ffc52f8616
el_for_eng:S0208L02U02	I definitely need to ask you	σίγουρα χρειάζεται να σε ρωτήσω	9e053711-3b8b-42bc-a026-91731cd2ff3e
el_for_eng:S0208L02U03	I'm sorry, I need to ask you something	λυπάμαι, χρειάζεται να σε ρωτήσω κάτι	334e21ad-a211-469d-b75a-ae48a29ca986
el_for_eng:S0208L02U04	do you mind if I need to ask you?	σε πειράζει αν χρειάζεται να σε ρωτήσω;	c5039f44-9a09-4f81-8455-7ae4bbfd4fa3
el_for_eng:S0208L02U05	I didn't want to ask you about the arrangements	δεν ήθελα να σε ρωτήσω για τις ετοιμασίες	508056e1-9357-4b35-8382-58d2cfffcf72
el_for_eng:S0208L03B01	how to say it	πώς να το πω	398e6608-b9e8-4823-9009-c10d939a9a1f
el_for_eng:S0208L03B02	I don't know how to say it	δεν ξέρω πώς να το πω	274ce553-19ec-49be-85cc-6cee28ee4150
el_for_eng:S0208L03B03	I've forgotten how to say it	έχω ξεχάσει πώς να το πω	454a0604-7b38-46fa-9fc0-45772980b2ad
el_for_eng:S0208L03U01	I wanted to know how to say it	ήθελα να ξέρω πώς να το πω	e90b9f9f-f1cf-4bcf-a853-49949eb67f03
el_for_eng:S0208L03U02	I don't know how to say it in Greek	δεν ξέρω πώς να το πω στα ελληνικά	ffc75316-8384-4f43-b23b-e6a07eec586d
el_for_eng:S0208L03U03	I didn't want to ask you how to say it	δεν ήθελα να σε ρωτήσω πώς να το πω	3d9327c4-5de6-4b9e-b52c-835a8a9d6d2f
el_for_eng:S0208L03U04	I'm afraid I've forgotten how to say it	φοβάμαι ότι έχω ξεχάσει πώς να το πω	b31e864a-a2ab-4fa7-bc4a-011fe14cb3cd
el_for_eng:S0208L03U05	I like the chance to practise how to say it	μου αρέσει η ευκαιρία να εξασκούμαι πώς να το πω	1c180281-7ee5-4ead-983b-092d4e406f7f
el_for_eng:S0209L01B01	they want to spend	θέλουν να περνούν	a30a2a03-3171-40f4-bb0a-88d40abc2564
el_for_eng:S0209L01B02	they want to spend time	θέλουν να περνούν χρόνο	821d9337-a1bc-47b5-813e-4afa55de469e
el_for_eng:S0209L01B03	they want to spend a lot of time	θέλουν να περνούν πολύ χρόνο	bfbaa4e2-c096-483a-b7a0-9208a250b507
el_for_eng:S0209L01U01	they definitely want to spend time	σίγουρα θέλουν να περνούν χρόνο	fba5f075-4003-4799-a962-c5e71038b44e
el_for_eng:S0209L01U02	they say they want to spend time	λένε ότι θέλουν να περνούν χρόνο	a6049a73-8196-4c8a-b81f-2cfe2cdbc3c1
el_for_eng:S0209L01U03	they want to spend time at work	θέλουν να περνούν χρόνο στη δουλειά	58fd5567-6975-4486-8b11-02ea1f491c17
el_for_eng:S0209L01U04	I think they want to spend more time	νομίζω ότι θέλουν να περνούν περισσότερο χρόνο	373fc55a-92bb-4b62-8f3c-69e5234d4f0c
el_for_eng:S0209L01U05	they say they want to spend time next week	λένε ότι θέλουν να περνούν χρόνο την επόμενη εβδομάδα	1e354e3e-8392-45ac-a813-736f61e0bd70
el_for_eng:S0209L02B01	more time	περισσότερο χρόνο	0d92e1b6-7b1a-434d-b6e9-c075fb3231a5
el_for_eng:S0209L02B02	I wanted more	ήθελα περισσότερο	839604b0-f90e-4c45-99c6-65b7dbcb0c01
el_for_eng:S0209L02B03	more than this	περισσότερο από αυτό	db84bac4-8490-4c45-8019-2c5c7b5fe69b
el_for_eng:S0209L02U01	I enjoy it more now	μου αρέσει περισσότερο τώρα	8926c5a1-498e-416c-8706-48772f4a8dc3
el_for_eng:S0209L02U03	they want to spend more	θέλουν να περνούν περισσότερο	c3c8c796-1b90-4d7c-839f-956aa9f4923f
el_for_eng:S0209L02U04	I want to practise more	θέλω να εξασκούμαι περισσότερο	a0770617-43b7-4816-a4c7-fe6ce5f0947e
el_for_eng:S0209L03B01	meeting as a group	συναντώντας ως ομάδα	3b4861f8-fac5-4a03-946e-405cf2404823
el_for_eng:S0209L03B03	more time meeting as a group	περισσότερο χρόνο συναντώντας ως ομάδα	a6d9fada-d4cc-45e5-be28-15e231baaa66
el_for_eng:S0209L03C01	meeting	συναντώντας	c1dab786-8254-44a8-be09-09b0f919e2ea
el_for_eng:S0209L03C02	group	ομάδα	4cd2f728-33c3-43a7-afdc-15aa26d76be6
el_for_eng:S0209L03U01	they want to spend time meeting as a group	θέλουν να περνούν χρόνο συναντώντας ως ομάδα	ee3363f5-c437-45cc-a51e-d33fce674a8a
el_for_eng:S0209L03U02	I wanted to spend more time meeting as a group	ήθελα περισσότερο χρόνο συναντώντας ως ομάδα	98b6a9c3-95e8-45e0-8e81-79ef00c5ce6c
el_for_eng:S0209L03U04	they say they like meeting as a group	λένε ότι θέλουν να περνούν χρόνο συναντώντας ως ομάδα	339fd953-c1d0-4b86-975b-1011e7e109a8
el_for_eng:S0209L03U05	they want to spend more time meeting as a group	θέλουν να περνούν περισσότερο χρόνο συναντώντας ως ομάδα	3e4c61b3-cefa-4ef9-87da-b987e8e9e51c
el_for_eng:S0210L01B01	they think	νομίζουν	7a95b1af-1952-4ebd-9705-a4b2b2b79dab
el_for_eng:S0210L01B02	I know what they think	ξέρω τι νομίζουν	50cb7532-c3d8-4997-af9d-a3ad8c2c0dc4
el_for_eng:S0210L01B03	they think I've forgotten	νομίζουν ότι έχω ξεχάσει	dcc47a07-6a03-4d2a-bbc3-b98606bd09cf
el_for_eng:S0210L01U01	have you heard what they think?	έχεις ακούσει τι νομίζουν;	54d37a9c-21d5-4618-bd78-28320f8dbc18
el_for_eng:S0210L01U02	they think it's true	νομίζουν ότι είναι αλήθεια	1d8dd0de-affa-455c-86a2-4c70f73f7ca4
el_for_eng:S0210L01U03	they think it's a good idea	νομίζουν ότι είναι καλή ιδέα	ecb20d7e-bbce-4f09-a952-3d688f54bd96
el_for_eng:S0210L01U04	they think it's different	νομίζουν ότι είναι διαφορετικό	dd909099-e899-4994-ad3e-dd6db64a3846
el_for_eng:S0210L01U05	they think we need more time	νομίζουν ότι χρειάζεται περισσότερο χρόνο	e4c23782-a6d7-4153-a0a8-151ea832c753
el_for_eng:S0210L02B01	we need to discuss	χρειάζεται να συζητήσουμε	0196bb3c-79e4-4a53-9618-dbe8d224aa1d
el_for_eng:S0210L02B02	we need to discuss this	χρειάζεται να συζητήσουμε αυτό	64836a24-889e-4708-a7af-043ad61dbc5a
el_for_eng:S0210L02B03	we need to discuss everything	χρειάζεται να συζητήσουμε τα πάντα	b9a04e68-e2d7-4186-919f-46df77e8705c
el_for_eng:S0210L02U01	they think we need to discuss	νομίζουν ότι χρειάζεται να συζητήσουμε	8d73f713-74d9-4949-8024-0fd9a17ea266
el_for_eng:S0210L02U02	we definitely need to discuss this	σίγουρα χρειάζεται να συζητήσουμε αυτό	029b6539-55a7-4998-b1e6-16a7c955248e
el_for_eng:S0210L02U03	I'm afraid we need to discuss it	φοβάμαι ότι χρειάζεται να συζητήσουμε αυτό	e8ae11a8-e900-4ee7-a8a9-eaa69a988bc2
el_for_eng:S0210L02U04	I think we need to discuss something different	νομίζω ότι χρειάζεται να συζητήσουμε κάτι διαφορετικό	fe6c88e6-fe83-4240-b961-73bbdef5026f
el_for_eng:S0210L02U05	they think we need to discuss it at work	νομίζουν ότι χρειάζεται να συζητήσουμε αυτό στη δουλειά	895a0b12-4fea-4bdc-b3ad-3b2c41e9c954
el_for_eng:S0210L02U06	they say we need to discuss it next week	λένε ότι χρειάζεται να συζητήσουμε αυτό την επόμενη εβδομάδα	def404f5-d416-455e-b7be-9151d8955ae4
el_for_eng:S0210L03B01	the problem	το πρόβλημα	99014835-7139-4806-8ab9-c30a10d56001
el_for_eng:S0210L03B02	I know the problem	ξέρω το πρόβλημα	57f792fa-4123-4bc0-9907-e27131eeb454
el_for_eng:S0210L03B03	I've forgotten the problem	έχω ξεχάσει το πρόβλημα	0d23b8c6-a96a-4ba7-b761-ecbd0ab2a722
el_for_eng:S0210L03C01	problem	πρόβλημα	9182c4f6-81f1-434c-b4d0-b94b2c0f3788
el_for_eng:S0210L03U01	we need to discuss the problem	χρειάζεται να συζητήσουμε το πρόβλημα	59c5d724-4d40-4cd3-ac77-09ed5f0a629e
el_for_eng:S0210L03U02	I think the problem is different	νομίζω ότι το πρόβλημα είναι διαφορετικό	0ff3208c-048e-4968-bcad-93a9ddd9f238
el_for_eng:S0210L03U03	I'm afraid the problem is very difficult	φοβάμαι ότι το πρόβλημα είναι πολύ δύσκολο	c0c01278-6fbf-4f95-a672-a17826df22eb
el_for_eng:S0210L03U04	they think we need to discuss the problem	νομίζουν ότι χρειάζεται να συζητήσουμε το πρόβλημα	ae805fc4-faf8-4f91-af9e-b94c5c51ed43
el_for_eng:S0210L03U05	the problem is that nobody was sure how to answer	το πρόβλημα είναι ότι κανείς δεν ήταν σίγουρος πώς να απαντήσει	9a27da89-6166-4f26-bc80-951f08c7164f
el_for_eng:S0211L01B01	they told us	μας είπαν	68f9a852-6243-467f-91d2-810b75954aaf
el_for_eng:S0211L01B02	they told us something	μας είπαν κάτι	43a332a5-6510-45d1-9564-4e59c0108554
el_for_eng:S0211L01B03	I know what they told us	ξέρω τι μας είπαν	8161de69-6b1c-4f77-8a62-2795401960b4
el_for_eng:S0211L01C01	they said	είπαν	a48699b0-6ac4-4c45-a69e-d465b1f6053f
el_for_eng:S0211L01U01	they told us everything	μας είπαν τα πάντα	dfdb4a8a-b858-4a27-a7ac-a3eacbe8bda0
el_for_eng:S0211L01U02	they told us about the problem	μας είπαν για το πρόβλημα	643e39e1-0a5b-4bdf-9948-0dc6b41a157f
el_for_eng:S0211L01U03	they told us it was a good idea	μας είπαν ότι ήταν καλή ιδέα	93a9f446-604a-4a4f-bd3c-e317ee45f479
el_for_eng:S0211L02B01	they didn't want	δεν ήθελαν	41812d71-f1b5-4163-8afa-d42e0e4d664b
el_for_eng:S0211L02B02	they didn't want it	δεν ήθελαν αυτό	c1e38002-403a-428c-8a9e-4e8a1fd2da5a
el_for_eng:S0211L02B03	they told us they didn't want	μας είπαν ότι δεν ήθελαν	54aa0332-fe8f-432c-9b41-1fd1f10c8a39
el_for_eng:S0211L02C01	they wanted	ήθελαν	0ed87ea8-9012-4d58-9ba5-9a845aa87d58
el_for_eng:S0211L02U01	they didn't want more time	δεν ήθελαν περισσότερο χρόνο	8fcf46bc-9c75-4ea7-884c-8f8b8c889922
el_for_eng:S0211L02U03	they told us they didn't want the problem	μας είπαν ότι δεν ήθελαν το πρόβλημα	8d96dc36-92bf-4efc-8702-128b331092d1
el_for_eng:S0211L02U04	I think they didn't want something different	νομίζω ότι δεν ήθελαν κάτι διαφορετικό	d73d0c1e-a5c4-4557-a0a2-6a411897c327
el_for_eng:S0211L02U05	nobody knew they didn't want to	κανείς δεν ήταν σίγουρος ότι δεν ήθελαν	503fa3d9-9253-4331-9274-f2b1381fb6c3
el_for_eng:S0211L03B01	to explain	να εξηγήσουν	de29168d-a73e-4e5f-860b-da38880bf529
el_for_eng:S0211L03B02	they didn't want to explain	δεν ήθελαν να εξηγήσουν	c8f4b8f1-85a0-4f05-8edf-4dcad88e3c8b
el_for_eng:S0211L03B03	I wanted them to explain how to say it	ήθελα να εξηγήσουν πώς να το πω	9b3c9576-190e-4f72-9f5e-4bcb1e4e06d0
el_for_eng:S0211L03C01	they explain	εξηγήσουν	34fa447e-10ad-4a26-991c-a2a4ae009c3d
el_for_eng:S0211L03U01	I'm afraid they didn't want to explain	φοβάμαι ότι δεν ήθελαν να εξηγήσουν	da9fbc96-576a-4a3c-b935-2f4521334635
el_for_eng:S0211L03U02	they told us they didn't want to explain	μας είπαν ότι δεν ήθελαν να εξηγήσουν	965ac726-38dd-4b4d-b668-20afbd35689c
el_for_eng:S0211L03U03	they didn't want to explain something different	δεν ήθελαν να εξηγήσουν κάτι διαφορετικό	1fd5430e-026c-45e9-8e3c-77b818602776
el_for_eng:S0211L03U04	they told us they didn't want to explain everything	μας είπαν ότι δεν ήθελαν να εξηγήσουν τα πάντα	0b43595a-ba29-4a51-925c-4ecc46b46b80
el_for_eng:S0211L03U05	they think they need to explain the problem	νομίζουν ότι χρειάζεται να εξηγήσουν το πρόβλημα	cd7c2eec-ddbf-4a42-9725-7b3aa949188d
el_for_eng:S0212L01B01	they wanted	ήθελαν	0ed87ea8-9012-4d58-9ba5-9a845aa87d58
el_for_eng:S0212L01B02	they wanted something	ήθελαν κάτι	5cdc6527-4d6c-4278-8443-8407dd3e549f
el_for_eng:S0212L01B03	they wanted more time	ήθελαν περισσότερο χρόνο	44cfdd72-a271-47fe-8d5f-2bae010a28cd
el_for_eng:S0212L01U01	I know they wanted the money	ξέρω ότι ήθελαν τα χρήματα	45ac3519-72db-4a8a-a565-ed600eeac7be
el_for_eng:S0212L01U02	they definitely wanted more	σίγουρα ήθελαν περισσότερο	3fe5580b-2875-405e-82eb-1d04e1be1a2f
el_for_eng:S0212L01U03	I think they wanted the problem	νομίζω ότι ήθελαν το πρόβλημα	b83d347b-4605-48f5-8eb6-14d9ccbccbe8
el_for_eng:S0212L01U04	they wanted it but they didn't tell us	ήθελαν αυτό αλλά δεν μας είπαν	a0afc63e-9c05-4931-9284-002ec33a6b1e
el_for_eng:S0212L01U05	they told us they wanted something different	μας είπαν ότι ήθελαν κάτι διαφορετικό	3edeb680-d184-466a-a4d3-f093da2f9f13
el_for_eng:S0212L02B01	to ask for	να ζητήσουν	67a9a552-82dc-4f20-99f1-665149bba461
el_for_eng:S0212L02B02	they wanted to ask for	ήθελαν να ζητήσουν	7c219046-686a-417e-ae12-d0e9f5291e5d
el_for_eng:S0212L02B03	they didn't want to ask for	δεν ήθελαν να ζητήσουν	bbb9656a-f5f8-4d85-8ffe-a91ea4a36495
el_for_eng:S0212L02C01	they ask for	ζητήσουν	7a7a2e0d-9b27-453e-aec6-1dfc630bc704
el_for_eng:S0212L02U01	they didn't want to ask for it	δεν ήθελαν να ζητήσουν αυτό	0c4e0b36-569a-437c-bf93-41276fd6dbc5
el_for_eng:S0212L02U02	they told us they wanted to ask for something	μας είπαν ότι ήθελαν να ζητήσουν κάτι	af66d84f-a148-4c28-9b4f-7d8811664339
el_for_eng:S0212L02U03	they told us they didn't want to ask for it	μας είπαν ότι δεν ήθελαν να ζητήσουν αυτό	40997106-4752-486d-8022-cb52f5189e56
el_for_eng:S0212L02U04	I know they wanted to ask for something different	ξέρω ότι ήθελαν να ζητήσουν κάτι διαφορετικό	c8e11dce-a993-4510-9267-c1ae67511a16
el_for_eng:S0212L02U05	I think they wanted to ask for more time	νομίζω ότι ήθελαν να ζητήσουν περισσότερο χρόνο	efc38357-d58a-47ed-838a-3c0a56951aa7
el_for_eng:S0212L03B01	help	βοήθεια	ce8c4516-54d3-46fa-a145-01e3f7ba718b
el_for_eng:S0212L03B03	they wanted to ask for help	ήθελαν να ζητήσουν βοήθεια	1f60fe96-f33d-4fb7-83db-b387806a5416
el_for_eng:S0212L03U02	they didn't want to ask for help	δεν ήθελαν να ζητήσουν βοήθεια	54fe8fd2-6b96-45c4-a7b8-687ca9732abd
el_for_eng:S0212L03U03	they told us they wanted to ask for help	μας είπαν ότι ήθελαν να ζητήσουν βοήθεια	27134a51-40a4-47a5-bae0-376b273b1d60
el_for_eng:S0212L03U05	they didn't want to explain, they wanted to ask for help	δεν ήθελαν να εξηγήσουν, ήθελαν να ζητήσουν βοήθεια	0882770e-8f9a-437e-8f1a-571f783a2de2
el_for_eng:S0213L01B01	we know	ξέρουμε	228d3a36-9940-4b2e-9be4-b7c38a624647
el_for_eng:S0213L01B02	we don't know	δεν ξέρουμε	b6d83a50-f312-4e59-a57b-73612e0007d7
el_for_eng:S0213L01B03	we know something	ξέρουμε κάτι	efce2005-81fc-4a9e-83d2-e68feaab8039
el_for_eng:S0213L01U01	we definitely know what they wanted	σίγουρα ξέρουμε τι ήθελαν	b5d3fd89-ffd4-4f42-95dd-7afddf7f4fe5
el_for_eng:S0213L01U02	they told us but we don't know	μας είπαν αλλά δεν ξέρουμε	6dbae413-0251-4cf8-bd6d-ac4952aaa807
el_for_eng:S0213L01U03	we know it's not easy	ξέρουμε ότι δεν είναι εύκολο	b69ac9a3-8e7c-4962-b819-36c223414dca
el_for_eng:S0213L01U04	we don't know if they wanted help	δεν ξέρουμε αν ήθελαν βοήθεια	f7ade45b-aedb-4fca-b3c1-7326b627d172
el_for_eng:S0213L01U05	I think we know the problem	νομίζω ότι ξέρουμε το πρόβλημα	cfce1576-f76d-43fb-b7d2-c93ae8d2dbe7
el_for_eng:S0213L02B01	what?	τι;	2151d2eb-445a-48a2-b2c2-bb3b5a8e8f8c
el_for_eng:S0213L02B02	what is that?	τι είναι αυτό;	e1401cc3-6126-4159-b643-471dc30b3152
el_for_eng:S0213L02B03	we don't know what	δεν ξέρουμε τι	3459eb50-c4cb-41ce-88f1-8d003ca839a8
el_for_eng:S0213L02U01	I don't know what they wanted	δεν ξέρω τι ήθελαν	515e99f5-c8f4-44ee-bd85-bb0b0d23b134
el_for_eng:S0213L02U02	they told us what they wanted	μας είπαν τι ήθελαν	b9718312-2382-40ff-bdb6-f3bb52f1c409
el_for_eng:S0213L02U03	I definitely know what I want	σίγουρα ξέρω τι θέλω	177e839f-9fa7-4ea7-b7cc-fe1a1d7a54cb
el_for_eng:S0213L02U04	we don't know what they told us	δεν ξέρουμε τι μας είπαν	fc51d75e-732c-4879-868a-1dd84913d4be
el_for_eng:S0213L02U05	we don't know what the problem is	δεν ξέρουμε τι είναι το πρόβλημα	ccee0fe3-df4e-46b2-aeea-062c05f3ddd8
el_for_eng:S0213L03B01	they're trying	προσπαθούν	199d4b41-d185-421e-8675-2057dfdef0d0
el_for_eng:S0213L03B02	they're not trying	δεν προσπαθούν	79d3d678-de5f-4faf-aa95-0c22f6089c9a
el_for_eng:S0213L03B03	they're definitely trying	σίγουρα προσπαθούν	fe4ada5d-5004-4ca0-80ef-8d45eba5eae9
el_for_eng:S0213L03U01	I know they're trying	ξέρω ότι προσπαθούν	a94b2404-d3cb-4ac8-b1a9-39bee80b0f07
el_for_eng:S0213L03U02	they told us they're trying	μας είπαν ότι προσπαθούν	5887d6d6-b8a3-4d0b-b8ed-1b1bd2ad73d7
el_for_eng:S0213L03U03	we don't know what they're trying	δεν ξέρουμε τι προσπαθούν	173294e1-92cf-4085-b26a-413d045ee4ea
el_for_eng:S0213L03U04	I think they're trying something different	νομίζω ότι προσπαθούν κάτι διαφορετικό	8377abdd-0c8d-427e-a635-dbe6071b5e77
el_for_eng:S0213L03U05	we know they're trying but it's not easy	ξέρουμε ότι προσπαθούν αλλά δεν είναι εύκολο	b9085f68-e4ae-45e0-982f-d1997ad7d538
el_for_eng:S0213L04B01	to achieve	να επιτύχουν	143b97a0-e5ac-4b87-9d8e-287b0c2405b8
el_for_eng:S0213L04B02	they're trying to achieve	προσπαθούν να επιτύχουν	f7073c58-1ce9-47b0-bd34-f0caefae9f03
el_for_eng:S0213L04B03	they're trying to achieve something	προσπαθούν να επιτύχουν κάτι	74643445-0680-402e-90ab-be1dea79f8db
el_for_eng:S0213L04C01	they achieve	επιτύχουν	9322e7a3-233a-4211-a433-95e3d128a9da
el_for_eng:S0213L04U01	they wanted to achieve more	ήθελαν να επιτύχουν περισσότερο	7970b074-d4d3-47b4-b060-17c62514659c
el_for_eng:S0213L04U02	they told us what they're trying to achieve	μας είπαν τι προσπαθούν να επιτύχουν	b8a3872e-4ba4-4b49-954a-d63e6fc3bca7
el_for_eng:S0213L04U03	we don't know what they're trying to achieve	δεν ξέρουμε τι προσπαθούν να επιτύχουν	b49ff1f0-2b32-44d9-b4f5-ca99bcee6f60
el_for_eng:S0213L04U04	we definitely know what they're trying to achieve	σίγουρα ξέρουμε τι προσπαθούν να επιτύχουν	158b10be-4fc5-4112-b026-5c2cb5b20386
el_for_eng:S0213L04U05	I think they're trying to achieve something different	νομίζω ότι προσπαθούν να επιτύχουν κάτι διαφορετικό	dc9715a0-aa49-4089-a499-6465c0a4b771
el_for_eng:S0214L01B01	you had a good time	πέρασες καλά	835aa8d2-a785-4e6f-96a0-8848d2f6ea9b
el_for_eng:S0214L01B02	you didn't have a good time	δεν πέρασες καλά	6c974382-9ce0-4ece-87a5-b093c06aa212
el_for_eng:S0214L01B03	you had a really good time	πέρασες πολύ καλά	366f8d9f-35ae-4105-9bed-a6073a66ca4c
el_for_eng:S0214L01U01	you definitely had a good time	σίγουρα πέρασες καλά	6d0c2862-971a-40a3-a988-44599c7b8ea5
el_for_eng:S0214L01U02	I know you had a good time	ξέρω ότι πέρασες καλά	cbbaf525-0f8c-4f8b-a0ec-98dd2c63f8c6
el_for_eng:S0214L01U03	I think you had a good time	νομίζω ότι πέρασες καλά	5527a847-4622-4d52-95fa-b7434b09ab7a
el_for_eng:S0214L01U04	they told us you had a good time	μας είπαν ότι πέρασες καλά	90ba45d5-f81c-4e54-8adb-f98f017c3005
el_for_eng:S0214L01U05	I think you had a good time yesterday	νομίζω ότι πέρασες καλά χτες	99a584e4-ade3-4988-b4c1-0b6152f439fe
el_for_eng:S0214L02B01	it's going well	πάει καλά	43ab7ac8-be19-4cb7-a27a-ace5e4cd6881
el_for_eng:S0214L02B02	very well	πολύ καλά	e7a06c26-0b8b-4089-b266-667d4e4d023c
el_for_eng:S0214L02B03	not well	δεν είναι καλά	40cfb2e4-ef74-4ec7-b9b6-b47058559456
el_for_eng:S0214L02U01	it's definitely going well	σίγουρα πάει καλά	2e882adf-57cb-4a03-b71a-3f546cb21a7e
el_for_eng:S0214L02U02	I know it's going well	ξέρω ότι πάει καλά	6694bbd0-9681-4e3f-9e89-32efba6bf6ac
el_for_eng:S0214L02U03	I'm not doing well today	δεν είμαι καλά σήμερα	c734d942-8a9c-4a07-bcfa-3583ee793a3b
el_for_eng:S0214L02U04	they told us everything is going well	μας είπαν ότι πάει καλά	a2fe0481-0b07-4cd7-a961-fbb47019830c
el_for_eng:S0214L02U05	I don't think it's going well	δεν νομίζω ότι πάει καλά	3749e5a1-4053-478a-9089-3556d28d93af
el_for_eng:S0214L03B01	the weekend	το Σαββατοκύριακο	f9928bca-58de-475b-9a90-465a21d286a8
el_for_eng:S0214L03B02	you had a good time at the weekend	πέρασες καλά το Σαββατοκύριακο	2271e5fb-1cf8-45f6-a29f-fc0e4ba0896f
el_for_eng:S0214L03B03	they told us about the weekend	μας είπαν για το Σαββατοκύριακο	ad4da1f6-2b7d-4812-a511-e9f44489ead5
el_for_eng:S0214L03C01	weekend	Σαββατοκύριακο	643954fa-7ce3-4207-affe-0db08f0609ff
el_for_eng:S0214L03U01	you didn't have a good time at the weekend	δεν πέρασες καλά το Σαββατοκύριακο	3146d353-7de7-4dc1-90f0-a1dbdabbbe2a
el_for_eng:S0214L03U02	you definitely had a good time at the weekend	σίγουρα πέρασες καλά το Σαββατοκύριακο	49e4b6ce-e1ce-42fa-91da-109bff1d49f5
el_for_eng:S0214L03U03	I know you had a good time at the weekend	ξέρω ότι πέρασες καλά το Σαββατοκύριακο	096ef132-bee9-4c93-b0f4-46af53b24a72
el_for_eng:S0214L03U04	I think the weekend was interesting	νομίζω ότι το Σαββατοκύριακο ήταν ενδιαφέρον	2980ef9c-150c-4529-8462-6d1f6a402bc4
el_for_eng:S0215L01B01	I went out	βγήκα	86437788-a3ca-41e0-ac9b-b422643ffab4
el_for_eng:S0215L01B02	I didn't go out	δεν βγήκα	53bc3bfe-7c93-4e0c-948a-36a50ceacd1e
el_for_eng:S0215L01B03	I went out yesterday	βγήκα χτες	1a97c7d0-afd2-4772-b1d6-0ed8b67823ee
el_for_eng:S0215L01U01	I definitely went out	σίγουρα βγήκα	abc0ad5b-873c-4f62-8818-4f2a6c4b7c87
el_for_eng:S0215L01U02	I think I went out	νομίζω ότι βγήκα	855c3b90-abaa-43e7-9d75-686755d42afb
el_for_eng:S0215L01U03	I know I went out yesterday	ξέρω ότι βγήκα χτες	1d9c18ee-d13d-4974-92a4-dfc3dd02b68b
el_for_eng:S0215L01U04	they told us I went out	μας είπαν ότι βγήκα	4c588b51-80c5-4ac4-8de5-bdf85d176c93
el_for_eng:S0215L01U05	I didn't go out because it wasn't easy	δεν βγήκα γιατί δεν ήταν εύκολο	2e78a818-9c33-4628-8848-5e0b0478bb03
el_for_eng:S0215L02B01	outside	έξω	b73c14b7-f73b-4a1d-8950-4e56c76db35a
el_for_eng:S0215L02B02	I went out	βγήκα έξω	86437788-a3ca-41e0-ac9b-b422643ffab4
el_for_eng:S0215L02B03	I didn't go out	δεν βγήκα έξω	53bc3bfe-7c93-4e0c-948a-36a50ceacd1e
el_for_eng:S0215L02U01	I definitely went out yesterday	σίγουρα βγήκα έξω χτες	1dbe0227-832a-4f5b-92e3-f6b662b40b83
el_for_eng:S0215L02U02	I know I went out yesterday	ξέρω ότι βγήκα έξω χτες	1d9c18ee-d13d-4974-92a4-dfc3dd02b68b
el_for_eng:S0215L02U03	they told us I went out	μας είπαν ότι βγήκα έξω	4c588b51-80c5-4ac4-8de5-bdf85d176c93
el_for_eng:S0215L02U05	I think I went out but it wasn't interesting	νομίζω ότι βγήκα έξω αλλά δεν ήταν ενδιαφέρον	b197b1e5-8fae-49c3-add2-1041c82bb5c3
el_for_eng:S0215L03B01	saturday night	Σάββατο βράδυ	214041b3-e7a1-4668-86e2-8ff0edce98ce
el_for_eng:S0215L03B02	I went out Saturday night	βγήκα έξω Σάββατο βράδυ	7ef7ca3c-b8e5-49fd-bdef-d38a32ab8f4c
el_for_eng:S0215L03B03	I didn't go out Saturday night	δεν βγήκα έξω Σάββατο βράδυ	f697ba65-6a18-4603-bbe3-a1aa821a8a8e
el_for_eng:S0215L03U01	they told us about Saturday night	μας είπαν για Σάββατο βράδυ	0f0ff610-540a-4afc-8989-51ed39545233
el_for_eng:S0215L03U02	I know I went out Saturday night	ξέρω ότι βγήκα έξω Σάββατο βράδυ	4755ba7d-d71e-4064-a4ac-47b77100d18c
el_for_eng:S0215L03U03	you definitely had a good time Saturday night	σίγουρα πέρασες καλά Σάββατο βράδυ	cfe19c62-f5d5-48f2-884f-346faaec1071
el_for_eng:S0215L03U04	I think Saturday night was interesting	νομίζω ότι Σάββατο βράδυ ήταν ενδιαφέρον	e73fb794-6559-47c6-9891-07488b199f92
el_for_eng:S0215L03U05	I went out Saturday night and it was interesting	βγήκα έξω Σάββατο βράδυ και ήταν ενδιαφέρον	5b3611d6-b4db-4dfc-9ffa-b7b516d00e64
el_for_eng:S0216L01B01	I saw	είδα	aced4754-46cc-4e43-904d-472b27537393
el_for_eng:S0216L01B02	I didn't see	δεν είδα	7ca803dd-9191-4952-a363-b0cde4b3f5eb
el_for_eng:S0216L01B03	I saw something	είδα κάτι	6ee16e86-c77f-445f-b746-48513acacc34
el_for_eng:S0216L01U01	I know what I saw	ξέρω τι είδα	6f954b6c-d181-4f12-89c4-b7314d6230ed
el_for_eng:S0216L01U02	I saw it yesterday	είδα αυτό χτες	d8c7b2bc-6ab6-4b4e-8579-4712c6fa28ce
el_for_eng:S0216L01U03	I didn't see it but they told us	δεν είδα αλλά μας είπαν	131a95b8-fde1-4fb6-8675-dde0ed8b3a63
el_for_eng:S0216L01U04	I definitely saw something different	σίγουρα είδα κάτι διαφορετικό	a615cbfa-35e3-4509-bc4f-e66513b85de5
el_for_eng:S0216L01U05	I think I saw it at the weekend	νομίζω ότι είδα αυτό το Σαββατοκύριακο	55618ab1-e7d3-4255-832e-9e3acac2553e
el_for_eng:S0216L02B01	a few	μερικούς	326370dc-bf9d-4418-ac03-697fd59f572e
el_for_eng:S0216L02B02	I saw a few	είδα μερικούς	e0521622-7846-4417-88b2-6f1144d67fcc
el_for_eng:S0216L02B03	I didn't see a few	δεν είδα μερικούς	158b7b53-d03b-46fd-931d-a38dcbe06e2d
el_for_eng:S0216L02U01	I know I saw a few	ξέρω ότι είδα μερικούς	12c6c7f6-fe40-4d0e-bdad-8212e3adfcef
el_for_eng:S0216L02U02	I definitely saw a few yesterday	σίγουρα είδα μερικούς χτες	36cb381b-e3e1-4638-a720-8b95ee4bc94b
el_for_eng:S0216L02U03	I went out and saw a few	βγήκα έξω και είδα μερικούς	82c9b138-29b6-4382-99b0-0c060d94467c
el_for_eng:S0216L02U04	they told us they wanted a few	μας είπαν ότι ήθελαν μερικούς	3f014e93-4d27-46e1-b21a-baaf68dd5e24
el_for_eng:S0216L02U05	I think I saw a few at the weekend	νομίζω ότι είδα μερικούς το Σαββατοκύριακο	ffea7249-7b30-42aa-8b7c-f2cd139bdefb
el_for_eng:S0216L03B01	friends	φίλους	ee901228-c627-4362-b867-f8654bf95a08
el_for_eng:S0216L03B02	a few friends	μερικούς φίλους	9f40bd98-d7c0-4805-8454-4593ff0abdd1
el_for_eng:S0216L03B03	I saw a few friends	είδα μερικούς φίλους	f2473c82-ae60-40ff-8097-5aac61825401
el_for_eng:S0216L03U01	I think I saw a few friends yesterday	νομίζω ότι είδα μερικούς φίλους χτες	a3f9da45-d345-47ba-a5eb-b86af3594e97
el_for_eng:S0216L03U02	I definitely saw a few friends at the weekend	σίγουρα είδα μερικούς φίλους το Σαββατοκύριακο	edf17487-d082-454d-a40e-547d7655751a
el_for_eng:S0216L03U03	I know I saw a few friends at the weekend	ξέρω ότι είδα μερικούς φίλους το Σαββατοκύριακο	cc86b451-5946-4dda-8ac2-ce644cefb6df
el_for_eng:S0216L03U04	I didn't see a few friends, I saw something different	δεν είδα μερικούς φίλους, είδα κάτι διαφορετικό	3ea04d79-2f47-430d-b0f1-06fb698f4934
el_for_eng:S0216L03U05	I went out Saturday night and saw a few friends	βγήκα έξω Σάββατο βράδυ και είδα μερικούς φίλους	8f338578-c47e-42aa-95ea-3bbce715c64e
el_for_eng:S0217L01B01	I drank	ήπια	a1f542bb-f6f6-4ce5-b0ee-aee4705ead73
el_for_eng:S0217L01B02	I didn't drink	δεν ήπια	9876085a-6f99-40fa-bec2-8b9f1b0ac84c
el_for_eng:S0217L01B03	I drank something	ήπια κάτι	a1273901-6dd1-4ff8-8f62-f8067cd4121c
el_for_eng:S0217L01U01	I know what I drank	ξέρω τι ήπια	c811b567-1299-4604-b0c3-dec40ee556ac
el_for_eng:S0217L01U02	I think I drank too	νομίζω ότι ήπια	807a647a-6fc3-4867-87b8-3afff5fcfb5f
el_for_eng:S0217L01U03	I went out and I drank	βγήκα έξω και ήπια	05d65e82-673b-4ee1-a050-07585c2b3ba6
el_for_eng:S0217L01U04	I definitely drank something yesterday	σίγουρα ήπια κάτι χτες	05461ebf-f804-4510-aa03-62489c118caa
el_for_eng:S0217L01U05	I drank something but I don't know what	ήπια κάτι αλλά δεν ξέρω τι	a3a3317d-d442-41c7-94dd-7fcfd5499bc0
el_for_eng:S0217L02B01	one or two	ένα ή δύο	b71168f3-8a7c-4131-87be-460599d7c86f
el_for_eng:S0217L02B02	I drank one or two	ήπια ένα ή δύο	65e7d7dd-c19a-4c4b-a2d9-e8066df06ab2
el_for_eng:S0217L02B03	I saw one or two	είδα ένα ή δύο	3e5b3185-9b70-496e-82f2-418eb993f009
el_for_eng:S0217L02C01	or	ή	65a54f3e-585e-4832-8d29-9a8654db8b03
el_for_eng:S0217L02C02	two	δύο	37c8166d-f73e-468d-a59e-da1dce4adc55
el_for_eng:S0217L02U01	I definitely had one or two	σίγουρα ήπια ένα ή δύο	6b906638-1c9f-4f42-808e-037f0689aa6e
el_for_eng:S0217L02U02	I think I drank one or two	νομίζω ότι ήπια ένα ή δύο	5e14fd5a-ab42-4c01-b9f6-f4b7a726acaa
el_for_eng:S0217L02U03	I don't know if it was one or two	δεν ξέρω αν ήταν ένα ή δύο	8d7c51b1-f1f7-49c9-bea3-e7e45dcbacfb
el_for_eng:S0217L02U04	they told us it was one or two	μας είπαν ότι ήταν ένα ή δύο	316ec3a6-5867-4ddf-bf0b-f5b6c778b4d1
el_for_eng:S0217L02U05	I saw one or two at the weekend	είδα ένα ή δύο το Σαββατοκύριακο	2c78522c-3621-4ee9-8897-daa062dee495
el_for_eng:S0217L03B01	glasses	ποτήρια	d66b1cb5-5a40-421b-b918-36f4b451d921
el_for_eng:S0217L03B02	one or two glasses	ένα ή δύο ποτήρια	800033b8-7253-4589-82d5-7efefd871fa0
el_for_eng:S0217L03B03	I drank one or two glasses	ήπια ένα ή δύο ποτήρια	f7ce6a26-0582-4564-bb09-5ee29d5d1a57
el_for_eng:S0217L03U01	I know I drank one or two glasses	ξέρω ότι ήπια ένα ή δύο ποτήρια	48f5b168-1cab-4b29-925e-33ae2be84ead
el_for_eng:S0217L03U02	I think I drank one or two glasses	νομίζω ότι ήπια ένα ή δύο ποτήρια	7872453e-f753-4409-a38e-bf42c18ea89f
el_for_eng:S0217L03U03	I definitely had one or two glasses yesterday	σίγουρα ήπια ένα ή δύο ποτήρια χτες	462ae10c-a0fb-43ed-af5a-49c3c6eb4cad
el_for_eng:S0217L03U04	they told us it was one or two glasses	μας είπαν ότι ήταν ένα ή δύο ποτήρια	63e02221-fa1a-470e-b865-93fe44838ada
el_for_eng:S0217L03U05	I didn't drink one or two glasses, I drank more	δεν ήπια ένα ή δύο ποτήρια, ήπια περισσότερο	c979470e-8d7e-4221-9de4-202bfe267ab9
el_for_eng:S0217L04B01	water	νερό	12b92f2b-6b06-4e0d-9102-1a8c380324ee
el_for_eng:S0217L04B02	I drank water	ήπια νερό	3c4f26d7-c995-4100-b857-801499bca195
el_for_eng:S0217L04B03	one or two glasses of water	ένα ή δύο ποτήρια νερό	8403c101-d850-402b-bd5e-cef68d5fa9b5
el_for_eng:S0217L04U01	I think I drank water yesterday	νομίζω ότι ήπια νερό χτες	d46a887e-e16b-4fbb-999a-c873eff6933a
el_for_eng:S0217L04U02	I definitely had one or two glasses of water	σίγουρα ήπια ένα ή δύο ποτήρια νερό	758e132c-0fa4-4205-b028-cf3230d5da36
el_for_eng:S0217L04U03	I don't know if I drank water or something different	δεν ξέρω αν ήπια νερό ή κάτι διαφορετικό	599059b1-72cc-45bf-b536-859500e6c9f8
el_for_eng:S0217L04U04	I drank one or two glasses of water on Saturday night	ήπια ένα ή δύο ποτήρια νερό Σάββατο βράδυ	ed938fdf-7c02-406b-a782-1b1c349827cf
el_for_eng:S0217L04U05	I went out and drank one or two glasses of water	βγήκα έξω και ήπια ένα ή δύο ποτήρια νερό	80e1f36e-ce5e-44bb-b15e-c4afb68a327f
el_for_eng:S0218L01B01	I did	έκανα	3046bb4b-30b2-4f43-b9c2-c85555482733
el_for_eng:S0218L01B02	I didn't do	δεν έκανα	08bdf449-beed-453e-a55d-b9fcdb1efafb
el_for_eng:S0218L01B03	I did something	έκανα κάτι	5abed1f8-f9b8-473b-80ee-f2edc939b7d9
el_for_eng:S0218L01U01	I know what I did	ξέρω τι έκανα	8fce2a01-47c4-4e9f-bb1c-f17f1b287ce7
el_for_eng:S0218L01U02	they told us what I did	μας είπαν τι έκανα	82ff4d04-10af-43cf-aaaa-667033442150
el_for_eng:S0218L01U03	I didn't do it yesterday	δεν έκανα αυτό χτες	62bdd12a-085d-4a08-aa1c-d4047d81ee7c
el_for_eng:S0218L01U04	I went out and did something	βγήκα έξω και έκανα κάτι	7ae3d7b0-14d0-46ef-8fe2-d86f013f8f9d
el_for_eng:S0218L01U05	I definitely did something different	σίγουρα έκανα κάτι διαφορετικό	4ff2b9ab-d7d2-46c9-b160-5cc8a8fa9f26
el_for_eng:S0218L02B01	many things	πολλά	d6135e28-716b-4a0c-b1c0-b8edaf3e5f25
el_for_eng:S0218L02B02	I did a lot	έκανα πολλά	90b15791-072e-49ec-ad1e-f3225d4422e9
el_for_eng:S0218L02B03	I didn't do much	δεν έκανα πολλά	6c74950b-6a49-46e8-a398-269bb438146a
el_for_eng:S0218L02U01	I drank a lot of water	ήπια πολλά ποτήρια νερό	b62f2e92-a2e9-4c4c-81c7-d8a1e2e7e7fe
el_for_eng:S0218L02U02	we don't know if I did a lot	δεν ξέρουμε αν έκανα πολλά	5762666c-ed27-4fab-b4fc-415f6785fac8
el_for_eng:S0218L02U03	I think I did a lot yesterday	νομίζω ότι έκανα πολλά χτες	42965059-5aac-4786-92ee-d2e48b45481d
el_for_eng:S0218L02U04	I saw a lot at the weekend	είδα πολλά το Σαββατοκύριακο	0e242d8f-cf6b-4d1d-a3f4-db23c9ba096a
el_for_eng:S0218L02U05	I definitely didn't do much at the weekend	σίγουρα δεν έκανα πολλά το Σαββατοκύριακο	555df4fc-4652-4256-b4c4-70273a6fd7a8
el_for_eng:S0218L03B01	on Sunday	την Κυριακή	d47a04c0-11e0-497a-9fb5-1260f9a1f277
el_for_eng:S0218L03B02	I went out on Sunday	βγήκα έξω την Κυριακή	bf87bb2c-0f88-468a-818b-87e8c671699f
el_for_eng:S0218L03B03	I didn't do much on Sunday	δεν έκανα πολλά την Κυριακή	e56be25b-fe5c-4ce8-be1d-51947198b399
el_for_eng:S0218L03C01	Sunday	Κυριακή	952042e6-8d91-4568-9945-95ee993e8bc1
el_for_eng:S0218L03U01	I saw a few friends on Sunday	είδα μερικούς φίλους την Κυριακή	ab2ec568-4142-42b3-87c9-6c0a2c651dc0
el_for_eng:S0218L03U02	I definitely didn't do much on Sunday	σίγουρα δεν έκανα πολλά την Κυριακή	6597bd66-f304-4dff-ac9d-77e7dd386d42
el_for_eng:S0218L03U03	I think you had a good time on Sunday	νομίζω ότι πέρασες καλά την Κυριακή	743de611-14fc-4ec5-8522-72ee19f4c3be
el_for_eng:S0218L03U04	we don't know what they're trying on Sunday	δεν ξέρουμε τι προσπαθούν την Κυριακή	79e79377-88e9-4e1c-8d48-24271dd42e7d
el_for_eng:S0218L03U05	I drank one or two glasses of water on Sunday	ήπια ένα ή δύο ποτήρια νερό την Κυριακή	c6b6c0cc-8887-4e94-9a6f-c599404a418a
el_for_eng:S0219L01B01	it was	ήταν	f1f82793-de92-49e9-a7de-81d5b0055e49
el_for_eng:S0219L01B02	it wasn't	δεν ήταν	41b8ad5b-7b99-459d-a93e-307f1cb659da
el_for_eng:S0219L01B03	it was interesting	ήταν ενδιαφέρον	0e994bb8-fda2-480c-b4d8-a969151c983b
el_for_eng:S0219L01U01	I think it was easy	νομίζω ότι ήταν εύκολο	f5153205-c5f1-42c3-ab49-7a401329706f
el_for_eng:S0219L01U02	I know it was different	ξέρω ότι ήταν διαφορετικό	df9c6b34-611e-47c1-95d2-461256b937d9
el_for_eng:S0219L01U03	it was a good time at the weekend	ήταν καλά το Σαββατοκύριακο	122cd2c0-37fe-4ab7-b045-970f261ed946
el_for_eng:S0219L01U04	it definitely wasn't the problem	σίγουρα δεν ήταν το πρόβλημα	36614f82-5cb7-4a1d-9b03-d4d578f73e56
el_for_eng:S0219L01U05	they told us it was interesting	μας είπαν ότι ήταν ενδιαφέρον	0efc9b61-a915-4b09-bb53-40a7d0717406
el_for_eng:S0219L02B01	nice	ωραία	8596bf82-eda2-4766-9990-cf05af046f1c
el_for_eng:S0219L02B02	it was nice	ήταν ωραία	da04f091-166e-4ea8-9850-8746bff84ecd
el_for_eng:S0219L02B03	it wasn't nice	δεν ήταν ωραία	a24b31f7-a410-4f2b-96c2-49620a5d67cb
el_for_eng:S0219L02U01	I know it was nice	ξέρω ότι ήταν ωραία	616780c0-7bd6-4835-8a54-6ad9836605d3
el_for_eng:S0219L02U02	I think it was nice	νομίζω ότι ήταν ωραία	97b5dd27-68ca-48d1-8fcf-2c601e7b9c0d
el_for_eng:S0219L02U03	it definitely wasn't nice	σίγουρα δεν ήταν ωραία	041f8f1d-8568-432a-ad63-3c546aaca01a
el_for_eng:S0219L02U04	it was nice on Saturday night	ήταν ωραία Σάββατο βράδυ	063f9aa4-5a21-4a86-bd96-0351906fa301
el_for_eng:S0219L02U05	they told us it was nice at the weekend	μας είπαν ότι ήταν ωραία το Σαββατοκύριακο	627b240b-ce7e-4b40-b538-59777bf5529d
el_for_eng:S0219L03B01	to relax	να χαλαρώσω	f9954ffc-4979-4b56-a256-d6f458e10fbb
el_for_eng:S0219L03B02	I want to relax	θέλω να χαλαρώσω	9b9c8dec-9d58-4226-aa94-89aaa7d95d48
el_for_eng:S0219L03B03	it was nice to relax	ήταν ωραία να χαλαρώσω	1efc4167-2a1d-4aad-b1ba-a4cc551ca3db
el_for_eng:S0219L03C01	I relax	χαλαρώσω	028fe47e-5942-449b-a1f5-2503deb9c36d
el_for_eng:S0219L03U01	I know I need to relax	ξέρω ότι χρειάζεται να χαλαρώσω	3202ba13-9045-4f84-9f0d-a109217fc0f0
el_for_eng:S0219L03U02	I didn't do much, I wanted to relax	δεν έκανα πολλά, ήθελα να χαλαρώσω	9ac11838-637f-4322-bd8e-87f7695153f5
el_for_eng:S0219L03U03	it was nice to relax on Saturday night	ήταν ωραία να χαλαρώσω Σάββατο βράδυ	c1a65734-2b10-4140-81d3-62e69ea66e5e
el_for_eng:S0219L03U04	I definitely want to relax at the weekend	σίγουρα θέλω να χαλαρώσω το Σαββατοκύριακο	d3e65eac-b543-4273-ac89-7ac9ccab29ab
el_for_eng:S0219L03U05	I think it was nice to relax on Sunday	νομίζω ότι ήταν ωραία να χαλαρώσω την Κυριακή	d1d0113f-8032-4c36-bd30-b756d1a7d921
el_for_eng:S0219L04B01	for a while	για λίγο	d9a6d1d1-b6c8-4dd9-bd11-52088c529383
el_for_eng:S0219L04B02	I want to relax for a while	θέλω να χαλαρώσω για λίγο	e1f9375b-04e1-4833-8200-ee53594116d6
el_for_eng:S0219L04B03	it was nice to relax for a while	ήταν ωραία να χαλαρώσω για λίγο	cdb33add-1921-4eb6-ba02-38058e689a70
el_for_eng:S0219L04C01	a little	λίγο	b0321808-e928-4845-91a5-8d85da19ab8e
el_for_eng:S0219L04U01	I went out for a while on Saturday night	βγήκα έξω για λίγο Σάββατο βράδυ	85eeabd6-09e5-456f-acde-38f6ef3c8124
el_for_eng:S0219L04U02	I think I need to relax for a while	νομίζω ότι χρειάζεται να χαλαρώσω για λίγο	dd9a7e42-f31d-4cb4-b3ba-f75947da0032
el_for_eng:S0219L04U03	I definitely want to relax for a while on Sunday	σίγουρα θέλω να χαλαρώσω για λίγο την Κυριακή	0e4b4162-060d-40f4-907f-2a1e75e9f14b
el_for_eng:S0219L04U04	I saw a few friends for a while at the weekend	είδα μερικούς φίλους για λίγο το Σαββατοκύριακο	49e17ae7-fb68-4d16-b1ed-c3037a2737aa
el_for_eng:S0219L04U05	I didn't do much, I relaxed for a while	δεν έκανα πολλά, ήταν ωραία να χαλαρώσω για λίγο	7019ed2f-3728-4f8a-8a2e-bd0c54752472
el_for_eng:S0220L01B01	you saw	είδες	44328fd6-7fa8-4c22-999c-2a58c60bed52
el_for_eng:S0220L01B02	you didn't see	δεν είδες	981fbba3-e936-4401-a045-1c04f1a34e53
el_for_eng:S0220L01B03	you saw something	είδες κάτι	b5f4410f-dc89-4406-a1d6-b3f50342e843
el_for_eng:S0220L01U01	did you see what I did?	είδες τι έκανα;	93b90157-2264-40fe-9ef5-dd7b2f0e518e
el_for_eng:S0220L01U02	you definitely saw something different	σίγουρα είδες κάτι διαφορετικό	d83c9603-6c0a-4fe1-b23a-4f2ff2fa1558
el_for_eng:S0220L01U03	I think you saw it on Sunday	νομίζω ότι είδες αυτό την Κυριακή	2ef49fa6-d93a-4b89-87b4-2a0defedadde
el_for_eng:S0220L01U04	I know you saw something at the weekend	ξέρω ότι είδες κάτι το Σαββατοκύριακο	7b4a9aae-451e-46d4-8e25-efa93e9d1903
el_for_eng:S0220L01U05	did you see a few friends at the weekend?	είδες μερικούς φίλους το Σαββατοκύριακο;	4e308d7c-324e-43a4-a22e-1b9370966c95
el_for_eng:S0220L02B01	a little	λίγη	b0321808-e928-4845-91a5-8d85da19ab8e
el_for_eng:S0220L02B02	you watched a bit	είδες λίγη	a8d4dfb8-33d9-40a8-94d3-ec3d9cc59884
el_for_eng:S0220L02B03	I watched a bit yesterday	είδα λίγη χτες	de6d6929-da9d-487e-b7d2-8036d1bd8daa
el_for_eng:S0220L02U02	did you watch a bit on Sunday?	είδες λίγη την Κυριακή;	266a0564-3fad-496b-a6a5-15d1be779801
el_for_eng:S0220L02U03	you definitely watched a bit on Saturday night	σίγουρα είδες λίγη Σάββατο βράδυ	b51c2ede-ab50-4701-a0ec-52df59da9e60
el_for_eng:S0220L02U04	I think you watched a bit on Sunday	νομίζω ότι είδες λίγη την Κυριακή	fb70fa82-cc6f-41da-8054-4f1b63e67ef8
el_for_eng:S0220L02U05	I know you watched a bit at the weekend	ξέρω ότι είδες λίγη το Σαββατοκύριακο	6d1381f6-0af6-4243-a815-ccdf48102a04
el_for_eng:S0220L03B01	television	τηλεόραση	0613b6e8-ef47-46bb-858f-88673649f0e8
el_for_eng:S0220L03B02	a bit of television	λίγη τηλεόραση	e2de8f5e-4168-4320-8d71-4d8e57702b1e
el_for_eng:S0220L03B03	I watched a bit of television	είδα λίγη τηλεόραση	471538ce-de6e-4ce1-a053-b7fdfebfe94b
el_for_eng:S0220L03U01	I watched a bit of television on Sunday	είδα λίγη τηλεόραση την Κυριακή	9fea1d32-d3f2-4dba-827a-9f22998d97a1
el_for_eng:S0220L03U02	did you watch a bit of television on Sunday?	είδες λίγη τηλεόραση την Κυριακή;	b44ef184-720a-43d5-aab2-477ec07a2371
el_for_eng:S0220L03U03	I didn't do much, I watched a bit of television	δεν έκανα πολλά, είδα λίγη τηλεόραση	7b3dbf5b-0a94-4841-8810-42c1a2119bf4
el_for_eng:S0220L03U04	it was nice, I watched a bit of television for a while	ήταν ωραία, είδα λίγη τηλεόραση για λίγο	8308e08c-7303-4fe0-ae0f-21f69ecb923c
el_for_eng:S0220L03U05	I definitely watched a bit of television on Saturday night	σίγουρα είδα λίγη τηλεόραση Σάββατο βράδυ	30cdf972-5514-4af0-8871-7f3d2d31eb00
el_for_eng:S0221L01B01	I watched	είδα	cbea245f-9c17-4f33-ae3b-adf0d99f50df
el_for_eng:S0221L01B02	I didn't watch	δεν είδα	12436afc-4e70-4260-bb8a-98653bca64f0
el_for_eng:S0221L01B03	I watched something	είδα κάτι	d4ca9748-6066-448a-bbd3-19297c2869cd
el_for_eng:S0221L01U01	I know what I watched	ξέρω τι είδα	142439a4-af7c-4422-ba4d-b9b990df2987
el_for_eng:S0221L01U02	I watched a bit on Saturday night	είδα λίγη Σάββατο βράδυ	f3c7a4b0-72d6-4d23-bfca-c38be574c338
el_for_eng:S0221L01U03	I watched a bit of television on Sunday	είδα λίγη τηλεόραση την Κυριακή	9fea1d32-d3f2-4dba-827a-9f22998d97a1
el_for_eng:S0221L01U04	I definitely watched something at the weekend	σίγουρα είδα κάτι το Σαββατοκύριακο	11a467d6-c340-4aa4-940f-e3cf3cf887d4
el_for_eng:S0221L01U05	I went out and watched something different	βγήκα έξω και είδα κάτι διαφορετικό	36235bd3-c917-42ad-b8e7-73922f111d8c
el_for_eng:S0221L02B01	the football	το ποδόσφαιρο	65531c4c-9686-4b84-8e21-594ee6b31f6b
el_for_eng:S0221L02B02	I watched the football	είδα το ποδόσφαιρο	9eec8aa4-e92e-4a45-a9f2-aa9b7184c8ad
el_for_eng:S0221L02B03	I didn't watch the football	δεν είδα το ποδόσφαιρο	bc1664ee-6dcc-4765-bbbd-aa5da6fa44de
el_for_eng:S0221L02C01	football	ποδόσφαιρο	967f111b-fb13-4936-88e0-32db3eeee07f
el_for_eng:S0221L02U01	I watched the football for a while	είδα το ποδόσφαιρο για λίγο	5d6c689c-b1c7-49dd-9b4f-e893b078b778
el_for_eng:S0221L02U02	did you watch the football at the weekend?	είδες το ποδόσφαιρο το Σαββατοκύριακο;	cb86fd43-a6e5-4744-90ad-7103fad73d32
el_for_eng:S0221L02U03	I definitely watched the football on Saturday night	σίγουρα είδα το ποδόσφαιρο Σάββατο βράδυ	f40cbbd8-3971-4475-a6a5-a5346215c997
el_for_eng:S0221L02U04	I think the football was interesting	νομίζω ότι το ποδόσφαιρο ήταν ενδιαφέρον	0a37a5c7-8e69-439b-903b-0505ec24f4d2
el_for_eng:S0221L02U05	I know you watched the football on Sunday	ξέρω ότι είδες το ποδόσφαιρο την Κυριακή	f2b17c0c-a997-4147-b07b-f739244d4994
el_for_eng:S0221L03B01	then	μετά	e14d5a01-b635-4c32-aa73-c1a5803cee3d
el_for_eng:S0221L03B02	and then	και μετά	bec46491-e4ed-425c-ae03-0238eeef881e
el_for_eng:S0221L03B03	I watched the football and then	είδα το ποδόσφαιρο και μετά	49464f6d-daab-4283-a882-d9adff9747f7
el_for_eng:S0221L03U01	I drank water and then I went out	ήπια νερό και μετά βγήκα έξω	48b320e9-7295-4d9c-a7af-10121cb2df1b
el_for_eng:S0221L03U02	I did a lot and then I didn't do much	έκανα πολλά και μετά δεν έκανα πολλά	bb260cc4-a101-4c6a-9858-c2df4f09081d
el_for_eng:S0221L03U03	I saw a few friends and then I went out	είδα μερικούς φίλους και μετά βγήκα έξω	6f59df25-b74c-4c0d-b3a3-0b5976bc189b
el_for_eng:S0221L04B01	a film	μια ταινία	66f7fd8d-2c90-4540-b301-2f58d5fc8e2d
el_for_eng:S0221L04B02	I watched a film	είδα μια ταινία	ee2372df-5d7c-4463-bb9c-581a9564130b
el_for_eng:S0221L04B03	did you watch a film at the weekend?	είδες μια ταινία το Σαββατοκύριακο;	431011c9-54ad-499c-8e86-5651d52511ed
el_for_eng:S0221L04U01	I definitely watched a film on Saturday night	σίγουρα είδα μια ταινία Σάββατο βράδυ	a455e3d3-f2ea-471a-b4d3-af6ef992aeca
el_for_eng:S0221L04U02	I know you watched a film on Sunday	ξέρω ότι είδες μια ταινία την Κυριακή	569cff16-ad5c-422d-b8a5-e27c76b62257
el_for_eng:S0221L04U03	I watched the football and then I watched a film	είδα το ποδόσφαιρο και μετά είδα μια ταινία	b19bb5c4-1d44-49c4-ae25-76ba7914a1dd
el_for_eng:S0221L04U04	I didn't do much, I watched a film on Sunday	δεν έκανα πολλά, είδα μια ταινία την Κυριακή	14fa113b-da1b-4b9e-9b73-69c4905358f2
el_for_eng:S0222L01B01	he's trying	προσπαθεί	8ab40611-faea-4eed-830a-6613f8f8514d
el_for_eng:S0222L01B02	he's not trying	δεν προσπαθεί	93f50345-432c-4c4f-a2b2-a4578d99fb45
el_for_eng:S0222L01B03	I know he's trying	ξέρω ότι προσπαθεί	433cf3db-74ac-4dec-a0e7-85aefe39d68b
el_for_eng:S0222L01U01	I saw that he's trying	είδα ότι προσπαθεί	18cc62de-ab07-47e7-bb96-3919688164ff
el_for_eng:S0222L01U02	I think he's trying	νομίζω ότι προσπαθεί	65f7168d-ae9d-48a2-91cb-7705f402189b
el_for_eng:S0222L01U03	we don't know what he's trying	δεν ξέρουμε τι προσπαθεί	3dbdf59b-0a0f-482f-affb-912e7d3be5c3
el_for_eng:S0222L01U04	he's trying but it's not easy	προσπαθεί αλλά δεν είναι εύκολο	5d0815b9-4059-491a-8778-95915644d31b
el_for_eng:S0222L01U05	he's definitely trying something different	σίγουρα προσπαθεί κάτι διαφορετικό	5a7c4898-8664-4c1e-9a0b-a374a6dd03ff
el_for_eng:S0222L02B01	to tell me	να μου πει	f1a2881b-27b3-497f-9fc8-1dc2f3b08300
el_for_eng:S0222L02B02	he's trying to tell me	προσπαθεί να μου πει	f13d2677-2a0e-4254-a6aa-8dc6be039d09
el_for_eng:S0222L02B03	he's not trying to tell me	δεν προσπαθεί να μου πει	4a007143-76f3-4f7e-9e8c-878b978cd8cb
el_for_eng:S0222L02C01	he tells	πει	6de76846-9516-4669-9705-5caa30ca57ee
el_for_eng:S0222L02U01	he's definitely trying to tell me	σίγουρα προσπαθεί να μου πει	ea494861-10f7-42d7-9e49-be9a8bc2c81b
el_for_eng:S0222L02U02	I know he's trying to tell me something	ξέρω ότι προσπαθεί να μου πει κάτι	82af6fe3-552f-4424-8941-f5798fd7f445
el_for_eng:S0222L02U03	we don't know what he's trying to tell me	δεν ξέρουμε τι προσπαθεί να μου πει	a7174383-140e-4885-aa10-ceb72ceb13d5
el_for_eng:S0222L02U04	I wanted him to tell me but it wasn't easy	ήθελα να μου πει αλλά δεν ήταν εύκολο	9e6b10ba-d08e-4fca-9888-147ef8db8a1b
el_for_eng:S0222L02U05	I think he's trying to tell me something different	νομίζω ότι προσπαθεί να μου πει κάτι διαφορετικό	e707da73-a46f-40e4-bb96-19237bb0a531
el_for_eng:S0222L04B01	he wants	θέλει	69ed1b21-ddbc-40fe-9fb2-f10fd4a969e3
el_for_eng:S0222L04B02	he doesn't want	δεν θέλει	740ee512-915e-49fe-b497-6aa9a4e278b0
el_for_eng:S0222L04B03	he wants something	θέλει κάτι	9a34bcf2-fc9e-48c7-a4fc-33af4c8343e9
el_for_eng:S0222L04U01	I know what he wants	ξέρω τι θέλει	7778b433-4a27-4275-9455-21dde7e6747a
el_for_eng:S0222L04U02	we don't know what he wants	δεν ξέρουμε τι θέλει	363226e6-f8ba-47c1-aa9d-383b1f6f5ada
el_for_eng:S0222L04U03	he wants it but he's not trying	θέλει αυτό αλλά δεν προσπαθεί	8a796c69-5ebe-477d-8d9b-c5bf0418bb81
el_for_eng:S0222L04U04	he definitely wants something different	σίγουρα θέλει κάτι διαφορετικό	c1c20d5b-a3d1-4288-beb5-63ba94f057df
el_for_eng:S0222L04U05	I think he wants to tell me something	νομίζω ότι θέλει να μου πει κάτι	7faa5b70-3de0-4417-9682-c5d6a43f3651
el_for_eng:S0223L01B01	he will want	θα θέλει	df637107-70c4-453a-a188-056d666469c1
el_for_eng:S0223L01B02	he will try	θα προσπαθεί	a9409027-fe84-4e01-a69f-1ec55c2df29e
el_for_eng:S0223L01B03	he won't try	δεν θα προσπαθεί	8dd6b1f4-5eb6-4a88-904f-d5f74a5665a0
el_for_eng:S0223L01U01	he's definitely going to try	σίγουρα θα προσπαθεί	bde6f738-2a89-42a0-9b5a-833b64bd94d6
el_for_eng:S0223L01U02	I don't know if he will want it	δεν ξέρω αν θα θέλει αυτό	5c2be98b-4454-4881-8290-b27297b6e9bd
el_for_eng:S0223L01U03	I know he won't want it	ξέρω ότι δεν θα θέλει αυτό	2d8e53a8-c672-4a82-b5fe-2ab57d67e28f
el_for_eng:S0223L01U05	I think he will try tomorrow	νομίζω ότι θα προσπαθεί αύριο	995c491e-ed74-46f2-8cb4-4cfc50c9e992
el_for_eng:S0223L02B01	ask you	σε ρωτήσει	ee7ec2b7-1610-4bee-b517-9122c1224358
el_for_eng:S0223L02B02	he will ask you	θα σε ρωτήσει	5d1435c1-8152-4ea2-aaaf-9caecdb0ead1
el_for_eng:S0223L02B03	he won't ask you	δεν θα σε ρωτήσει	f0d20928-ef88-40c1-a9de-dca9dd2dda84
el_for_eng:S0223L02C01	he asks	ρωτήσει	4f747496-0892-4819-9601-02c495fbbe54
el_for_eng:S0223L02U01	he's definitely going to ask you	σίγουρα θα σε ρωτήσει	637d7a3a-a4f0-4159-97f1-dd059813b5b0
el_for_eng:S0223L02U02	I know he will ask you	ξέρω ότι θα σε ρωτήσει	1a3d4324-daad-4464-b274-1adb6d8710bd
el_for_eng:S0223L02U03	he will ask you what he wants	θα σε ρωτήσει τι θέλει	4afa1542-1d4f-40f1-acaf-c0c4df2a4521
el_for_eng:S0223L02U04	we don't know if he will ask you	δεν ξέρουμε αν θα σε ρωτήσει	61507f21-3539-4814-b274-6ae88a08048f
el_for_eng:S0223L02U05	I think he will ask you something	νομίζω ότι θα σε ρωτήσει κάτι	55df3250-c7ff-4c49-8227-b0e6a8589f76
el_for_eng:S0223L03B01	tomorrow	αύριο	350e6bee-9b36-40a7-92ca-4c712cffab1d
el_for_eng:S0223L03B02	he will ask you tomorrow	θα σε ρωτήσει αύριο	66d21711-7a08-4d0a-afbd-1bd5e5743aee
el_for_eng:S0223L03B03	tomorrow is interesting	αύριο είναι ενδιαφέρον	e4b8cf76-087b-46cc-8242-308341ac873e
el_for_eng:S0223L03U01	he's definitely going to try tomorrow	σίγουρα θα προσπαθεί αύριο	232214cd-3dd4-48d7-bec8-ff83e8923895
el_for_eng:S0223L03U02	I know he will ask you tomorrow	ξέρω ότι θα σε ρωτήσει αύριο	ecd005bf-4e3f-4fbb-bb0a-887e8e678ff0
el_for_eng:S0223L03U03	we don't know if he will ask you tomorrow	δεν ξέρουμε αν θα σε ρωτήσει αύριο	fb23ae9c-acb1-4fb4-99d9-22e34069f81a
el_for_eng:S0223L03U04	I think he wants to tell me something tomorrow	νομίζω ότι θέλει να μου πει κάτι αύριο	3539c75f-7871-4fcd-9b8b-2ad8eeb67a76
el_for_eng:S0223L03U05	he won't ask you tomorrow, he'll try on Sunday	δεν θα σε ρωτήσει αύριο, θα προσπαθεί την Κυριακή	8f04a001-3154-4ced-8ef7-edb9545f5685
el_for_eng:S0224L01B01	just now	μόλις	9bef2ab9-eb4d-4407-b978-c47067fd7146
el_for_eng:S0224L01B02	I just saw	μόλις είδα	768f7950-5427-41a2-a4b0-35cb7d7d4816
el_for_eng:S0224L01B03	he's just trying	μόλις προσπαθεί	f8bab870-6fe8-4dde-8533-c4133f254d1b
el_for_eng:S0224L01U01	I just went out	μόλις βγήκα έξω	8470f8bd-de47-47f1-bef8-e67119176d6b
el_for_eng:S0224L01U03	I just watched a film	μόλις είδα μια ταινία	104450dd-164c-499f-820a-d937be462a5e
el_for_eng:S0224L01U04	I know he's just trying	ξέρω ότι μόλις προσπαθεί	31c69e35-81c7-4748-8a45-449c18a18018
el_for_eng:S0224L01U05	I just did something different	μόλις έκανα κάτι διαφορετικό	5f865f81-ce41-450e-b30c-39c4528e48cd
el_for_eng:S0224L02B01	he started	άρχισε	20cbd9da-8ed2-4fa1-be4a-e9bdf79de94d
el_for_eng:S0224L02B02	he didn't start	δεν άρχισε	aeaa4490-b350-40da-93fe-c0ec20099724
el_for_eng:S0224L02B03	he just started	μόλις άρχισε	d57abf1a-82da-4a48-af01-93e9e6b005be
el_for_eng:S0224L02U01	he definitely started something	σίγουρα άρχισε κάτι	f7377641-22e1-4ee4-9d94-6521ec7a6837
el_for_eng:S0224L02U02	I know he just started	ξέρω ότι μόλις άρχισε	e53f2bcb-825e-4d70-8b04-ca1c7d5e3bc6
el_for_eng:S0224L02U03	we don't know if he started	δεν ξέρουμε αν άρχισε	498adaee-fe3c-4bdc-ad44-dd6ad1836c20
el_for_eng:S0224L02U04	he started and it wasn't easy	άρχισε και δεν ήταν εύκολο	3b37b70a-0e43-4f60-9901-e5fd8a76ce28
el_for_eng:S0224L02U05	I think he started on Sunday	νομίζω ότι άρχισε την Κυριακή	2373e524-6244-4386-aae0-938affda8d46
el_for_eng:S0224L03B01	to learn	να μαθαίνει	b03bac83-1957-4ae8-8181-4a28b3e5e8bf
el_for_eng:S0224L03B02	he started to learn	άρχισε να μαθαίνει	79fe700d-4433-4159-b587-b33d4fa61f55
el_for_eng:S0224L03B03	he just started to learn	μόλις άρχισε να μαθαίνει	becd893d-aaa1-4daa-893f-3de3cdd964cc
el_for_eng:S0224L03C01	he learns	μαθαίνει	838c5dfc-a10c-40a9-a001-c5862dcb57f6
el_for_eng:S0224L03U01	he definitely started to learn	σίγουρα άρχισε να μαθαίνει	010e8577-8141-4bea-869f-258ad4dde3fe
el_for_eng:S0224L03U02	I know he just started to learn	ξέρω ότι μόλις άρχισε να μαθαίνει	b8bfa7e7-03f3-43f7-bd69-938a00e37204
el_for_eng:S0224L03U03	he wants to learn something different	θέλει να μαθαίνει κάτι διαφορετικό	0c0f1a2c-4960-45e8-8ba1-013b25673cd8
el_for_eng:S0224L03U04	he's trying to learn but it's not easy	προσπαθεί να μαθαίνει αλλά δεν είναι εύκολο	54103b20-a89d-42df-96ed-3e1beceb8081
el_for_eng:S0224L03U05	I think he started to learn at the weekend	νομίζω ότι άρχισε να μαθαίνει το Σαββατοκύριακο	1326d3bb-b923-450a-b926-2407c5fc4749
el_for_eng:S0225L01B01	he would want	θα θέλει	93bd23a0-2e62-4afa-9c69-39ffd164ca19
el_for_eng:S0225L01B02	he would try	θα προσπαθεί	25873ebb-1bc6-486b-be39-544189cf3f57
el_for_eng:S0225L01B03	he wouldn't try	δεν θα προσπαθεί	4c607436-5e06-4954-9c60-fd570537b06b
el_for_eng:S0225L01U01	he would ask you tomorrow	θα σε ρωτήσει αύριο	979e4fe6-984d-468c-8e19-c14579a8aff6
el_for_eng:S0225L01U02	he would tell me what he wants	θα μου πει τι θέλει	c82ad245-3ef1-4cde-8416-005749c04805
el_for_eng:S0225L01U03	I know he would try	ξέρω ότι θα προσπαθεί	bfd28943-d2f6-46fc-813e-cfa76d7ef4cf
el_for_eng:S0225L01U05	he would want something different	θα θέλει κάτι διαφορετικό	a08b53ac-27b9-4582-ab27-adba74ccae46
el_for_eng:S0225L02B01	would give you	σου έδινε	e22a0a74-5a5b-45d3-924c-63695cb76e6e
el_for_eng:S0225L02B02	he would give you	θα σου έδινε	c5030fd1-0901-4017-bf11-be331c384af1
el_for_eng:S0225L02B03	he wouldn't give you	δεν θα σου έδινε	2fbb5b32-1589-4ede-9c3a-67ca959b5b2f
el_for_eng:S0225L02C01	he was giving	έδινε	2d7810eb-b1db-4ee4-90b6-7caab9b91e19
el_for_eng:S0225L02U01	he definitely would give you it	σίγουρα θα σου έδινε αυτό	176e1497-26df-4a65-9902-2f90c991e218
el_for_eng:S0225L02U02	I know he would give you something	ξέρω ότι θα σου έδινε κάτι	eb7cca5a-8839-44b4-baa5-30a24270a483
el_for_eng:S0225L02U03	we don't know if he would give you it	δεν ξέρουμε αν θα σου έδινε αυτό	2710a14d-ab9f-447e-ba8e-af6e5a042a58
el_for_eng:S0225L02U04	I think he would give you something different	νομίζω ότι θα σου έδινε κάτι διαφορετικό	50ec26ab-f371-43d6-a33c-7c2bcaf92a59
el_for_eng:S0225L02U05	he just started and he would give you more	μόλις άρχισε και θα σου έδινε περισσότερο	2e654c16-484f-4ea8-946b-4da974d85f15
el_for_eng:S0225L03B01	an answer	μια απάντηση	29859cf0-be6f-4843-a632-aa6a162c65c0
el_for_eng:S0225L03B02	he would give you an answer	θα σου έδινε μια απάντηση	3849d872-7f92-49b3-bc61-d63c3172f267
el_for_eng:S0225L03B03	he wouldn't give you an answer	δεν θα σου έδινε μια απάντηση	e26d119e-d6c3-4a4e-afc6-f35ab669f4aa
el_for_eng:S0225L03U01	he definitely would give you an answer	σίγουρα θα σου έδινε μια απάντηση	5148ea20-7bc5-423d-b762-de1034640da3
el_for_eng:S0225L03U02	I know he would give you an answer	ξέρω ότι θα σου έδινε μια απάντηση	1ca6987e-13cb-4f0b-8a81-75a56dccd821
el_for_eng:S0225L03U03	we don't know if he would give you an answer	δεν ξέρουμε αν θα σου έδινε μια απάντηση	9280f18a-01cf-480c-8e29-1ae0e546ca99
el_for_eng:S0225L03U04	I think he would give you an answer tomorrow	νομίζω ότι θα σου έδινε μια απάντηση αύριο	d3e4a6c3-a544-473d-8ef8-4a54ce513810
el_for_eng:S0225L03U05	he would give you an answer at the weekend	θα σου έδινε μια απάντηση το Σαββατοκύριακο	dab3e3d3-29b9-41ee-a52a-f129b1b370d0
el_for_eng:S0225L04B01	if he could	αν μπορούσε	bac12ec5-7a5a-411c-a731-5269325ae2e2
el_for_eng:S0225L04B02	he couldn't	δεν μπορούσε	1974a891-e116-4ebb-9eb1-97e2cc693da0
el_for_eng:S0225L04B03	he definitely couldn't do it	σίγουρα δεν μπορούσε	47b9d2db-944a-4269-a2e9-97d182a35348
el_for_eng:S0225L04U01	we don't know if he could	δεν ξέρουμε αν μπορούσε	943fddfe-1d50-4a2c-8373-35bcb7279961
el_for_eng:S0225L04U02	he would ask you if he could	θα σε ρωτήσει αν μπορούσε	e3380d31-c7b3-4a6d-93c5-a16d6c9bc8ca
el_for_eng:S0225L04U03	I know he would try if he could	ξέρω ότι θα προσπαθεί αν μπορούσε	f9bcd4b0-dc7c-4e91-b1c9-6fcad73e27c8
el_for_eng:S0225L04U04	he would give you an answer if he could	θα σου έδινε μια απάντηση αν μπορούσε	846121c5-b17f-4d28-a833-ed70863bd2c5
el_for_eng:S0225L04U05	he would give you an answer if he could tomorrow	θα σου έδινε μια απάντηση αν μπορούσε αύριο	4cffc73e-4fb9-45b0-9b49-cce252727747
el_for_eng:S0226L01B01	the man	ο άντρας	253eccbe-97df-4f8b-995e-7b3cd505e511
el_for_eng:S0226L01B02	the man is trying	ο άντρας προσπαθεί	444acde5-5861-410a-884d-3e2e259ae983
el_for_eng:S0226L01B03	the man just started	ο άντρας μόλις άρχισε	6ffe64a1-69c3-41b6-a526-c8d77cda78cd
el_for_eng:S0226L01C01	man	άντρας	743c1416-2ef3-4837-9abc-f21dfb3c8957
el_for_eng:S0226L01U01	I know the man is trying	ξέρω ότι ο άντρας προσπαθεί	ff9777ab-3050-43e1-b606-f2116a87613a
el_for_eng:S0226L01U02	the man wants something different	ο άντρας θέλει κάτι διαφορετικό	4e6e1bd2-842f-4908-9e72-52a6d7ebab54
el_for_eng:S0226L01U03	the man would give you an answer	ο άντρας θα σου έδινε μια απάντηση	17fb6a1e-6f91-4f3f-b661-121706f721ee
el_for_eng:S0226L01U04	we don't know if the man wants it	δεν ξέρουμε αν ο άντρας θέλει αυτό	f48c7d85-6753-44e0-afb4-adefa48c7b47
el_for_eng:S0226L01U05	I think the man just started to learn	νομίζω ότι ο άντρας μόλις άρχισε να μαθαίνει	5d7ea57a-bef9-4a30-80f4-8b222e760271
el_for_eng:S0226L03B01	to help me	να με βοηθήσει	39f3b8d5-557d-4fa5-9c98-9bf6e72c65f5
el_for_eng:S0226L03B02	he wants to help me	θέλει να με βοηθήσει	395aaae4-4623-41b8-a5f1-a73926b99546
el_for_eng:S0226L03B03	he's trying to help me	προσπαθεί να με βοηθήσει	ef326783-994a-4af2-928d-e2f60f917141
el_for_eng:S0226L03C01	he helps	βοηθήσει	5424dc9c-0df2-4864-8f64-2b9d5e39ee08
el_for_eng:S0226L03U01	he just started to help me	μόλις άρχισε να με βοηθήσει	7d8448ed-8a5a-4711-9ce8-1bd321344cdc
el_for_eng:S0226L03U02	I think he wants to help me	νομίζω ότι θέλει να με βοηθήσει	a7d12427-b5f6-429d-a570-ca487764f40c
el_for_eng:S0226L03U03	the man is trying to help me	ο άντρας προσπαθεί να με βοηθήσει	c2ed3809-19b1-4037-a860-d81d1d0bc97b
el_for_eng:S0226L03U04	the man is definitely trying to help me	ο άντρας σίγουρα προσπαθεί να με βοηθήσει	d43d62c8-9193-46dc-b0c5-9075440a2d58
el_for_eng:S0226L03U05	I know the man is trying to help me	ξέρω ότι ο άντρας προσπαθεί να με βοηθήσει	4ed5b95b-ad90-4610-8eed-b260927ee841
el_for_eng:S0227L01B01	that one	εκείνος	d4e8b600-7587-4410-a0d9-03a05f08e96f
el_for_eng:S0227L01B02	that man	εκείνος ο άντρας	dd472112-6af5-465f-b979-09af88116c6c
el_for_eng:S0227L01U01	that man is trying	εκείνος ο άντρας προσπαθεί	72e11bb1-47ee-4c1f-833b-5385f4bed0a9
el_for_eng:S0227L01U02	I think that man wants something	νομίζω ότι εκείνος ο άντρας θέλει κάτι	794c57ac-e8e2-4186-a3cc-a79823a02698
el_for_eng:S0227L01U03	that man just started to learn	εκείνος ο άντρας μόλις άρχισε να μαθαίνει	6be1a975-2566-4e1a-a106-3b72e0e9edc2
el_for_eng:S0227L01U04	that man would give you an answer	εκείνος ο άντρας θα σου έδινε μια απάντηση	1f6231f7-d9fe-4e83-b165-864631398189
el_for_eng:S0227L01U05	that man is definitely trying to help me	εκείνος ο άντρας σίγουρα προσπαθεί να με βοηθήσει	e29ba4c6-9444-408c-868b-8c8156df72b7
el_for_eng:S0227L03B01	will tell me	θα μου πει	61aee033-2136-45ff-a9b9-b60bab3e6958
el_for_eng:S0227L03B02	he won't tell me	δεν θα μου πει	f78472bb-a0e8-40a7-a42e-b65222928344
el_for_eng:S0227L03B03	he's definitely going to tell me	σίγουρα θα μου πει	7bf589f8-9815-44a9-a59d-bba5c8d6d10e
el_for_eng:S0227L03U01	he will tell me	ο άντρας θα μου πει	1b5f5b81-fc97-4d64-b671-e979361ed1b1
el_for_eng:S0227L03U02	we don't know if he will tell me	δεν ξέρουμε αν θα μου πει	d5701cf2-b8d2-4769-9e4d-2e27e14887ab
el_for_eng:S0227L03U03	I know the man will tell me something	ξέρω ότι ο άντρας θα μου πει κάτι	3569bdbf-090a-452a-9232-6796ae679f3d
el_for_eng:S0227L03U04	that man will tell me tomorrow	εκείνος ο άντρας θα μου πει αύριο	4b967215-a1c6-4aae-9459-d2dee46abe9b
el_for_eng:S0227L03U05	I think he will tell me the answer	νομίζω ότι θα μου πει μια απάντηση	c5cd27e7-9f77-4d8f-b7c6-f46704232592
el_for_eng:S0228L05B01	to practise	να εξασκείται	32d14c90-3607-4e74-a1cf-49d3ac6f4616
el_for_eng:S0228L05B02	he started to practise	άρχισε να εξασκείται	acac885b-4067-4ea2-a409-7ee407b21bcb
el_for_eng:S0228L05B03	he is trying to practise	προσπαθεί να εξασκείται	671e0939-ca99-4e79-b019-67785dd79d23
el_for_eng:S0228L05C01	he practises	εξασκείται	cc7ca59b-4c0a-4d5c-a8b8-f0a2e775baac
el_for_eng:S0228L05U01	he just started to practise	μόλις άρχισε να εξασκείται	51e965f8-596c-48a0-abd0-39739664f89b
el_for_eng:S0228L05U03	I think he needs to practise	νομίζω ότι χρειάζεται να εξασκείται	b8853b0a-760c-4333-b760-e7e98cdc3ee3
el_for_eng:S0228L05U04	that man definitely started to practise	εκείνος ο άντρας σίγουρα άρχισε να εξασκείται	649bd9e0-55c5-4b62-87eb-af8ed9feea2f
el_for_eng:S0228L05U05	I know that man started to practise	ξέρω ότι εκείνος ο άντρας άρχισε να εξασκείται	c5059f39-4e78-4434-b80b-83b626d5bae2
el_for_eng:S0228L06B01	to speak	να μιλάει	c42cd1a7-26b1-448e-ac93-d4e90518fe5c
el_for_eng:S0228L06B02	he started to practise speaking	άρχισε να εξασκείται να μιλάει	10e2036b-dac0-438b-8b41-0c9b659f5d20
el_for_eng:S0228L06B03	he just started to practise speaking	μόλις άρχισε να εξασκείται να μιλάει	a7c92ab0-572f-4e53-a934-65c802850078
el_for_eng:S0228L06C01	he speaks	μιλάει	2728ff06-92a5-4a8d-9727-9b68b75daf2c
el_for_eng:S0228L06U01	I know he wants to practise speaking	ξέρω ότι θέλει να εξασκείται να μιλάει	d9f5570b-032b-48be-850e-2fedc59c4fee
el_for_eng:S0228L06U03	I think he needs to practise speaking	νομίζω ότι χρειάζεται να εξασκείται να μιλάει	70156e83-bd01-42d1-a788-bedad48bfbd6
el_for_eng:S0228L06U04	that man has just started to practise speaking	εκείνος ο άντρας μόλις άρχισε να εξασκείται να μιλάει	bac0b83f-5009-493e-831d-a517c14c5977
el_for_eng:S0228L06U05	that man definitely started to practise speaking	εκείνος ο άντρας σίγουρα άρχισε να εξασκείται να μιλάει	b7226815-3f44-4d6d-ac58-861e62d71d09
el_for_eng:S0229L01B01	the woman	η γυναίκα	61422710-8039-463a-a3ff-930b53431390
el_for_eng:S0229L01B02	the woman is trying	η γυναίκα προσπαθεί	0d88b363-a41b-48da-b519-e6f0476f7070
el_for_eng:S0229L01B03	the woman just started	η γυναίκα μόλις άρχισε	a5cbae40-e51c-43e8-8382-fffd24dafec4
el_for_eng:S0229L01C01	woman	γυναίκα	6cd8e717-c409-4b67-9cfb-518ef4d7a897
el_for_eng:S0229L01U01	the woman is definitely trying	η γυναίκα σίγουρα προσπαθεί	6e0827bb-e621-4940-981e-3eff05e48f4e
el_for_eng:S0229L01U02	the woman just started to learn	η γυναίκα μόλις άρχισε να μαθαίνει	12045085-3de5-413d-8965-1c1246e0deaa
el_for_eng:S0229L01U03	I know the woman wants to help me	ξέρω ότι η γυναίκα θέλει να με βοηθήσει	d6b6ce9a-ba75-469c-8b81-7bd2c29dbd4a
el_for_eng:S0229L01U04	I think the woman will tell me something new	νομίζω ότι η γυναίκα θα μου πει κάτι νέο	3a952f37-f1ea-4016-b6ca-11fcfcfdaa89
el_for_eng:S0229L01U05	the woman would give you an answer if she could	η γυναίκα θα σου έδινε μια απάντηση αν μπορούσε	65c6a2fd-805e-4153-9a3f-14353b2571ec
el_for_eng:S0229L02B01	that one	εκείνη	d4e8b600-7587-4410-a0d9-03a05f08e96f
el_for_eng:S0229L02B02	that woman	εκείνη η γυναίκα	427de426-35b9-4b84-87ba-aec9869ff91e
el_for_eng:S0229L02B03	that woman is trying	εκείνη η γυναίκα προσπαθεί	f59385e9-c802-4033-ab9b-4555845c91fd
el_for_eng:S0229L02U01	that woman wants something new	εκείνη η γυναίκα θέλει κάτι νέο	9893cfe5-807a-478b-bd86-7ff3db0ccc1e
el_for_eng:S0229L02U02	that woman will tell me tomorrow	εκείνη η γυναίκα θα μου πει αύριο	944e7550-b031-403e-93db-7459b40c4058
el_for_eng:S0229L02U03	I know that woman just started	ξέρω ότι εκείνη η γυναίκα μόλις άρχισε	6037502b-c700-4aa9-8b2b-986147ba70b1
el_for_eng:S0229L02U04	that woman is definitely trying to help me	εκείνη η γυναίκα σίγουρα προσπαθεί να με βοηθήσει	754fc3c1-83ae-4af3-b76d-946a3101fa19
el_for_eng:S0229L02U05	I think that woman would give you an answer	νομίζω ότι εκείνη η γυναίκα θα σου έδινε μια απάντηση	f7de22f7-3e56-4483-a2c9-829b73e98b8e
el_for_eng:S0229L03B01	would help you	σε βοηθούσε	8a4bba2b-3fd8-4bd2-98f0-2d1d1f0bb02d
el_for_eng:S0229L03B02	she would help you	θα σε βοηθούσε	62f4b8cb-8f45-494a-ad27-14f816151643
el_for_eng:S0229L03B03	she wouldn't help you	δεν θα σε βοηθούσε	bc506408-eac1-4d3d-80e8-e2ddd35ed724
el_for_eng:S0229L03C01	was helping	βοηθούσε	d2861330-9285-42a1-9f9e-ecd18e709ee3
el_for_eng:S0229L03U01	she would help you tomorrow	θα σε βοηθούσε αύριο	c7334320-67f7-4c64-8cc8-9f6c02883f92
el_for_eng:S0229L03U02	the man would help you too	ο άντρας θα σε βοηθούσε	ee4d5c7c-044b-499e-8e8a-2edc09049d75
el_for_eng:S0229L03U03	I know the woman would help you	ξέρω ότι η γυναίκα θα σε βοηθούσε	807b8373-fe93-43d5-a020-1ed4b0fd03eb
el_for_eng:S0229L03U04	I think she would help you if she could	νομίζω ότι θα σε βοηθούσε αν μπορούσε	672a4ac5-fc01-4d23-ae9f-eb9a9266185c
el_for_eng:S0229L03U05	that woman would definitely help you	εκείνη η γυναίκα σίγουρα θα σε βοηθούσε	89902b83-e0fb-4625-8332-f3cd8206348f
el_for_eng:S0229L04B01	if she could	αν μπορούσε	dbf4fb4a-115d-4dc0-8a63-2908618f6306
el_for_eng:S0229L04B02	she couldn't	δεν μπορούσε	b46abb51-f5c0-4add-9b6b-da19851ef2ba
el_for_eng:S0229L04B03	she definitely couldn't help	σίγουρα δεν μπορούσε	3687cc52-cf96-455c-b6ac-80ae55f8850b
el_for_eng:S0229L04U01	I know she couldn't	ξέρω ότι δεν μπορούσε	2675cb16-2749-4864-8124-a34145d897ef
el_for_eng:S0229L04U02	she would help you if she could	θα σε βοηθούσε αν μπορούσε	e8e833c2-af3c-461d-816a-462ad785e712
el_for_eng:S0229L04U04	that woman would help you if she could	εκείνη η γυναίκα θα σε βοηθούσε αν μπορούσε	d5896811-c598-442d-8cdd-fd1845d52892
el_for_eng:S0229L04U05	the man would give you an answer if he could	ο άντρας θα σου έδινε μια απάντηση αν μπορούσε	f8c9b4aa-0b73-48fd-9eb4-542ecc66f2aa
el_for_eng:S0230L02B01	a young man	έναν νεαρό άντρα	fe31b4ac-83eb-4440-928e-77d39dc264df
el_for_eng:S0230L02B02	I know a young man	γνωρίζω έναν νεαρό άντρα	00298f6b-ee31-4c20-bfdc-5e84ffa5e985
el_for_eng:S0230L02B03	I saw a young man	είδα έναν νεαρό άντρα	2953dd58-1826-425f-9f11-4f6724f504b4
el_for_eng:S0230L02C01	young	νεαρό	fec7f692-d816-47c4-8682-549d48767b43
el_for_eng:S0230L02C02	man	άντρα	743c1416-2ef3-4837-9abc-f21dfb3c8957
el_for_eng:S0230L02U01	I definitely know a young man	σίγουρα γνωρίζω έναν νεαρό άντρα	a6bb6d54-a32a-454a-b5ff-37f507217de1
el_for_eng:S0230L02U02	I saw a young man and he is trying	είδα έναν νεαρό άντρα και προσπαθεί	65faa082-e054-453f-91e5-e52208e241be
el_for_eng:S0230L02U03	I know a young man and he is trying	γνωρίζω έναν νεαρό άντρα και προσπαθεί	a7917708-14ea-437f-9cbe-82aedee48ad5
el_for_eng:S0230L02U04	I saw a young man at the weekend	είδα έναν νεαρό άντρα το Σαββατοκύριακο	3c334538-8ea8-4e02-94ad-d9832119d8c1
el_for_eng:S0230L02U05	I think I saw a young man on Sunday	νομίζω ότι είδα έναν νεαρό άντρα την Κυριακή	f746a4ab-c180-496e-803e-002610f5ffe4
el_for_eng:S0230L03B01	the woman who wants	η γυναίκα που θέλει	2c41944e-242f-4971-8cf9-7ac08df95b92
el_for_eng:S0230L03B02	the man who just started	ο άντρας που μόλις άρχισε	3a9d2d08-aea3-42c0-af2d-8ce81057c3ee
el_for_eng:S0230L03B03	the man who wants something new	ο άντρας που θέλει κάτι νέο	da3500f2-aced-4169-81b9-855d9e14c560
el_for_eng:S0230L03U01	the woman who would help you	η γυναίκα που θα σε βοηθούσε	44effb71-e04f-43d5-be69-2545d3e6e7ef
el_for_eng:S0230L03U02	a young man who is trying	έναν νεαρό άντρα που προσπαθεί	ffe3560e-c573-4bc9-bb77-90e71d1e5c88
el_for_eng:S0230L03U03	the woman who just started is trying	η γυναίκα που μόλις άρχισε προσπαθεί	bc4e6aa8-5eb1-43a4-8f02-e2ecc4213740
el_for_eng:S0230L03U04	I saw a young man who is trying to learn	είδα έναν νεαρό άντρα που προσπαθεί να μάθει	94d3150e-200c-4cfd-81ea-abe2fc14de34
el_for_eng:S0230L03U05	I know a young man who is trying to help me	γνωρίζω έναν νεαρό άντρα που προσπαθεί να με βοηθήσει	9790235d-c8f4-4359-b172-4c1285855161
el_for_eng:S0230L05B01	to work	να δουλέψει	e834250c-3e79-4c69-8709-568b9c99a9b7
el_for_eng:S0230L05B02	he wants to work	θέλει να δουλέψει	77138d20-e003-479a-9318-921ab258d1eb
el_for_eng:S0230L05B03	he doesn't want to work	δεν θέλει να δουλέψει	fc6c1cf4-2436-4d95-a1db-7ac58490868a
el_for_eng:S0230L05C01	he works	δουλέψει	1bc5f140-965a-44b8-96c1-063a64a6e8a1
el_for_eng:S0230L05U01	I think he wants to work tomorrow	νομίζω ότι θέλει να δουλέψει αύριο	8f30a690-b97b-440c-a73b-6cf61e8587b5
el_for_eng:S0230L05U02	he wants to work but it's not easy	θέλει να δουλέψει αλλά δεν είναι εύκολο	46fa9924-1665-4819-b8f8-65a2905483de
el_for_eng:S0230L05U03	that man just started to work	εκείνος ο άντρας μόλις άρχισε να δουλέψει	af5f3806-56e2-4cf3-8f81-26e70652a603
el_for_eng:S0230L05U04	the woman who wants to work is trying	η γυναίκα που θέλει να δουλέψει προσπαθεί	f56643e1-12ff-4bf2-ac4c-a19ff36ac696
el_for_eng:S0230L05U05	I know a young man who wants to work	γνωρίζω έναν νεαρό άντρα που θέλει να δουλέψει	41b2f970-8f19-4e2d-b62a-d955f5790510
el_for_eng:S0230L06B01	with you	μαζί σου	db2e9599-840a-4311-a615-a47f98df3646
el_for_eng:S0230L06B02	he wants to work with you	θέλει να δουλέψει μαζί σου	ec3826bf-321f-41a1-aee4-ed4040ef651b
el_for_eng:S0230L06B03	he doesn't want to work with you	δεν θέλει να δουλέψει μαζί σου	5bb110b4-9c47-4bb3-9689-9dcbee52d982
el_for_eng:S0230L06U01	he's trying to work with you	προσπαθεί να δουλέψει μαζί σου	73d1c4f4-5757-4360-9a06-8a8fb373c572
el_for_eng:S0230L06U02	that woman wants to work with you	εκείνη η γυναίκα θέλει να δουλέψει μαζί σου	3e51d94b-d07b-462b-96a7-7cde01c5391d
el_for_eng:S0230L06U03	I think he wants to work with you tomorrow	νομίζω ότι θέλει να δουλέψει μαζί σου αύριο	5ee466b5-f922-4ad2-b80e-d52969afed32
el_for_eng:S0230L06U04	I know a young man who wants to work with you	γνωρίζω έναν νεαρό άντρα που θέλει να δουλέψει μαζί σου	44705c40-92f8-4b5b-8d91-794a45518f4b
el_for_eng:S0230L06U05	the man who wants to work with you just started	ο άντρας που θέλει να δουλέψει μαζί σου μόλις άρχισε	0cb0442b-0c89-4321-b6fc-49b767b84d90
el_for_eng:S0231L02B01	an old man	έναν ηλικιωμένο άντρα	3660fd90-5f03-4fdd-bd40-58f8b01faf88
el_for_eng:S0231L02B02	I know an old man	γνωρίζω έναν ηλικιωμένο άντρα	a5adabde-8f97-49a8-9e30-b996c8dc3017
el_for_eng:S0231L02B03	I saw an old man	είδα έναν ηλικιωμένο άντρα	a7bc1f6b-2f24-4944-83f1-6c55f09746e2
el_for_eng:S0231L02U01	I definitely know an old man	σίγουρα γνωρίζω έναν ηλικιωμένο άντρα	87e48002-a15b-4494-a494-99b2cefe2ff5
el_for_eng:S0231L02U02	I think I know an old man	νομίζω ότι γνωρίζω έναν ηλικιωμένο άντρα	60e9d081-0daf-46d3-a59f-fa19031b6577
el_for_eng:S0231L02U03	I saw an old man on Sunday	είδα έναν ηλικιωμένο άντρα την Κυριακή	1c9eab77-bee2-4d46-8451-db199fec43b0
el_for_eng:S0231L02U04	I know an old man who is trying	γνωρίζω έναν ηλικιωμένο άντρα που προσπαθεί	d814d08e-518b-4fd7-b733-969825fc35ed
el_for_eng:S0231L02U05	I saw an old man at the weekend	είδα έναν ηλικιωμένο άντρα το Σαββατοκύριακο	bd8b5368-c38b-4a74-ab87-417459a8053f
el_for_eng:S0231L03B01	he wanted	ήθελε	7da2d312-cb14-43c3-a73a-44d08be4d83b
el_for_eng:S0231L03B02	he didn't want	δεν ήθελε	8886640b-2b35-4a25-add3-8f443dbd2877
el_for_eng:S0231L03B03	he wanted something	ήθελε κάτι	eb060a4b-1435-4919-90b1-3e41625c860a
el_for_eng:S0231L03U01	I know he wanted something new	ξέρω ότι ήθελε κάτι νέο	11ba5058-9cc9-4470-ab18-043446206152
el_for_eng:S0231L03U02	he definitely wanted to help me	σίγουρα ήθελε να με βοηθήσει	2a262a58-5927-4b07-b0d8-bf2affad4e86
el_for_eng:S0231L03U03	he wanted it but he couldn't	ήθελε αυτό αλλά δεν μπορούσε	7969c02f-75e8-4ce3-a503-7c5a1f2588a5
el_for_eng:S0231L03U04	the man wanted to work with you	ο άντρας ήθελε να δουλέψει μαζί σου	9442b892-5e12-4076-95b9-352c528cb295
el_for_eng:S0231L03U05	I know an old man who wanted something	γνωρίζω έναν ηλικιωμένο άντρα που ήθελε κάτι	073b6d1b-179b-4bda-aa7d-288f9b4a7db7
el_for_eng:S0231L04B01	to ask for	να ζητήσει	67a9a552-82dc-4f20-99f1-665149bba461
el_for_eng:S0231L04B02	he wanted to ask for	ήθελε να ζητήσει	f583a6f6-fbc6-4e5a-ba0e-06e940f64702
el_for_eng:S0231L04B03	he wanted to ask for help	ήθελε να ζητήσει βοήθεια	20a3c7e4-ee33-4116-827e-13005ed91e04
el_for_eng:S0231L04C01	he asks for	ζητήσει	7f0edb9b-f5c6-4930-9e55-6ca8588c9c70
el_for_eng:S0231L04U01	he wanted to ask for something new	ήθελε να ζητήσει κάτι νέο	b19d9b15-105d-41d0-9dc2-6f9f6606b2ea
el_for_eng:S0231L04U02	he definitely wanted to ask for help	σίγουρα ήθελε να ζητήσει βοήθεια	dae2e021-db32-479e-9531-7bf19e82f4bb
el_for_eng:S0231L04U03	the man wanted to ask for an answer	ο άντρας ήθελε να ζητήσει μια απάντηση	b9552e09-5269-4d81-bd89-7fbe09cc44d6
el_for_eng:S0231L04U04	that woman wanted to ask for help	εκείνη η γυναίκα ήθελε να ζητήσει βοήθεια	e34c2cca-f466-4ace-953a-4217861cea2a
el_for_eng:S0231L04U05	I know an old man who wanted to ask for help	γνωρίζω έναν ηλικιωμένο άντρα που ήθελε να ζητήσει βοήθεια	e166fecb-10c8-4a16-9bf7-eaf7cbb6a064
el_for_eng:S0232L02B01	an old woman	μια ηλικιωμένη γυναίκα	4e6a80ca-b978-4476-ab09-2131211649fa
el_for_eng:S0232L02B02	I know an old woman	γνωρίζω μια ηλικιωμένη γυναίκα	3b941a21-dbda-4064-b9b5-1368bc97020c
el_for_eng:S0232L02B03	I saw an old woman	είδα μια ηλικιωμένη γυναίκα	1ef9f2ff-75e8-4ca1-8ac4-97cdeadff11d
el_for_eng:S0232L02U01	I definitely know an old woman	σίγουρα γνωρίζω μια ηλικιωμένη γυναίκα	99a4cc34-2e29-4c2e-a52d-2ef5eafb457a
el_for_eng:S0232L02U02	I think I know an old woman	νομίζω ότι γνωρίζω μια ηλικιωμένη γυναίκα	8ac7e887-6964-438c-92c8-efe8645f1ad0
el_for_eng:S0232L02U03	I saw an old woman on Sunday	είδα μια ηλικιωμένη γυναίκα την Κυριακή	e6a8c3a2-c4e9-4335-b132-a63585267fc6
el_for_eng:S0232L02U04	I know an old woman who is trying	γνωρίζω μια ηλικιωμένη γυναίκα που προσπαθεί	3c0ed626-a098-44ac-8d49-ea846bb0596d
el_for_eng:S0232L02U05	I saw an old woman at the weekend	είδα μια ηλικιωμένη γυναίκα το Σαββατοκύριακο	f60d191c-f3bc-4c4a-8e39-cc3d6aaa7d1b
el_for_eng:S0232L04B01	she can	μπορεί	0cc88383-f47f-4f96-a92f-a75a62c85027
el_for_eng:S0232L04B02	she can't	δεν μπορεί	98292d1c-e508-4b85-8526-ea3480a15a2f
el_for_eng:S0232L04B03	she definitely can	σίγουρα μπορεί	28b7cb30-91ed-4e61-9912-84656b3c90e5
el_for_eng:S0232L04U01	he can but he doesn't want	μπορεί αλλά δεν θέλει	a29b1f18-4ec3-4c18-95cb-e20e3941384a
el_for_eng:S0232L04U02	an old woman who can	μια ηλικιωμένη γυναίκα που μπορεί	8084d1c3-8e07-48ca-8110-d4fcd5dd6ee0
el_for_eng:S0232L04U03	the man can work with you	ο άντρας μπορεί να δουλέψει μαζί σου	fe750f84-d264-4a99-8501-235ed34e2756
el_for_eng:S0232L04U04	that woman can help me	εκείνη η γυναίκα μπορεί να με βοηθήσει	bde2bc9a-edb3-429d-960e-56bf5bc5db7e
el_for_eng:S0232L04U05	I know an old woman who can help me	γνωρίζω μια ηλικιωμένη γυναίκα που μπορεί να με βοηθήσει	98c31b87-729b-4daf-952b-4997ba4a183f
el_for_eng:S0232L05B01	to remember	να θυμηθεί	6eaa933e-df34-4887-bb11-d8f2ea7c89d8
el_for_eng:S0232L05B02	she can remember	μπορεί να θυμηθεί	2b0f7f8f-c1e7-43a5-9417-2b75a06c2851
el_for_eng:S0232L05B03	she can't remember	δεν μπορεί να θυμηθεί	71c04c77-a636-44ff-a2df-042199cb9c7f
el_for_eng:S0232L05C01	he remembers	θυμηθεί	b769cec4-f37c-4bd1-93a7-8ce7246af532
el_for_eng:S0232L05U01	he wanted to remember something new	ήθελε να θυμηθεί κάτι νέο	d881c424-f86c-4d39-b240-dca8863486c6
el_for_eng:S0232L05U02	she definitely can remember	σίγουρα μπορεί να θυμηθεί	f135f4dd-9a15-42aa-93f6-223a50a1d8d7
el_for_eng:S0232L05U03	the man can remember	ο άντρας μπορεί να θυμηθεί	b54f1702-06df-4ba5-b909-530955fb46cb
el_for_eng:S0232L05U04	that woman can remember it	εκείνη η γυναίκα μπορεί να θυμηθεί αυτό	073b676a-66be-4b06-b433-b80ad1fadb6c
el_for_eng:S0232L05U05	I know an old woman who can remember	γνωρίζω μια ηλικιωμένη γυναίκα που μπορεί να θυμηθεί	796db4f8-cea8-4e92-a2ae-1fa94d97daf5
el_for_eng:S0232L06B01	the answer	την απάντηση	d86adb01-4c03-466f-ac7f-5ed4c29c6e49
el_for_eng:S0232L06B02	she can remember the answer	μπορεί να θυμηθεί την απάντηση	58d2c236-9c17-4fc0-9636-593f497b6143
el_for_eng:S0232L06B03	she can't remember the answer	δεν μπορεί να θυμηθεί την απάντηση	0f3a4250-bbab-42a0-8135-f80deb94da55
el_for_eng:S0232L06C01	the	την	7f00f010-072d-4fc7-9726-208ff5327344
el_for_eng:S0232L06U01	the man wanted to remember the answer	ο άντρας ήθελε να θυμηθεί την απάντηση	5e1f390f-9cdf-4cea-84fe-7e71b9c643e5
el_for_eng:S0232L06U02	he definitely can remember the answer	σίγουρα μπορεί να θυμηθεί την απάντηση	0ad04a84-0079-4f6a-8c8b-4de34916c7f0
el_for_eng:S0232L06U03	that woman can remember the answer	εκείνη η γυναίκα μπορεί να θυμηθεί την απάντηση	81cf0ae4-15f4-4a07-81ec-d26b6e14261e
el_for_eng:S0232L06U04	she wanted to remember the answer but she couldn't	ήθελε να θυμηθεί την απάντηση αλλά δεν μπορούσε	694f7b84-fc3c-4447-9a97-43086942d1a5
el_for_eng:S0232L06U05	I know an old woman who can remember the answer	γνωρίζω μια ηλικιωμένη γυναίκα που μπορεί να θυμηθεί την απάντηση	99f59c4a-b23a-4efa-9246-ac7c3c8db82b
el_for_eng:S0233L02B01	a young woman	μια νεαρή γυναίκα	503ba99a-d4fa-4ce4-b497-49b45592a912
el_for_eng:S0233L02B02	I know a young woman	γνωρίζω μια νεαρή γυναίκα	e576ef56-fd09-415c-a70c-0ec6b66e74b7
el_for_eng:S0233L02B03	I saw a young woman	είδα μια νεαρή γυναίκα	2d18996c-204b-47cd-80ce-1352337e21a2
el_for_eng:S0233L02U01	I definitely know a young woman	σίγουρα γνωρίζω μια νεαρή γυναίκα	8cd0b8e9-c504-4bbc-ac83-89f8677674ad
el_for_eng:S0233L02U02	I think I saw a young woman	νομίζω ότι είδα μια νεαρή γυναίκα	85d859fe-df9f-4a15-bfe0-a77103b0a153
el_for_eng:S0233L02U03	I saw a young woman on Sunday	είδα μια νεαρή γυναίκα την Κυριακή	479bcb26-adcc-467f-86f5-36de3ff6846f
el_for_eng:S0233L02U04	I saw a young woman who is trying	είδα μια νεαρή γυναίκα που προσπαθεί	27fad875-326b-4a34-b3c3-cb1adf574ec7
el_for_eng:S0233L02U05	I know a young woman who can help me	γνωρίζω μια νεαρή γυναίκα που μπορεί να με βοηθήσει	87cbc4fc-76fa-482e-a613-6aa56f791d69
el_for_eng:S0233L04B01	she knows	ξέρει	5df34fd0-7a99-42e0-a6cd-98546bc99e6e
el_for_eng:S0233L04B02	she doesn't know	δεν ξέρει	89f7a61b-0d40-4528-9ffa-8e1a52186a4d
el_for_eng:S0233L04B03	she definitely knows	σίγουρα ξέρει	d5606090-64d1-4dfd-89e1-c9d162b4c92f
el_for_eng:S0233L04U01	she knows something new	ξέρει κάτι νέο	fbce90ea-c01d-4b31-8375-632671dacabb
el_for_eng:S0233L04U02	a young woman who knows	μια νεαρή γυναίκα που ξέρει	f78e2315-0882-41e7-a9ca-13e4265b16bd
el_for_eng:S0233L04U03	that woman knows the answer	εκείνη η γυναίκα ξέρει την απάντηση	c1d7958d-c874-48b3-8fee-e597825eba8d
el_for_eng:S0233L04U04	the man knows but he can't remember	ο άντρας ξέρει αλλά δεν μπορεί να θυμηθεί	042c4558-c780-4d16-ab6c-22dfd0811e5a
el_for_eng:S0233L04U05	I know a young woman who knows the answer	γνωρίζω μια νεαρή γυναίκα που ξέρει την απάντηση	d7bffa47-622e-4b90-8384-bc54dc20a5cf
el_for_eng:S0233L05B01	your sister	την αδερφή σου	1edd854c-e553-4b45-aa0e-f1b5a4016cec
el_for_eng:S0233L05B02	she knows your sister	γνωρίζει την αδερφή σου	1809cc52-7b5e-45a6-a1ce-29a76a8f4b38
el_for_eng:S0233L05B03	she doesn't know your sister	δεν γνωρίζει την αδερφή σου	6cbbd9ee-47cc-415b-a68a-35a0acb995a0
el_for_eng:S0233L05U02	she can remember your sister	μπορεί να θυμηθεί την αδερφή σου	fe8c93fd-04c1-471c-abb1-41a6adaff910
el_for_eng:S0233L05U03	that woman knows your sister	εκείνη η γυναίκα γνωρίζει την αδερφή σου	ae88182c-db2e-4f77-85a3-c98496dd2b69
el_for_eng:S0233L05U04	the man wanted to help your sister	ο άντρας ήθελε να βοηθήσει την αδερφή σου	2996cbd1-f6bd-4d7a-adcd-8c27baa0b7fe
el_for_eng:S0233L05U05	I know a young woman who knows your sister	γνωρίζω μια νεαρή γυναίκα που γνωρίζει την αδερφή σου	c30401e9-b543-41f8-afad-08ddb04aadab
el_for_eng:S0234L01B01	I met	γνώρισα	fc34fd4c-06ff-4ec4-ac7c-ab7fdc1f5077
el_for_eng:S0234L01B02	I didn't meet	δεν γνώρισα	92e5bc21-fd84-47a7-b6f4-f42bddc575e8
el_for_eng:S0234L01B03	I met a young woman	γνώρισα μια νεαρή γυναίκα	f511e750-3e57-411d-969f-83d62f4e71bb
el_for_eng:S0234L01U01	I met your sister on Sunday	γνώρισα την αδερφή σου την Κυριακή	d1463a84-1817-44ab-a961-31115f31945b
el_for_eng:S0234L01U02	I met a young woman on Sunday	γνώρισα μια νεαρή γυναίκα την Κυριακή	c2aa4744-e6b7-4602-a65b-c4b435c50110
el_for_eng:S0234L01U03	I met a young man who is trying	γνώρισα έναν νεαρό άντρα που προσπαθεί	44f8b53a-0787-4f68-8113-4c6bb8d8f440
el_for_eng:S0234L01U04	I met an old man who wanted help	γνώρισα έναν ηλικιωμένο άντρα που ήθελε βοήθεια	c91cde56-3d3d-4cc1-8368-238469b1b0b1
el_for_eng:S0234L01U05	I met an old woman who can remember	γνώρισα μια ηλικιωμένη γυναίκα που μπορεί να θυμηθεί	41842273-7ca5-4296-b87e-4bdc44a9a331
el_for_eng:S0234L03B01	last night	χτες βράδυ	1431765f-2f8a-4d90-b157-a19a7522fb5b
el_for_eng:S0234L03B02	I went out last night	βγήκα έξω χτες βράδυ	21111c52-5005-4605-8bc0-9e547c16f38e
el_for_eng:S0234L03B03	I didn't go out last night	δεν βγήκα έξω χτες βράδυ	129f2bca-c039-44b3-8472-248b24805ae4
el_for_eng:S0234L03U01	I met someone last night	γνώρισα κάποιον χτες βράδυ	de3a55bf-2a99-444f-9675-1610771788d5
el_for_eng:S0234L03U02	I met a young woman last night	γνώρισα μια νεαρή γυναίκα χτες βράδυ	613f6371-79cf-468e-9752-374959fb01ef
el_for_eng:S0234L03U03	I saw an old man last night	είδα έναν ηλικιωμένο άντρα χτες βράδυ	ad8c9f2c-b68b-4a24-8885-cd72da115652
el_for_eng:S0234L03U04	I met someone last night who wanted help	γνώρισα κάποιον χτες βράδυ που ήθελε βοήθεια	2dc4cb62-e376-4c7b-8bee-81a215d17cd0
el_for_eng:S0234L03U05	I met someone last night who can remember	γνώρισα κάποιον χτες βράδυ που μπορεί να θυμηθεί	24e2a0c9-592d-4397-86ec-e150735f99be
el_for_eng:S0234L05B01	he works	δουλεύει	1bc5f140-965a-44b8-96c1-063a64a6e8a1
el_for_eng:S0234L05B02	he doesn't work	δεν δουλεύει	a3a9be83-535d-4a18-b5bc-0a75141404f7
el_for_eng:S0234L05B03	he definitely works	σίγουρα δουλεύει	0ec40aaf-35d7-46e8-8ce2-cedf586ef27d
el_for_eng:S0234L05U01	someone who works	κάποιον που δουλεύει	bd967d1b-8714-4a8a-adcd-76a199613be2
el_for_eng:S0234L05U02	the young woman works	η νεαρή γυναίκα δουλεύει	9b2ae62a-be28-4860-a34a-4104e479d3a2
el_for_eng:S0234L05U04	that man works and he is trying	εκείνος ο άντρας δουλεύει και προσπαθεί	72093ec5-9130-4492-8f97-b7028dbe0d0a
el_for_eng:S0234L05U05	I met someone who works and wants to help	γνώρισα κάποιον που δουλεύει και θέλει να με βοηθήσει	f7f23ad0-5bba-44f5-aa25-c9c0c7c0794e
el_for_eng:S0234L06B01	with your brother	με τον αδερφό σου	b0c08012-82f4-42cd-bef0-01b16c04e1d9
el_for_eng:S0234L06B02	he works with your brother	δουλεύει με τον αδερφό σου	81e0c77c-dc09-4f76-9da6-8f3cc81706a2
el_for_eng:S0234L06B03	he doesn't work with your brother	δεν δουλεύει με τον αδερφό σου	1618c73b-f629-4804-9ced-a47674a9e267
el_for_eng:S0234L06C01	brother	αδερφό	8792aa5d-b77e-479b-a856-a9020cfda705
el_for_eng:S0234L06C02	the	τον	7f00f010-072d-4fc7-9726-208ff5327344
el_for_eng:S0234L06U01	that man works with your brother	εκείνος ο άντρας δουλεύει με τον αδερφό σου	84655dc5-29d2-4b9e-8e85-e9a8d057cd0c
el_for_eng:S0234L06U03	the man who works with your brother just started	ο άντρας που δουλεύει με τον αδερφό σου μόλις άρχισε	4be6472e-d138-492f-9bea-1d2ac53c2de9
el_for_eng:S0234L06U04	I know a young woman who works with your brother	γνωρίζω μια νεαρή γυναίκα που δουλεύει με τον αδερφό σου	f390fdc4-71a1-4ac1-8e78-8b63065e1325
el_for_eng:S0234L06U05	I met someone last night who works with your brother	γνώρισα κάποιον χτες βράδυ που δουλεύει με τον αδερφό σου	786d1210-6a15-42f4-821e-c8511c9db255
el_for_eng:S0235L04B01	to tell you	να σου πει	879af898-1148-4920-842d-3fc9e8d2a082
el_for_eng:S0235L04B02	he wanted to tell you	ήθελε να σου πει	3eb1a51e-918a-4029-b858-4d4453704baf
el_for_eng:S0235L04B03	he didn't want to tell you	δεν ήθελε να σου πει	04dbcdd0-c4ff-410f-9aa0-ec1be87992a6
el_for_eng:S0235L04U01	she said she wanted to tell you something	είπε ότι ήθελε να σου πει κάτι	b958617e-4471-47d4-82b5-6d59180f0fe1
el_for_eng:S0235L04U02	he said he wanted to tell you the answer	είπε ότι ήθελε να σου πει την απάντηση	ec7ccac2-2bfd-4a8a-b94a-8879fe9734d8
el_for_eng:S0235L04U03	the man can tell you the answer	ο άντρας μπορεί να σου πει την απάντηση	64078ad5-395e-4810-890e-bcc43c8cf082
el_for_eng:S0235L04U04	that woman wanted to tell you something new	εκείνη η γυναίκα ήθελε να σου πει κάτι νέο	067dc2fd-bac8-4388-9256-76c3cdc2f686
el_for_eng:S0235L04U05	I met someone who said he wanted to tell you something	γνώρισα κάποιον που είπε ότι ήθελε να σου πει κάτι	44fc8018-f34b-4a0c-9c6f-514c4868e80e
el_for_eng:S0236L01C01	I know	γνωρίζω	5f5025bc-0279-47dd-a95a-077306f1f8ed
el_for_eng:S0236L02B01	she was trying	προσπαθούσε	36fd6d4d-37f7-4031-adae-db590c69affe
el_for_eng:S0236L02B02	she would try	θα προσπαθούσε	abeece0d-8d47-484d-a6ba-3c15efb76439
el_for_eng:S0236L02B03	she wasn't trying	δεν προσπαθούσε	a0439211-a5ba-4037-a2dc-f93560ca6a90
el_for_eng:S0236L02U01	she definitely was trying	σίγουρα προσπαθούσε	ba9feabe-2e8c-4718-b638-cf7ea5bde725
el_for_eng:S0236L02U02	she said she would try	είπε ότι θα προσπαθούσε	fc4b482e-753a-4797-8c6e-aaf33d144602
el_for_eng:S0236L02U04	the man was trying to remember the answer	ο άντρας προσπαθούσε να θυμηθεί την απάντηση	dabe016a-d72b-4c8f-9d30-c7e2bcb2f26f
el_for_eng:S0236L02U05	that woman was trying but she couldn't	εκείνη η γυναίκα προσπαθούσε αλλά δεν μπορούσε	a1e882f8-c8d0-4bb0-9cbc-1bb1a55b8657
el_for_eng:S0236L03B01	to help	να βοηθήσει	7f02ce95-c34e-4bf5-8494-abe322c312d3
el_for_eng:S0236L03B02	she would try to help	θα προσπαθούσε να βοηθήσει	d73805e6-aaaf-49c2-bbfc-e25c32de1d27
el_for_eng:S0236L03B03	he said he wanted to help	είπε ότι ήθελε να βοηθήσει	f7cfd308-53a7-4544-ac14-495e685bb9bf
el_for_eng:S0236L03U01	she wouldn't try to help	δεν θα προσπαθούσε να βοηθήσει	a9594df0-258f-4a8e-8674-0def5695f75e
el_for_eng:S0236L03U02	the woman who wanted to help	η γυναίκα που ήθελε να βοηθήσει	8bbe6924-1680-4351-8ac8-b4f7db681f81
el_for_eng:S0236L03U03	she said she was trying to help	είπε ότι προσπαθούσε να βοηθήσει	7e66ae65-1a3e-49e2-a5b0-c87d28a311e6
el_for_eng:S0236L03U04	that man can help	εκείνος ο άντρας μπορεί να βοηθήσει	66544ff3-4947-4a75-963c-d7ef07a5ed6b
el_for_eng:S0237L02B01	to tell you	να σου πω	879af898-1148-4920-842d-3fc9e8d2a082
el_for_eng:S0237L02B02	he wanted me to tell you	ήθελε να σου πω	e4ccb365-9eff-49f7-944c-a7e8a1d82bcc
el_for_eng:S0237L02B03	he didn't want me to tell you	δεν ήθελε να σου πω	0c5a9449-8778-42cb-9835-3603e29e8bd1
el_for_eng:S0237L02C01	I tell	πω	d692e3cc-dc93-4237-9db0-d710e66e9d45
el_for_eng:S0237L02U01	he wanted me to tell you something	ήθελε να σου πω κάτι	2c5f1b7a-614d-493d-81d2-9edef271a88f
el_for_eng:S0237L02U02	he said he wanted me to tell you	είπε ότι ήθελε να σου πω	f659d3cb-0a19-4e22-8754-57f9f5278450
el_for_eng:S0237L02U03	he wanted me to tell you the answer	ήθελε να σου πω την απάντηση	addf5c2e-69e0-4451-9f9b-f30d6edb31aa
el_for_eng:S0237L02U04	she said she wanted me to tell you the answer	είπε ότι ήθελε να σου πω την απάντηση	1e7aca1d-f5a6-471f-aef8-77efe7f71b14
el_for_eng:S0237L02U05	that woman wanted me to tell you something	εκείνη η γυναίκα ήθελε να σου πω κάτι	993849ba-7a49-4259-acb0-d7a821c2da21
el_for_eng:S0237L03B01	before	πριν	0c1fbd89-ed8e-4560-9a0f-4e3c68f2dd95
el_for_eng:S0237L03B02	before Sunday	πριν την Κυριακή	43ca4d8f-3c25-4207-8213-0f9a27e1f2aa
el_for_eng:S0237L03B03	before the weekend	πριν το Σαββατοκύριακο	654eb518-fcbf-4ffb-8f9d-a9159dfdecf5
el_for_eng:S0237L03U01	he said it before Sunday	είπε αυτό πριν την Κυριακή	51efd266-6f99-4a7d-af3a-381260c3f999
el_for_eng:S0237L03U02	I met someone before last night	γνώρισα κάποιον πριν χτες βράδυ	26e7295e-0c1d-4ff8-9ebe-92f15da7338a
el_for_eng:S0237L03U03	he wanted to tell you something before Saturday	ήθελε να σου πει κάτι πριν το Σάββατο	7fea1034-ce2e-4ce8-913e-a774316100d4
el_for_eng:S0237L03U04	he wanted me to tell you before the weekend	ήθελε να σου πω πριν το Σαββατοκύριακο	282ca8ac-fafd-4ae1-a7f2-0baea22fff99
el_for_eng:S0237L03U05	she wanted to help before the weekend	ήθελε να βοηθήσει πριν το Σαββατοκύριακο	49e5214f-a3c4-4b6c-a94d-e7a89aa2999c
el_for_eng:S0238L02B01	to tell me	να μου πεις	f1a2881b-27b3-497f-9fc8-1dc2f3b08300
el_for_eng:S0238L02B02	he wanted you to tell me	ήθελε να μου πεις	2739d2f4-5d8a-4804-b050-7484a366b3f6
el_for_eng:S0238L02B03	he didn't want you to tell me	δεν ήθελε να μου πεις	f7e1988d-bbf4-4e22-a9b0-26bfeb2c387a
el_for_eng:S0238L02C01	you tell	πεις	38790b6b-350f-478d-b931-3e3042a843d2
el_for_eng:S0238L02U01	he wanted you to tell me something	ήθελε να μου πεις κάτι	894b3c5e-af18-4f2d-9cef-54f6478f481c
el_for_eng:S0238L02U02	she said she wanted you to tell me	είπε ότι ήθελε να μου πεις	ccc3348c-57cd-47ba-8a5a-e688cb98bba9
el_for_eng:S0238L02U03	he wanted you to tell me the answer	ήθελε να μου πεις την απάντηση	353e44ce-857e-4b19-92a4-01f628563feb
el_for_eng:S0238L02U04	he wanted you to tell me before Sunday	ήθελε να μου πεις πριν την Κυριακή	530e7635-6880-414d-beb2-ff6a742f6cde
el_for_eng:S0238L02U05	that woman wanted you to tell me something new	εκείνη η γυναίκα ήθελε να μου πεις κάτι νέο	0ab1c9a8-d184-452e-b4f8-8b10ec9e2e93
el_for_eng:S0238L03B01	yesterday	χτες	26ede807-4cee-4f40-a56e-2d800861047d
el_for_eng:S0238L03B02	he said something yesterday	είπε κάτι χτες	b6f7f78d-b098-4554-9da4-9c904231cd97
el_for_eng:S0238L03B03	I met someone yesterday	γνώρισα κάποιον χτες	c9825737-2938-4084-8113-b8e08c14aa07
el_for_eng:S0238L03U01	he wanted you to tell me yesterday	ήθελε να μου πεις χτες	37e19f8e-2d0a-4a9a-beab-a4408a968b82
el_for_eng:S0238L03U02	I met your sister yesterday	γνώρισα την αδερφή σου χτες	749d8609-ee3b-4677-80f9-64cc57b3e66a
el_for_eng:S0238L03U03	I saw an old man yesterday	είδα έναν ηλικιωμένο άντρα χτες	af5cde50-b6e8-46c5-aaec-51df35c30171
el_for_eng:S0238L03U04	he wanted you to tell me the answer yesterday	ήθελε να μου πεις την απάντηση χτες	a80fb551-10a2-4a7a-9b78-e51fd7204386
el_for_eng:S0238L03U05	she said yesterday that she would try to help	είπε χτες ότι θα προσπαθούσε να βοηθήσει	af03e25a-575c-4b90-9c64-e83ac108c542
el_for_eng:S0239L01B01	to my mother	στη μητέρα μου	b7ba71fa-9a11-46c1-8d38-97fc9ad8ceb9
el_for_eng:S0239L01B02	he said to my mother	είπε στη μητέρα μου	83a492bd-3676-4f46-94da-816d6a58ae1c
el_for_eng:S0239L01B03	he wanted to tell my mother	ήθελε να πει στη μητέρα μου	1d7de15f-1e7f-48d6-b662-e1afd6c1a31d
el_for_eng:S0239L01C01	mother	μητέρα	f9fd2787-8fbf-4a11-a0e1-068f066b838d
el_for_eng:S0239L01U01	he said something to my mother yesterday	είπε κάτι στη μητέρα μου χτες	a4ad7424-440b-454f-bf1a-1cf232735e7e
el_for_eng:S0239L01U02	she said something to my mother last night	είπε κάτι στη μητέρα μου χτες βράδυ	aa7dc7da-6c58-475d-9c64-75b1cb421640
el_for_eng:S0239L01U03	he wanted to tell my mother the answer	ήθελε να πει στη μητέρα μου την απάντηση	1b0742d9-f311-4ed2-85a5-cb851c9eb314
el_for_eng:S0239L01U04	that man said something to my mother	εκείνος ο άντρας είπε κάτι στη μητέρα μου	42119057-1052-4843-9b77-40f6f3c2581f
el_for_eng:S0239L01U05	he wanted to tell my mother before the weekend	ήθελε να πει στη μητέρα μου πριν το Σαββατοκύριακο	990f786d-6b15-4456-b1c7-74be04b98c4f
el_for_eng:S0239L02B01	she likes	αρέσει	001e354f-9775-4633-ad76-95be2f44098f
el_for_eng:S0239L02B03	my mother likes	στη μητέρα μου αρέσει	f13173ce-25d9-4ecf-bb1f-733aed395153
el_for_eng:S0239L02U02	my mother likes something new	στη μητέρα μου αρέσει κάτι νέο	32e658cb-3235-459b-9b59-7b12d646dd58
el_for_eng:S0239L02U03	my mother definitely likes it	στη μητέρα μου σίγουρα αρέσει αυτό	6fe70bb3-fc6f-42f3-8f7e-bd78c1f26e27
el_for_eng:S0239L02U04	she said my mother likes it	είπε ότι στη μητέρα μου αρέσει αυτό	6dd6e00a-ce5e-4e6e-96d0-86f4dfdab55e
el_for_eng:S0239L02U05	my mother likes it but she can't remember	στη μητέρα μου αρέσει αλλά δεν μπορεί να θυμηθεί	e2354f7f-b895-4502-9e58-95ecbbbf8194
el_for_eng:S0239L03B01	to read	να διαβάζει	f8fe12ff-a22e-4dec-adb2-2969cab7f481
el_for_eng:S0239L03B02	he started to read	άρχισε να διαβάζει	ac45b1d3-0b93-48a0-b638-5848e9220812
el_for_eng:S0239L03C01	he reads	διαβάζει	e0854226-e0e4-4ed0-b5ea-f0d5143e4e67
el_for_eng:S0239L03U01	he can read the answer	μπορεί να διαβάζει την απάντηση	8ad0aacf-ed22-472a-b379-8b2b7536c64c
el_for_eng:S0239L03U02	my mother likes to read	στη μητέρα μου αρέσει να διαβάζει	f9e9715e-a63d-427b-b0bc-899fe4c0c51f
el_for_eng:S0239L03U03	my mother definitely likes to read	στη μητέρα μου σίγουρα αρέσει να διαβάζει	6fee2215-f13e-4724-8a32-44601f91eece
el_for_eng:S0239L03U04	my mother likes to read something new	στη μητέρα μου αρέσει να διαβάζει κάτι νέο	7e2f6109-849b-4357-91cf-1ebc8ad30ec3
el_for_eng:S0239L03U05	she said my mother likes to read	είπε ότι στη μητέρα μου αρέσει να διαβάζει	18cce0ea-d47d-49aa-9eca-4bb61c6cbb6e
el_for_eng:S0240L01B01	to my father	στον πατέρα μου	865d4412-2ce6-4b40-b46a-7f4c274198a5
el_for_eng:S0240L01B02	he said to my father	είπε στον πατέρα μου	c78b3734-91ee-4a82-a6ef-91f0411fb7e9
el_for_eng:S0240L01B03	he wanted to tell my father	ήθελε να πει στον πατέρα μου	4f4b891b-1c0e-4d54-9361-ab057f797227
el_for_eng:S0240L01C01	father	πατέρα	5d55e5fa-a3ea-4058-be98-bec1ec7329c5
el_for_eng:S0240L01U01	he said something to my father yesterday	είπε κάτι στον πατέρα μου χτες	9c28bdc7-70b7-4fea-8900-f46dcc6b4eca
el_for_eng:S0240L01U02	she said something to my father last night	είπε κάτι στον πατέρα μου χτες βράδυ	fb93de94-8eb3-49f2-8db4-aa5573786f50
el_for_eng:S0240L01U03	she wanted to tell my father the answer	ήθελε να πει στον πατέρα μου την απάντηση	a54dedf9-8372-4ea1-a8a2-46a7b6e8b7b9
el_for_eng:S0240L01U04	that woman said something to my father	εκείνη η γυναίκα είπε κάτι στον πατέρα μου	4760cc91-8ecb-4a2c-bc3d-dda15e43bab2
el_for_eng:S0240L01U05	he wanted to tell my father before Sunday	ήθελε να πει στον πατέρα μου πριν την Κυριακή	cc7f1a8e-4b77-4040-88eb-1452f9f57034
el_for_eng:S0240L03B01	to stop	να σταματά	0d42f4dc-c4d2-4ffd-b41f-47fd1c856005
el_for_eng:S0240L03B02	he can stop	μπορεί να σταματά	0e834f27-2641-47f9-82b3-f8e21f66172d
el_for_eng:S0240L03C01	he stops	σταματά	d34a4da8-aa1f-422c-857b-127c68f53fe0
el_for_eng:S0240L03U03	my father doesn't like to stop	στον πατέρα μου δεν αρέσει να σταματά	cd88bdd5-5d09-4003-b23c-f84f85e779b9
el_for_eng:S0240L03U05	my father doesn't like to stop talking	στον πατέρα μου δεν αρέσει να σταματά να μιλάει	ffb5fcd7-c811-4643-8ed7-e1488c897624
el_for_eng:S0241L01B01	I want	θέλω	f0d0a68d-c993-43dd-90fc-945c16847e7e
el_for_eng:S0241L01B02	I don't want	δεν θέλω	7656e799-cd44-45d8-b536-a9ca99295afa
el_for_eng:S0241L01B03	I want something	θέλω κάτι	888f2032-220a-469c-8653-7a0f468ff3dc
el_for_eng:S0241L01U01	I want him to help	θέλω να βοηθήσει	dd1d22a5-9b23-4f2e-9393-0c6bace9bf68
el_for_eng:S0241L01U02	I want to tell you something	θέλω να σου πω κάτι	f179ec41-302f-4926-aa42-92b096acf4a3
el_for_eng:S0241L01U04	I definitely want the answer	σίγουρα θέλω την απάντηση	bbcac6ba-9d2c-4922-a2f2-fbe57022ad8a
el_for_eng:S0241L01U05	I want her to read something new	θέλω να διαβάζει κάτι νέο	ea17782e-0916-44a6-beb4-0bfe10b3effa
el_for_eng:S0241L02B01	to give it to him	να του το δώσω	e646a57f-0048-4ea0-87b5-c9054c968dc8
el_for_eng:S0241L02B02	I want to give it to him	θέλω να του το δώσω	a89a503e-4066-4ee8-96a8-34d025a63bae
el_for_eng:S0241L02B03	he wanted me to give it to him	ήθελε να του το δώσω	da29579a-f9d0-441f-a858-a6c45d9bed5d
el_for_eng:S0241L02C01	I give	δώσω	19992f38-97fd-4014-93f1-c7d269854f68
el_for_eng:S0241L02U01	I don't want to give it to him	δεν θέλω να του το δώσω	01cc62f4-bef7-42e2-8538-06e558e1856c
el_for_eng:S0241L02U02	he wanted me to give it to him yesterday	ήθελε να του το δώσω χτες	848b132f-148c-4010-8aef-92a816f24a53
el_for_eng:S0241L02U03	I definitely want to give it to him	σίγουρα θέλω να του το δώσω	d59d488b-28d7-446c-8b90-0576a7987f78
el_for_eng:S0241L02U04	he said he wanted me to give it to him	είπε ότι ήθελε να του το δώσω	d339c97a-5cc1-4f1e-857b-3025e3d757ad
el_for_eng:S0241L02U05	I want to give it to him before the weekend	θέλω να του το δώσω πριν το Σαββατοκύριακο	e697858e-b882-409f-85fb-e78c0697237f
el_for_eng:S0242L02B01	to give her	να της δώσω	a8099a21-aa7e-46c6-bc10-8ba6f47f621b
el_for_eng:S0242L02B02	I want to give her	θέλω να της δώσω	953e8179-c142-48dc-a1f3-311b5903166b
el_for_eng:S0242L02B03	I don't want to give her	δεν θέλω να της δώσω	68bb35c8-ccab-4fc5-b53a-518d0b75677a
el_for_eng:S0242L02U01	he wanted me to give her something	ήθελε να της δώσω κάτι	b174d82a-536a-461a-ae0b-c661e7ee9bfb
el_for_eng:S0242L02U02	I want to give her something new	θέλω να της δώσω κάτι νέο	1a9c5f6a-bc8d-456d-b888-9808d6116f99
el_for_eng:S0242L02U03	I want to give her the answer	θέλω να της δώσω την απάντηση	f03ebc2d-838e-4fbd-8f1a-617ee0c4ccfa
el_for_eng:S0242L02U04	he said he wanted me to give her help	είπε ότι ήθελε να της δώσω βοήθεια	75727e8d-1646-44eb-9ecc-8307258fe670
el_for_eng:S0242L02U05	I want to give her it before the weekend	θέλω να της δώσω αυτό πριν το Σαββατοκύριακο	eb4edcdd-4287-481d-a34d-8a99e1aaab20
el_for_eng:S0242L03B01	something more	κάτι περισσότερο	be725019-a00c-4c1f-b63d-a9a1af8fc2e9
el_for_eng:S0242L03B02	I want more	θέλω περισσότερο	5724b168-3c9d-4c9e-9ea9-25da2a1a4a82
el_for_eng:S0242L03B03	he wanted more	ήθελε περισσότερο	6775c41d-59f7-48ff-8a88-9af4f1173b7b
el_for_eng:S0242L03U01	he definitely wanted more	σίγουρα ήθελε περισσότερο	87fa80d9-8698-467d-859a-cfb5f8b544ee
el_for_eng:S0242L03U02	he said he wanted more	είπε ότι ήθελε περισσότερο	63d5cd62-27b3-4e5f-ab0e-d7c5b82e7b8d
el_for_eng:S0242L03U03	I want to give her more	θέλω να της δώσω περισσότερο	f3b19615-144d-476b-8b11-d3be91cf6cf9
el_for_eng:S0242L03U04	she can remember more	μπορεί να θυμηθεί περισσότερο	385d9da3-10af-4fbc-a9b1-3bd9795ccc8c
el_for_eng:S0242L03U05	my mother likes more	στη μητέρα μου αρέσει περισσότερο	22f662a2-94df-4e48-a2a8-95f83112e66c
el_for_eng:S0242L04B01	time	χρόνο	86715d22-5c6d-49bc-a0e7-f5e24826bc83
el_for_eng:S0242L04B02	more time	περισσότερο χρόνο	0d92e1b6-7b1a-434d-b6e9-c075fb3231a5
el_for_eng:S0242L04B03	he wanted more time	ήθελε περισσότερο χρόνο	7bcb9576-c4b9-4890-8c31-6e1bd8b865a7
el_for_eng:S0242L04U01	he definitely wanted more time	σίγουρα ήθελε περισσότερο χρόνο	fefc8428-926b-49eb-888c-a23b910af0fd
el_for_eng:S0242L04U02	she said she wanted more time	είπε ότι ήθελε περισσότερο χρόνο	9679d64b-9f10-4a0e-a7a4-394743c77f5d
el_for_eng:S0242L04U03	I want to give her more time	θέλω να της δώσω περισσότερο χρόνο	77a0ec45-1605-49be-a858-d920bd3de165
el_for_eng:S0242L04U04	he wanted me to give her more time	ήθελε να της δώσω περισσότερο χρόνο	ba8644c3-640f-40f6-85f2-f3f5175b39e1
el_for_eng:S0242L04U05	I want to give her more time before the weekend	θέλω να της δώσω περισσότερο χρόνο πριν το Σαββατοκύριακο	a66fe041-e21c-44af-903f-71cfcf2fbe9c
el_for_eng:S0243L02B01	I will ask for	θα ζητήσω	ac607f16-62b9-4ac6-8ac8-6905d7ad8b49
el_for_eng:S0243L02B02	I won't ask for	δεν θα ζητήσω	75e7fdd8-726b-4e0a-a7c8-dbcc73ce4a37
el_for_eng:S0243L02B03	I will ask for something	θα ζητήσω κάτι	1767e15d-91e4-47c3-b769-3da6dcede309
el_for_eng:S0243L02U01	I will ask for help	θα ζητήσω βοήθεια	a7af06cf-d99f-4a2d-bc64-edd001cbb576
el_for_eng:S0243L02U02	I will ask for the answer	θα ζητήσω την απάντηση	0d9d2e6d-4a26-4d60-b299-23973153c81e
el_for_eng:S0243L02U03	he said I will ask for something new	είπε ότι θα ζητήσω κάτι νέο	b46bd24d-46dc-4faf-b7b0-7d29943cc8df
el_for_eng:S0243L02U04	I will ask for more time	θα ζητήσω περισσότερο χρόνο	7dbb1372-ec7e-4be1-95a9-0b82517e4a37
el_for_eng:S0243L02U05	I will ask for help before the weekend	θα ζητήσω βοήθεια πριν το Σαββατοκύριακο	07fbef6b-31fc-4318-ae18-5e9ea9bc0aca
el_for_eng:S0243L04B01	to eat	να φάω	06d07c26-59c2-4c59-a572-d17237e7c6fe
el_for_eng:S0243L04B02	I want to eat	θέλω να φάω	370ffbba-3f25-43c9-9bf7-7186081916e0
el_for_eng:S0243L04B03	he wanted me to eat	ήθελε να φάω	9dea04ee-9912-4fa0-858a-2b88fb26d7e3
el_for_eng:S0243L04C01	I eat	φάω	d01b0b06-5f60-4ffd-a019-71392880fed8
el_for_eng:S0243L04U01	I want to eat something new	θέλω να φάω κάτι νέο	1e401e07-abcb-491d-92d1-5aef43221fd7
el_for_eng:S0243L04U02	I will ask for something to eat	θα ζητήσω κάτι να φάω	4a0fe939-b975-4c17-8f86-3ae103a8fa9d
el_for_eng:S0243L04U03	I will ask for the same thing to eat	θα ζητήσω το ίδιο πράγμα να φάω	195c682e-0702-4c0a-bd8f-894ac52a3cc0
el_for_eng:S0243L04U04	I want to eat before the weekend	θέλω να φάω πριν το Σαββατοκύριακο	e0551e43-8655-482c-beaf-91aeb6ca8c53
el_for_eng:S0243L04U05	my mother likes me to eat more	στη μητέρα μου αρέσει να φάω περισσότερο	bd093b7a-77a6-41c2-baf7-68c70ee21ad8
el_for_eng:S0244L01B01	I have	έχω	7bb73dfc-463f-402f-b771-9452d369602c
el_for_eng:S0244L01B02	I don't have	δεν έχω	7ddb9c24-1756-4a09-87a6-4152da9b0d40
el_for_eng:S0244L01B03	I have something	έχω κάτι	2fcb2d85-cb84-441a-a475-707771584472
el_for_eng:S0244L01U01	I have something new	έχω κάτι νέο	bf978d92-d330-4954-9c78-b9b3d9a37103
el_for_eng:S0244L01U02	I definitely have it	σίγουρα έχω αυτό	53d7c615-3cd4-4ca6-8c5f-43cb32cb3dd5
el_for_eng:S0244L01U03	I don't have the answer	δεν έχω την απάντηση	649c32cf-855b-4111-9d81-ab85bd85cc9b
el_for_eng:S0244L01U04	I have more time	έχω περισσότερο χρόνο	6c472ea8-6f4e-430e-9a5e-39acea13b894
el_for_eng:S0244L01U05	he said I have more time	είπε ότι έχω περισσότερο χρόνο	c74d0a8d-ef20-42ea-8966-b9cb9ff6491d
el_for_eng:S0244L02B01	I have learnt	έχω μάθει	4c56f0f4-951a-402e-b0b4-3c85c807a82a
el_for_eng:S0244L02B02	I haven't learnt	δεν έχω μάθει	90acc0d6-602c-439f-a98d-f39cf5e4bc52
el_for_eng:S0244L02B03	I have learnt something	έχω μάθει κάτι	662ddc45-0a7d-40ab-8c82-e2181c1899f8
el_for_eng:S0244L02U01	I have definitely learnt	σίγουρα έχω μάθει	9a582616-2f59-42c2-a9e0-69ebefec22dd
el_for_eng:S0244L02U02	I have learnt something new	έχω μάθει κάτι νέο	e0a0e58c-cff8-4553-ad1c-d23ebd9c4eee
el_for_eng:S0244L02U03	he said I have learnt	είπε ότι έχω μάθει	92f55251-be6c-4803-84e2-770891bca418
el_for_eng:S0244L02U04	she knows I have learnt	ξέρει ότι έχω μάθει	ec08cbd6-442b-4436-80b8-d6f22048ed4f
el_for_eng:S0244L02U05	I have learnt the answer	έχω μάθει την απάντηση	787b6b3a-c829-4313-9247-db9a315c4eaf
el_for_eng:S0244L04B01	already	ήδη	00ec40c1-269a-490f-9cd2-d88ae3213439
el_for_eng:S0244L04B02	I have already learnt	έχω ήδη μάθει	380d9cb6-e1e7-471e-80ff-3c0e170125e4
el_for_eng:S0244L04B03	I have learnt a lot already	έχω μάθει πολλά ήδη	0dead469-f469-484d-8f55-0cce19bb914b
el_for_eng:S0244L04U01	I have already learnt a lot	έχω ήδη μάθει πολλά	c7f7799c-7ec1-40b8-b30d-3b774edc50b8
el_for_eng:S0244L04U02	he said I already have it	είπε ότι έχω ήδη αυτό	652a3055-3c9d-4690-888d-6c6e826c1c60
el_for_eng:S0244L04U03	she already can remember	μπορεί ήδη να θυμηθεί	ff842dc4-8ffc-45c4-b7cc-d5e90df04bd6
el_for_eng:S0244L04U04	she already knows the answer	ξέρει ήδη την απάντηση	7bd00c56-f7a8-42cb-9e99-02f43291c2be
el_for_eng:S0244L04U05	I have already asked for more time	έχω ήδη ζητήσει περισσότερο χρόνο	fa806ac5-6f6b-4402-9799-1a90be143322
el_for_eng:S0245L02B01	I am happy	είμαι χαρούμενος	96c84d3a-2cab-4fdd-96da-1fef8df5b7c6
el_for_eng:S0245L02B02	I'm not happy	δεν είμαι χαρούμενος	44a77e86-71c3-4573-a0d1-f29e97bb99d3
el_for_eng:S0245L02B03	I am very happy	είμαι πολύ χαρούμενος	7a10f179-3611-4e42-9f07-a917df419287
el_for_eng:S0245L02U01	I am definitely happy	σίγουρα είμαι χαρούμενος	3116ff82-a7c5-4097-9c04-d9a7388c7c7c
el_for_eng:S0245L02U02	he said I am happy	είπε ότι είμαι χαρούμενος	2ccb69a2-d053-4c6d-b933-334495050d7b
el_for_eng:S0245L02U03	she knows I am happy	ξέρει ότι είμαι χαρούμενος	70fbcfb2-90b5-4394-8fbd-ee56277b10d6
el_for_eng:S0245L02U04	I am happy and I have learnt a lot	είμαι χαρούμενος και έχω μάθει πολλά	48fb19c8-ea2a-41fc-b17d-a903ea1b7270
el_for_eng:S0245L02U05	I am happy but I want more time	είμαι χαρούμενος αλλά θέλω περισσότερο χρόνο	c1c0cc4c-a4b2-41bd-bc10-9a0cf31c28db
el_for_eng:S0245L03B01	with how much	με το πόσα	74e8d45e-b22d-423e-98f8-d673f0969df3
el_for_eng:S0245L03B02	I am happy with how much	είμαι χαρούμενος με το πόσα	9509f904-94ef-4940-9a55-98e737809d02
el_for_eng:S0245L03B03	I'm not happy with how much	δεν είμαι χαρούμενος με το πόσα	b2781ccc-8e36-4444-8a2f-c04dc91ddd6c
el_for_eng:S0245L03U01	I am happy with how much I have learnt	είμαι χαρούμενος με το πόσα έχω μάθει	d6dd73f2-3acf-4384-a133-df9e4d43f7e6
el_for_eng:S0245L03U02	I'm not happy with how much I have done	δεν είμαι χαρούμενος με το πόσα έχω κάνει	c865d47f-1196-4cea-9f45-967ecb87af28
el_for_eng:S0245L03U03	I am happy with how much I have done already	είμαι χαρούμενος με το πόσα έχω κάνει ήδη	40125f6b-8bc4-4b49-8d28-f949832b1162
el_for_eng:S0245L03U04	I am happy with how much I have already done	είμαι χαρούμενος με το πόσα έχω ήδη κάνει	ecee7953-6579-43cf-89d4-f5503cd03ac1
el_for_eng:S0245L03U05	he said I am happy with how much I have learnt	είπε ότι είμαι χαρούμενος με το πόσα έχω μάθει	178ca76a-1370-479d-994a-99322eaafcc7
el_for_eng:S0245L03U06	I am definitely happy with how much I have already learnt	σίγουρα είμαι χαρούμενος με το πόσα έχω ήδη μάθει	4c1b6318-0798-4748-9022-56da141f2110
el_for_eng:S0245L04B01	I have done	έχω κάνει	6cbed2e8-cc9f-4dab-bdc9-fafeab6ddcde
el_for_eng:S0245L04B02	I haven't done	δεν έχω κάνει	8ac5aecb-58ce-4b5a-b637-e18f6389e1a1
el_for_eng:S0245L04B03	I have done a lot already	έχω κάνει πολλά ήδη	944e6faf-edc3-49b0-a771-fc4a54866fe8
el_for_eng:S0245L04U01	I haven't done a lot	δεν έχω κάνει πολλά	3b585819-df45-4549-8b32-43c9d3e2d404
el_for_eng:S0245L04U02	she knows how much I have done	ξέρει πόσα έχω κάνει	6a61ca32-e195-4fef-a1d9-d27586833469
el_for_eng:S0245L04U03	he said I have done a lot	είπε ότι έχω κάνει πολλά	f8f25006-2852-40b1-a29f-75d767831bb7
el_for_eng:S0245L04U04	I am happy with how much I have done	είμαι χαρούμενος με το πόσα έχω κάνει	ee8923fb-a57d-4c33-a034-4bd3fb3ebba7
el_for_eng:S0245L04U05	I am happy with how much I have done already	είμαι χαρούμενος με το πόσα έχω κάνει ήδη	40125f6b-8bc4-4b49-8d28-f949832b1162
el_for_eng:S0245L05B01	in a short time	σε λίγο χρόνο	65233d63-7f5f-42fb-9f34-04002a4d41da
el_for_eng:S0245L05B02	I have done a lot in a short time	έχω κάνει πολλά σε λίγο χρόνο	8fdac0fa-3187-432a-9eda-447c1cb2db81
el_for_eng:S0245L05B03	I have learnt a lot in a short time	έχω μάθει πολλά σε λίγο χρόνο	022259d9-fa7c-4625-a405-b36b1a50cf90
el_for_eng:S0245L05U01	I have learnt a lot in a short time already	έχω μάθει πολλά σε λίγο χρόνο ήδη	75e1a0d1-6833-470e-9107-f943ea1c3692
el_for_eng:S0245L05U02	I have already done a lot in a short time	έχω ήδη κάνει πολλά σε λίγο χρόνο	5ad08206-9689-4dd6-86ef-a6cb1102b18a
el_for_eng:S0245L05U03	I have learnt a lot already in a short time	έχω μάθει πολλά ήδη σε λίγο χρόνο	d786b75b-8dd7-4a79-a9d5-69ad885535c6
el_for_eng:S0245L05U04	he said I have done a lot in a short time	είπε ότι έχω κάνει πολλά σε λίγο χρόνο	63333f9e-c80d-448a-a647-92f37f295e5e
el_for_eng:S0245L05U05	I'm happy with how much I've done in a short time	είμαι χαρούμενος με το πόσα έχω κάνει σε λίγο χρόνο	fcb49e79-3f57-4026-9850-b4d3476cfb30
el_for_eng:S0246L02B01	to help you	να σε βοηθήσει	2de656d8-662e-4ade-8822-ab3e6b493c74
el_for_eng:S0246L02B02	I wanted her to help you	ήθελα να σε βοηθήσει	9ce6df91-36f4-4a00-ba91-51851054cd56
el_for_eng:S0246L02B03	I didn't want her to help you	δεν ήθελα να σε βοηθήσει	ffb6c015-b3b0-4572-8ff0-b1b913b0a9d2
el_for_eng:S0246L02U01	she said she wanted to help you	είπε ότι ήθελε να σε βοηθήσει	78f44e72-8bf9-448c-88b7-82f37698d57d
el_for_eng:S0246L02U02	I know she can help you	ξέρω ότι μπορεί να σε βοηθήσει	e19480e1-0149-42d3-8596-c71aac178516
el_for_eng:S0246L02U03	that woman wanted to help you	εκείνη η γυναίκα ήθελε να σε βοηθήσει	3be840f3-cd0b-4979-bfae-1b6482f16b35
el_for_eng:S0246L02U04	she said she would try to help you	είπε ότι θα προσπαθούσε να σε βοηθήσει	ed3c1d40-7cc2-4375-b0ef-f05c592e67ac
el_for_eng:S0246L02U05	I met someone who can help you	γνώρισα κάποιον που μπορεί να σε βοηθήσει	761ba64d-de33-4f1f-91f8-d6ed8290fe6c
el_for_eng:S0246L03B01	she was	ήταν	818c87f8-2881-4c37-ba1d-6c7d7e63db12
el_for_eng:S0246L03B02	she wasn't	δεν ήταν	a2a78251-50df-4eb7-b1fe-2c27d341bc6c
el_for_eng:S0246L03B03	it was something	ήταν κάτι	b9505df2-f3a3-4e5c-b367-d4d427defd5f
el_for_eng:S0246L03U01	it was something new	ήταν κάτι νέο	88ee1456-ac4c-466e-ad58-64d10dcbd509
el_for_eng:S0246L03U02	I know he was happy	ξέρω ότι ήταν χαρούμενος	4e7ace57-e42f-4f08-9929-77b71b37ec0d
el_for_eng:S0246L03U03	she said it was the same thing	είπε ότι ήταν το ίδιο πράγμα	f9f4632e-a679-4728-8434-709b371aa813
el_for_eng:S0246L03U04	it definitely was something different	σίγουρα ήταν κάτι διαφορετικό	278c371d-0ed0-43e3-b777-037b05f0cc95
el_for_eng:S0246L03U05	he said it was not the same thing	είπε ότι δεν ήταν το ίδιο πράγμα	cf9673fd-acdf-4783-89f9-9e3129ba23ed
el_for_eng:S0246L04B01	she was busy	ήταν απασχολημένη	76e49f96-edad-442a-9d7e-ac555d4bccb0
el_for_eng:S0246L04B02	she wasn't busy	δεν ήταν απασχολημένη	53c876c9-a242-4e23-813c-4ed52a33204f
el_for_eng:S0246L04B03	she was too busy	ήταν πολύ απασχολημένη	2408bf24-0b25-44fd-8612-51518aaf9ea8
el_for_eng:S0246L04U01	she said she was busy	είπε ότι ήταν απασχολημένη	7a92f155-b6fd-4eaf-a033-c7c53202e1cf
el_for_eng:S0246L04U02	my mother was too busy	η μητέρα μου ήταν πολύ απασχολημένη	2ae21a02-d6ab-40ef-88e3-1dd9789f9072
el_for_eng:S0246L04U03	that woman was busy yesterday	εκείνη η γυναίκα ήταν απασχολημένη χτες	cc817ce0-510c-470b-ad61-c8b5edad05e2
el_for_eng:S0246L04U04	she was busy but she wanted to help you	ήταν απασχολημένη αλλά ήθελε να σε βοηθήσει	e035286b-4141-40e5-9bc3-3b44303ac26c
el_for_eng:S0246L04U05	I wanted her to help you but she was too busy	ήθελα να σε βοηθήσει αλλά ήταν πολύ απασχολημένη	02279182-d551-4f3f-87ef-dff34e71afd3
el_for_eng:S0247L01B01	I thought	νόμιζα	a6de1823-932b-4fab-8653-51e96c2387ac
el_for_eng:S0247L01B02	I didn't think	δεν νόμιζα	2e9cae3f-2f55-4704-987e-77d0d0d5d886
el_for_eng:S0247L01B03	I thought something	νόμιζα κάτι	517618e4-76da-4e39-98e7-b99210730977
el_for_eng:S0247L01U01	I definitely thought so	σίγουρα νόμιζα αυτό	0b89ef9a-af32-4809-a2d4-7b1cdf10deac
el_for_eng:S0247L01U03	I thought she was busy	νόμιζα ότι ήταν απασχολημένη	01c6c242-57bf-4fb8-a63a-0e0a6a991814
el_for_eng:S0247L01U04	I thought he wanted to help	νόμιζα ότι ήθελε να βοηθήσει	1cc90175-6c88-4680-be7a-bbe6a1e6e8cd
el_for_eng:S0247L01U05	I thought it was the same thing	νόμιζα ότι ήταν το ίδιο πράγμα	ec653708-9093-4baf-86a0-b061b92655aa
el_for_eng:S0247L02B01	that one	εκείνο	d4e8b600-7587-4410-a0d9-03a05f08e96f
el_for_eng:S0247L02B02	I wanted that	ήθελα εκείνο	6c3b879f-f739-416c-a83b-f76b6a4b7c95
el_for_eng:S0247L02B03	I thought that	νόμιζα εκείνο	b2753200-270a-4af0-8450-3b8f08e9c895
el_for_eng:S0247L02U01	I thought that was something new	νόμιζα ότι εκείνο ήταν κάτι νέο	cc3b6cb2-e2ab-4259-9085-7fffbc818f16
el_for_eng:S0247L02U02	I wanted that but it wasn't the same	ήθελα εκείνο αλλά δεν ήταν το ίδιο	242b9765-491d-4fa4-8dfe-5b56cf61326c
el_for_eng:S0247L02U03	he said that was the same thing	είπε ότι εκείνο ήταν το ίδιο πράγμα	eb556b60-906a-47c6-b6a7-424875634131
el_for_eng:S0247L02U04	she said that was not the answer	είπε ότι εκείνο δεν ήταν η απάντηση	c4e6461b-4b6f-4aba-8dba-8ff5f272f728
el_for_eng:S0247L02U05	I thought that was something different	νόμιζα ότι εκείνο ήταν κάτι διαφορετικό	e5e5bd01-18c4-4642-afcd-3ceb4d4b8d56
el_for_eng:S0247L03B01	the book	το βιβλίο	bc1176fa-e159-4fce-a8a4-0cf15184038f
el_for_eng:S0247L03B02	I have the book	έχω το βιβλίο	4e6a5104-1c71-424c-80b5-61293d609e9e
el_for_eng:S0247L03B03	that book	εκείνο το βιβλίο	6d65e798-c7fb-4c50-a44e-99bcc7becc16
el_for_eng:S0247L03C01	book	βιβλίο	15abd0ae-3a05-4652-b42b-6a91fad78259
el_for_eng:S0247L03U01	I want to give her the book	θέλω να της δώσω εκείνο το βιβλίο	b88cfd83-3fe2-4696-b261-8b9729feb073
el_for_eng:S0247L03U02	she wanted to read that book	ήθελε να διαβάζει εκείνο το βιβλίο	397bac5f-01c3-4d13-ae47-a7fcb67e2a1f
el_for_eng:S0247L03U03	my mother likes the book	στη μητέρα μου αρέσει εκείνο το βιβλίο	030e1e60-db3d-48a5-862c-f23d7d50d028
el_for_eng:S0247L03U04	I thought that book was something new	νόμιζα ότι εκείνο το βιβλίο ήταν κάτι νέο	67f9c335-5958-453f-ac2d-13ac8aa699aa
el_for_eng:S0247L03U05	he said that book was the same thing	είπε ότι εκείνο το βιβλίο ήταν το ίδιο πράγμα	187ecb7a-c8cf-49bf-a30e-e780e13eb364
el_for_eng:S0247L04B01	fairly well	αρκετά καλά	a17c1446-0ef3-4c4e-8e8d-35c85444cf17
el_for_eng:S0247L04B02	it was fairly	ήταν αρκετά	fddc64a0-8cc4-447e-8d9b-1fe09d2c636b
el_for_eng:S0247L04B03	I thought it was fairly	νόμιζα ότι ήταν αρκετά	ca26e3b2-390e-47d1-ab05-19be78f4b866
el_for_eng:S0247L04U01	I am fairly happy	είμαι αρκετά χαρούμενος	fad478d4-3436-4bb2-81c2-c25bedaa0764
el_for_eng:S0247L04U02	she was fairly busy	ήταν αρκετά απασχολημένη	88b273b2-5a03-490c-b275-ef781d047a35
el_for_eng:S0247L04U03	he said it was fairly new	είπε ότι ήταν αρκετά νέο	9dc76482-8e27-4668-9c20-6050a892ebc6
el_for_eng:S0247L04U04	I have already learnt fairly a lot	έχω ήδη μάθει αρκετά πολλά	3450b406-b807-4cce-9856-5cb71b7cbbe7
el_for_eng:S0247L04U05	I thought that book was fairly interesting	νόμιζα ότι εκείνο το βιβλίο ήταν αρκετά ενδιαφέρον	a34da393-20d7-4c4e-98bc-80d907ad2c41
el_for_eng:S0247L05B01	it was good	ήταν καλό	1de020c4-cb3d-4786-bc20-c85ad79e8fee
el_for_eng:S0247L05B02	it was fairly good	ήταν αρκετά καλό	bb0afeb2-8c26-4cc5-ac91-97fc59f6fc8c
el_for_eng:S0247L05B03	I thought it was good	νόμιζα ότι ήταν καλό	01fa7148-c53d-49a0-acc4-916bb6336aa3
el_for_eng:S0247L05U01	she said it was not good	είπε ότι δεν ήταν καλό	6350c3fb-3e90-4c62-b321-c9dc6ed622b4
el_for_eng:S0247L05U02	that book was good	εκείνο το βιβλίο ήταν καλό	6882fa0b-3ea4-48f2-ade0-b470f59a02f7
el_for_eng:S0247L05U03	it was good but not the same thing	ήταν καλό αλλά δεν ήταν το ίδιο πράγμα	b547578c-7ec2-4806-9e00-000eca2c5614
el_for_eng:S0247L05U04	he said the book was fairly good	είπε ότι εκείνο το βιβλίο ήταν αρκετά καλό	a996f546-53d4-473b-9360-bd8badbf1431
el_for_eng:S0247L05U05	I thought that book was fairly good	νόμιζα ότι εκείνο το βιβλίο ήταν αρκετά καλό	aa648aa2-790f-4fd5-aff5-62dd06281d63
el_for_eng:S0248L02B01	the film	η ταινία	95fb12d1-2ed9-49c5-a3d0-b66c97b8f2ee
el_for_eng:S0248L02C01	film	ταινία	b035b6c8-c590-41a5-ba29-dedd7fd21f42
el_for_eng:S0248L02U01	my mother likes the film	στη μητέρα μου αρέσει η ταινία	7337ad67-89ae-47fc-9556-62bfba65366d
el_for_eng:S0248L02U02	my father likes the film	στον πατέρα μου αρέσει η ταινία	917dadc0-8053-40e0-8e9e-d2e98cfea7bc
el_for_eng:S0248L02U03	I thought the film was something new	νόμιζα ότι η ταινία ήταν κάτι νέο	83bdf582-3c40-43d2-b2d7-63877c9761ae
el_for_eng:S0248L02U05	she said the film was the same thing	είπε ότι η ταινία ήταν το ίδιο πράγμα	38c7d764-3307-4b3d-b50f-f3d2f5f9d645
el_for_eng:S0248L03B01	complete rubbish	τελείως ανούσια	4206f137-2e1f-4b0b-9d6d-50cae4bbe4b1
el_for_eng:S0248L03B02	it was complete rubbish	ήταν τελείως ανούσια	fe2fcb74-9d7e-481d-8cac-5cc42ead51cf
el_for_eng:S0248L03B03	it wasn't complete rubbish	δεν ήταν τελείως ανούσια	9ad76068-d356-4695-81de-63783e247acc
el_for_eng:S0248L03C01	completely	τελείως	dd219f82-2985-45df-a67e-a47567810b2b
el_for_eng:S0248L03C02	pointless	ανούσια	2b5a66d7-1d2d-47dc-b241-73c26d833a78
el_for_eng:S0248L03U01	it was definitely complete rubbish	σίγουρα ήταν τελείως ανούσια	a66614d6-8168-47b9-b5c1-4ad6edd6d53f
el_for_eng:S0248L03U02	he said it was complete rubbish	είπε ότι ήταν τελείως ανούσια	b792533f-b4a9-4b70-9d37-c360b5ed2d20
el_for_eng:S0248L03U03	I thought it was complete rubbish	νόμιζα ότι ήταν τελείως ανούσια	617ab325-82fc-4266-a89e-42d667119dee
el_for_eng:S0248L03U04	she said the film was complete rubbish	είπε ότι η ταινία ήταν τελείως ανούσια	e82157ee-3257-401f-956e-d836463d63da
el_for_eng:S0248L03U05	I thought the film was complete rubbish	νόμιζα ότι η ταινία ήταν τελείως ανούσια	9c70a79e-96c0-43dc-a8f5-6e75fbd3deec
el_for_eng:S0248L04B01	my money	τα χρήματά μου	3e199f16-a47a-4fdc-aa4f-a1c9ceb2f6e7
el_for_eng:S0248L04B02	I want my money	θέλω τα χρήματά μου	1a7bdd83-3eea-42da-86cb-83335c0572b6
el_for_eng:S0248L04B03	he wanted my money	ήθελε τα χρήματά μου	186b2f7b-4d36-4c17-a587-706633ef0608
el_for_eng:S0248L04C01	money	χρήματά	ace9c4dc-d670-4633-a786-39177476f20e
el_for_eng:S0248L04C02	the	τα	7f00f010-072d-4fc7-9726-208ff5327344
el_for_eng:S0248L04U01	I don't have my money	δεν έχω τα χρήματά μου	b68484a4-f4f8-4bcf-9df1-26fef8d379fd
el_for_eng:S0248L04U02	he wanted my money yesterday	ήθελε τα χρήματά μου χτες	b0d09af3-fe7d-4e3a-b0ba-a65eef131136
el_for_eng:S0248L04U03	she said she wanted my money	είπε ότι ήθελε τα χρήματά μου	013e70d2-070c-462e-b2e8-2dfa0d54cc8c
el_for_eng:S0248L04U04	I don't want to give her my money	δεν θέλω να της δώσω τα χρήματά μου	39a58fe7-f3a8-4af1-b8d4-59f3b048664f
el_for_eng:S0248L04U05	I want my money and I am not happy	θέλω τα χρήματά μου και δεν είμαι χαρούμενος	badf31dc-c9a1-4620-9376-827ee7e7139b
el_for_eng:S0248L05B01	I want it back	θέλω αυτό πίσω	97318796-9281-47cf-af94-9789c67b8d08
el_for_eng:S0248L05B02	I don't want it back	δεν θέλω αυτό πίσω	b2b9798e-028c-4741-8166-6fc8139b9265
el_for_eng:S0248L05B03	I want my money back	θέλω τα χρήματά μου πίσω	8d277b1b-e339-41b0-979f-9b1039e3e8eb
el_for_eng:S0248L05U01	she said she wanted it back	είπε ότι ήθελε αυτό πίσω	b68c98f4-34c5-4efc-917f-38eb32b1566e
el_for_eng:S0248L05U02	I want the book back	θέλω αυτό το βιβλίο πίσω	b3692f10-2b76-487a-9038-3c9d5cff557b
el_for_eng:S0248L05U03	he wanted my money back yesterday	ήθελε τα χρήματά μου πίσω χτες	f059c453-726f-4cd6-97a0-fe1d8d5ca1ab
el_for_eng:S0248L05U04	I definitely want my money back	σίγουρα θέλω τα χρήματά μου πίσω	0d72838c-4da0-457e-a068-0390d81a7834
el_for_eng:S0248L05U05	I thought the film was complete rubbish and I want my money back	νόμιζα ότι η ταινία ήταν τελείως ανούσια και θέλω τα χρήματά μου πίσω	9c85e39d-25be-45dd-ad93-89bf1e1cd412
el_for_eng:S0249L02B01	to help me	να με βοηθήσεις	39f3b8d5-557d-4fa5-9c98-9bf6e72c65f5
el_for_eng:S0249L02B02	I want you to help me	θέλω να με βοηθήσεις	2160b42a-ec1e-4d9f-8503-3ec834d35c2d
el_for_eng:S0249L02B03	I don't want you to help me	δεν θέλω να με βοηθήσεις	d905a986-955c-400e-a581-1ec242a1ef1b
el_for_eng:S0249L02C01	you help	βοηθήσεις	a7a6f33a-f05b-4429-a158-9fc1108388db
el_for_eng:S0249L02U01	I wanted you to help me yesterday	ήθελα να με βοηθήσεις χτες	88c97cd8-8582-46d0-ac4e-bf302cb2c7d1
el_for_eng:S0249L02U02	I definitely want you to help me	σίγουρα θέλω να με βοηθήσεις	f2cd7155-f451-48c2-8d4e-36d8df8a4560
el_for_eng:S0249L02U03	he said I want you to help me	είπε ότι θέλω να με βοηθήσεις	3991f0b3-d29e-4199-8b0a-8ff806bc2494
el_for_eng:S0249L02U04	I want you to help me with the answer	θέλω να με βοηθήσεις με την απάντηση	a7a7d07e-cc1e-4c5b-8b3a-4f7629c43f97
el_for_eng:S0249L02U05	I wanted you to help me before the weekend	ήθελα να με βοηθήσεις πριν το Σαββατοκύριακο	35932ce4-1539-422f-b46f-ca2eb14d5c45
el_for_eng:S0249L04B01	before you go	πριν φύγεις	13290134-3457-4642-981f-0127a592ffc3
el_for_eng:S0249L04B02	I don't want you to go	δεν θέλω να φύγεις	fac138ae-27d8-4e88-8060-52d155e65dba
el_for_eng:S0249L04B03	I want to eat before you go	θέλω να φάω πριν φύγεις	2e757600-64ef-49fb-adfb-571c767a1ceb
el_for_eng:S0249L04U01	she said she wanted you to go	είπε ότι ήθελε να φύγεις	22e2da42-e8d6-4b13-8f64-9f7b5e26fb55
el_for_eng:S0249L04U02	I definitely don't want you to go	σίγουρα δεν θέλω να φύγεις	c36babff-f102-4ce0-8f96-d89c9064ab3a
el_for_eng:S0249L04U03	I wanted you to tell me before you go	ήθελα να μου πεις πριν φύγεις	e06f076b-6f12-42cb-b81b-c96a5a779a03
el_for_eng:S0249L04U04	I want you to help me before you go	θέλω να με βοηθήσεις πριν φύγεις	5e7c4054-d807-4a87-a485-86ecbbc41583
el_for_eng:S0250L01B01	you can	μπορείς	4b9c585d-a8bf-418f-bd6b-ab3ec2dc9164
el_for_eng:S0250L01B02	you can't	δεν μπορείς	29c48f1e-7cc0-4ebf-a3e7-074defc6fff8
el_for_eng:S0250L01B03	you definitely can	σίγουρα μπορείς	bd83a537-dd0c-4944-979a-d5bb93d9892f
el_for_eng:S0250L01U01	I know you can	ξέρω ότι μπορείς	4a649312-a623-4afa-b993-02a269c2f25d
el_for_eng:S0250L01U02	she said you can	είπε ότι μπορείς	f30ee045-161e-4a04-ba6d-ce0c9ba108d0
el_for_eng:S0250L01U03	I thought you can	νόμιζα ότι μπορείς	7d84c7dc-93fd-4d44-8b62-76643641266b
el_for_eng:S0250L01U04	he said you can't	είπε ότι δεν μπορείς	5266ce7b-a651-4e67-87b2-139ad722e97e
el_for_eng:S0250L01U05	I know you can and I am happy	ξέρω ότι μπορείς και είμαι χαρούμενος	58099be7-f145-481c-b6a5-b5e4bb514f29
el_for_eng:S0250L03B01	something else	κάτι άλλο	f411c01a-870a-42ff-964c-e7c0d45b1265
el_for_eng:S0250L03B02	I want something else	θέλω κάτι άλλο	a72c723c-5371-4576-97e2-0e2b9b5ba2e8
el_for_eng:S0250L03B03	he said something else	είπε κάτι άλλο	a340a383-8b0d-40da-8e91-b31a4737e7a4
el_for_eng:S0250L03U01	I wanted something else	ήθελα κάτι άλλο	d821ab1b-891c-4d90-ac23-c4591c779e35
el_for_eng:S0250L03U02	I have already learnt something else	έχω ήδη μάθει κάτι άλλο	eb1a08e5-8058-4364-bed1-46b8ae3a5283
el_for_eng:S0250L03U03	I thought it was something else	νόμιζα ότι ήταν κάτι άλλο	53abb98d-d5e3-42a7-ae67-eb037b727158
el_for_eng:S0250L03U04	can you tell me something else?	μπορείς να μου πεις κάτι άλλο;	38bb925a-4e90-4d54-9298-4fb7bc12f5e8
el_for_eng:S0250L03U05	I am happy with something else	είμαι χαρούμενος με κάτι άλλο	69d9ec8b-62a3-49e3-97ec-da40b11856c4
el_for_eng:S0250L04B01	before I answer	πριν απαντήσω	c1c35a83-e608-45ff-ace2-a125fcbe04e3
el_for_eng:S0250L04B02	before I answer something	πριν απαντήσω κάτι	b85b5b56-8638-4af3-99be-a50470ecdd7e
el_for_eng:S0250L04B03	I want to eat before I answer	θέλω να φάω πριν απαντήσω	f365e57b-caf3-425f-bd94-8f4ee8e6c1d2
el_for_eng:S0250L04U01	she said something else before I answer	είπε κάτι άλλο πριν απαντήσω	3bcc648e-5268-4170-929d-1ea39a5a553f
el_for_eng:S0250L04U02	can you tell me before I answer?	μπορείς να μου πεις πριν απαντήσω;	c2db8a45-7764-44e8-b870-361aa8f08955
el_for_eng:S0250L04U04	can you help me before I answer?	μπορείς να με βοηθήσεις πριν απαντήσω;	beebe80a-a789-4173-9e7a-1e9b6b06d8a0
el_for_eng:S0250L04U05	can you tell me something else before I answer?	μπορείς να μου πεις κάτι άλλο πριν απαντήσω;	fb44ce71-dfb5-47be-a8bc-78da0fe3bb49
el_for_eng:S0251L02B01	to find out	να μάθω	2a72afc9-27e8-49e7-8435-5354ee5c329e
el_for_eng:S0251L02B02	I want to find out	θέλω να μάθω	42eb2c8e-344d-4522-8415-c64bbb9115d0
el_for_eng:S0251L02B03	he wanted me to find out	ήθελε να μάθω	7f2cdf91-2850-4ce6-a57e-04910083cf98
el_for_eng:S0251L02C01	I find out	μάθω	f09407e0-5586-4d90-a6bf-5d80d58c2d37
el_for_eng:S0251L02U01	I don't want to find out	δεν θέλω να μάθω	bf6637b7-cff9-4f2e-93c6-bc8bb378f197
el_for_eng:S0251L02U02	I definitely want to find out	σίγουρα θέλω να μάθω	9ac85f15-e5b6-4571-943b-128e6dd884c4
el_for_eng:S0251L02U03	I want to find out something else	θέλω να μάθω κάτι άλλο	34809f76-dc15-4182-a9e1-a41ee49c2fa5
el_for_eng:S0251L02U04	I want to find out the answer	θέλω να μάθω την απάντηση	6ecc3a9e-5403-42b4-926a-0a25585f233b
el_for_eng:S0251L02U05	I want to find out before I answer	θέλω να μάθω πριν απαντήσω	bc41cf07-16a9-4bb1-a643-3ef51aa615c2
el_for_eng:S0251L03B01	until yesterday	μέχρι χτες	2cf33926-471d-45cf-a6a4-a36e0b712b36
el_for_eng:S0251L03B02	until Sunday	μέχρι την Κυριακή	eaf04576-7c79-42b7-b7bb-f8019549583f
el_for_eng:S0251L03B03	until the weekend	μέχρι το Σαββατοκύριακο	b71ab4df-8987-469d-8109-a8f5192de8ef
el_for_eng:S0251L03U01	she was busy until yesterday	ήταν απασχολημένη μέχρι χτες	efbd7482-d2a4-42ee-8838-cada2bdbc68d
el_for_eng:S0251L03U02	I don't want to find out until the weekend	δεν θέλω να μάθω μέχρι το Σαββατοκύριακο	80559252-b9f1-49ab-b98d-42557b4f4d28
el_for_eng:S0251L03U04	I have already learnt a lot until the weekend	έχω ήδη μάθει πολλά μέχρι το Σαββατοκύριακο	87f3d9f7-2319-44fd-8b98-7106f6f34baf
el_for_eng:S0251L04B01	we finish	να τελειώσουμε	cd3469a5-9a1c-4806-802e-cf4f5fef156a
el_for_eng:S0251L04B02	until we finish	μέχρι να τελειώσουμε	67b8a774-c6d8-4fba-80d7-bcf46486ea2e
el_for_eng:S0251L04C01	we finish	τελειώσουμε	cd3469a5-9a1c-4806-802e-cf4f5fef156a
el_for_eng:S0251L04U01	she said she wanted us to finish	είπε ότι ήθελε να τελειώσουμε	2bc45850-53e4-4d9b-8c5f-ddbd04ac5a61
el_for_eng:S0251L04U02	I want to find out before we finish	θέλω να μάθω πριν να τελειώσουμε	04c54ade-338c-469f-b24b-1b80c99dd23c
el_for_eng:S0251L04U03	I don't want to find out until we finish	δεν θέλω να μάθω μέχρι να τελειώσουμε	f6f0e1a8-e53d-4e3d-9119-4749e4a1021d
el_for_eng:S0251L04U04	I am happy until we finish	είμαι χαρούμενος μέχρι να τελειώσουμε	4b04b581-3302-4605-a1f4-2edc5c5e282f
el_for_eng:S0252L01B01	when?	πότε;	657ed5bb-56d8-4025-8324-8d50158e3191
el_for_eng:S0252L01B02	when was it?	πότε ήταν;	4b1ddf26-aa03-4b51-b74a-caa63d509c6c
el_for_eng:S0252L01B03	I don't know when	δεν ξέρω πότε	7fa35ee8-0fa5-43a0-887e-829a9f25b2b7
el_for_eng:S0252L01U01	when did he say it?	πότε είπε αυτό;	c25b084b-3b63-4975-b59a-a69b351410ac
el_for_eng:S0252L01U02	she doesn't know when	δεν ξέρει πότε	d116ae52-0e94-42a0-b3ae-7e553418d219
el_for_eng:S0252L01U03	I want to find out when	θέλω να μάθω πότε	a03d3f59-f8ad-48d1-8554-bf72c7b5ab82
el_for_eng:S0252L01U04	when did I meet someone?	πότε γνώρισα κάποιον;	9165d673-7c8b-4d75-944e-0914a352e1ce
el_for_eng:S0252L01U05	when did he want to help?	πότε ήθελε να βοηθήσει;	2136eefe-d4b6-4d39-90d8-6f51cff00c14
el_for_eng:S0252L03B01	you are ready	είσαι έτοιμος	673c2675-4c1c-40c6-9660-2534bbf59d72
el_for_eng:S0252L03B02	I am ready	είμαι έτοιμος	40c7c3a7-e9c8-4971-bd59-a85ab820ff70
el_for_eng:S0252L03B03	he was not ready	δεν ήταν έτοιμος	bcaff4fc-78e7-485b-9756-f24368a38233
el_for_eng:S0252L03U01	you are not ready	δεν είσαι έτοιμος	ac5ad1d3-4a04-4d8f-9170-be0d22ff937c
el_for_eng:S0252L03U02	when will you be ready?	πότε θα είσαι έτοιμος;	8f4f72b0-fa75-49e8-9900-17b90129c29a
el_for_eng:S0252L03U03	I know you are ready	ξέρω ότι είσαι έτοιμος	efd8f7c0-531b-4eb9-ad1d-0d333c8e8349
el_for_eng:S0252L03U04	she said you are ready	είπε ότι είσαι έτοιμος	52c95ca9-8986-472a-a3d7-0e0efaf1be4b
el_for_eng:S0252L03U05	I thought you are ready	νόμιζα ότι είσαι έτοιμος	79c4a2a1-a04f-44f3-b8e0-43abe920cd6b
el_for_eng:S0252L04B01	to start	να αρχίσεις	3eb8ad66-99bf-4dba-bb17-a9619b3bbc83
el_for_eng:S0252L04B02	I want you to start	θέλω να αρχίσεις	d6c0a06f-112e-460a-80ad-8bb07619d2ac
el_for_eng:S0252L04B03	ready to start	έτοιμος να αρχίσεις	2207fe5b-db07-4366-bc0d-9bcace3622a6
el_for_eng:S0252L04C01	you start	αρχίσεις	ff1f3be7-f6cc-41af-a5d8-76e3dd4dbb1c
el_for_eng:S0252L04U01	when does he want you to start?	πότε θέλει να αρχίσεις;	6326553b-4171-4bd8-aa50-99597b129b4a
el_for_eng:S0252L04U02	when will you be ready to start?	πότε θα είσαι έτοιμος να αρχίσεις;	558a3dbd-0ddb-45f9-bff3-5c77f550fcd3
el_for_eng:S0252L04U03	she said you are ready to start	είπε ότι είσαι έτοιμος να αρχίσεις	65b280d8-7387-479c-89b8-041c0570b4bb
el_for_eng:S0252L04U04	I know you are ready to start	ξέρω ότι είσαι έτοιμος να αρχίσεις	8a4cf87b-e453-4808-b539-67a800032fe9
el_for_eng:S0252L04U05	you can start before the weekend	μπορείς να αρχίσεις πριν το Σαββατοκύριακο	647c76da-644c-476e-bce6-ccb63076977c
el_for_eng:S0253L01B01	it is necessary	πρέπει	084209bd-f350-485b-abd5-d36a1fe10260
el_for_eng:S0253L01B02	it is not necessary	δεν πρέπει	3be9aa3a-6057-4081-8491-1b04ba7fadbf
el_for_eng:S0253L01B03	he said it is necessary	είπε ότι πρέπει	a3af4dc2-7aff-4614-acf7-98a07a8d64b3
el_for_eng:S0253L01U01	I know it is necessary	ξέρω ότι πρέπει	f65381ba-139d-4e75-b3b5-eee3e30edfe7
el_for_eng:S0253L01U03	she said it is not necessary	είπε ότι δεν πρέπει	ae521a7c-67e2-42d7-ad36-a100908189c1
el_for_eng:S0253L01U04	I don't think it is necessary	δεν νόμιζα ότι πρέπει	bfefd603-d72b-485b-b797-f980af4d6529
el_for_eng:S0253L01U05	it is necessary before the weekend	πρέπει πριν το Σαββατοκύριακο	f1fb0f9e-5b00-4a34-ae53-aee35d84f092
el_for_eng:S0253L02B01	to be	να είμαι	1f195205-d790-4f85-8565-f6e4e9104443
el_for_eng:S0253L02B02	I should be	πρέπει να είμαι	068d3149-76c0-41a0-afb0-dee2dff895d4
el_for_eng:S0253L02B03	I should not be	δεν πρέπει να είμαι	70d56584-d7d7-401b-9b51-6a4dee26cd28
el_for_eng:S0253L02C01	I am	είμαι	b5895cc2-427b-484a-928b-70efa9fb161c
el_for_eng:S0253L02U01	I should be ready	πρέπει να είμαι έτοιμος	45df2a4a-5685-4a34-bb3d-26c8873f2405
el_for_eng:S0253L02U02	I should be happy	πρέπει να είμαι χαρούμενος	0ea3c608-a32f-44bc-8e95-59e53cf28cab
el_for_eng:S0253L02U03	I definitely should be ready	σίγουρα πρέπει να είμαι έτοιμος	03c54bb9-2de1-43f3-9d36-adad4a14e76d
el_for_eng:S0253L02U04	I thought I should be ready	νόμιζα ότι πρέπει να είμαι έτοιμος	9ad46043-2e5e-4d29-951a-b4896a5ed0d1
el_for_eng:S0253L02U05	he said I should be happy	είπε ότι πρέπει να είμαι χαρούμενος	4708a41d-183c-46cc-a487-a9a9d4ed93c1
el_for_eng:S0253L03B01	in a few minutes	σε λίγα λεπτά	9d7eabf2-6c6b-4adf-9a6d-42fa842ed8a7
el_for_eng:S0253L03B02	I want to find out in a few minutes	θέλω να μάθω σε λίγα λεπτά	dc465bd1-402d-4591-aab5-ba49c80780ef
el_for_eng:S0253L03B03	I will be ready in a few minutes	θα είμαι έτοιμος σε λίγα λεπτά	022c963a-ff55-464d-8a0d-8b0c4ebe3066
el_for_eng:S0253L03C01	few	λίγα	6b72305e-a435-48f2-8b00-02decb10fd05
el_for_eng:S0253L03C02	minutes	λεπτά	910dada9-674c-4418-b204-9184ad7eacb1
el_for_eng:S0253L03U01	I want you to start in a few minutes	θέλω να αρχίσεις σε λίγα λεπτά	fede35da-29e5-4cbb-9aa9-9d550b26f2c4
el_for_eng:S0253L03U02	can you tell me in a few minutes?	μπορείς να μου πεις σε λίγα λεπτά;	f24bc095-2608-4039-bb0c-7d085ae4a07a
el_for_eng:S0253L03U03	I will be happy in a few minutes	θα είμαι χαρούμενος σε λίγα λεπτά	19429451-28bc-44cc-992c-1dd36fa7a57f
el_for_eng:S0253L03U04	I should be ready in a few minutes	πρέπει να είμαι έτοιμος σε λίγα λεπτά	b936fb3d-885f-47a9-9cb7-a734e442eeb9
el_for_eng:S0254L01B01	since yesterday	από χτες	249db4a5-ac48-4354-9ea8-fde8bbc02075
el_for_eng:S0254L01B02	from Sunday	από την Κυριακή	aefa5621-4737-4c73-a8fb-6229f7220da6
el_for_eng:S0254L01B03	he has not stopped since yesterday	δεν σταματά από χτες	e4bf4c6e-b4ec-4d09-b179-f8f21f233509
el_for_eng:S0254L01U01	since the weekend	από το Σαββατοκύριακο	a92641af-cf73-4773-98b2-0e41e386b41f
el_for_eng:S0254L01U02	I have been ready since yesterday	είμαι έτοιμος από χτες	d5dfc99a-a078-4845-b35d-0a95f7a6ae92
el_for_eng:S0254L01U03	I have been happy since yesterday	είμαι χαρούμενος από χτες	ba88eb4e-ce35-4d3b-ab4e-1651db9d6f47
el_for_eng:S0254L01U05	I have already learnt a lot from the book	έχω ήδη μάθει πολλά από το βιβλίο	368b8e18-377d-4810-ac91-0f801e0bf5d7
el_for_eng:S0255L01B01	you think that	νομίζεις ότι	c0b5a5e7-87c1-4014-af74-e315de46a503
el_for_eng:S0255L01B02	you don't think that	δεν νομίζεις ότι	426727bc-1618-4f28-b860-b9851422a003
el_for_eng:S0255L01B03	when do you think that?	πότε νομίζεις ότι;	3627e843-bde0-4c46-9531-66d7dc3a9da5
el_for_eng:S0255L01U01	do you think that it is necessary?	νομίζεις ότι πρέπει;	222b7bc6-8301-450b-a2a3-4462f58c8f81
el_for_eng:S0255L01U02	do you think that I am ready?	νομίζεις ότι είμαι έτοιμος;	916fcfaa-c026-4693-8161-64aae9607333
el_for_eng:S0255L01U03	do you think that she was busy?	νομίζεις ότι ήταν απασχολημένη;	a31bfdd5-dcf3-4244-b1c0-68c77932d217
el_for_eng:S0255L01U05	I know you think that it was fairly good	ξέρω ότι νομίζεις ότι ήταν αρκετά καλό	45665a74-8940-494e-bdce-5e4b258b38b9
el_for_eng:S0255L02B01	to leave	να φύγεις	275e04e1-7b0b-465a-ba34-1fb76f79f194
el_for_eng:S0255L02B02	ready to leave	έτοιμος να φύγεις	4d57a461-b8c7-4d6b-b8b8-c0bd477952b0
el_for_eng:S0255L02B03	I don't want you to leave	δεν θέλω να φύγεις	1f08a24a-b7fb-4862-a1cb-cf503275c925
el_for_eng:S0255L02C01	you leave	φύγεις	7f8c77c8-76de-461c-a408-82a3f96a88a5
el_for_eng:S0255L02U01	you can leave from the morning	μπορείς να φύγεις από το πρωί	44e0caa2-b2aa-424f-8a6d-a337a1680750
el_for_eng:S0255L02U02	you should leave in a few minutes	πρέπει να φύγεις σε λίγα λεπτά	152fbb43-c0b9-4cf7-af68-7690e55021e7
el_for_eng:S0255L02U03	when will you be ready to leave?	πότε θα είσαι έτοιμος να φύγεις;	aa7f1280-2172-43ac-a1dc-33909a63fc70
el_for_eng:S0255L02U04	do you think you are ready to leave?	νομίζεις ότι είσαι έτοιμος να φύγεις;	c4899e44-3b9e-400d-b839-1ecab98cec70
el_for_eng:S0255L02U05	I want you to leave before the weekend	θέλω να φύγεις πριν το Σαββατοκύριακο	13e35563-a4fb-48ff-b35a-3f0e45157cb8
el_for_eng:S0256L02B01	in less than an hour	σε λιγότερο από μία ώρα	e2dffa24-1dad-4341-8132-8f38e7af869b
el_for_eng:S0256L02B02	I want to find out in less than an hour	θέλω να μάθω σε λιγότερο από μία ώρα	688bd1af-cf97-4d04-889f-d24095f31ae1
el_for_eng:S0256L02B03	I will be ready in less than an hour	θα είμαι έτοιμος σε λιγότερο από μία ώρα	a102d542-cd6e-4c7b-bee2-07ec8908f318
el_for_eng:S0256L02C01	less	λιγότερο	236f5c6e-243e-4d3e-8987-9e1c9bb5e8a4
el_for_eng:S0256L02C02	one	μία	e48359d4-95d3-42fb-b225-4a4f10b1ddaf
el_for_eng:S0256L02C03	hour	ώρα	7681b336-8d24-473d-a992-33c26cd2f93c
el_for_eng:S0256L02U02	can you tell me in less than an hour?	μπορείς να μου πεις σε λιγότερο από μία ώρα;	82535c5d-77cc-44c4-b763-f243f556e9c8
el_for_eng:S0256L02U03	I should be ready in less than an hour	πρέπει να είμαι έτοιμος σε λιγότερο από μία ώρα	6a952a52-a712-49bb-9c73-01412a50a4d8
el_for_eng:S0256L02U04	I think I will be ready in less than an hour	νομίζω ότι θα είμαι έτοιμος σε λιγότερο από μία ώρα	644932a2-c3a6-437e-a767-5c51072de0b9
el_for_eng:S0256L02U05	do you think you will be ready in less than an hour?	νομίζεις ότι θα είσαι έτοιμος σε λιγότερο από μία ώρα;	d142603f-78ab-47f7-89a0-0be1a5f85722
el_for_eng:S0257L01B01	to me	μου	875932d0-049f-442d-ae30-baee3e6dd113
el_for_eng:S0257L01B02	it pleases me	μου αρέσει	d5848b44-42d1-4fa9-a890-a50da72ab8a2
el_for_eng:S0257L01B03	it doesn't please me	δεν μου αρέσει	780a8554-694a-4d8b-909e-38d452151f5d
el_for_eng:S0257L01U01	I like the film	μου αρέσει η ταινία	9fc0e14a-4a1f-4666-b392-578253300cb4
el_for_eng:S0257L01U02	I liked it since yesterday	μου αρέσει από χτες	a4251937-d73f-456e-a41c-b90ba4a4c9cb
el_for_eng:S0257L01U03	I like the book	μου αρέσει το βιβλίο	383b2c81-a456-4794-9a2c-00cb40730877
el_for_eng:S0257L01U04	I think I like it	νομίζω ότι μου αρέσει	b48517ab-c5f6-42f9-83de-8a9e35d5645b
el_for_eng:S0257L01U05	I don't like the same thing	δεν μου αρέσει το ίδιο πράγμα	1ef257ca-6663-4beb-92eb-9b14e4b9ff6e
el_for_eng:S0257L02B01	the blue thing	το μπλε πράγμα	783787ac-e660-480d-b89f-96a8e276ba87
el_for_eng:S0257L02B02	I wanted the blue thing	ήθελα το μπλε πράγμα	948d774e-6838-424f-8212-b6f0fbc72fa1
el_for_eng:S0257L02B03	she wanted the blue thing	ήθελε το μπλε πράγμα	505638d1-c273-4b9e-9ec6-ac38818c6538
el_for_eng:S0257L02U01	I like the blue thing	μου αρέσει το μπλε πράγμα	a51db014-e6f3-4735-86e2-82551d043234
el_for_eng:S0257L02U02	I don't like the blue thing	δεν μου αρέσει το μπλε πράγμα	1250969c-d2a5-4963-984e-4d79cde0a1e1
el_for_eng:S0257L02U03	I like that blue thing	μου αρέσει εκείνο το μπλε πράγμα	f0942d4a-9667-455e-9c98-4d5927591f07
el_for_eng:S0257L02U04	I think I like the blue thing	νομίζω ότι μου αρέσει το μπλε πράγμα	3db1149a-0622-4cb3-b0df-8c6983638eb4
el_for_eng:S0257L02U05	I thought the blue thing was fairly good	νόμιζα ότι το μπλε πράγμα ήταν αρκετά καλό	4c0962d2-fbd1-423e-b5af-e07fcb6d73f6
el_for_eng:S0258L02B01	it is	είναι	aa88cef2-9abd-4d15-9326-70f4aa362746
el_for_eng:S0258L02B02	what is it?	τι είναι;	345f3bf2-33a3-4af2-a00e-9a60e6b3b2b6
el_for_eng:S0258L02B03	it is not	δεν είναι	3a0deaa0-eb5a-4e0f-94c2-e09ebb4af7ac
el_for_eng:S0258L02U01	it is the same thing	είναι το ίδιο πράγμα	654b3e03-0f96-4ccd-9bd2-74942f17658d
el_for_eng:S0258L02U02	I think it is good	νομίζω ότι είναι καλό	9c1630a4-52ac-4530-ad11-a681350461a7
el_for_eng:S0258L02U03	it is not the same thing	δεν είναι το ίδιο πράγμα	17878af8-5c11-4628-9d5d-bbd11986b267
el_for_eng:S0258L02U05	she said it is fairly good	είπε ότι είναι αρκετά καλό	324736b2-0688-4123-a093-11ec23fb00e4
el_for_eng:S0258L03B01	over there	εκεί	6c08f3e8-ddc1-448e-a581-58698eedb910
el_for_eng:S0258L03B02	it is over there	είναι εκεί	2e1c51a3-57cc-4d5a-b5c3-8a5948fbbae0
el_for_eng:S0258L03B03	she is not over there	δεν είναι εκεί	8461e47e-4653-4e11-8ded-49fc304addc5
el_for_eng:S0258L03U01	I like it over there	μου αρέσει εκεί	ec47cafb-7757-4530-bca0-00b63493a419
el_for_eng:S0258L03U02	I should be over there	πρέπει να είμαι εκεί	ccce6b4b-9f53-4225-9c11-cf4e756b5c91
el_for_eng:S0258L03U03	I think it is over there	νομίζω ότι είναι εκεί	d069f2f2-33f7-41ac-9927-a854ce636444
el_for_eng:S0258L03U04	I think the book is over there	νομίζω ότι το βιβλίο είναι εκεί	c383bc74-e92e-4742-b256-e5844abdbea5
el_for_eng:S0258L03U05	what is that blue thing over there?	τι είναι αυτό το μπλε πράγμα εκεί;	d59fe7da-a905-4a34-b292-db04242cc2e3
el_for_eng:S0259L01B01	an idea	μια ιδέα	0cb01933-4534-485e-a824-d60ffd2f67cf
el_for_eng:S0259L01B02	a good idea	μια καλή ιδέα	256fb062-757a-4707-aa45-0d5196fbfb67
el_for_eng:S0259L01B03	it is an idea	είναι μια ιδέα	a73d584b-9784-4783-aa3c-0d9fa322d417
el_for_eng:S0259L01U01	what is the idea?	τι είναι η ιδέα;	ac246f2d-cad2-41a6-b00d-f63aeeb9ed6f
el_for_eng:S0259L01U02	it was a fairly good idea	ήταν μια αρκετά καλή ιδέα	da9146da-4392-4a7c-b570-dc1b81e8cd2d
el_for_eng:S0259L01U03	I think it is a good idea	νομίζω ότι είναι μια καλή ιδέα	f77db50a-6e98-492e-a3bd-ef572258da48
el_for_eng:S0259L01U04	do you think it is a good idea?	νομίζεις ότι είναι μια καλή ιδέα;	f506835e-5c0c-4801-88a5-f8c6f89a3ac3
el_for_eng:S0259L01U05	I don't think it is a good idea	δεν νομίζω ότι είναι μια καλή ιδέα	39cea21c-0f2e-40ec-9bf5-e5a1a0b19aff
el_for_eng:S0260L01B01	the faintest idea	την παραμικρή ιδέα	66f929ce-f602-4032-80eb-7d80f7cd5921
el_for_eng:S0260L01B02	I have the faintest idea	έχω την παραμικρή ιδέα	36fe7ef2-95f3-4548-9996-15043deb1412
el_for_eng:S0260L01B03	I don't have the faintest idea	δεν έχω την παραμικρή ιδέα	747d4b4a-753b-4225-b669-a1c82ccc9e27
el_for_eng:S0260L01U01	it is not the faintest idea	δεν είναι η παραμικρή ιδέα	062cb9ed-826a-4b75-866e-44083cc93322
el_for_eng:S0260L01U02	I thought I had the faintest idea	νόμιζα ότι έχω την παραμικρή ιδέα	0ff0ef85-e160-400a-8fc5-7b9afff1625a
el_for_eng:S0260L01U03	I definitely don't have the faintest idea	σίγουρα δεν έχω την παραμικρή ιδέα	4bd91107-0729-4822-8076-9c12b81fba87
el_for_eng:S0260L01U04	do you think I have the faintest idea?	νομίζεις ότι έχω την παραμικρή ιδέα;	55ac0786-9211-4234-ba1f-845262435981
el_for_eng:S0260L01U05	what is it? I don't have the faintest idea	τι είναι; δεν έχω την παραμικρή ιδέα	0b4a5202-65fd-47c8-9c08-21fb46cfe53e
el_for_eng:S0261L01B01	to be	να είναι	1f195205-d790-4f85-8565-f6e4e9104443
el_for_eng:S0261L01B02	it might be	μπορεί να είναι	e1be5025-bd19-41ac-91f8-0c07a33560fa
el_for_eng:S0261L01B03	it should be	πρέπει να είναι	62741b3b-7fc8-426f-a010-076c8401567b
el_for_eng:S0261L01C01	it is	είναι	aa88cef2-9abd-4d15-9326-70f4aa362746
el_for_eng:S0261L01U01	it might be good	μπορεί να είναι καλό	61786c12-e626-4d55-be93-5d6e89f0bbb7
el_for_eng:S0261L01U02	it should be over there	πρέπει να είναι εκεί	e77aed48-218c-450e-9752-4a054655f782
el_for_eng:S0261L01U03	it might be the same thing	μπορεί να είναι το ίδιο πράγμα	3ec77198-bdd6-43fe-be33-48df954fcf1d
el_for_eng:S0261L01U04	I think it might be ready	νομίζω ότι μπορεί να είναι έτοιμος	d8a434f6-3fac-4514-8ae6-f0cbe9fea257
el_for_eng:S0261L01U05	do you think it might be an idea?	νομίζεις ότι μπορεί να είναι μια ιδέα;	734a19a1-5fb1-4286-a355-b653e3fd7415
el_for_eng:S0261L02B01	something important	κάτι σημαντικό	5a4e1c51-68c9-41c4-a974-2cef902986f0
el_for_eng:S0261L02B02	what is important?	τι είναι σημαντικό;	0da648a9-c45f-408c-9a20-5b08e4e2b8aa
el_for_eng:S0261L02B03	it is something important	είναι κάτι σημαντικό	03ed4680-af40-4a2f-be5c-3b95d872c05b
el_for_eng:S0261L02U01	it is fairly important	είναι αρκετά σημαντικό	89f7fb3a-9a7b-4b8e-953c-9c18fbbaa42e
el_for_eng:S0261L02U02	he said it is something important	είπε ότι είναι κάτι σημαντικό	5bbb17ac-49d6-4ed7-b32b-602e79571112
el_for_eng:S0261L02U03	it might be something important	μπορεί να είναι κάτι σημαντικό	afa630e1-2af2-43b8-93ef-a3abe64e92e5
el_for_eng:S0261L02U04	I don't think it is important	δεν νομίζω ότι είναι σημαντικό	9ea6eb20-c808-41b4-827b-24f9da057913
el_for_eng:S0261L02U05	I think it is something important	νομίζω ότι είναι κάτι σημαντικό	ab02619e-662d-4bc7-9d49-a69fd9ffcc95
el_for_eng:S0262L01B01	who?	ποιος;	30ef2d40-4d3e-49ff-bc07-57f612e5865f
el_for_eng:S0262L01B02	who was it?	ποιος ήταν;	2fd74c98-4fb2-4c31-9ee7-38a72d83dbec
el_for_eng:S0262L01B03	who is it?	ποιος είναι;	55e1f2e9-6b03-402f-b2f3-7cde3c1e0ea7
el_for_eng:S0262L01U01	I don't know who	δεν ξέρω ποιος	0cb796d6-57df-47f5-9d08-90eb5c4923ca
el_for_eng:S0262L01U02	who said it?	ποιος είπε αυτό;	d0a69fe6-e261-4d8f-ba5e-b55fd09f18c9
el_for_eng:S0262L01U03	I want to find out who	θέλω να μάθω ποιος	3081ed11-88b8-4eb2-8093-40cfd91333d1
el_for_eng:S0262L01U04	who do you think it was?	ποιος νομίζεις ότι ήταν;	4f1ae327-650e-4808-a3a8-330b79456843
el_for_eng:S0262L01U05	I don't have the faintest idea who	δεν έχω την παραμικρή ιδέα ποιος	ac83a289-c895-4abb-8520-cdb5e07c755a
el_for_eng:S0262L02B01	that man	εκείνος ο άντρας	dd472112-6af5-465f-b979-09af88116c6c
el_for_eng:S0262L02B02	what did that man say?	τι είπε εκείνος ο άντρας;	3be28640-4c5f-49be-b90a-90c16d784b55
el_for_eng:S0262L02B03	who was that man?	ποιος ήταν εκείνος ο άντρας;	081a1fe7-f7cc-463d-b5f7-845364593113
el_for_eng:S0262L02C01	that	εκείνος	695dc24d-82f7-4d78-beb6-3da5a917be3a
el_for_eng:S0262L02C02	man	άντρας	743c1416-2ef3-4837-9abc-f21dfb3c8957
el_for_eng:S0262L02U01	that man is over there	εκείνος ο άντρας είναι εκεί	42ee9f4d-7d87-4f82-899e-d8c9be6a8e62
el_for_eng:S0262L02U02	I like that man	μου αρέσει εκείνος ο άντρας	4dbd8325-4679-4d88-acee-aca429c93c65
el_for_eng:S0262L02U03	I don't know who that man was	δεν ξέρω ποιος ήταν εκείνος ο άντρας	5ea4cb9e-31b4-4825-8f86-8a3a95eebbe0
el_for_eng:S0262L02U04	that man wanted something important	εκείνος ο άντρας ήθελε κάτι σημαντικό	81f19e4c-d9d0-4771-9aee-d08c2afa3e26
el_for_eng:S0262L02U05	I think that man is ready	νομίζω ότι εκείνος ο άντρας είναι έτοιμος	ef1d118c-e1d5-4618-8898-0908c97721cd
el_for_eng:S0262L03B01	that you were talking to	που μιλούσες	b2fdb943-75e3-4280-833b-bc4456179178
el_for_eng:S0262L03B02	the man that you were talking to	εκείνος ο άντρας που μιλούσες	568ac663-84ae-4a87-8f19-f7cca450e457
el_for_eng:S0262L03B03	that man you were talking to is over there	εκείνος ο άντρας που μιλούσες είναι εκεί	d3e2426c-9836-406e-a15d-542931583cfc
el_for_eng:S0262L03C01	you were talking	μιλούσες	d9126d88-6ed9-48f9-a2e3-beb1c78b8134
el_for_eng:S0262L03U01	I like that man you were talking to	μου αρέσει εκείνος ο άντρας που μιλούσες	98bf3751-881c-48d9-9216-4665db02e1fa
el_for_eng:S0262L03U02	who was that man you were talking to yesterday?	ποιος ήταν εκείνος ο άντρας που μιλούσες χτες;	25f9037f-5c8c-454f-aec9-30d3f4058371
el_for_eng:S0262L03U03	that man you were talking to wanted something else	εκείνος ο άντρας που μιλούσες ήθελε κάτι άλλο	c93c144c-938a-497c-873f-5ca25ceb4b88
el_for_eng:S0262L03U04	who was that man you were talking to this morning?	ποιος ήταν εκείνος ο άντρας που μιλούσες το πρωί;	4d8df58e-29e4-4df2-9291-a144fe8ba548
el_for_eng:S0262L03U05	I think that man you were talking to was ready	νομίζω ότι εκείνος ο άντρας που μιλούσες ήταν έτοιμος	c6d028e6-7bab-4e5b-8ccf-d69cba7878ee
el_for_eng:S0263L01B01	whom?	ποιον;	3414d614-65f1-454c-8bb3-893e26a1e6d7
el_for_eng:S0263L01B02	I know whom	ξέρω ποιον	1867fbbb-a26a-4c54-b518-b7160ddc85f7
el_for_eng:S0263L01B03	who does she know?	ποιον ξέρει;	236a7ce5-50fd-4b17-90b3-661a36ea762a
el_for_eng:S0263L01U01	I don't know whom	δεν ξέρω ποιον	146d348d-80c3-4ec7-a2fb-52987a626b92
el_for_eng:S0263L01U02	she doesn't know whom	δεν ξέρει ποιον	3d8e1f0f-4576-4369-a57b-68a0d4525fef
el_for_eng:S0263L01U03	I want to find out whom	θέλω να μάθω ποιον	f651fada-5263-42bb-b159-9e69530a9968
el_for_eng:S0263L01U04	I thought I knew whom	νόμιζα ότι ξέρω ποιον	6505ba0a-7ce8-47e8-a821-d8ab7dbef7a2
el_for_eng:S0263L01U06	I don't have the faintest idea whom	δεν έχω την παραμικρή ιδέα ποιον	f0b99b4d-cf8c-431b-836c-81428dfe5871
el_for_eng:S0263L02B01	you mean	εννοείς	375dfef4-9c6e-451c-b79c-79cad7aae7a7
el_for_eng:S0263L02B02	what do you mean?	τι εννοείς;	363475e0-e901-4e88-af67-bfa772c41718
el_for_eng:S0263L02B03	I don't know what you mean	δεν ξέρω τι εννοείς	71412c4b-685f-4320-a17b-888fec8d2378
el_for_eng:S0263L02U01	what do you mean? I don't know	τι εννοείς; δεν ξέρω	14ccb822-4cec-4612-aec2-796a0e2ee03e
el_for_eng:S0263L02U02	I don't know who you mean	δεν ξέρω ποιον εννοείς	e8c25887-ff47-45ab-a537-9bb81f3555ae
el_for_eng:S0263L02U03	I want to find out what you mean	θέλω να μάθω τι εννοείς	f3eba330-d86f-4f68-95f8-61fe3aaf2e2b
el_for_eng:S0263L02U04	I think I know what you mean	νομίζω ότι ξέρω τι εννοείς	2fa39577-1343-460b-93ea-3cea860868f6
el_for_eng:S0263L02U05	do you think I know what you mean?	νομίζεις ότι ξέρω τι εννοείς;	5ec4b436-26e5-42a7-8cc8-ad211297514f
el_for_eng:S0264L01B01	a man	ένας άντρας	40347ea6-f6b1-4d20-a4b6-f3ba080bab29
el_for_eng:S0264L01B02	it is a man	είναι ένας άντρας	4217039b-0919-4002-8c6a-e6b440b2212d
el_for_eng:S0264L01B03	there is a man over there	είναι ένας άντρας εκεί	8bb00d37-8f01-4dd8-862d-31524ad93008
el_for_eng:S0264L01U01	who is that? A man	ποιος είναι; ένας άντρας	c88c3f7b-bca4-456e-b28e-117a506e49c3
el_for_eng:S0264L01U02	that is a man	εκείνος είναι ένας άντρας	41b55603-a7b1-4ecd-bcf5-d335d4e44fd3
el_for_eng:S0264L01U03	it might be a man	μπορεί να είναι ένας άντρας	9f692214-f8ba-45ff-afde-ac140e47ab2f
el_for_eng:S0264L01U04	who is it? It is a man	ποιος είναι; είναι ένας άντρας	e6496261-754b-4976-92f5-929f7b5b0434
el_for_eng:S0264L01U05	I think it might be a man	νομίζω ότι μπορεί να είναι ένας άντρας	64a91beb-47f5-45a7-880d-2087131ce32b
el_for_eng:S0264L02B01	the old man	ο ηλικιωμένος άντρας	dd462c42-77cc-47a5-9681-39abb51aa20a
el_for_eng:S0264L02B02	an old man	ένας ηλικιωμένος άντρας	3660fd90-5f03-4fdd-bd40-58f8b01faf88
el_for_eng:S0264L02B03	that old man	εκείνος ο ηλικιωμένος άντρας	e410f14c-2e46-4525-b467-5932df107002
el_for_eng:S0264L02U01	who was that old man?	ποιος ήταν εκείνος ο ηλικιωμένος άντρας;	51b6c76c-6f2f-426a-892f-e6e6e0b3e769
el_for_eng:S0264L02U02	that old man is over there	εκείνος ο ηλικιωμένος άντρας είναι εκεί	a31d9501-051f-491b-ad59-61c4124f4ab4
el_for_eng:S0264L02U03	I like that old man	μου αρέσει εκείνος ο ηλικιωμένος άντρας	a6c6ea79-612d-42f9-b091-bbfe58a815c9
el_for_eng:S0264L02U04	that old man wanted something important	εκείνος ο ηλικιωμένος άντρας ήθελε κάτι σημαντικό	1d3e7556-ec8d-491a-a3f3-7e8101c4b40f
el_for_eng:S0264L02U05	I think that old man is ready	νομίζω ότι εκείνος ο ηλικιωμένος άντρας είναι έτοιμος	6d7a2133-dd3a-4f93-b45e-2a57917dcd62
el_for_eng:S0265L01B01	a friend	ένας φίλος	5e37cfae-d4ac-4bbd-83ac-cb1c3b919819
el_for_eng:S0265L01B02	it is a friend	είναι ένας φίλος	09fc4c04-ec5b-4450-9d2c-7a8adb066e19
el_for_eng:S0265L01B03	an old friend	ένας ηλικιωμένος φίλος	ee297a94-0a50-4806-8f91-7d7f1aa0abc8
el_for_eng:S0265L01U01	who was that? A friend	ποιος ήταν; ένας φίλος	a8197b1c-8530-49de-b317-84627646fea3
el_for_eng:S0265L01U02	I don't know who. Maybe a friend	δεν ξέρω ποιος. μπορεί ένας φίλος	74455f15-8aa4-4bc2-a254-0f4c2e58e7ee
el_for_eng:S0265L01U03	I think it might be a friend	νομίζω ότι μπορεί να είναι ένας φίλος	017ab0a1-d97d-4454-aaa0-676e79bf9b24
el_for_eng:S0265L01U04	that man over there is a friend	εκείνος ο άντρας εκεί είναι ένας φίλος	79faf6cc-b532-494f-9c73-f3c0722b197f
el_for_eng:S0265L01U05	that old man is a friend	εκείνος ο ηλικιωμένος άντρας είναι ένας φίλος	617813a8-a1be-436c-b883-f389f6abc4c2
el_for_eng:S0266L01B01	an old friend	παλιός φίλος	ee297a94-0a50-4806-8f91-7d7f1aa0abc8
el_for_eng:S0266L01B02	it is old	είναι παλιός	31be564c-f1ad-4d89-a88f-8fe7cc5d56f0
el_for_eng:S0266L01B03	he was an old friend	ήταν παλιός φίλος	28b5d41d-46d3-4061-810a-6aca2a3707a2
el_for_eng:S0266L01U01	I think he is an old friend	νομίζω ότι είναι παλιός φίλος	7062ada1-a0ba-4e22-8e18-31d34ef4fddc
el_for_eng:S0266L01U02	that old friend is over there	εκείνος ο παλιός φίλος είναι εκεί	32995c4c-befa-482f-8687-5ddfbb1d73f2
el_for_eng:S0266L01U03	who was that old friend?	ποιος ήταν εκείνος ο παλιός φίλος;	7a8552f6-ef1d-42c6-b86b-664dc871e430
el_for_eng:S0266L01U04	I like that old friend	μου αρέσει εκείνος ο παλιός φίλος	583c81eb-f3d2-4e15-87d9-12eb4602b87f
el_for_eng:S0266L01U05	that old man was an old friend	εκείνος ο ηλικιωμένος άντρας ήταν παλιός φίλος	34b18308-7bb8-4619-b7da-b6bd220fa07c
el_for_eng:S0266L02B01	of my father	του πατέρα μου	6b3b2b5c-197e-4cc8-a909-c2581f49f8fb
el_for_eng:S0266L02B02	a friend of my father	παλιός φίλος του πατέρα μου	6d5413b2-a79d-4ba6-8114-8f261501bb8e
el_for_eng:S0266L02B03	he was an old friend of my father	ήταν παλιός φίλος του πατέρα μου	c930bd38-b541-4b03-9b8c-d0fb2db0f748
el_for_eng:S0266L02U01	it might be a friend of my father	μπορεί να είναι φίλος του πατέρα μου	543f67a8-2de7-41df-995b-872ed3d31713
el_for_eng:S0266L02U02	I think he was an old friend of my father	νομίζω ότι ήταν παλιός φίλος του πατέρα μου	5db7e145-a9ef-496a-ac73-1a476447ecc1
el_for_eng:S0266L02U03	that man over there is a friend of my father	εκείνος ο άντρας εκεί είναι φίλος του πατέρα μου	0e9d3465-953b-462b-8e4d-077fe81e11b4
el_for_eng:S0266L02U04	who was that old friend of my father?	ποιος ήταν εκείνος ο παλιός φίλος του πατέρα μου;	34072b35-7d7e-43e3-a4aa-16d952cffec0
el_for_eng:S0266L02U05	that old man was a friend of my father	εκείνος ο ηλικιωμένος άντρας ήταν φίλος του πατέρα μου	be9ac021-4b2d-4eea-9f6c-304abd6859fa
el_for_eng:S0267L01B01	news	νέα	77e6b454-901f-4106-8353-03e0da39b3c2
el_for_eng:S0267L01B02	I have news	έχω νέα	6fa77b30-0968-4b27-b40b-2d6e8f5d6816
el_for_eng:S0267L01B03	you have news	έχεις νέα	aa120f68-dccc-49c8-8ef4-5e921dc6ed71
el_for_eng:S0267L01U01	I don't have any news	δεν έχω νέα	c3e14e02-b566-4adb-b7f2-27890d818166
el_for_eng:S0267L01U02	what news do you have?	τι νέα έχεις;	5a645458-944a-46e3-a51b-bc65c5aef7ba
el_for_eng:S0267L01U03	I have news from yesterday	έχω νέα από χτες	1d39a295-6865-464a-bb78-a80b0c668cd2
el_for_eng:S0267L01U04	I want to know the news	θέλω να μάθω τα νέα	86a202a9-abcb-4297-9358-a40293cdc321
el_for_eng:S0267L01U05	I think you have news	νομίζω ότι έχεις νέα	a0652c6f-ec99-4c6a-aba9-142775f8ff50
el_for_eng:S0267L02B01	your friend	τον φίλο σου	d445c4cd-01bc-43db-bbe3-0d0aa2049a60
el_for_eng:S0267L02B03	news from your friend	νέα από τον φίλο σου	37bdf39d-248a-4673-b4b6-be1b0e16896e
el_for_eng:S0267L02C01	the	τον	7f00f010-072d-4fc7-9726-208ff5327344
el_for_eng:S0267L02C02	friend	φίλο	96b3503e-e5a3-4f0e-bce7-b51385c29be4
el_for_eng:S0267L02C03	your	σου	a0ca2893-fe88-4d1d-908a-72a1935e3b70
el_for_eng:S0267L02U02	I have news from your friend	έχω νέα από τον φίλο σου	0985e447-ca2d-462e-847b-2924ec54bd54
el_for_eng:S0267L02U03	I want to find out about your friend	θέλω να μάθω τον φίλο σου	ae1ba98b-e654-4ae4-90fb-a7611a17fe36
el_for_eng:S0267L02U04	do you have news from your friend?	έχεις νέα από τον φίλο σου;	ec979228-3c86-4bc9-a3b9-955c5f5e3da5
el_for_eng:S0267L02U05	I think I have heard from your friend	νομίζω ότι έχω νέα από τον φίλο σου	60c9644a-0fb6-4098-801e-91676503bc44
el_for_eng:S0268L02B01	she sent	έστειλε	befa4eab-bac5-4be0-9c6e-8000dec7e028
el_for_eng:S0268L02B02	she sent me	μου έστειλε	c307eb4c-4751-4083-a9e7-7c5f0707e455
el_for_eng:S0268L02B03	she didn't send	δεν έστειλε	cb7e87a2-3ffd-4b65-b8ec-ed37d583e2be
el_for_eng:S0268L02U01	she sent me something	μου έστειλε κάτι	6a364504-bb5e-4164-9b01-dab51f899551
el_for_eng:S0268L02U02	I know she sent it	ξέρω ότι έστειλε	21c07fbc-5aab-4543-9f09-cf1c994bf505
el_for_eng:S0268L02U03	yes, she sent me news	ναι, μου έστειλε νέα	d7332041-e167-4697-8abb-0fad325d5d53
el_for_eng:S0268L02U04	she sent something important	έστειλε κάτι σημαντικό	aa132b5b-a950-48d4-b6e6-a47a88a23e65
el_for_eng:S0268L02U05	I think she sent it yesterday	νομίζω ότι έστειλε χτες	ecfab0a4-3127-4cfc-b899-ca19d12af158
el_for_eng:S0268L03B01	two	δύο	37c8166d-f73e-468d-a59e-da1dce4adc55
el_for_eng:S0268L03B02	there are two	είναι δύο	f9f698e2-fb33-4bc6-86a5-bed03ca505bc
el_for_eng:S0268L03B03	yes, there are two	ναι, είναι δύο	00787fe8-3cb3-419e-af25-4a2bd5ce12ec
el_for_eng:S0268L03U01	she sent me two	μου έστειλε δύο	6f7c7009-e7c6-4f0f-9cca-a6a956402eae
el_for_eng:S0268L03U02	I know there are two	ξέρω ότι είναι δύο	1a12ce4e-86d5-46a1-9ff6-af0a27581cf8
el_for_eng:S0268L03U03	I think there are two	νομίζω ότι είναι δύο	7da0b0ad-95c8-4a1a-a39e-237df8eb72ce
el_for_eng:S0268L03U04	she sent me two yesterday	μου έστειλε δύο χτες	72807f41-e5b6-46c4-bf5f-bfb2c7d8b527
el_for_eng:S0268L03U05	she sent two from your friend	έστειλε δύο από τον φίλο σου	266217e1-5545-48d8-a8d2-9fe6326ce160
el_for_eng:S0268L04B01	two emails	δύο email	caf034a3-3ae2-4f78-b60d-f39e54ea23ef
el_for_eng:S0268L04B02	I have emails	έχω email	2302e2f0-bd8d-4103-8470-060522331667
el_for_eng:S0268L04B03	I don't have any emails	δεν έχω email	dc7e980a-f754-434c-abb3-8d54138df259
el_for_eng:S0268L04U01	yes, I have two emails	ναι, έχω δύο email	1a101751-9c64-4729-b7c2-65218a7a74a9
el_for_eng:S0268L04U02	she sent me two emails	μου έστειλε δύο email	14b210a7-137b-46f8-87c3-e1100ad0d21e
el_for_eng:S0268L04U03	she sent me emails yesterday	μου έστειλε email χτες	da2abf67-295a-4c02-9aa7-2717e4b7959d
el_for_eng:S0268L04U04	I think she sent emails	νομίζω ότι έστειλε email	95e2a323-408b-4be2-8c0e-f0a8edf9892c
el_for_eng:S0268L04U05	do you have emails from your friend?	έχεις email από τον φίλο σου;	2fbb1fae-3ed8-48ea-866e-0aa87e32ab20
el_for_eng:S0269L01B01	why?	γιατί;	9c1b2574-b364-48a6-8c15-ceba2b18636c
el_for_eng:S0269L01B02	why is it?	γιατί είναι;	27d4e51d-72e1-4685-92d7-8cbd01a876a6
el_for_eng:S0269L01B03	why did she send it?	γιατί έστειλε;	65d3aab4-1a9b-47ee-987f-adf5e8a87d2e
el_for_eng:S0269L01U01	I don't know why	δεν ξέρω γιατί	ee33960e-c0a3-4dac-b849-0da1be8ce2fc
el_for_eng:S0269L01U02	she doesn't know why	δεν ξέρει γιατί	24c266a0-ea9d-4a75-9343-1856da414e45
el_for_eng:S0269L01U03	I want to find out why	θέλω να μάθω γιατί	dab37ce1-01c6-4ad8-917e-80d09e02ac80
el_for_eng:S0269L01U04	I think I know why	νομίζω ότι ξέρω γιατί	6a2aba84-afba-4287-86a3-042ed9f3e477
el_for_eng:S0269L01U05	why is it important?	γιατί είναι σημαντικό;	29fb8570-97e6-4e87-b9f9-7d326a746e52
el_for_eng:S0269L02B01	you want	θέλεις	f0ad62a1-280a-497f-95c0-b819f861e071
el_for_eng:S0269L02B02	what do you want?	τι θέλεις;	9896aa3b-e8c9-4ce6-a36b-e50649312472
el_for_eng:S0269L02B03	you don't want	δεν θέλεις	af03a925-2c31-46f1-969e-5a8ea1519517
el_for_eng:S0269L02U01	yes, you want it	ναι, θέλεις	5d04db4c-aff7-4c58-9262-af494a6560ac
el_for_eng:S0269L02U02	why do you want?	γιατί θέλεις;	a6039a6f-1220-4b4a-8043-e189bb209f41
el_for_eng:S0269L02U03	why don't you want it?	γιατί δεν θέλεις;	2c98695c-ad9c-43a1-afca-81c5be4827a7
el_for_eng:S0269L02U04	I know you want something	ξέρω ότι θέλεις κάτι	5d0f2582-f781-445c-ba24-38cc2ac990a5
el_for_eng:S0269L02U05	I think you want something else	νομίζω ότι θέλεις κάτι άλλο	372f9f3d-c43c-42d7-81a1-aadd7e9a1079
el_for_eng:S0269L03B01	to wait	να περιμένεις	3cd4c2f4-bea5-4503-892d-1db3f98059d3
el_for_eng:S0269L03B02	you don't want to wait	δεν θέλεις να περιμένεις	8e8c969f-d2e8-44d3-94b8-51665020abe8
el_for_eng:S0269L03B03	why don't you want to wait?	γιατί δεν θέλεις να περιμένεις;	690f8b29-6dba-4fd2-af4d-a81480092d9d
el_for_eng:S0269L03C01	you wait	περιμένεις	722dde26-070c-401f-ae4a-45b7188af9a7
el_for_eng:S0269L03U01	I want you to wait for your friend	θέλω να περιμένεις τον φίλο σου	07f66d7f-5323-45c9-a497-c6bbe6c164c2
el_for_eng:S0269L03U02	I think you should wait	νομίζω ότι πρέπει να περιμένεις	ab847fab-b8a7-4e93-aada-21781569f1db
el_for_eng:S0269L03U03	you can wait in a few minutes	μπορείς να περιμένεις σε λίγα λεπτά	719e8a51-d07c-421c-a19e-ffa72492e491
el_for_eng:S0269L03U04	you should wait until we finish	πρέπει να περιμένεις μέχρι να τελειώσουμε	37772cd5-886b-4dca-a719-a248291466f6
el_for_eng:S0269L03U05	why don't you want to wait for your father?	γιατί δεν θέλεις να περιμένεις τον πατέρα σου;	b9418241-892c-46b2-ad47-b7c7a9a46c6c
el_for_eng:S0270L01B01	I worry that	ανησυχώ ότι	638664a3-86f5-473f-b27a-32638593fcb4
el_for_eng:S0270L01B02	I don't worry that	δεν ανησυχώ ότι	72a1296a-e3b6-4a5f-b471-e632fb528f4c
el_for_eng:S0270L01B03	why do I worry that?	γιατί ανησυχώ ότι;	c0045d07-3b05-49d2-9169-02e16808dfa3
el_for_eng:S0270L01U01	I worry that it is over there	ανησυχώ ότι είναι εκεί	73903829-e391-4ba7-be86-23488519fc54
el_for_eng:S0270L01U02	I don't know why I worry that	δεν ξέρω γιατί ανησυχώ ότι	27c36bad-64ec-44e0-8d7e-2060ff4944da
el_for_eng:S0270L01U03	I worry that it is not ready	ανησυχώ ότι δεν είναι έτοιμος	7d3ea7ac-ebb8-4d2c-95e6-907d48c35e86
el_for_eng:S0270L01U04	yes, I worry that it is not good	ναι, ανησυχώ ότι δεν είναι καλό	9733d2a1-b1a6-4dae-827d-ce0bc4908d9c
el_for_eng:S0270L01U05	I worry that it is something important	ανησυχώ ότι είναι κάτι σημαντικό	28b36587-315d-43ef-a6d2-50d6e519a2f5
el_for_eng:S0270L02B01	I'm going to be late	θα αργήσω	b3ccd13c-e7f1-4262-9874-2c8590cc3dc3
el_for_eng:S0270L02B02	I'm not going to be late	δεν θα αργήσω	e939899f-aba8-4bf0-b05c-ac3d0a111af3
el_for_eng:S0270L02B03	yes, I'm going to be late	ναι, θα αργήσω	39d0a87a-e2d3-406e-8352-b8750b781b58
el_for_eng:S0270L02U01	why am I going to be late?	γιατί θα αργήσω;	268d447a-ae28-4e1d-a88b-4298388484d5
el_for_eng:S0270L02U02	I know I'm going to be late	ξέρω ότι θα αργήσω	e38674d2-0b18-4044-ae02-d013280c321d
el_for_eng:S0270L02U03	I think I'm going to be late	νομίζω ότι θα αργήσω	bcc99ec4-a784-421b-a78d-361fe0b77c64
el_for_eng:S0270L02U04	I worry that I'm going to be late	ανησυχώ ότι θα αργήσω	3eeae37e-eff5-4b75-814a-ebee84728c9f
el_for_eng:S0270L02U05	I don't think I'm going to be late	δεν νομίζω ότι θα αργήσω	00ce3f2c-abf6-4159-b887-359482e108f8
el_for_eng:S0271L01B01	you wanted	ήθελες	814401c2-01a6-4f40-a916-c0457915bca1
el_for_eng:S0271L01B02	would you like?	θα ήθελες;	9c744bf7-68e3-4db3-9adc-17b337d6cd9e
el_for_eng:S0271L01B03	what did you want?	τι ήθελες;	2eddc2aa-93a2-470c-9a70-de37c5744c5f
el_for_eng:S0271L01U01	you didn't want	δεν ήθελες	be1e6fa3-f9a7-4a1e-9f5f-c3173e90a2b2
el_for_eng:S0271L01U02	why did you want it?	γιατί ήθελες;	30bf4a3f-dc0b-48e3-bd26-963d3bd87fab
el_for_eng:S0271L01U03	I know what you wanted	ξέρω τι ήθελες	a6830371-f127-42a1-a02f-8a3a707030a6
el_for_eng:S0271L01U04	you wanted something else	ήθελες κάτι άλλο	09fd79d8-f77d-41a3-814b-455a931d40ad
el_for_eng:S0271L01U05	she said you wanted something important	είπε ότι ήθελες κάτι σημαντικό	7e546dfa-90f6-4bc6-9197-59e6c6e41d5e
el_for_eng:S0271L02B01	to come	να έρθεις	91ae087d-b426-478b-998b-3243b772da9a
el_for_eng:S0271L02B02	I want you to come	θέλω να έρθεις	eb6ff92c-07fe-484d-b636-e2ee9892e2f5
el_for_eng:S0271L02B03	you should come	πρέπει να έρθεις	27838c9b-ef0e-4a05-b9fb-d0ddbc08d480
el_for_eng:S0271L02C01	you come	έρθεις	800b2c9c-1221-4118-8258-6bdc5846cfc0
el_for_eng:S0271L02U01	I don't want you to come	δεν θέλω να έρθεις	9647ae83-eaa0-47e4-a122-974ffb5b7a86
el_for_eng:S0271L02U02	would you like to come?	θα ήθελες να έρθεις;	295167bb-329f-4e04-8ee1-4ca7a4a3ba02
el_for_eng:S0271L02U03	why don't you want to come?	γιατί δεν θέλεις να έρθεις;	d11bf479-92d8-46a4-98a0-945138b3fae0
el_for_eng:S0271L02U04	I think you should come	νομίζω ότι πρέπει να έρθεις	aeacd260-1770-480b-ac38-769d5cbeabd9
el_for_eng:S0271L02U05	you can come before the weekend	μπορείς να έρθεις πριν το Σαββατοκύριακο	4d4c6463-fc33-46fb-b100-445a74639114
el_for_eng:S0271L03B01	with us	μαζί μας	2ed2b537-2e97-43ee-ad7d-e4a138acc47a
el_for_eng:S0271L03B02	I want you to come with us	θέλω να έρθεις μαζί μας	8cf7c197-050d-4868-95e0-0faced8cae4b
el_for_eng:S0271L03B03	she wanted you to come with us	ήθελε να έρθεις μαζί μας	e7c44bb5-7b8a-4114-9e62-f443c8f3b1b4
el_for_eng:S0271L03C01	together	μαζί	3119bb0d-b7f1-42c6-9b0d-0ff59d8f2667
el_for_eng:S0271L03C02	us	μας	8491f6ad-3bc9-483a-af37-2a5694942335
el_for_eng:S0271L03U01	you should come with us	πρέπει να έρθεις μαζί μας	c793f3c4-10f8-44e0-bb54-385564a43f34
el_for_eng:S0271L03U02	you can come with us	μπορείς να έρθεις μαζί μας	cf1ee6de-357a-4afd-892c-de824ec78bb0
el_for_eng:S0271L03U03	would you like to come with us?	θα ήθελες να έρθεις μαζί μας;	c295102d-1662-4697-81f3-00e6b06158f6
el_for_eng:S0271L03U04	why don't you want to come with us?	γιατί δεν θέλεις να έρθεις μαζί μας;	7750be63-7e6f-4755-b843-7ef8d502beae
el_for_eng:S0271L03U05	I think you should come with us	νομίζω ότι πρέπει να έρθεις μαζί μας	597290f9-a668-4f08-9652-12f5a93da003
el_for_eng:S0271L04B01	next month	τον επόμενο μήνα	50fc8373-1506-4842-b401-e7ad20fa3d72
el_for_eng:S0271L04B02	I want you to come next month	θέλω να έρθεις τον επόμενο μήνα	0628ae43-ae4e-4411-a237-28ccd7f2e84e
el_for_eng:S0271L04B03	she sent me news about next month	μου έστειλε νέα τον επόμενο μήνα	a73b77eb-c209-417a-a4d6-9b13445a48a7
el_for_eng:S0271L04C01	next	επόμενο	cc809d40-823b-4320-8ed8-6a030615de3a
el_for_eng:S0271L04C02	month	μήνα	df19cd32-faf7-45f4-845e-51cb0d387e35
el_for_eng:S0271L04U01	I will be ready next month	θα είμαι έτοιμος τον επόμενο μήνα	3555a9b5-427d-469c-9801-12179ddbb921
el_for_eng:S0271L04U02	I worry that I will be late next month	ανησυχώ ότι θα αργήσω τον επόμενο μήνα	2612bcc2-650c-45db-9077-369248d48b92
el_for_eng:S0271L04U03	I should be ready next month	πρέπει να είμαι έτοιμος τον επόμενο μήνα	6e8a05ce-df8e-46f0-b068-28626b7f4ac8
el_for_eng:S0271L04U04	would you like to come with us next month?	θα ήθελες να έρθεις μαζί μας τον επόμενο μήνα;	ab30978a-6629-4888-80be-44822a3aba1d
el_for_eng:S0272L01B01	it sounds	ακούγεται	5f49f1a7-8f51-49a5-a2b2-9e156bf0b6a4
el_for_eng:S0272L01B02	it doesn't sound	δεν ακούγεται	5fac5dfc-ca6a-45f1-80f3-58e48fe8a6d3
el_for_eng:S0272L01B03	it sounds good	ακούγεται καλό	34e27749-0c6e-43dd-bd8e-e65103c56d51
el_for_eng:S0272L01U01	yes, it sounds good	ναι, ακούγεται καλό	9dd3403a-f7d9-414f-a7b9-41a9f23a3338
el_for_eng:S0272L01U02	it sounds important	ακούγεται σημαντικό	ec84136a-4956-4afc-85fc-bb1688329671
el_for_eng:S0272L01U03	why does it sound like that?	γιατί ακούγεται αυτό;	5d6960b3-0515-493e-9c29-4bfb3c16b25f
el_for_eng:S0272L01U04	it doesn't sound ready	δεν ακούγεται έτοιμος	d8c13f8a-bbe4-41f6-97d5-30f28f282659
el_for_eng:S0272L01U05	I think it sounds fairly good	νομίζω ότι ακούγεται αρκετά καλό	d7a74b01-39db-4aee-8d3d-72b74deba8d8
el_for_eng:S0272L02B01	like an idea	σαν μια ιδέα	d5fb9019-39e4-4b91-9ffe-9d95e7c18a90
el_for_eng:S0272L02B02	it sounds like	ακούγεται σαν	d1e65ebf-dcf6-4b7d-95dd-4161b0160b1c
el_for_eng:S0272L02B03	it sounds like news	ακούγεται σαν νέα	78d2ff61-2ae3-4dda-a702-197303e4f889
el_for_eng:S0272L02U01	it sounds like an idea	ακούγεται σαν μια ιδέα	e57776fa-f3ec-4cc3-9d07-a0b98291f61a
el_for_eng:S0272L02U02	it sounds like something else	ακούγεται σαν κάτι άλλο	ddd16c9d-00c8-4b3b-a8d7-c6dcb7a14896
el_for_eng:S0272L02U03	it sounds like something important	ακούγεται σαν κάτι σημαντικό	84a4b9f8-6cc7-4d1d-b930-c32963da92d3
el_for_eng:S0272L02U04	it sounds like the same thing	ακούγεται σαν το ίδιο πράγμα	80777761-3015-4c71-934d-cbe799118f48
el_for_eng:S0272L02U05	I think it sounds like a good idea	νομίζω ότι ακούγεται σαν μια καλή ιδέα	0cb5b623-d610-4f79-ad6b-9cab9107df1d
el_for_eng:S0272L03B01	a great idea	μια υπέροχη ιδέα	bd33ab26-cb79-405c-a8fe-10998f596620
el_for_eng:S0272L03B02	yes, a great idea	ναι, μια υπέροχη ιδέα	c3588392-62d2-47dc-b6c7-93358fe304ea
el_for_eng:S0272L03B03	that is a great idea	αυτό είναι μια υπέροχη ιδέα	918e2571-136b-40a6-ae3e-acff4953f781
el_for_eng:S0272L03U01	it sounds like a great idea	ακούγεται σαν μια υπέροχη ιδέα	01da614f-cffe-41e5-88ac-f398f432121c
el_for_eng:S0272L03U02	he said it is a great idea	είπε ότι είναι μια υπέροχη ιδέα	7b545da3-d755-40a2-a9d7-f0e0469aaa24
el_for_eng:S0272L03U03	it might be a great idea	μπορεί να είναι μια υπέροχη ιδέα	8147c254-671f-4694-b272-212d254c3212
el_for_eng:S0272L03U04	I think it is a great idea	νομίζω ότι είναι μια υπέροχη ιδέα	7c7b31ac-e078-4168-8ef6-3342a512c0e0
el_for_eng:S0272L03U05	do you think it is a great idea?	νομίζεις ότι είναι μια υπέροχη ιδέα;	9da85022-b83b-4f46-995d-8ff6d5190a68
el_for_eng:S0273L02B01	unfortunately	δυστυχώς	8d13ecec-34d1-4468-9d05-97ad1440d92c
el_for_eng:S0273L02B02	unfortunately I won't be able to come	δυστυχώς δεν θα μπορέσω να έρθω	ffcf5c49-72c9-49a7-be34-477612652e1c
el_for_eng:S0273L02B03	unfortunately I have to go to the doctor	δυστυχώς πρέπει να πάω στο γιατρό	54ddb6c7-5ef9-4ee1-a16c-86d0d55e2750
el_for_eng:S0273L02U01	unfortunately, I don't know	δυστυχώς, δεν ξέρω	9ae6e01a-0183-4710-8873-f78627865364
el_for_eng:S0273L02U02	unfortunately, I will be late	δυστυχώς, θα αργήσω	8acd6aa2-375b-4d35-bc67-56ada1e19023
el_for_eng:S0273L02U03	unfortunately, I am not ready	δυστυχώς, δεν είμαι έτοιμος	d383d362-85ac-48bc-8f7f-fd7cefb3ca0c
el_for_eng:S0273L02U04	unfortunately, it is not important	δυστυχώς, δεν είναι σημαντικό	b5d63c33-6884-4334-b0d2-afb0b7c812c9
el_for_eng:S0273L02U05	unfortunately, I don't have the faintest idea	δυστυχώς, δεν έχω την παραμικρή ιδέα	947f52f2-c57c-48a1-9283-61ee56770474
el_for_eng:S0273L03B01	too much work	πολλή δουλειά	a9bbaa7c-1d7e-491d-b09c-6dc9d7024c4a
el_for_eng:S0273L03B02	I have too much work	έχω πολλή δουλειά	83319753-8300-4bec-8171-5bac3a1d3bd2
el_for_eng:S0273L03B03	do you have too much work?	έχεις πολλή δουλειά;	7cf4c630-4fb5-4ef9-b0ce-bc966484e5ae
el_for_eng:S0273L03C01	a lot	πολλή	00b9b306-a63e-4fd1-bdd2-69b6a4c7dde2
el_for_eng:S0273L03C02	work	δουλειά	b556364a-4df1-45c5-8ae1-30f7afea8436
el_for_eng:S0273L03U01	unfortunately I have too much work	δυστυχώς έχω πολλή δουλειά	8e07f388-6495-4208-b116-84f75bee40f4
el_for_eng:S0273L03U02	she said I have too much work	είπε ότι έχω πολλή δουλειά	0eedc72b-1b4c-432d-b907-d9fe3d2e3f7a
el_for_eng:S0273L03U03	I worry that I have too much work	ανησυχώ ότι έχω πολλή δουλειά	2a867f3f-0285-42e0-8a6f-b99d03239baa
el_for_eng:S0273L03U04	I think you have too much work	νομίζω ότι έχεις πολλή δουλειά	62bbaf29-7d7b-4e2a-be5f-e95ec28dcccf
el_for_eng:S0273L03U05	unfortunately, I have too much work next month	δυστυχώς, έχω πολλή δουλειά τον επόμενο μήνα	d785c3b6-6828-4e96-aa41-40d936181d1f
el_for_eng:S0274L01B01	in a few days	σε λίγες μέρες	55722f3f-9f81-41d2-9a40-85d5d34e8325
el_for_eng:S0274L01B02	she sent me news in a few days	μου έστειλε νέα σε λίγες μέρες	93d08dcd-6266-4886-97cf-37fd2f334f12
el_for_eng:S0274L01B03	do you have to leave in a few days?	πρέπει να φύγεις σε λίγες μέρες;	99805659-53ae-4243-a2af-f43b99b673c8
el_for_eng:S0274L01C01	few	λίγες	6b72305e-a435-48f2-8b00-02decb10fd05
el_for_eng:S0274L01C02	days	μέρες	03115eae-28fc-41fe-82c0-5004e58b02e7
el_for_eng:S0274L01U01	I will be ready in a few days	θα είμαι έτοιμος σε λίγες μέρες	9b0d4acb-f568-4c21-b4cf-a57db1ee3a2b
el_for_eng:S0274L01U02	I worry that I will be late in a few days	ανησυχώ ότι θα αργήσω σε λίγες μέρες	b933d163-691b-450e-8a8b-e60157b7e250
el_for_eng:S0274L01U03	unfortunately, I have too much work in a few days	δυστυχώς, έχω πολλή δουλειά σε λίγες μέρες	2c644e80-6c50-4f1d-95e0-5c9142509b36
el_for_eng:S0274L01U04	would you like to come with us in a few days?	θα ήθελες να έρθεις μαζί μας σε λίγες μέρες;	732257bc-6c41-448d-bdaa-a36dbd1282ea
el_for_eng:S0274L01U05	I think I should be ready in a few days	νομίζω ότι πρέπει να είμαι έτοιμος σε λίγες μέρες	af7662cb-6abd-4244-8380-1b17504c0ced
el_for_eng:S0275L01B01	longer	περισσότερο	d5809dad-b4b5-4f25-980c-9ba58284d828
el_for_eng:S0275L01B02	a little longer	λίγο περισσότερο	13182812-5c68-40ac-bfde-dfe1a1498fff
el_for_eng:S0275L01B03	I want more	θέλω περισσότερο	5724b168-3c9d-4c9e-9ea9-25da2a1a4a82
el_for_eng:S0275L01U01	I want to find out more	θέλω να μάθω περισσότερο	58a06392-44dc-4826-b44b-df5a59cbdebd
el_for_eng:S0275L01U02	I have already learnt more	έχω ήδη μάθει περισσότερο	064ac64d-1cde-4b1f-9738-775434ba71c8
el_for_eng:S0275L01U05	I think it sounds like something more	νομίζω ότι ακούγεται σαν κάτι περισσότερο	aa7bd3cc-6163-4dd4-a300-7702b50ae891
el_for_eng:S0276L01B01	I can	μπορώ	dee629fc-65b4-4a50-ba8e-c6cb2fc0bae6
el_for_eng:S0276L01B02	I can't	δεν μπορώ	d623690d-fd27-42fb-96f6-42219e96cd90
el_for_eng:S0276L01B03	yes, I can	ναι, μπορώ	ec20fa2a-a01c-43e8-acdc-d069ec4e7292
el_for_eng:S0276L01U01	I know I can	ξέρω ότι μπορώ	c1b2669f-c51d-4673-b617-44918e2e04e9
el_for_eng:S0276L01U02	she said I can	είπε ότι μπορώ	39ccd465-2004-4a80-b86e-22b653030632
el_for_eng:S0276L01U03	why can't I?	γιατί δεν μπορώ;	19745cdc-119a-48a4-aaa5-c9a7e869e85b
el_for_eng:S0276L01U04	I think I can	νομίζω ότι μπορώ	6e11b30c-b88d-4762-9afd-cb5ae42e3922
el_for_eng:S0276L01U05	unfortunately, I can't	δυστυχώς, δεν μπορώ	7a676b44-dbe4-4df0-b7dd-ffce65d3c213
el_for_eng:S0276L02B01	to stay	να μείνω	f35e6e67-7d25-45c7-9331-05220de2cf90
el_for_eng:S0276L02B02	I want to stay	θέλω να μείνω	e5e1a758-78dd-41f9-8654-e864d1b59e4c
el_for_eng:S0276L02B03	I can stay	μπορώ να μείνω	70bee6e1-0a3b-4203-a6ff-84a82767e19f
el_for_eng:S0276L02C01	I stay	μείνω	7e667fea-105e-4721-8dbf-9ff6bb8e45e1
el_for_eng:S0276L02U01	I don't want to stay	δεν θέλω να μείνω	5c05a7d6-3e7a-46ae-bca0-6c2708c83fa0
el_for_eng:S0276L02U02	I can't stay	δεν μπορώ να μείνω	229836c6-c6e8-42e3-a30a-90a63d951ea4
el_for_eng:S0276L02U03	she said I can stay	είπε ότι μπορώ να μείνω	f2346b93-3a98-494a-ab91-ef794fb4b6d3
el_for_eng:S0276L02U04	why can't I stay?	γιατί δεν μπορώ να μείνω;	dfa0b56b-dbf8-4f61-a933-311d019760c8
el_for_eng:S0276L02U05	I should stay a little longer	πρέπει να μείνω λίγο περισσότερο	f792d111-e730-4825-adb9-9dfa9ed9fa2d
el_for_eng:S0276L03B01	here	εδώ	f49e46f8-71c3-4dbc-afc5-d9c0e587a7c3
el_for_eng:S0276L03B02	it is here	είναι εδώ	440ec89c-7b44-47af-a31f-0b2604a58464
el_for_eng:S0276L03B03	yes, it is here	ναι, είναι εδώ	9571688d-9ae7-4d88-93b4-4780bb1ab733
el_for_eng:S0276L03U01	I want to stay here	θέλω να μείνω εδώ	075f6780-99f7-4407-9e73-c8c3a18a448c
el_for_eng:S0276L03U02	I can stay here	μπορώ να μείνω εδώ	7304e625-fbba-46ac-8181-e08e4f450b3b
el_for_eng:S0276L03U03	I should stay here	πρέπει να μείνω εδώ	7ff30e62-fff9-4770-b333-3c7050bab239
el_for_eng:S0276L03U04	I think it is here	νομίζω ότι είναι εδώ	606051a0-040b-48ea-b381-687382840575
el_for_eng:S0276L03U05	I don't want to stay here	δεν θέλω να μείνω εδώ	05afb543-5a24-4b58-b008-1f5b80f25d77
el_for_eng:S0276L04B01	a little	λίγο	b0321808-e928-4845-91a5-8d85da19ab8e
el_for_eng:S0276L04B02	I worry a little	ανησυχώ λίγο	3592de5f-7ea4-4ff2-981a-651eaa599748
el_for_eng:S0276L04B03	a little longer	λίγο περισσότερο	13182812-5c68-40ac-bfde-dfe1a1498fff
el_for_eng:S0276L04U01	I want you to wait a little	θέλω να περιμένεις λίγο	43300905-f379-4e77-a0e3-7fa5901c7847
el_for_eng:S0276L04U02	unfortunately, I can only stay a little	δυστυχώς, μπορώ να μείνω λίγο	fdc9ad0f-9687-4cb3-80db-cab5c99a104c
el_for_eng:S0276L04U03	I can stay a little longer	μπορώ να μείνω λίγο περισσότερο	fda38f82-891d-40d3-af82-eccf82151b4e
el_for_eng:S0276L04U04	it sounds a little like a great idea	ακούγεται λίγο σαν υπέροχη ιδέα	9cb1bf05-57ac-49a5-98e2-15138a790eb9
el_for_eng:S0276L04U05	I can stay here a little longer	μπορώ να μείνω εδώ λίγο περισσότερο	42289b41-877f-4a4b-a345-f71cf3f50a4b
el_for_eng:S0277L01B01	important	σημαντική	613e40a1-7c58-47a8-9b50-ced92c6657aa
el_for_eng:S0277L01B02	it is important	είναι σημαντική	da4e165d-38b7-468b-8adf-1784735b95e6
el_for_eng:S0277L01B03	an important idea	μια σημαντική ιδέα	45bdb52e-0772-4805-8918-c7989660b3fb
el_for_eng:S0277L01U01	it is important work	είναι σημαντική δουλειά	ab767836-4d34-4d86-8f0c-44dbadb7a4e6
el_for_eng:S0277L01U03	it sounds like an important idea	ακούγεται σαν σημαντική ιδέα	55e1369c-5e43-488f-8691-40af95f43b0b
el_for_eng:S0277L01U04	I think it is an important idea	νομίζω ότι είναι σημαντική ιδέα	4cf7aa79-fffa-41e4-8f84-608a253abd93
el_for_eng:S0277L01U05	unfortunately, I have a lot of important work	δυστυχώς, έχω πολλή σημαντική δουλειά	d3d57997-e445-423a-8b7a-df9f70d5a779
el_for_eng:S0277L02B01	a meeting	μια συνάντηση	1fcdb5f0-262d-426e-9779-303c32696bbb
el_for_eng:S0277L02B02	I have a meeting	έχω μια συνάντηση	0e3d5246-8d4a-40d6-a929-13bfbff67c3d
el_for_eng:S0277L02B03	do you have a meeting?	έχεις μια συνάντηση;	82223612-7c0e-4b0c-99b5-d268ff2af576
el_for_eng:S0277L02U01	an important meeting	μια σημαντική συνάντηση	b3c1a2c7-d501-4c55-b892-7dffc5396335
el_for_eng:S0277L02U02	why do you have a meeting?	γιατί έχεις μια συνάντηση;	f895be4a-a596-4531-951b-9ae54731ad5f
el_for_eng:S0277L02U03	I have an important meeting	έχω μια σημαντική συνάντηση	7394c82d-ca57-449a-a8d3-24803e76edc8
el_for_eng:S0277L02U04	unfortunately, I have a meeting	δυστυχώς, έχω μια συνάντηση	acdda5fb-0877-4f0a-8739-b0dfd2a60c11
el_for_eng:S0277L02U05	I worry about the meeting	ανησυχώ ότι η συνάντηση είναι σημαντική	d554ad43-3599-446b-8020-3a0f37c668e4
el_for_eng:S0278L01B01	I had to	έπρεπε	f9fd552e-42bb-4422-980b-f5a593e71c28
el_for_eng:S0278L01B02	it wasn't necessary	δεν έπρεπε	280fb27e-645b-497c-ab55-70a83eb273e2
el_for_eng:S0278L01B03	yes, it was necessary	ναι, έπρεπε	21928351-0446-47a3-8d6e-62f065ab1a6c
el_for_eng:S0278L01U01	why was it necessary?	γιατί έπρεπε;	ca43d8c8-706d-4ec3-b75b-d7293a47faa3
el_for_eng:S0278L01U02	I know it was necessary	ξέρω ότι έπρεπε	07a5d4ed-b62a-4ef1-a9af-9bf11f0a40d5
el_for_eng:S0278L01U03	she said it was necessary	είπε ότι έπρεπε	19c7fafd-2128-4278-990d-887f5cd29e2d
el_for_eng:S0278L01U04	unfortunately, it was necessary	δυστυχώς, έπρεπε	795a6ef8-6d11-4640-b27f-ca7c141ce9f1
el_for_eng:S0278L01U05	I don't think it was necessary	δεν νομίζω ότι έπρεπε	9aed86b6-4204-46a0-8317-43a7425cef28
el_for_eng:S0278L02B01	to finish	να τελειώσεις	4039ae17-5908-45c0-aeac-cbd3a01a3087
el_for_eng:S0278L02B02	I want you to finish	θέλω να τελειώσεις	9a963d97-d9e5-41a8-8ad6-6381b0607a36
el_for_eng:S0278L02B03	did you have to finish?	έπρεπε να τελειώσεις;	606c548e-9ccf-4c94-97f1-987b84958b3a
el_for_eng:S0278L02C01	you finish	τελειώσεις	94f27dea-aa35-41d6-96cf-d7ccaa714097
el_for_eng:S0278L02U01	you don't have to finish	δεν πρέπει να τελειώσεις	cd0b2e01-5bc6-45a0-b79d-740f11ebc923
el_for_eng:S0278L02U02	why did you have to finish?	γιατί έπρεπε να τελειώσεις;	d7bdc7bf-6bb2-49ee-bb82-1005907c9bd3
el_for_eng:S0278L02U03	you should finish early	πρέπει να τελειώσεις νωρίς	ebe572a6-0853-48ed-b144-69faa5ca3354
el_for_eng:S0278L02U04	I think you should finish	νομίζω ότι πρέπει να τελειώσεις	c58a8a4c-04a4-43ed-945f-8dac4cc33235
el_for_eng:S0278L02U05	you can finish next week	μπορείς να τελειώσεις την επόμενη εβδομάδα	44f6e887-cb34-44fd-850b-bf59693e511f
el_for_eng:S0278L03B01	everything	τα πάντα	d90adb54-b644-4ce0-b9ad-0b4cb8ffff8b
el_for_eng:S0278L03B02	I know everything	ξέρω τα πάντα	53480a6f-fe6c-4b0e-87cf-cc32175e72aa
el_for_eng:S0278L03B03	I don't know everything	δεν ξέρω τα πάντα	dd6b4681-46ec-4c98-b87a-dd2a89cb38b7
el_for_eng:S0278L03C01	everything	πάντα	d90adb54-b644-4ce0-b9ad-0b4cb8ffff8b
el_for_eng:S0278L03U01	I want to know everything	θέλω να μάθω τα πάντα	4c513968-5b9d-4dd1-ac46-978dcffa7887
el_for_eng:S0278L03U02	I have already learnt everything	έχω ήδη μάθει τα πάντα	92552b70-550f-4c44-8260-b9f1b1f24c72
el_for_eng:S0278L03U03	she said she knows everything	είπε ότι ξέρει τα πάντα	179d765f-4c6b-4d0e-b7c3-21057b219c33
el_for_eng:S0278L03U05	did you have to finish everything?	έπρεπε να τελειώσεις τα πάντα;	745ada25-2ba0-4e8f-bb76-929c7e9048b2
el_for_eng:S0278L04B01	last night	χτες βράδυ	1431765f-2f8a-4d90-b157-a19a7522fb5b
el_for_eng:S0278L04B02	unfortunately, it was necessary last night	δυστυχώς, έπρεπε χτες βράδυ	dab5fc23-11a1-4965-8cf3-415a40e1a1d4
el_for_eng:S0278L04B03	she sent me two emails last night	μου έστειλε δύο email χτες βράδυ	2cda93a5-d09f-4f83-88d2-7a0011b04444
el_for_eng:S0278L04U01	I want to know everything about last night	θέλω να μάθω τα πάντα χτες βράδυ	85b95de9-cb7b-495b-bfe6-ed1b53a67036
el_for_eng:S0278L04U02	did you have to finish everything last night?	έπρεπε να τελειώσεις τα πάντα χτες βράδυ;	fd670964-b89e-4515-8bfb-4ed2068efba0
el_for_eng:S0278L04U03	I think you had to finish last night	νομίζω ότι έπρεπε να τελειώσεις χτες βράδυ	c01842de-b4fe-4c56-bd88-706d2ad87e87
el_for_eng:S0278L04U04	why did you have to finish everything last night?	γιατί έπρεπε να τελειώσεις τα πάντα χτες βράδυ;	ba3d8c28-3adc-4505-b68c-4ba28e1f7060
el_for_eng:S0278L04U05	you can finish next week, not last night	μπορείς να τελειώσεις την επόμενη εβδομάδα, όχι χτες βράδυ	452cf3a3-5e22-4dca-83eb-56ec5ae5f09e
el_for_eng:S0279L01B01	was left	έμενε	27403829-5602-464d-8746-087b618dad68
el_for_eng:S0279L01B02	wasn't left	δεν έμενε	76bff2ce-1dd8-4869-9cc4-139007e27b61
el_for_eng:S0279L01B03	yes, there was some left	ναι, έμενε κάτι	4fdf2b74-79d6-4772-be22-a22d63d85f7f
el_for_eng:S0279L01U01	why was it left?	γιατί έμενε;	99e35fab-3e02-4937-9223-82cbc5aba3f5
el_for_eng:S0279L01U02	I know something was left	ξέρω ότι έμενε κάτι	cf1d53ca-99cb-404f-bd0a-0fac97f93eb1
el_for_eng:S0279L01U03	she said there was some left	είπε ότι έμενε κάτι	be12b445-8a39-4d7b-9b5c-3edcd2dada5f
el_for_eng:S0279L01U04	unfortunately, nothing was left	δυστυχώς, δεν έμενε τίποτα	f62f4a18-335d-49a9-b19b-218886cc4466
el_for_eng:S0279L01U05	I don't think there was any left	δεν νομίζω ότι έμενε τίποτα	5302a3c5-d129-4fdd-85df-3c04f03f9f9b
el_for_eng:S0279L02B01	much	πολύς	cd139d4f-5f00-43cc-85e2-bf51dd92bf94
el_for_eng:S0279L02B02	much was left	έμενε πολύς	da9003ac-28a1-4e48-9da9-b52255de9a42
el_for_eng:S0279L02B03	not much was left	δεν έμενε πολύς	e8ccc2a7-e2d0-4b8e-b93f-94d8d81264a2
el_for_eng:S0279L02U01	I know much was left	ξέρω ότι έμενε πολύς	da2248c3-9a04-42d6-8aa1-e65d51d0b296
el_for_eng:S0279L02U02	why wasn't much left?	γιατί δεν έμενε πολύς;	6f1df0a2-2bc2-45f5-b08a-058cb0f193b4
el_for_eng:S0279L02U03	she said not much was left	είπε ότι δεν έμενε πολύς	b13fccc9-e3fa-479f-86e1-1f7e45a8ab42
el_for_eng:S0279L02U04	unfortunately, not much was left	δυστυχώς, δεν έμενε πολύς	a69973ff-c8df-4c3f-813a-e85be952135e
el_for_eng:S0279L02U05	I don't think much was left	δεν νομίζω ότι έμενε πολύς	ad846f83-136d-46e4-bc9c-5f474447bd93
el_for_eng:S0279L03B02	much time	πολύς χρόνος	cbc1bf5b-f224-4b0a-8169-75d754d20ce1
el_for_eng:S0279L03B03	was there much time left?	έμενε πολύς χρόνος;	36907e5d-2204-4ad2-954d-8a8601b76812
el_for_eng:S0279L03U01	not much time was left	δεν έμενε πολύς χρόνος	a842c516-a7c0-49de-9b33-a35cf485bffd
el_for_eng:S0279L03U02	I think there was much time left	νομίζω ότι έμενε πολύς χρόνος	3156b0a5-77c3-4ae9-84f2-8a2325d71907
el_for_eng:S0279L03U03	I know there wasn't much time left	ξέρω ότι δεν έμενε πολύς χρόνος	f83b198a-ab54-4201-b90f-bc87c06f84bb
el_for_eng:S0279L03U04	she said there wasn't much time left	είπε ότι δεν έμενε πολύς χρόνος	ea2f08b6-d6ab-472a-b5a9-eec1c773d835
el_for_eng:S0279L03U05	unfortunately, there wasn't much time left last night	δυστυχώς, δεν έμενε πολύς χρόνος χτες βράδυ	874f0005-8c93-4dac-ad07-5c6a613f12d3
el_for_eng:S0280L01B01	to do	να κάνω	c0e91b8d-d6fc-49e4-9024-30e274336005
el_for_eng:S0280L01B02	I had to do	έπρεπε να κάνω	89b282d2-6600-4b55-9b35-e5549358ce0d
el_for_eng:S0280L01B03	I don't have to do	δεν πρέπει να κάνω	40f72bd9-7c76-4869-95ca-36fe9d132956
el_for_eng:S0280L01C01	I do	κάνω	454cdbce-5866-4dae-83d9-9d056652ae5e
el_for_eng:S0280L01U01	why did I have to do it?	γιατί έπρεπε να κάνω;	96c7170e-58c3-41e9-890c-4b45fbb65b01
el_for_eng:S0280L01U02	I want to do everything	θέλω να κάνω τα πάντα	07377637-0b2c-4321-9fd3-b7448e682dce
el_for_eng:S0280L01U03	she said I had to do it	είπε ότι έπρεπε να κάνω	d894ca84-52f9-4f83-a018-2749b86277e7
el_for_eng:S0280L01U04	I think I should do it	νομίζω ότι πρέπει να κάνω	b73f5299-5614-4490-8fb2-11e0d7d2cb7c
el_for_eng:S0280L01U05	I can do it next week	μπορώ να κάνω την επόμενη εβδομάδα	1924bd41-03ab-4c1d-8774-015104d17bae
el_for_eng:S0280L02B01	only	μόνο	2774b5ab-aefd-4e28-bb05-206bdacd6445
el_for_eng:S0280L02B02	only a little	μόνο λίγο	9eb4de08-c258-4524-928f-7b2465cdd8a3
el_for_eng:S0280L02B03	I only know a little	ξέρω μόνο λίγο	e05a6062-c5a0-4fbd-95c9-20994ac50c53
el_for_eng:S0280L02U01	I only had to do	έπρεπε να κάνω μόνο	38da02a8-0c96-4769-be4f-f9986af719af
el_for_eng:S0280L02U02	she sent me only two emails	μου έστειλε μόνο δύο email	e3ab802a-452d-4f7d-9b29-9a3eb57c6c3b
el_for_eng:S0280L02U03	I think I only have to do it	νομίζω ότι πρέπει να κάνω μόνο	50a4fa5e-320d-4b31-a17b-1efdd4761e21
el_for_eng:S0280L02U04	unfortunately, I can only stay here	δυστυχώς, μπορώ να μείνω μόνο εδώ	3c6e186c-32dd-4c29-af11-e594da39ba23
el_for_eng:S0280L03B01	the most important	την πιο σημαντική	cfada210-c5cc-4182-873e-4f08ad4b0e14
el_for_eng:S0280L03B02	the most important job	την πιο σημαντική δουλειά	4e8fa4ff-4497-48ff-a6fb-db85aa679241
el_for_eng:S0280L03U01	I had to do the most important job	έπρεπε να κάνω την πιο σημαντική δουλειά	3e7e1e5b-2b90-435e-9883-92121a578f4a
el_for_eng:S0280L03U03	I want to do only the most important job	θέλω να κάνω μόνο την πιο σημαντική δουλειά	53cca5fd-70af-457f-a943-67c3df40d5bf
el_for_eng:S0280L03U05	unfortunately, it sounds like the most important job	δυστυχώς, ακούγεται σαν την πιο σημαντική δουλειά	d4deac51-48d7-470a-a3c0-56c320a2f378
el_for_eng:S0281L01B01	do you mind	σε πειράζει	fd42aa5a-e5b2-403c-9db6-9e03f4429192
el_for_eng:S0281L01B02	it doesn't bother you	δεν σε πειράζει	7dd794ed-5095-4223-be97-b07a999247a8
el_for_eng:S0281L01B03	why does it bother you?	γιατί σε πειράζει;	697e5b6c-9d99-449a-88c7-e3779b5fae30
el_for_eng:S0281L01C01	it bothers	πειράζει	2518c6c5-747b-4b20-8f7e-f9839307e9a7
el_for_eng:S0281L01U01	I know it bothers you	ξέρω ότι σε πειράζει	c60863cd-9c7a-45c3-aae6-83775d3ce424
el_for_eng:S0281L01U02	unfortunately, it bothers you	δυστυχώς, σε πειράζει	aaca490a-b84b-49f3-aae8-d020630c765b
el_for_eng:S0281L01U03	she said it doesn't bother you	είπε ότι δεν σε πειράζει	b4aeb058-0c53-4603-a186-c496d1a4d6f3
el_for_eng:S0281L01U05	I don't think it bothers you	δεν νομίζω ότι σε πειράζει	eea35247-48fb-4f82-92d1-a9f8930f024d
el_for_eng:S0281L02B01	if I finish	αν τελειώσω	270bb335-5955-416f-a74e-ff319b5a3297
el_for_eng:S0281L02B02	if I don't finish	αν δεν τελειώσω	760a95b2-1f94-4358-b5db-ebf6f07a510f
el_for_eng:S0281L02B03	do you mind if I finish?	σε πειράζει αν τελειώσω;	490584fd-355c-48c7-b743-2e7f4839e088
el_for_eng:S0281L02C01	if	αν	3b0fd689-44d0-435d-a4a0-b92584ac6a18
el_for_eng:S0281L02C02	I finish	τελειώσω	a7f7b098-cb2b-4bd8-920a-8a959f967d0d
el_for_eng:S0281L02U01	I don't know if I can finish	δεν ξέρω αν μπορώ να τελειώσω	1d1bba61-d592-4665-a5b7-77ab047a83bc
el_for_eng:S0281L02U02	do you mind if I finish everything?	σε πειράζει αν τελειώσω τα πάντα;	b2b25fe2-938e-494f-a59f-87a6884c0b3a
el_for_eng:S0281L02U03	I don't know if I should finish early	δεν ξέρω αν πρέπει να τελειώσω νωρίς	8fa1e436-6a9a-4712-947c-d9eb08df0a31
el_for_eng:S0281L02U04	do you mind if I finish the most important job?	σε πειράζει αν τελειώσω την πιο σημαντική δουλειά;	e104e78b-580e-489f-bfcd-f8dfd00bc3cc
el_for_eng:S0281L02U05	I don't know if I can finish next week	δεν ξέρω αν μπορώ να τελειώσω την επόμενη εβδομάδα	19dce586-e80c-45c8-92a3-e209d9505ce8
el_for_eng:S0281L03B01	coffee	καφέ	29725901-0842-4f55-a26d-77e8c1cc7355
el_for_eng:S0281L03B02	my coffee	τον καφέ μου	ae846712-9674-4c13-a222-ea4763905366
el_for_eng:S0281L03B03	I want to finish my coffee	θέλω να τελειώσω τον καφέ μου	bb8aea23-530e-4ac6-957b-33dd6c28b4bd
el_for_eng:S0281L03U01	do you mind if I finish my coffee?	σε πειράζει αν τελειώσω τον καφέ μου;	2ff57e2c-db07-4c8e-9ac1-7720285bdcbe
el_for_eng:S0281L03U02	she said I should finish my coffee	είπε ότι πρέπει να τελειώσω τον καφέ μου	c6befe2a-9f76-4bb2-ab30-7b2d4cab876e
el_for_eng:S0281L03U03	I think I should finish my coffee	νομίζω ότι πρέπει να τελειώσω τον καφέ μου	d65f12d1-026f-4fea-85db-d571620b3133
el_for_eng:S0281L03U04	I don't know if I can finish my coffee	δεν ξέρω αν μπορώ να τελειώσω τον καφέ μου	a1aa760c-b558-4456-8c4a-03e382b18bf6
el_for_eng:S0281L03U05	unfortunately, I can't finish my coffee	δυστυχώς, δεν μπορώ να τελειώσω τον καφέ μου	1daf132e-dc23-49ef-bb50-72d04d2ed26b
el_for_eng:S0281L04B01	before	πριν	0c1fbd89-ed8e-4560-9a0f-4e3c68f2dd95
el_for_eng:S0281L04B02	before you start	πριν αρχίσεις	0ded9442-92f8-41c3-bc31-1111c6afd90d
el_for_eng:S0281L04B03	I want to finish before you come	θέλω να τελειώσω πριν έρθεις	a60104ea-1c2c-4049-b2ce-a8cb6120636a
el_for_eng:S0281L04U01	I can stay here a little before the meeting	μπορώ να μείνω εδώ λίγο πριν τη συνάντηση	01a25c0a-f835-4f0b-b0e7-84b794b055a6
el_for_eng:S0281L04U02	I think you should finish before you leave	νομίζω ότι πρέπει να τελειώσεις πριν φύγεις	e6deb1e0-07ae-4741-96d9-e018bf52855f
el_for_eng:S0281L04U03	do you mind if I finish everything before you start?	σε πειράζει αν τελειώσω τα πάντα πριν αρχίσεις;	01a2e6dd-7699-4739-bf24-b17a11900cf0
el_for_eng:S0281L04U04	I should do everything before next week	πρέπει να κάνω τα πάντα πριν την επόμενη εβδομάδα	98a02e57-b5d7-467c-92f1-fc35b399536b
el_for_eng:S0281L04U05	do you mind if I finish my coffee before you start?	σε πειράζει αν τελειώσω τον καφέ μου πριν αρχίσεις;	8e12b628-ac1d-48c7-8bb8-98986d4a0d11
el_for_eng:S0283L01B01	who?	ποιοι;	30ef2d40-4d3e-49ff-bc07-57f612e5865f
el_for_eng:S0283L01B02	who was it?	ποιοι ήταν;	2fd74c98-4fb2-4c31-9ee7-38a72d83dbec
el_for_eng:S0283L01B03	who are they?	ποιοι είναι;	9e44520e-a54e-4019-8506-97e38577a5bd
el_for_eng:S0283L01U02	I don't know who	δεν ξέρω ποιοι	0cb796d6-57df-47f5-9d08-90eb5c4923ca
el_for_eng:S0283L01U03	she said who it was	είπε ποιοι ήταν	563be527-750f-424c-9602-dc464c9ca569
el_for_eng:S0283L01U04	I want to know who	θέλω να μάθω ποιοι	d5afc46f-486e-45d2-93c6-a50ec2145f7a
el_for_eng:S0283L01U05	I don't know who they are	δεν ξέρω ποιοι είναι	7715d910-f51e-424c-a6f4-c24f0a8074b7
el_for_eng:S0283L02B01	the friends	τους φίλους	e31a92bd-1a3f-4613-945c-8ca7877a4ff7
el_for_eng:S0283L02B02	your friends	τους φίλους σου	457cb418-fe5c-4ff2-805c-3c4e9ed37809
el_for_eng:S0283L02B03	I know your friends	γνωρίζω τους φίλους σου	a24c26e7-bff1-4ead-96b9-abab1480725f
el_for_eng:S0283L02C01	friends	φίλους	ee901228-c627-4362-b867-f8654bf95a08
el_for_eng:S0283L02U01	which of your friends?	ποιοι από τους φίλους σου;	31341105-55bb-412f-8802-244dca247cf8
el_for_eng:S0283L02U02	I want to know your friends	θέλω να μάθω τους φίλους σου	076a0f8c-1a6b-41ae-b1fa-93dcacc457ef
el_for_eng:S0283L02U03	I think I know your friends	νομίζω ότι γνωρίζω τους φίλους σου	bc3b717c-5e42-45a0-9722-72ea28c13b5e
el_for_eng:S0283L02U05	unfortunately, I don't know your friends	δυστυχώς, δεν γνωρίζω τους φίλους σου	ace7b77c-3ce3-4ee8-ae3e-7cfacca2845b
el_for_eng:S0283L03B01	they speak	μιλάνε	3470bc15-0480-4a80-b10c-943f5d812420
el_for_eng:S0283L03B02	they don't speak	δεν μιλάνε	b051fb50-3daa-44ca-8f8b-4e4e2ec3f666
el_for_eng:S0283L03B03	why do they speak?	γιατί μιλάνε;	8a261b7a-8895-4718-a3a3-6d953e4cbf6b
el_for_eng:S0283L03U01	I know they speak	ξέρω ότι μιλάνε	503e42db-6717-4b18-8dd0-2c016698e924
el_for_eng:S0283L03U02	why don't they speak?	γιατί δεν μιλάνε;	fd9585bf-1308-4abf-812c-2905814d0a13
el_for_eng:S0283L03U03	she said they don't speak	είπε ότι δεν μιλάνε	6060c49b-623d-4b3e-b6d5-8c6955c02970
el_for_eng:S0283L03U04	I don't think they speak	δεν νομίζω ότι μιλάνε	a4aaaf85-dc14-4082-8afe-1c8197da7391
el_for_eng:S0283L03U05	which of your friends speak?	ποιοι από τους φίλους σου μιλάνε;	8a79542f-d5b4-4198-8054-bdb6ec24d257
el_for_eng:S0283L04B01	Greek	ελληνικά	9cb1839d-a59d-415e-bcab-392d1484f639
el_for_eng:S0283L04B02	they speak Greek	μιλάνε ελληνικά	e04d2e68-2dd5-42f4-ae40-107c6af6ac96
el_for_eng:S0283L04B03	I want to learn Greek	θέλω να μάθω ελληνικά	e680156e-5e91-4b80-bf3f-9cd7424dccdb
el_for_eng:S0283L04U01	she said they speak Greek	είπε ότι μιλάνε ελληνικά	814bd9de-9b27-4946-852d-cddc06821b4b
el_for_eng:S0283L04U02	I know they speak Greek	ξέρω ότι μιλάνε ελληνικά	433f48f5-e46f-4a03-a998-273d89d9a19f
el_for_eng:S0283L04U03	I don't think they speak Greek	δεν νομίζω ότι μιλάνε ελληνικά	badae32d-c04c-48cf-9602-e5184d2190bf
el_for_eng:S0283L04U04	do you mind if they speak Greek?	σε πειράζει αν μιλάνε ελληνικά;	04673c9d-65dd-4d39-8c30-9bf4dc015ca8
el_for_eng:S0283L04U05	which of your friends speak Greek?	ποιοι από τους φίλους σου μιλάνε ελληνικά;	cc812123-f051-4177-863b-d52d73e066b2
el_for_eng:S0284L02B01	the friend	τη φίλη	dec3e0a9-d23d-4dc0-b587-d0266306f2d9
el_for_eng:S0284L02B02	my friend	τη φίλη μου	11ca8f17-0b34-4313-aa13-c17d8176380c
el_for_eng:S0284L02C01	friend	φίλη	96b3503e-e5a3-4f0e-bce7-b51385c29be4
el_for_eng:S0284L02U01	do you know the friend?	γνωρίζεις τη φίλη;	31c12ba0-694b-4586-a3ca-dd4e8f3f4789
el_for_eng:S0284L02U02	do you know my friend?	γνωρίζεις τη φίλη μου;	5cee6740-dbea-4a01-9fb6-146fa444ed3d
el_for_eng:S0284L02U04	I want to know the friend	θέλω να μάθω τη φίλη	b3357cdd-9a57-4814-addb-0a43a04a4c5d
el_for_eng:S0284L03B01	of the sister	της αδερφής	5aa86cd1-5c0b-4bb7-bb97-b22bae4d0738
el_for_eng:S0284L03B02	my sister's	της αδερφής μου	e06cbb67-d149-432b-a40f-347ef070d3dd
el_for_eng:S0284L03B03	my sister's friend	τη φίλη της αδερφής μου	d746caf0-313d-4d87-b21a-6eb708e6c19e
el_for_eng:S0284L03C01	sister	αδερφής	01bc1368-81b2-4281-8e71-2285a5343ce1
el_for_eng:S0284L03U01	do you know my sister's friend?	γνωρίζεις τη φίλη της αδερφής μου;	aeb4cecf-ec53-40b1-b8dd-b28eb263154b
el_for_eng:S0284L03U03	I want to know my sister's friend	θέλω να μάθω τη φίλη της αδερφής μου	78ea617f-9f6f-4dd7-847c-74b093d2a228
el_for_eng:S0284L03U04	I think you know my sister's friend	νομίζω ότι γνωρίζεις τη φίλη της αδερφής μου	1a6c5f6d-c40b-415d-b7d5-9c041373ad9f
el_for_eng:S0284L03U05	I don't think you know your sister's friend	δεν νομίζω ότι γνωρίζεις τη φίλη της αδερφής σου	bc38aa15-e9e6-4747-9966-00a7baeffd2e
el_for_eng:S0285L01B01	she speaks	μιλάει	2d3dfd75-25b7-431c-b138-29dccb1176aa
el_for_eng:S0285L01B02	she doesn't speak	δεν μιλάει	b2c559d7-19c5-413c-89dd-e06d28ea277d
el_for_eng:S0285L01B03	why does she speak?	γιατί μιλάει;	579ccd28-fc35-4153-8757-d30b57e23cc7
el_for_eng:S0285L01U01	I know she speaks	ξέρω ότι μιλάει	2bb7db93-8f0d-4a53-87dc-0825d0adbec1
el_for_eng:S0285L01U02	why doesn't she speak?	γιατί δεν μιλάει;	ec7fbd1a-0db2-44b5-b5bd-1d04d8c60505
el_for_eng:S0285L01U03	I don't think she speaks	δεν νομίζω ότι μιλάει	c91b4f3a-9837-4881-a1e0-f3ab8bab13a2
el_for_eng:S0285L01U04	she said she speaks Greek	είπε ότι μιλάει ελληνικά	027c9394-0bb8-4d7e-91f9-37a56841e5a0
el_for_eng:S0285L01U05	do you know if she speaks Greek?	ξέρεις αν μιλάει ελληνικά;	e3a965a5-fef4-4d94-9daa-4ccac03c0259
el_for_eng:S0286L01B01	people	άνθρωποι	51363e07-1886-43c5-a9e6-63c07cb46068
el_for_eng:S0286L01B02	people here	άνθρωποι εδώ	0236815e-d4f7-4c3f-a1f7-a1053bcce6c7
el_for_eng:S0286L01B03	which people?	ποιοι άνθρωποι;	f2dd05b9-0674-4b04-a55b-1e75645d05e8
el_for_eng:S0286L01U01	I know which people	ξέρω ποιοι άνθρωποι	d8e733fe-796b-4543-a276-04021fa6f1e5
el_for_eng:S0286L01U02	do you know which people?	ξέρεις ποιοι άνθρωποι;	11a4ee5a-c671-4b72-afc3-a72aaa86dbde
el_for_eng:S0286L01U03	she said there were people	είπε ότι ήταν άνθρωποι	c9578f9f-fe45-460a-9246-60374097f7f6
el_for_eng:S0286L01U04	I don't know which people	δεν ξέρω ποιοι άνθρωποι	985f088c-d0e2-45f4-bdcb-c10dc31887cd
el_for_eng:S0286L01U05	unfortunately, there aren't people here	δυστυχώς, δεν είναι άνθρωποι εδώ	a13a0be0-83aa-455f-aaf7-38c370a362d3
el_for_eng:S0286L02B01	they like it	τους αρέσει	6b1063c6-afff-47b2-9399-76ffdaeff1af
el_for_eng:S0286L02B02	they don't like it	δεν τους αρέσει	326cd734-4217-44fb-a9f0-ed9f644920c2
el_for_eng:S0286L02B03	why do they like it?	γιατί τους αρέσει;	a3e20432-c8dc-4906-81ea-cd76b32f580d
el_for_eng:S0286L02U01	I know they like it	ξέρω ότι τους αρέσει	8bd744a0-cba5-4443-aa9b-d6f8191e6515
el_for_eng:S0286L02U02	do you know if they like it?	ξέρεις αν τους αρέσει;	4ed2521a-6ead-4d7e-a18f-83b863bf12d0
el_for_eng:S0286L02U03	why don't they like it?	γιατί δεν τους αρέσει;	5ba78b4e-e26f-449d-939b-d05ee38357b5
el_for_eng:S0286L02U04	she said they don't like it	είπε ότι δεν τους αρέσει	05abd346-28d2-4c39-a873-1e7056b07d4e
el_for_eng:S0286L02U05	people who like it	άνθρωποι που τους αρέσει	1492a49d-ea7f-4886-8006-8325c2babd6c
el_for_eng:S0286L03B01	to speak	να μιλάνε	c42cd1a7-26b1-448e-ac93-d4e90518fe5c
el_for_eng:S0286L03B02	they like to speak	τους αρέσει να μιλάνε	4b2cb7a8-0a56-4023-8b55-7ba5b6c55856
el_for_eng:S0286L03B03	they like to speak Greek	τους αρέσει να μιλάνε ελληνικά	fffeeed6-e518-4404-be4d-a233b944c9e9
el_for_eng:S0286L03U01	do you know if they like to speak?	ξέρεις αν τους αρέσει να μιλάνε;	47450e54-904e-471b-93a3-2e78199b2503
el_for_eng:S0286L03U02	I don't think they like to speak	δεν νομίζω ότι τους αρέσει να μιλάνε	c29260d0-8b5d-4310-979e-825b7691875a
el_for_eng:S0286L03U03	I know they like to speak Greek	ξέρω ότι τους αρέσει να μιλάνε ελληνικά	2ee972a4-230c-4972-869b-b7be601268e6
el_for_eng:S0286L03U04	she said they like to speak Greek	είπε ότι τους αρέσει να μιλάνε ελληνικά	3708a1b7-2286-4a5d-b676-e6998e9fb8cc
el_for_eng:S0286L03U05	people who like to speak Greek	άνθρωποι που τους αρέσει να μιλάνε ελληνικά	42edaf2a-9aea-40e3-8ff9-6ce7b0d89310
el_for_eng:S0287L01B01	how many people	πόσους ανθρώπους	a083a803-197f-442b-8778-1b0563395a5b
el_for_eng:S0287L01B03	how many people do you know?	πόσους ανθρώπους γνωρίζεις;	17a76ca9-3140-4a52-b8f2-a0bd1d59417b
el_for_eng:S0287L01C01	how many	πόσους	7e6f1fd4-0bfe-434d-894a-68b3a9fbfcb2
el_for_eng:S0287L01C02	people	ανθρώπους	51363e07-1886-43c5-a9e6-63c07cb46068
el_for_eng:S0287L01U01	I don't know how many people	δεν γνωρίζω πόσους ανθρώπους	9ac73190-d57b-4b8d-8ea0-8acf31ec6fb1
el_for_eng:S0287L01U02	how many people do you know here?	πόσους ανθρώπους γνωρίζεις εδώ;	6c9498e2-97d3-4239-a1cf-567a1549980a
el_for_eng:S0287L01U03	I want to know how many people	θέλω να μάθω πόσους ανθρώπους	6f52f45a-0e00-4222-968d-667e64060e8e
el_for_eng:S0287L02B01	to watch	να βλέπουν	217835f1-70cb-4722-b86d-621209c6bae5
el_for_eng:S0287L02B02	they like to watch	τους αρέσει να βλέπουν	a526c997-2a69-45e6-9b16-eceb1458b12a
el_for_eng:S0287L02B03	they don't like to watch	δεν τους αρέσει να βλέπουν	11ed1e37-8759-4524-888d-faf36d3d63d6
el_for_eng:S0287L02C01	they watch	βλέπουν	6139a8e9-bfb6-4fa8-a99a-e1cdf7038c9e
el_for_eng:S0287L02U01	why do they like to watch?	γιατί τους αρέσει να βλέπουν;	e02212f2-21bb-442a-a7b7-acd064c33e3a
el_for_eng:S0287L02U02	I know they like to watch	ξέρω ότι τους αρέσει να βλέπουν	9b488fd0-ecbf-4738-aff5-ee3322705146
el_for_eng:S0287L02U03	she said they like to watch	είπε ότι τους αρέσει να βλέπουν	20953b73-bd45-4da2-92a5-4f7c838901d2
el_for_eng:S0287L02U04	do you know if they like to watch?	ξέρεις αν τους αρέσει να βλέπουν;	bf65fa12-5e5f-4bc9-b5c1-378144f45b15
el_for_eng:S0287L02U05	people who like to watch	άνθρωποι που τους αρέσει να βλέπουν	524517e3-bde6-45bf-b64e-84fa9c32ab26
el_for_eng:S0287L03B01	television	τηλεόραση	0613b6e8-ef47-46bb-858f-88673649f0e8
el_for_eng:S0287L03B02	they like to watch television	τους αρέσει να βλέπουν τηλεόραση	1dfdd277-214c-4f84-bfeb-92b43de454f3
el_for_eng:S0287L03B03	she said they like watching television	είπε ότι τους αρέσει να βλέπουν τηλεόραση	cb49b788-b0b8-434c-8ff7-f342ee59aaee
el_for_eng:S0287L03U01	I know they like watching television	ξέρω ότι τους αρέσει να βλέπουν τηλεόραση	9adcf562-6704-4f85-b081-0e8919a1d5b3
el_for_eng:S0287L03U02	do you know if they like watching television?	ξέρεις αν τους αρέσει να βλέπουν τηλεόραση;	a6ef5515-181a-4333-b85e-e420c79963ce
el_for_eng:S0287L03U03	people who like watching television	άνθρωποι που τους αρέσει να βλέπουν τηλεόραση	05006628-a006-4be8-acd5-7b1b282fec57
el_for_eng:S0287L03U04	unfortunately, they only like watching television	δυστυχώς, τους αρέσει να βλέπουν μόνο τηλεόραση	439e1477-0c41-433b-9080-7c99aefdcede
el_for_eng:S0288L01B01	to the most	στους περισσότερους	d5d8df27-0243-4a67-96da-8e8852e149e4
el_for_eng:S0288L01B02	to most people	στους περισσότερους ανθρώπους	345baad9-97fe-478a-a78b-c94a97cf9387
el_for_eng:S0288L01B03	she said most people like it	είπε ότι στους περισσότερους αρέσει	32c935fd-a1cc-4fc8-ba54-e93004fa60bb
el_for_eng:S0288L01C01	to the	στους	9abcb9ca-3706-4f57-add7-6240c1f10b4e
el_for_eng:S0288L01C02	most	περισσότερους	0e2f176e-2f4f-44d2-87a3-36102b237d14
el_for_eng:S0288L01U01	most people like it	στους περισσότερους ανθρώπους αρέσει	66706027-253f-48a6-920a-c75d9d3f6e56
el_for_eng:S0288L01U02	do you know if most people like it?	ξέρεις αν στους περισσότερους αρέσει;	99b6916b-b2a6-4430-bef0-9bda1f401fb2
el_for_eng:S0288L01U03	most people I know	στους περισσότερους ανθρώπους που γνωρίζω	543d460c-6653-446a-83c1-238f2fb57292
el_for_eng:S0288L01U04	most people like watching television	στους περισσότερους ανθρώπους αρέσει να βλέπουν τηλεόραση	e8d445d1-6802-4b0f-b6ca-97d1faa854a9
el_for_eng:S0288L01U05	I don't think most people like speaking Greek	δεν νομίζω ότι στους περισσότερους ανθρώπους αρέσει να μιλάνε ελληνικά	39ac276e-022e-4d28-9e49-a08584bb5109
el_for_eng:S0289L01B01	I wonder	αναρωτιέμαι	34e9d7f8-84da-45e4-b370-1792ea2a7798
el_for_eng:S0289L01B02	I wonder if	αναρωτιέμαι αν	04ca64f8-445c-4b85-af49-d9a8d67ca84a
el_for_eng:S0289L01B03	I don't wonder	δεν αναρωτιέμαι	24cd9296-7208-46a2-ab50-dd54dadbd061
el_for_eng:S0289L01U01	I wonder if you know	αναρωτιέμαι αν ξέρεις	2782934f-9f53-4765-be21-da3bff766e44
el_for_eng:S0289L01U02	I wonder if it is a problem	αναρωτιέμαι αν είναι πρόβλημα	12aac1dd-0773-4687-a2fa-fd6d88e3eb33
el_for_eng:S0289L01U03	I wonder if they speak Greek	αναρωτιέμαι αν μιλάνε ελληνικά	81414446-67ff-46b8-a314-a46197b6da7c
el_for_eng:S0289L01U04	I wonder if you had to finish	αναρωτιέμαι αν έπρεπε να τελειώσεις	b4ed96c1-1ccc-42c0-a62b-5eb3aa9c958e
el_for_eng:S0289L01U05	I wonder if they like watching television	αναρωτιέμαι αν τους αρέσει να βλέπουν τηλεόραση	abc2978e-71fa-4193-b287-f28fdcd15830
el_for_eng:S0289L03B01	the afternoon	το απόγευμα	2cf07d28-b54c-4a53-818c-2bdf2d35d012
el_for_eng:S0289L03B02	this afternoon	σήμερα το απόγευμα	6f5a75cd-e4c6-49aa-b5cd-469e5e637feb
el_for_eng:S0289L03B03	I can do it this afternoon	μπορώ να κάνω σήμερα το απόγευμα	2a054ac2-972c-4627-8805-bd99121d7015
el_for_eng:S0289L03C01	afternoon	απόγευμα	673e8541-a812-4c95-a53e-fe3fab8a7d6f
el_for_eng:S0289L03U01	you had to finish this afternoon	έπρεπε να τελειώσεις σήμερα το απόγευμα	7ef0af61-0e41-440c-8c03-aa5605894846
el_for_eng:S0289L03U02	I wonder if she will be there this afternoon	αναρωτιέμαι αν θα είναι εκεί σήμερα το απόγευμα	60606882-e7b5-4456-a5b0-ce918242fa84
el_for_eng:S0289L03U03	she said there is a meeting this afternoon	είπε ότι είναι μια συνάντηση σήμερα το απόγευμα	2a626b18-9615-4ec8-b968-ee8801db58cb
el_for_eng:S0289L03U04	I wonder if I can stay here this afternoon	αναρωτιέμαι αν μπορώ να μείνω εδώ σήμερα το απόγευμα	16f63e04-f155-4233-829b-6d8cfa98fd18
el_for_eng:S0289L03U05	do you mind if I finish my coffee this afternoon?	σε πειράζει αν τελειώσω τον καφέ μου σήμερα το απόγευμα;	c173931f-eb05-4eb5-a6e8-d3dce4402f0e
el_for_eng:S0291L01B01	I hope	ελπίζω	29a4cd7f-e745-4cf9-bf45-c724700b9d7a
el_for_eng:S0291L01B02	I don't hope	δεν ελπίζω	a001dd3e-3322-4824-8df3-185ee48ef13f
el_for_eng:S0291L01B03	why do I hope?	γιατί ελπίζω;	37779f2c-81bb-40ae-b4d9-d3f02877783c
el_for_eng:S0291L01U01	I hope you know	ελπίζω ότι ξέρεις	f54fb8d1-b121-4e3c-9264-ad66baf1b325
el_for_eng:S0291L01U02	I hope it is today	ελπίζω ότι είναι σήμερα	a68a011e-61dd-479b-bec8-e768d8cfa233
el_for_eng:S0291L01U03	I hope they speak Greek	ελπίζω ότι μιλάνε ελληνικά	ae5dd9ba-06f0-4be8-95c7-ca3fd3ba316f
el_for_eng:S0291L01U04	I hope it's not a problem	ελπίζω ότι δεν είναι πρόβλημα	b83687f7-1b7d-4f4c-9d8f-2c9232d8b2d9
el_for_eng:S0291L01U05	I hope he knows the answer	ελπίζω ότι ξέρει την απάντηση	22d7d152-b928-4328-8080-91f75896b023
el_for_eng:S0291L02B01	to be able	να μπορέσω	3a81a1e5-f985-443e-a157-9ee7bbf80f81
el_for_eng:S0291L02B02	I want to be able	θέλω να μπορέσω	3eed44b8-2278-41d0-9712-86a9f295cb05
el_for_eng:S0291L02B03	I hope to be able	ελπίζω να μπορέσω	5d1c2675-b1f4-49ff-93bb-17595afd4b85
el_for_eng:S0291L02C01	I am able	μπορέσω	09165813-41e6-45b8-bad7-95c2b1051fd8
el_for_eng:S0291L02U01	unfortunately, I want to be able	δυστυχώς, θέλω να μπορέσω	78cc0290-fbd3-45b5-b3de-af2692d71a55
el_for_eng:S0291L02U03	I want to be able to stay a little longer	θέλω να μπορέσω να μείνω λίγο	33d75540-aa36-4ce1-b602-cfaa787c35eb
el_for_eng:S0291L02U04	I hope to be able to stay here	ελπίζω να μπορέσω να μείνω εδώ	737f98db-191f-4e44-8bbb-88dfbcfd7347
el_for_eng:S0291L02U05	I hope to be able to do everything	ελπίζω να μπορέσω να κάνω τα πάντα	1809a556-73b3-4546-8a05-0bfb88275cbc
el_for_eng:S0291L03B01	to speak	να μιλήσω	c42cd1a7-26b1-448e-ac93-d4e90518fe5c
el_for_eng:S0291L03B02	I want to speak	θέλω να μιλήσω	9a224d8d-2abd-423b-9609-34f8c5091d1a
el_for_eng:S0291L03B03	I want to speak Greek	θέλω να μιλήσω ελληνικά	f7a2b36f-17b7-4e8b-a50d-68d97310e061
el_for_eng:S0291L03C01	I speak	μιλήσω	c9482b2f-e765-4ad6-9f34-cc08661980ac
el_for_eng:S0291L03U01	I hope to speak Greek	ελπίζω να μιλήσω ελληνικά	718e9700-8c91-4b47-b033-d04276f44f7c
el_for_eng:S0291L03U02	she said I should speak	είπε ότι πρέπει να μιλήσω	1f3116dc-eaea-4589-86f5-dd27f975f893
el_for_eng:S0291L03U03	I had to speak Greek	έπρεπε να μιλήσω ελληνικά	185c9967-6584-4902-9afb-335875f8329f
el_for_eng:S0291L03U04	I hope to be able to speak	ελπίζω να μπορέσω να μιλήσω	d3a0bf8c-6627-40c0-8a6c-dcbb05f2276a
el_for_eng:S0291L03U05	I hope to be able to speak Greek	ελπίζω να μπορέσω να μιλήσω ελληνικά	81b9c591-b974-44bf-a144-9bf50f7499e7
el_for_eng:S0291L04B01	better	καλύτερα	bd5c876a-80d1-40f2-95a9-5b10ef01036f
el_for_eng:S0291L04B02	to speak better	να μιλήσω καλύτερα	40fa205a-e645-4643-a394-bf9bc69cb00e
el_for_eng:S0291L04B03	I hope to speak better	ελπίζω να μιλήσω καλύτερα	690b8836-0750-4878-a958-a3f88ce6b0bb
el_for_eng:S0291L04U01	I had to speak better	έπρεπε να μιλήσω καλύτερα	41a86d6f-8f68-4ee7-a720-b151511edf34
el_for_eng:S0291L04U02	I want to speak Greek better	θέλω να μιλήσω ελληνικά καλύτερα	0d26ebb6-6e4d-4e80-b90e-60fd7e6bf205
el_for_eng:S0291L04U03	she said I should speak better	είπε ότι πρέπει να μιλήσω καλύτερα	5c00a088-173a-42e8-a552-98a8780bbeaf
el_for_eng:S0291L04U04	I hope to be able to speak better	ελπίζω να μπορέσω να μιλήσω καλύτερα	8fe772da-c2d5-4c52-8966-3d78ce0ff43f
el_for_eng:S0291L04U05	I hope to speak better this afternoon	ελπίζω να μιλήσω καλύτερα σήμερα το απόγευμα	2d711a88-9373-4077-a9f1-ac80f41fca20
el_for_eng:S0292L01B01	to be able	να μπορέσεις	3a81a1e5-f985-443e-a157-9ee7bbf80f81
el_for_eng:S0292L01B02	I want you to be able	θέλω να μπορέσεις	a888a7e6-3775-46f1-9a17-d40c25f61975
el_for_eng:S0292L01B03	I hope you'll be able	ελπίζω να μπορέσεις	097f8102-606e-4ad6-a024-241930e75767
el_for_eng:S0292L01C01	you are able	μπορέσεις	5e76fe40-75bf-4542-8003-486f2223d814
el_for_eng:S0292L01U01	I hope you'll be able to come	ελπίζω να μπορέσεις να έρθεις	9a5200c7-80aa-44d5-9f62-0ae8d57ca3d9
el_for_eng:S0292L01U02	I hope you'll be able to finish	ελπίζω να μπορέσεις να τελειώσεις	a2f4e5e7-ddb8-499a-882c-de60e49f2b3d
el_for_eng:S0292L01U03	I want you to be able to start early	θέλω να μπορέσεις να αρχίσεις νωρίς	43a9d898-cf9b-45ae-8501-46c828eeafb1
el_for_eng:S0292L01U04	you had to be able to finish today	έπρεπε να μπορέσεις να τελειώσεις σήμερα	d8e0d5db-a6d0-4574-b816-ee9ad936964b
el_for_eng:S0292L01U05	I hope you'll be able to finish soon	ελπίζω να μπορέσεις να τελειώσεις σύντομα	433fda12-339f-46ff-ae90-bf3bcded3bf8
el_for_eng:S0292L01U06	I hope you'll be able to come next month	ελπίζω να μπορέσεις να έρθεις τον επόμενο μήνα	b68c9690-4c95-4171-acb7-39944e0a8d47
el_for_eng:S0292L02B01	to the party	στο πάρτι	0ad94310-59ea-4699-8728-c8b9b5948bae
el_for_eng:S0292L02B02	to come to the party	να έρθεις στο πάρτι	b747be71-ea30-4007-8e9d-4c4f1bc32bb9
el_for_eng:S0292L02B03	I want you to come to the party	θέλω να έρθεις στο πάρτι	330a20d6-3030-40f7-92bd-cbec6033183f
el_for_eng:S0292L02C01	to the	στο	9abcb9ca-3706-4f57-add7-6240c1f10b4e
el_for_eng:S0292L02C02	party	πάρτι	7e112acb-63bf-485b-8e9d-9ad62f04894a
el_for_eng:S0292L02U01	you should come to the party	πρέπει να έρθεις στο πάρτι	4f166556-1afe-4cce-8f17-3db8479eb757
el_for_eng:S0292L02U02	she said there are many people at the party	είπε ότι είναι άνθρωποι στο πάρτι	50e138c9-da9a-4095-bb6c-8fb03e77146f
el_for_eng:S0292L02U03	I wonder if she will be there at the party	αναρωτιέμαι αν θα είναι εκεί στο πάρτι	5a3ba2b0-5643-4585-9492-b7bf902ad38a
el_for_eng:S0292L02U04	I hope you'll be able to come to the party	ελπίζω να μπορέσεις να έρθεις στο πάρτι	4a842804-18b8-4c1f-9658-6f27feb619f8
el_for_eng:S0292L02U05	I hope you'll be able to come to the party soon	ελπίζω να μπορέσεις να έρθεις στο πάρτι σύντομα	2ae9d256-cb04-4447-a1f6-96d6bcc7228c
el_for_eng:S0293L02B01	will meet me	με συναντήσει	3733a52b-8d08-4f3a-997e-dbbd50ff1485
el_for_eng:S0293L02B02	will meet me	θα με συναντήσει	3733a52b-8d08-4f3a-997e-dbbd50ff1485
el_for_eng:S0293L02B03	where will he meet me?	πού θα με συναντήσει;	b06065f8-4ca1-4447-8ede-bd1d505bf669
el_for_eng:S0293L02B04	he won't meet me	δεν θα με συναντήσει	2a7e8e0b-0009-499c-b704-e6eabab6bbfb
el_for_eng:S0293L02C01	me	με	d3b3529c-ec1a-4927-b94a-260869f41ff2
el_for_eng:S0293L02C02	he meets	συναντήσει	fd1c3fdc-3bd0-43b3-847e-19f2c760a470
el_for_eng:S0293L02U01	do you know where he'll meet me?	ξέρεις πού θα με συναντήσει;	84c7ae33-ae34-4776-b01d-7255d89739f5
el_for_eng:S0293L02U02	I wonder where he'll meet me	αναρωτιέμαι πού θα με συναντήσει	05cfa0e9-4cda-44ad-a575-03af04bdb644
el_for_eng:S0293L02U03	she said he'll meet me today	είπε ότι θα με συναντήσει σήμερα	a914fd93-ac60-4a21-8cad-083e5a73b6e6
el_for_eng:S0293L02U04	I hope he'll meet me soon	ελπίζω ότι θα με συναντήσει σύντομα	3f0859c4-4d6c-44fd-93ab-fb9a09fc9568
el_for_eng:S0293L02U05	I don't know if he'll meet me this afternoon	δεν ξέρω αν θα με συναντήσει σήμερα το απόγευμα	b04cdb4b-8d53-4a9c-9059-9ef8ccf96c6e
el_for_eng:S0294L01B01	enough	αρκετό	6543b6e5-3f91-42f8-84c7-46fb86bcf1bc
el_for_eng:S0294L01B02	is it enough?	είναι αρκετό;	b4274ce9-82e7-4def-b7db-0c483be5fc58
el_for_eng:S0294L01B03	it's not enough	δεν είναι αρκετό	ab3d59f3-15b2-45a0-a0b3-07a871896810
el_for_eng:S0294L01U01	she said it's enough	είπε ότι είναι αρκετό	61c34dda-b6ab-4222-9953-ba5ba9259f6b
el_for_eng:S0294L01U02	I hope it's enough	ελπίζω ότι είναι αρκετό	bde4a525-7e22-41e7-b33c-a7c379e5d58a
el_for_eng:S0294L01U03	unfortunately, it's not enough	δυστυχώς, δεν είναι αρκετό	e941a170-5902-4faa-95eb-09434e09c0be
el_for_eng:S0294L01U04	I don't think it's enough	δεν νομίζω ότι είναι αρκετό	441502c9-a3c4-486c-8798-e8bcd1335db6
el_for_eng:S0294L01U05	I wonder if it's enough	αναρωτιέμαι αν είναι αρκετό	f4d5a09a-a020-4653-9750-4ec5ee5bf5cd
el_for_eng:S0294L03B01	to call you	να σε πάρω τηλέφωνο	c1c034f3-d5b6-43b2-a763-4804ab2036dc
el_for_eng:S0294L03B02	I want to call you	θέλω να σε πάρω τηλέφωνο	3d847671-9020-426e-b660-fe4bde36797a
el_for_eng:S0294L03B03	I had to call you	έπρεπε να σε πάρω τηλέφωνο	702d787a-afdf-405e-9ce8-4a786e16e806
el_for_eng:S0294L03C01	I take	πάρω	43603855-69bd-4b1f-8320-df351e9588d6
el_for_eng:S0294L03C02	phone	τηλέφωνο	078778e2-2586-4c52-82d8-637bf7401024
el_for_eng:S0294L03U01	I can't call you	δεν μπορώ να σε πάρω τηλέφωνο	3536d1af-d16f-4e49-8c17-5581c74d67d5
el_for_eng:S0294L03U02	I should call you soon	πρέπει να σε πάρω τηλέφωνο σύντομα	189be37a-f2b9-49b6-aa4e-b70c0eafb3a1
el_for_eng:S0294L03U03	she said I should call you	είπε ότι πρέπει να σε πάρω τηλέφωνο	08b49fde-5d9a-4c03-b019-a15e80457719
el_for_eng:S0294L03U04	I hope to be able to call you	ελπίζω να μπορέσω να σε πάρω τηλέφωνο	f8b46b78-3249-4926-b1cf-445328723897
el_for_eng:S0294L03U05	I don't have enough time to call you	δεν έχω αρκετό χρόνο να σε πάρω τηλέφωνο	dde0d463-84c4-4355-a2e2-9c27ce62e4e6
el_for_eng:S0295L01B01	I said	είπα	e244cda2-6b4f-4f29-9a0e-446251d3f00b
el_for_eng:S0295L01B02	what did I say?	τι είπα;	f490006d-b1fe-404f-af18-d69605f50370
el_for_eng:S0295L01B03	I didn't say	δεν είπα	7f0cc66d-0c20-4154-b7fd-9c3b2147862e
el_for_eng:S0295L01U01	I said I know	είπα ότι ξέρω	504fcbea-d34a-4d5d-be38-f78172f6d36e
el_for_eng:S0295L01U02	I said I hope	είπα ότι ελπίζω	086572ae-1c67-401f-958e-5f28c22a14f8
el_for_eng:S0295L01U03	I wonder what I said	αναρωτιέμαι τι είπα	23719703-ae55-4ae1-b571-1fb2bbb1818c
el_for_eng:S0295L01U04	I said it's not a problem	είπα ότι δεν είναι πρόβλημα	af46acc3-2dcb-4535-98be-8abf606d99cd
el_for_eng:S0295L01U05	I said I don't have enough time	είπα ότι δεν έχω αρκετό χρόνο	70ca90fb-48ba-49d8-8b3c-9d6212496ce4
el_for_eng:S0295L03B01	to finish	να τελειώσω	4039ae17-5908-45c0-aeac-cbd3a01a3087
el_for_eng:S0295L03B02	I want to finish	θέλω να τελειώσω	861ceba6-9177-4a1b-bc3e-6acfa5a8f187
el_for_eng:S0295L03B03	I wanted to finish	ήθελα να τελειώσω	9c3df4f2-da9d-4bd0-bc20-da7e6b2663c2
el_for_eng:S0295L03C01	I finish	τελειώσω	a7f7b098-cb2b-4bd8-920a-8a959f967d0d
el_for_eng:S0295L03U01	I had to finish	έπρεπε να τελειώσω	6d96e408-05c1-4bab-8af3-2781ddedf6c7
el_for_eng:S0295L03U02	I can finish today	μπορώ να τελειώσω σήμερα	7c8bc7ff-b8ae-4fd1-afd2-45c029eaab84
el_for_eng:S0295L03U03	I said I wanted to finish	είπα ότι ήθελα να τελειώσω	7c642411-ccb7-4580-9bad-c0937f5afabc
el_for_eng:S0295L03U04	I should finish soon	πρέπει να τελειώσω σύντομα	ec7e1189-917b-4fb8-97f9-e8d13acc21ca
el_for_eng:S0295L03U05	I hope to be able to finish	ελπίζω να μπορέσω να τελειώσω	69b685a6-5565-4f59-9102-d2c58bd03fa5
el_for_eng:S0295L04B01	within a day	μέσα σε μια μέρα	3c590735-e3f7-462a-b8f5-fa058e6eefb9
el_for_eng:S0295L04B02	I wanted to finish within a day	ήθελα να τελειώσω μέσα σε μια μέρα	548b3a6a-edaf-43b2-a97f-7a818ad67898
el_for_eng:S0295L04B03	I said I can finish within a day	είπα ότι μπορώ να τελειώσω μέσα σε μια μέρα	1d632caa-a88a-4d26-8d55-6574dd364e0b
el_for_eng:S0295L04C01	inside	μέσα	e65d6d37-8f66-40cf-a887-f57cf012ead5
el_for_eng:S0295L04C02	day	μέρα	f02c85f4-dcc4-4d3b-9cb4-11e580887661
el_for_eng:S0295L04U01	she said I had to finish within a day	είπε ότι έπρεπε να τελειώσω μέσα σε μια μέρα	f1cfe058-c616-4f69-85bd-1278fe607303
el_for_eng:S0295L04U02	I hope to be able to finish within a day	ελπίζω να μπορέσω να τελειώσω μέσα σε μια μέρα	632f9e46-91e3-4d4a-b05e-de41880ec3d3
el_for_eng:S0295L04U03	I didn't say I wanted to finish within a day	δεν είπα ότι ήθελα να τελειώσω μέσα σε μια μέρα	757baf2a-ea88-4e6e-b655-bb681c62cb10
el_for_eng:S0295L04U04	I don't think I can finish within a day	δεν νομίζω ότι μπορώ να τελειώσω μέσα σε μια μέρα	45368f0b-76a1-47af-996f-fa9e017932f4
el_for_eng:S0295L04U05	I don't have enough time to finish within a day	δεν έχω αρκετό χρόνο να τελειώσω μέσα σε μια μέρα	b89e0429-7524-47cf-9344-f6aa6f911ddb
el_for_eng:S0296L01B01	I needed	χρειαζόμουν	b27e52b9-76a6-499d-b13f-b4554b3af759
el_for_eng:S0296L01B02	I didn't need	δεν χρειαζόμουν	5ae2d3e6-409e-4083-b71a-da938e9132e3
el_for_eng:S0296L01B03	why did I need?	γιατί χρειαζόμουν;	4b4487fa-52c6-4fa4-9373-af34bb075ceb
el_for_eng:S0296L01U01	I said I needed	είπα ότι χρειαζόμουν	26c7f4a4-c00a-4745-8b36-5b640f553e74
el_for_eng:S0296L01U02	I know I needed	ξέρω ότι χρειαζόμουν	a73e3eda-125a-4e37-843f-fe80585fd788
el_for_eng:S0296L01U03	she said I needed	είπε ότι χρειαζόμουν	69921ebe-610a-4e5f-96b8-6bc3a902efdf
el_for_eng:S0296L01U04	unfortunately, I needed	δυστυχώς, χρειαζόμουν	02877ad3-2743-4d81-ba86-0329031dfd93
el_for_eng:S0296L01U05	I said I didn't need	είπα ότι δεν χρειαζόμουν	3685be6d-3367-418e-8ad4-65cc74c8e8c0
el_for_eng:S0296L02B01	even more	περισσότερο	274bf86e-966e-420b-aa9e-2495af8d8af8
el_for_eng:S0296L02B02	a little more	λίγο περισσότερο	a60c20ca-0f32-4599-b269-05430aad0ca2
el_for_eng:S0296L02B03	a little more time	λίγο περισσότερο χρόνο	b0f8f8cd-b8d8-43cb-a82c-19d0aa8cc360
el_for_eng:S0296L02U01	do you have a little more time?	έχεις λίγο περισσότερο χρόνο;	3400c932-ce84-4635-ae8a-19214af88fc8
el_for_eng:S0296L02U02	I hope I have a little more time	ελπίζω ότι έχω λίγο περισσότερο χρόνο	2a7f954d-29b4-4120-a11c-66b422cc4a0b
el_for_eng:S0296L02U03	she said I needed more time	είπε ότι χρειαζόμουν περισσότερο χρόνο	d658b581-409a-43f3-acdb-fb99d2d5410e
el_for_eng:S0296L02U04	I said I needed a little more time	είπα ότι χρειαζόμουν λίγο περισσότερο χρόνο	9fd6d187-0eda-4fe5-83f3-cf38f498f0f7
el_for_eng:S0297L01B01	many	πολλούς	446bf1d4-2db0-42c4-bf20-9dc92ff1b485
el_for_eng:S0297L01B02	many people	πολλούς ανθρώπους	7332eca1-f020-4d4b-801c-bc879fb583b6
el_for_eng:S0297L01B03	I don't know many people	δεν γνωρίζω πολλούς ανθρώπους	cfac731c-9d22-4a48-9609-2fa9838de5de
el_for_eng:S0297L01U01	she said she knows many people	είπε ότι γνωρίζει πολλούς ανθρώπους	0804a134-0697-4e7d-9312-be47c38c1cc0
el_for_eng:S0297L01U02	I said I don't know many people	είπα ότι δεν γνωρίζω πολλούς ανθρώπους	040f3c97-98cd-4c61-8170-8b60d58f2e4d
el_for_eng:S0297L01U03	I wonder if you know many people here	αναρωτιέμαι αν γνωρίζεις πολλούς ανθρώπους εδώ	0df2cca9-9988-4ba0-beff-e2d868c660e8
el_for_eng:S0297L01U04	I hope I know many people at the party	ελπίζω ότι γνωρίζω πολλούς ανθρώπους στο πάρτι	3477ef7f-cdf0-4206-9cf1-aec07e499139
el_for_eng:S0297L01U05	do you know many people who speak Greek?	γνωρίζεις πολλούς ανθρώπους που μιλάνε ελληνικά;	bbfe89de-49f2-452a-bcfb-9fd5bbd75764
el_for_eng:S0298L01B01	nothing	τίποτα	e7c864fd-af8e-41f4-ae95-e48105c51738
el_for_eng:S0298L01B02	I have nothing	δεν έχω τίποτα	896f6120-fa6c-4ae9-b17e-e8d49009cde8
el_for_eng:S0298L01B03	it's nothing	δεν είναι τίποτα	7453554d-6735-4229-919a-9239f46fa133
el_for_eng:S0298L01U01	I said I have nothing	είπα ότι δεν έχω τίποτα	0e236424-91fa-4204-bc50-f9d67af2d549
el_for_eng:S0298L01U02	she said it's nothing	είπε ότι δεν είναι τίποτα	180359f4-c0e2-440c-889d-15380ff808e8
el_for_eng:S0298L01U03	I know it's nothing	ξέρω ότι δεν είναι τίποτα	db96eb73-643d-4518-91be-20a6e28a9371
el_for_eng:S0298L01U04	I hope it's nothing	ελπίζω ότι δεν είναι τίποτα	163f1b82-e2ac-4917-b74b-afbf278b266f
el_for_eng:S0298L01U05	I wonder if it's nothing	αναρωτιέμαι αν δεν είναι τίποτα	991ffcd5-daa5-4e7a-bceb-b71c7e9b5d81
el_for_eng:S0298L02B01	something else	κάτι άλλο	f411c01a-870a-42ff-964c-e7c0d45b1265
el_for_eng:S0298L02B02	nothing else	τίποτα άλλο	bd1ec5cb-4144-43cb-9572-a6d398d86a4d
el_for_eng:S0298L02B03	do you have something else?	έχεις κάτι άλλο;	16b9bd23-909b-454a-b1ef-8432541584d2
el_for_eng:S0298L02U01	I have nothing else	δεν έχω τίποτα άλλο	2691ce30-a7ad-4a41-9f74-242a072d76a8
el_for_eng:S0298L02U02	I said I wanted something else	είπα ότι ήθελα κάτι άλλο	18d78425-8e7f-4a69-a06f-6f94e88aab91
el_for_eng:S0298L02U03	she said there is nothing else	είπε ότι δεν είναι τίποτα άλλο	da4b3304-2169-409a-affd-2193009490c8
el_for_eng:S0298L02U04	I wonder if there is something else	αναρωτιέμαι αν είναι κάτι άλλο	3d227a69-21c8-4bde-84b8-8b862a6a0efb
el_for_eng:S0298L02U05	I know there is nothing else	ξέρω ότι δεν είναι τίποτα άλλο	d9adbd9f-a9f7-4808-a0f4-8fa3450de698
el_for_eng:S0298L03B01	to say	να πω	97752a35-df73-4250-a95b-41bd46044557
el_for_eng:S0298L03B02	I want to say	θέλω να πω	9e069408-1b90-42a8-b610-96e523b63266
el_for_eng:S0298L03B03	I want to say something	θέλω να πω κάτι	e31ed9ff-9351-4e5d-b8b2-1b11b9517434
el_for_eng:S0298L03C01	I say	πω	24115cc2-a45e-4386-963d-2290bae1de1f
el_for_eng:S0298L03U01	I don't know what to say	δεν ξέρω τι να πω	8c3af47e-7aab-47eb-ae37-8da17a0e6531
el_for_eng:S0298L03U02	I should say it soon	πρέπει να πω σύντομα	155643db-7972-427e-84d2-da78ff0bc454
el_for_eng:S0298L03U03	she said I should say it	είπε ότι πρέπει να πω	639f5d95-83af-453a-ab01-bb28009a9a8f
el_for_eng:S0298L03U04	I have nothing else to say	δεν έχω τίποτα άλλο να πω	4715c87d-8287-475d-bf4e-fec53a0d6ebd
el_for_eng:S0298L03U05	I hope to be able to say it better	ελπίζω να μπορέσω να πω καλύτερα	46e8a960-3460-4376-b158-4d7092735722
el_for_eng:S0299L02B01	to pay	να πληρώσει	aed598cc-7011-467b-a28c-a49dfd29f278
el_for_eng:S0299L02B02	he wants to pay	θέλει να πληρώσει	74217979-421f-4cb4-a751-b70a1d396996
el_for_eng:S0299L02B03	he had to pay	έπρεπε να πληρώσει	781c1883-d28c-4d2c-a0e6-e03535767b35
el_for_eng:S0299L02C01	he pays	πληρώσει	a50a99a9-581a-443e-aa47-a4ba9ad247b0
el_for_eng:S0299L02U01	he doesn't want to pay	δεν θέλει να πληρώσει	97415e84-3670-4015-83be-7ad38f1e45a5
el_for_eng:S0299L02U02	I said he wants to pay	είπα ότι θέλει να πληρώσει	0e60474c-d934-4050-ad44-dfb7e58cf4b2
el_for_eng:S0299L02U03	she said he should pay	είπε ότι πρέπει να πληρώσει	b85f5bd6-3258-40b3-aebe-b6fa8a9f4454
el_for_eng:S0299L02U04	I hope he wants to pay	ελπίζω ότι θέλει να πληρώσει	68caa846-87e1-4370-a6ef-4131926b5155
el_for_eng:S0299L02U05	I wonder if he wants to pay	αναρωτιέμαι αν θέλει να πληρώσει	c8445d86-819e-445a-8832-8224a403ba92
el_for_eng:S0299L03B01	the half price	τη μισή τιμή	028a9d41-bb9b-42e3-b1ed-f0530da1df98
el_for_eng:S0299L03B02	to pay the half price	να πληρώσει τη μισή τιμή	771f569c-8931-4efd-92cf-2cce852d2cd2
el_for_eng:S0299L03B03	he wants to pay the half price	θέλει να πληρώσει τη μισή τιμή	b85f89a7-b9a1-4c08-81cf-a968eafcceee
el_for_eng:S0299L03C01	half	μισή	836cb15a-e328-4b2c-bffd-5be22f1bfeea
el_for_eng:S0299L03C02	price	τιμή	a5da86e3-76f2-4d00-840c-bafcb9d683b8
el_for_eng:S0299L03U01	he had to pay the half price	έπρεπε να πληρώσει τη μισή τιμή	b1013f2c-59f9-40aa-b8f0-5b9f29e792c0
el_for_eng:S0299L03U02	I said he wants to pay the half price	είπα ότι θέλει να πληρώσει τη μισή τιμή	d5b76c9e-3155-4d82-8890-0faa4e6a58bf
el_for_eng:S0299L03U03	she said he should pay the half price	είπε ότι πρέπει να πληρώσει τη μισή τιμή	ff1d1225-a8e4-4977-b281-72ae37f736a8
el_for_eng:S0299L03U05	I wonder if he wants to pay the half price	αναρωτιέμαι αν θέλει να πληρώσει τη μισή τιμή	cefaf76f-a16f-45cd-b8b1-18d9c36cd077
el_for_eng:S0300L01B01	to seem	να φαίνεται	e9a2e9f3-e760-46fe-858b-fa967e562715
el_for_eng:S0300L01B02	he wants to seem	θέλει να φαίνεται	82976a44-8952-4d4a-870c-48f372d02e69
el_for_eng:S0300L01B03	she doesn't want to seem	δεν θέλει να φαίνεται	3e53a806-ab77-4eb8-a553-8e4fa680fdc0
el_for_eng:S0300L01C01	it seems	φαίνεται	006eea04-9e23-4dd7-9fa6-9f662881988b
el_for_eng:S0300L01U01	why doesn't she want to seem?	γιατί δεν θέλει να φαίνεται;	e4f27d45-0c95-4ff0-bb0b-92f436375db7
el_for_eng:S0300L01U02	I said she doesn't want to seem	είπα ότι δεν θέλει να φαίνεται	2be48014-60ae-47c8-a803-92c0651d6238
el_for_eng:S0300L01U03	she said she doesn't want to seem	είπε ότι δεν θέλει να φαίνεται	4f2252c9-e434-420f-a91f-07d6238898ee
el_for_eng:S0300L01U04	I know she doesn't want to seem	ξέρω ότι δεν θέλει να φαίνεται	2976168c-0111-4e18-87c1-97ca5a933f1f
el_for_eng:S0300L01U05	I wonder if she wants to seem	αναρωτιέμαι αν θέλει να φαίνεται	3fa586d2-fc8c-403a-a19d-eb52578681f1
el_for_eng:S0300L02B01	unfriendly	αντιπαθής	f9a06336-e758-4343-9de7-b42509e926ba
el_for_eng:S0300L02B02	to seem unfriendly	να φαίνεται αντιπαθής	a2d4436d-db7f-4298-9888-52d00227d23d
el_for_eng:S0300L02B03	she doesn't want to seem unfriendly	δεν θέλει να φαίνεται αντιπαθής	628ca5c2-acdb-48ce-96cc-5d94326809ac
el_for_eng:S0300L02U01	I said she doesn't want to seem unfriendly	είπα ότι δεν θέλει να φαίνεται αντιπαθής	c1002fc8-165c-4196-bc2e-c243ac4503e9
el_for_eng:S0300L02U02	I know she doesn't want to seem unfriendly	ξέρω ότι δεν θέλει να φαίνεται αντιπαθής	09a50e54-7da5-4100-a434-8bf75cce71e4
el_for_eng:S0300L02U03	she said she doesn't want to seem unfriendly	είπε ότι δεν θέλει να φαίνεται αντιπαθής	5a04f703-a0f2-4191-bea9-5ad92ceea3c4
ell_for_eng:S0001L04C01	with	μαζί	98197616-0230-42c8-8d02-0d9ea8a6625c
ell_for_eng:S0001L04C02	you	σου	0b77c0fe-96e0-4ade-9418-e4e906066e11
ell_for_eng:S0003L03C01	as often	όσο πιο συχνά	82d51991-dd33-4845-979b-e5040cb93f19
ell_for_eng:S0003L03C02	as possible	γίνεται	6e87cdc2-e8c9-45bf-9dad-3986ff9f600f
ell_for_eng:S0005L02C01	with someone	με κάποιον	23dca9fe-a326-4795-b7fa-c2e0f74b2df5
ell_for_eng:S0005L02C02	else	άλλο	88b56a05-15d8-4410-b94d-f8a244d79335
ell_for_eng:S0007L02C01	as much	όσο	92608fa6-dfd1-445f-aef5-500279a3e66b
ell_for_eng:S0007L02C02	as I can	μπορώ	255fe874-b9a2-448c-9f72-80ac36358fda
ell_for_eng:S0011L02C01	be able to	μπορέσω	0fad4556-f92e-46bc-b83c-54fc84b7b347
ell_for_eng:S0011L02C02	to speak	να μιλήσω	c42cd1a7-26b1-448e-ac93-d4e90518fe5c
ell_for_eng:S0019L02C01	don't	δεν	a98e3bef-1aa1-495b-9897-d214a2d3b823
ell_for_eng:S0019L02C02	want to	θέλω να	7a333753-75ca-49e9-8253-0b2a4512d61a
ell_for_eng:S0024L01C01	not	δεν	ba79020a-26d1-4264-8601-5f7332859e6e
ell_for_eng:S0024L01C02	going to be able to	θα μπορέσω να	2056198c-0752-4c93-9bbe-de80e1311b08
ell_for_eng:S0026L05C01	don't	δεν	a98e3bef-1aa1-495b-9897-d214a2d3b823
ell_for_eng:S0026L05C02	I like to	μου αρέσει να	e901b6b0-2424-4748-b6cb-9284b615bbd1
ell_for_eng:S0034L01C01	doesn't	δεν	1cdb7f96-4502-49e7-a08f-62961cc45ff7
ell_for_eng:S0034L01C02	want to	θέλει να	7a333753-75ca-49e9-8253-0b2a4512d61a
ell_for_eng:S0035L01C01	doesn't	δεν	1cdb7f96-4502-49e7-a08f-62961cc45ff7
ell_for_eng:S0035L01C02	want to	θέλει να	7a333753-75ca-49e9-8253-0b2a4512d61a
ell_for_eng:S0035L01U08	she doesn't want me to leave now	δεν θέλει να φύγω τώρα	38a9c9af-c75f-4f82-a9b6-fbae5e809ccf
ell_for_eng:S0036L01C01	don't	δεν	a98e3bef-1aa1-495b-9897-d214a2d3b823
ell_for_eng:S0036L01C02	want to	θέλουμε να	7a333753-75ca-49e9-8253-0b2a4512d61a
ell_for_eng:S0061L01U01	can you say it now?	μπορείς να το πεις τώρα;	e4dd3b15-c2f6-4bdb-aca8-3912e8544c9a
ell_for_eng:S0061L01U02	can you say it again?	μπορείς να το πεις ξανά;	ef8f737b-4be6-4045-8d08-084d831eb355
ell_for_eng:S0061L01U03	can you say it a bit more slowly?	μπορείς να το πεις λίγο πιο αργά;	b22717cd-5e6e-4c37-8ba8-c7366d4cb098
ell_for_eng:S0061L01U04	can you say it a bit better?	μπορείς να το πεις λίγο καλύτερα;	78aa2104-c7d3-4e57-b497-0580cca1e825
ell_for_eng:S0063L01U03	are you ready to help me?	είσαι έτοιμος να με βοηθήσεις;	a012195b-6b7d-4627-9e92-7b5e744eebe7
ell_for_eng:S0063L01U04	are you sure you can speak Greek?	είσαι σίγουρος ότι μπορείς να μιλάς ελληνικά;	5def82be-1812-46dc-b529-ccb055564ce7
ell_for_eng:S0067L02U06	do you want to speak Greek all day?	θέλεις να μιλάς ελληνικά όλη μέρα;	7d480a0c-d114-4efd-b5f4-2f217979252b
ell_for_eng:S0067L02U07	do you want to learn his name quickly?	θέλεις να μάθεις το όνομά του γρήγορα;	4e95b01e-e6f7-4e2e-982b-f9247ec7a411
ell_for_eng:S0071L01U01	we wanted to meet at six in the afternoon	θέλαμε να συναντηθούμε στις έξι το απόγευμα	2be7aa57-77b2-458e-be9b-b85c82051b21
ell_for_eng:S0071L01U02	we wanted to give you a bit more time	θέλαμε να σου δώσουμε λίγο περισσότερο χρόνο	98208d74-ce91-4702-b36d-62a60c57640d
ell_for_eng:S0071L01U03	we wanted to not interrupt the story	θέλαμε να μην διακόψουμε την ιστορία	d9cc9c17-89f4-495a-b073-50dc562ba376
ell_for_eng:S0071L01U04	we wanted to ask you something yesterday	θέλαμε να σε ρωτήσουμε κάτι χτες	7ef62564-e913-41e7-b9dc-000e6f4e9c37
ell_for_eng:S0076L03C01	I have	έχω	7bb73dfc-463f-402f-b771-9452d369602c
ell_for_eng:S0076L03C02	learnt	μάθει	02b3be6c-bfb1-403f-87bb-eecb2740c933
ell_for_eng:S0085L02C01	those	αυτούς	ec2cb853-8b38-4657-a134-7bdd9124d458
ell_for_eng:S0085L02C02	people	τους ανθρώπους	51363e07-1886-43c5-a9e6-63c07cb46068
ell_for_eng:S0089L02C01	I have	έχω	7bb73dfc-463f-402f-b771-9452d369602c
ell_for_eng:S0089L02C02	done	κάνει	9ba4f789-a40f-4047-91fe-9165aa024dea
ell_for_eng:S0089L04C01	a little	λίγο	b0321808-e928-4845-91a5-8d85da19ab8e
ell_for_eng:S0089L04C02	time	χρόνο	86715d22-5c6d-49bc-a0e7-f5e24826bc83
ell_for_eng:S0092L01C01	would	θα	748ef0a1-3573-4791-90ec-7d54efdba3f3
ell_for_eng:S0092L01C02	like	ήθελα	12fbb854-2dab-47fb-998a-33d43c6b202e
ell_for_eng:S0094L02C01	the only	ο μόνος	00736ebb-14d3-4366-9424-e56d1f1d207e
ell_for_eng:S0094L02C02	way	τρόπος	a5b8a950-2a1c-4dbe-bc84-dc3aba22d13c
ell_for_eng:S0095L05C01	the next	το επόμενο	81544037-8b1a-47f8-bc3f-82257b7ba05c
ell_for_eng:S0095L05C02	bus	λεωφορείο	75c1a076-6948-4ba3-99f9-603dd2be13de
ell_for_eng:S0101L02C01	this	αυτή	9e7324cf-60d6-4f43-a9d5-ca39b46adfc6
ell_for_eng:S0101L02C02	language	τη γλώσσα	bdd73e0e-6e32-4a39-a44e-e54e764206ad
ell_for_eng:S0103L04C01	more	περισσότερες	796ae930-6f5d-4f9f-a91c-4502c5e03acc
ell_for_eng:S0103L04C02	words	λέξεις	6095a344-7979-4c76-9519-b4bda2d01314
ell_for_eng:S0104L03C01	what	αυτό που	2151d2eb-445a-48a2-b2c2-bb3b5a8e8f8c
ell_for_eng:S0104L03C02	we are doing	κάνουμε	9286ca55-1c60-4967-a2bb-98397d9b9c38
ell_for_eng:S0109L04C01	in order to	για να	85c620ef-206b-4564-8904-ac49a799471d
ell_for_eng:S0109L04C02	learn	μάθουμε	b0fb2aa0-feda-44ef-a024-56404bdc1247
ell_for_eng:S0110L04C01	after	αφού	4e7a0760-3a1a-481b-b5ff-9ef91af4dc03
ell_for_eng:S0110L04C02	we finish	τελειώσουμε	cd3469a5-9a1c-4806-802e-cf4f5fef156a
ell_for_eng:S0110L05C01	would	θα	748ef0a1-3573-4791-90ec-7d54efdba3f3
ell_for_eng:S0110L05C02	like	ήθελα	12fbb854-2dab-47fb-998a-33d43c6b202e
ell_for_eng:S0110L05U06	I would like to leave now	θα ήθελα να φύγω τώρα	894d4690-d116-45f6-8fc9-9b23372e62f2
ell_for_eng:S0110L05U07	I would like to continue here	θα ήθελα να συνεχίσω εδώ	af7f4850-05cd-45af-9386-b9c5b1d35cf4
ell_for_eng:S0110L06U04	I'm ready to relax now	είμαι έτοιμος να χαλαρώσω τώρα	bc0dcfa1-506d-4856-8363-6c8f8ca65f62
ell_for_eng:S0114L02C01	as if	σαν να	3701dbbf-99bd-4fce-be36-de0ab7693ea4
ell_for_eng:S0114L02C02	I am doing	τα πηγαίνω	87dd13d8-1cec-4802-9f0a-da9c45673a23
ell_for_eng:S0116L03C01	would	θα	748ef0a1-3573-4791-90ec-7d54efdba3f3
ell_for_eng:S0116L03C02	be able to	μπορούσα	0fad4556-f92e-46bc-b83c-54fc84b7b347
ell_for_eng:S0117L03C01	the last	την τελευταία	622c3b2d-fdb0-479a-9c5c-67f3ed3926e6
ell_for_eng:S0117L03C02	time	φορά	86715d22-5c6d-49bc-a0e7-f5e24826bc83
ell_for_eng:S0121L04C01	the car	το αυτοκίνητό	e5408c2a-7e50-4663-a753-462b904eb72d
ell_for_eng:S0121L04C02	your	σου	a0ca2893-fe88-4d1d-908a-72a1935e3b70
ell_for_eng:S0122L05C01	how	το πώς	af1b4188-bd5c-40a4-a8e3-2d9eebe18d31
ell_for_eng:S0122L05C02	it is going	πάει	420ccdf0-b218-4bff-a3ed-ac74f348e0a0
ell_for_eng:S0125L02C01	the idea	η ιδέα	5ab33c3e-c97d-459c-8aeb-fbd39ac56602
ell_for_eng:S0125L02C02	your	σου	a0ca2893-fe88-4d1d-908a-72a1935e3b70
ell_for_eng:S0126L01C01	this	αυτή	9e7324cf-60d6-4f43-a9d5-ca39b46adfc6
ell_for_eng:S0126L01C02	the work	η δουλειά	a5f79034-7941-4dbc-819e-90820c80aa44
ell_for_eng:S0126L03C01	of the brain	του εγκεφάλου	663e4ccc-4783-4baa-853f-e10d59915650
ell_for_eng:S0126L03C02	my	μου	0924cf95-2fbc-467d-893b-ddec6bf6db97
ell_for_eng:S0130L02C01	friend	φίλος	96b3503e-e5a3-4f0e-bce7-b51385c29be4
ell_for_eng:S0130L02C02	my	μου	0924cf95-2fbc-467d-893b-ddec6bf6db97
ell_for_eng:S0131L02C01	too	πάρα	ee04a69c-6fb6-4f62-bb90-b63232032dc4
ell_for_eng:S0131L02C02	many	πολλές	446bf1d4-2db0-42c4-bf20-9dc92ff1b485
ell_for_eng:S0131L05C01	in the head	στο μυαλό	e18326a0-22c7-4a3e-9db2-ee2dba2e4090
ell_for_eng:S0131L05C02	my	μου	0924cf95-2fbc-467d-893b-ddec6bf6db97
ell_for_eng:S0133L01U06	I know you know someone	ξέρω ότι γνωρίζεις κάποιον	f94b2362-252a-422f-9b61-21f90528769d
ell_for_eng:S0133L01U07	I don't think you know someone like that	δεν νομίζω ότι γνωρίζεις κάποιον έτσι	ff3c7d19-fcea-44c9-863a-bd8a0b7649f9
ell_for_eng:S0133L01U08	if you know someone I'd like to see them	αν γνωρίζεις κάποιον θα ήθελα να τον δω	0d6c71ea-d423-42f3-ac08-94960250ce0f
ell_for_eng:S0133L03U06	I know you work better together	ξέρω ότι δουλεύετε καλύτερα μαζί	8c382382-25cf-49eb-8f8b-43716faafe59
ell_for_eng:S0133L03U07	I want to speak Greek with you	θέλω να μιλάω ελληνικά μαζί σου	a54a05d6-538f-49eb-b6c1-b6394fee7ea2
ell_for_eng:S0134L03C01	with	μαζί	98197616-0230-42c8-8d02-0d9ea8a6625c
ell_for_eng:S0134L03C02	them	τους	70266235-385c-4fdc-8b2c-a4b163a9a11a
ell_for_eng:S0136L02U06	I think you can speak more slowly	νομίζω ότι μπορείς να μιλάς πιο αργά	49a26bad-7b98-4aef-b052-5e816cf10e9c
ell_for_eng:S0136L04C01	friend	φίλη	96b3503e-e5a3-4f0e-bce7-b51385c29be4
ell_for_eng:S0136L04C02	my	μου	0924cf95-2fbc-467d-893b-ddec6bf6db97
ell_for_eng:S0138L02C01	us	μας	8491f6ad-3bc9-483a-af37-2a5694942335
ell_for_eng:S0138L02C02	to meet	να συναντήσει	3f744058-7d18-4f9a-beb9-1872b7a60ad2
ell_for_eng:S0138L03C01	the friend	ο φίλος	dec3e0a9-d23d-4dc0-b587-d0266306f2d9
ell_for_eng:S0138L03C02	my	μου	0924cf95-2fbc-467d-893b-ddec6bf6db97
ell_for_eng:S0139L02C01	I need to	χρειάζεται να	b7e3e30e-da06-40da-b5fc-21522b89f943
ell_for_eng:S0139L02C02	leave	φύγω	bff53d16-6fca-47aa-b6ea-f94dc14629c8
ell_for_eng:S0140L01C01	I can	μπορώ	dee629fc-65b4-4a50-ba8e-c6cb2fc0bae6
ell_for_eng:S0140L01C02	see	δω	4e82c549-7cc2-4d07-a327-000dd937eb33
ell_for_eng:S0142L02C01	on behalf	από μέρους	409a79f6-df45-418b-9390-86ad151353c2
ell_for_eng:S0142L02C02	of you	σου	bd878f28-6440-4efe-803b-f3f6bc3e22b9
ell_for_eng:S0142L03C01	to you	σου	eca20921-bdf1-430c-b036-f03f488dfd2f
ell_for_eng:S0142L03C02	I am grateful	είμαι ευγνώμων	b7fb4d6e-a959-4795-bea2-7ecda29fd6d7
ell_for_eng:S0143L02C01	for	για	804f6715-6a80-4f23-b028-a215491a6ca6
ell_for_eng:S0143L02C02	which	το οποίο	bac847fc-1811-4d7c-bdd7-9d80585c6ba6
ell_for_eng:S0144L03C01	today	σήμερα	9803b1bf-14e4-49d1-a5bb-524a46fef3e9
ell_for_eng:S0144L03C02	morning	το πρωί	d73803cc-b3f1-45dc-905d-ecfb52f2b8c4
ell_for_eng:S0146L01U06	I know nothing important will happen tomorrow	ξέρω ότι τίποτα σημαντικό δεν θα γίνει αύριο	4300e518-066b-4e6c-b156-712d1b25f739
ell_for_eng:S0146L04C01	from	από	19c6a5df-b213-4ab9-94b4-8642f47dd065
ell_for_eng:S0146L04C02	that time	τότε που	894b871c-75f1-465b-a05c-adb280131db6
ell_for_eng:S0149L04U06	I'm almost ready to leave soon	είμαι σχεδόν έτοιμος να φύγω σύντομα	1667fdf2-2cb5-425d-9f19-4abee87e287b
ell_for_eng:S0152L01C01	would	θα	748ef0a1-3573-4791-90ec-7d54efdba3f3
ell_for_eng:S0152L01C02	done it	το έκανα	ada231d0-fe93-4b9f-aac0-53136f255ac0
ell_for_eng:S0152L03U04	I believe it would have been good if I knew	πιστεύω ότι θα ήταν καλά αν ήξερα	c345170b-d579-43ac-81af-52625f23d62f
ell_for_eng:S0153L01C01	would	θα	748ef0a1-3573-4791-90ec-7d54efdba3f3
ell_for_eng:S0153L01C02	said it	το έλεγα	8ebf26ab-9c35-4e93-84d4-7b6223f4a35d
ell_for_eng:S0153L03C01	in the same	με τον ίδιο	3305c971-4810-43f6-8875-9968c3eb5021
ell_for_eng:S0153L03C02	way	τρόπο	a5b8a950-2a1c-4dbe-bc84-dc3aba22d13c
ell_for_eng:S0155L04C01	tomorrow	αύριο	350e6bee-9b36-40a7-92ca-4c712cffab1d
ell_for_eng:S0155L04C02	morning	το πρωί	d73803cc-b3f1-45dc-905d-ecfb52f2b8c4
ell_for_eng:S0157L01C01	I won't	δεν θα	a0578093-68a3-465f-be92-fd434dc5744d
ell_for_eng:S0157L01C02	be able to	μπορέσω να	0fad4556-f92e-46bc-b83c-54fc84b7b347
ell_for_eng:S0158L02C01	about	για	f78728eb-f19a-404c-a8a9-cf843d3ae29e
ell_for_eng:S0158L02C02	something else	κάτι άλλο	f411c01a-870a-42ff-964c-e7c0d45b1265
ell_for_eng:S0160L02C01	this	αυτή	9e7324cf-60d6-4f43-a9d5-ca39b46adfc6
ell_for_eng:S0160L02C02	the word	η λέξη	4d5cfd28-f0c5-4f36-a8b2-d5b6e4c23cd5
ell_for_eng:S0160L02U06	I can't remember how this word is said	δεν μπορώ να θυμηθώ πώς λέγεται αυτή η λέξη	4a557ee7-ba8d-4ca6-8383-fca8aa141117
ell_for_eng:S0161L04C01	on Sunday	την Κυριακή	d47a04c0-11e0-497a-9fb5-1260f9a1f277
ell_for_eng:S0161L04C02	morning	το πρωί	d73803cc-b3f1-45dc-905d-ecfb52f2b8c4
ell_for_eng:S0163L01C01	I think	νομίζω	3e6825b0-3208-4162-ac6f-c61f58d64553
ell_for_eng:S0163L01C02	that	ότι	695dc24d-82f7-4d78-beb6-3da5a917be3a
ell_for_eng:S0166L01C01	the name	το όνομά	32b18121-03e5-41af-bb8a-5a04dd90a267
ell_for_eng:S0166L01C02	my	μου	0924cf95-2fbc-467d-893b-ddec6bf6db97
ell_for_eng:S0167L01C01	you need to	χρειάζεται να	b1753117-cad2-4e91-b7de-b72e5729ae60
ell_for_eng:S0167L01C02	do	κάνεις	4ee76bd3-b298-48c9-be72-64e2ca5ee115
ell_for_eng:S0167L02C01	tomorrow	αύριο	350e6bee-9b36-40a7-92ca-4c712cffab1d
ell_for_eng:S0167L02C02	afternoon	το απόγευμα	673e8541-a812-4c95-a53e-fe3fab8a7d6f
ell_for_eng:S0168L02C01	I'll be able to	θα μπορέσω να	a799c369-6f5b-4f89-89c1-2a7c7c03543d
ell_for_eng:S0168L02C02	come	έρθω	09175fb8-5421-4571-a43d-eb0ed9f03fd8
ell_for_eng:S0168L03C01	and	και	a5c4e631-741d-4868-9365-a48b787e4e5a
ell_for_eng:S0168L03C02	help	να βοηθήσω	ce8c4516-54d3-46fa-a145-01e3f7ba718b
ell_for_eng:S0170L01C01	I'd like	θα ήθελα	6c3afcbc-27ad-4f4e-9002-f83158d692f1
ell_for_eng:S0170L01C02	you to tell me	να μου πεις	6bd5fcdf-79e1-449e-b786-50a3be1406d2
ell_for_eng:S0172L02C01	that	αυτό	695dc24d-82f7-4d78-beb6-3da5a917be3a
ell_for_eng:S0172L02C02	would be	θα ήταν	6ce856f9-f137-49c9-8cc9-5727e6a52f38
ell_for_eng:S0175L01C01	you want to	θέλεις να	39df7b61-9941-4921-849d-135badcd1a18
ell_for_eng:S0175L01C02	do	κάνεις	4ee76bd3-b298-48c9-be72-64e2ca5ee115
ell_for_eng:S0176L01C01	I'll ask	θα ρωτήσω	3463f41c-4341-43a9-885f-35d902b9ea9e
ell_for_eng:S0176L01C02	him	τον	6852ea0c-6a91-411f-93ed-bc8dd5d1c373
ell_for_eng:S0176L03C01	the next	τον επόμενο	81544037-8b1a-47f8-bc3f-82257b7ba05c
ell_for_eng:S0176L03C02	year	χρόνο	44d02f70-dc0e-4619-9112-3fc950a70b3d
ell_for_eng:S0177L01C01	I'll ask	θα ρωτήσω	3463f41c-4341-43a9-885f-35d902b9ea9e
ell_for_eng:S0177L01C02	her	τη	12812c1c-88cd-4610-a58c-b9b6348c5b80
ell_for_eng:S0178L03C01	I wanted to	ήθελα να	dfaf495d-2289-4283-b15e-0a56c81320c3
ell_for_eng:S0178L03C02	see you	σε δω	99b15bba-ba6d-4056-a296-537744f22d27
ell_for_eng:S0179L01C01	will	θα	d50a22f3-c52d-40eb-88a4-82cfe43003f9
ell_for_eng:S0179L01C02	do	κάνεις	4ee76bd3-b298-48c9-be72-64e2ca5ee115
ell_for_eng:S0180L01C01	I'd like	θα ήθελα	6c3afcbc-27ad-4f4e-9002-f83158d692f1
ell_for_eng:S0180L01C02	to read	να διαβάσω	f8fe12ff-a22e-4dec-adb2-2969cab7f481
ell_for_eng:S0180L02C01	the book	το βιβλίο	bc1176fa-e159-4fce-a8a4-0cf15184038f
ell_for_eng:S0180L02C02	my	μου	0924cf95-2fbc-467d-893b-ddec6bf6db97
ell_for_eng:S0181L02C01	the mother	τη μητέρα	80c8b79d-e2c8-48bf-92ab-108011450e10
ell_for_eng:S0181L02C02	my	μου	0924cf95-2fbc-467d-893b-ddec6bf6db97
ell_for_eng:S0182L02C01	the keys	τα κλειδιά	9a962d27-7e39-477f-9ad0-7a4c26e278a0
ell_for_eng:S0182L02C02	my	μου	0924cf95-2fbc-467d-893b-ddec6bf6db97
ell_for_eng:S0183L01C01	I'm afraid	φοβάμαι	304d1283-e426-4044-a063-62d1edcca238
ell_for_eng:S0183L01C02	that	ότι	695dc24d-82f7-4d78-beb6-3da5a917be3a
ell_for_eng:S0183L02C01	haven't seen	δεν έχω δει	89406d73-97b1-4f76-8684-e600ca13f3c5
ell_for_eng:S0183L02C02	them	τα	70266235-385c-4fdc-8b2c-a4b163a9a11a
ell_for_eng:S0183L02U06	I don't know why I haven't seen them	δεν ξέρω γιατί δεν τα έχω δει	a5265691-1c05-4e56-9dbd-d8d28922c0b0
ell_for_eng:S0184L04C01	ago	πριν από	343b9293-67fc-48c0-b935-765425a76590
ell_for_eng:S0184L04C02	a while	λίγο	d640a46c-a7d5-4c9d-9b17-e7bed9691680
ell_for_eng:S0186L01C01	you want to	θέλεις να	39df7b61-9941-4921-849d-135badcd1a18
ell_for_eng:S0186L01C02	talk	μιλήσουμε	ec37681e-e72d-46ae-8f47-edc9be1aaf08
ell_for_eng:S0186L05C01	the next	την επόμενη	81544037-8b1a-47f8-bc3f-82257b7ba05c
ell_for_eng:S0186L05C02	week	εβδομάδα	5c0abd9a-74f6-4504-870e-bd90ac1498ab
ell_for_eng:S0187L03C01	until	μέχρι	ce9a2b33-4a98-4e8d-b28a-97275fdfa65b
ell_for_eng:S0187L03C02	now	στιγμής	e2e47d03-d05e-4bfa-80f4-1f617865849b
ell_for_eng:S0188L03C01	I need to	χρειάζεται να	b7e3e30e-da06-40da-b5fc-21522b89f943
ell_for_eng:S0188L03C02	change	αλλάξω	510f814f-70bb-49b0-bb13-959ba4ee7280
ell_for_eng:S0189L05C01	good	καλή	3f1a4f3f-27f1-466c-8329-47e55f76b62a
ell_for_eng:S0189L05C02	idea	ιδέα	5248bdfd-8090-4b71-b3b9-a971e7946f71
ell_for_eng:S0190L01C01	do you mind	σε πειράζει	fd42aa5a-e5b2-403c-9db6-9e03f4429192
ell_for_eng:S0190L01C02	if	αν	3b0fd689-44d0-435d-a4a0-b92584ac6a18
ell_for_eng:S0192L03C01	tomorrow	αύριο	350e6bee-9b36-40a7-92ca-4c712cffab1d
ell_for_eng:S0192L03C02	night	το βράδυ	ddca3292-2394-4eed-825a-2b3bb5a1bdae
ell_for_eng:S0195L01C01	I'm trying to	προσπαθώ να	80543701-25ef-441a-9b6e-34f1d54f8007
ell_for_eng:S0195L01C02	find	βρω	280c660a-de6a-4281-8a59-d796a8a18f68
ell_for_eng:S0196L01C01	have you	έχεις	0f9487ff-3bc4-4c35-9f77-e7513befde4f
ell_for_eng:S0196L01C02	heard	ακούσει	20c27e1a-f2ef-41b4-be97-a5dc1c662ddb
ell_for_eng:S0196L02C01	the most recent	την πιο πρόσφατη	2934c72f-9acc-4f20-837c-4e4c62e73193
ell_for_eng:S0196L02C02	idea	ιδέα	5248bdfd-8090-4b71-b3b9-a971e7946f71
ell_for_eng:S0197L01C01	the son	ο γιος	b79b73bd-4d1e-4a3f-bb39-15e18ecd2cc6
ell_for_eng:S0197L01C02	my	μου	0924cf95-2fbc-467d-893b-ddec6bf6db97
ell_for_eng:S0198L01C01	the daughter	η κόρη	2a9e9e27-ea7b-4904-a0cd-f634ed7240f5
ell_for_eng:S0198L01C02	my	μου	0924cf95-2fbc-467d-893b-ddec6bf6db97
ell_for_eng:S0199L01C01	the friend	ο φίλος	dec3e0a9-d23d-4dc0-b587-d0266306f2d9
ell_for_eng:S0199L01C02	my	μου	0924cf95-2fbc-467d-893b-ddec6bf6db97
ell_for_eng:S0200L02C01	they want to	θέλουν να	7535d609-cf7a-4cfa-b966-75a484b11c40
ell_for_eng:S0200L02C02	make sure	βεβαιωθούν	7edbf87b-3da5-4201-a28a-75c6fe178790
ell_for_eng:S0201L01C01	we wanted to	θέλαμε να	4e4e3658-9515-49e2-b275-5faa67ba1993
ell_for_eng:S0201L01C02	know	ξέρουμε	3a472a87-eedf-49dd-98db-d2593526b91c
ell_for_eng:S0201L03C01	would	θα	748ef0a1-3573-4791-90ec-7d54efdba3f3
ell_for_eng:S0201L03C02	happen	γινόταν	2e7b0ca1-713f-467d-bc58-44924822f388
ell_for_eng:S0202L02C01	how	πώς	af1b4188-bd5c-40a4-a8e3-2d9eebe18d31
ell_for_eng:S0202L02C02	to answer	να απαντήσει	73b5edea-130b-43ab-86b3-b8ca7a419a74
ell_for_eng:S0202L02U03	nobody was sure how to answer	κανείς δεν ήταν σίγουρος πώς να απαντήσει	a50cf0e2-37fe-4a8b-a453-23966765adeb
ell_for_eng:S0202L02U04	I know nobody was sure how to answer	ξέρω ότι κανείς δεν ήταν σίγουρος πώς να απαντήσει	571987bf-719e-4669-be3a-ff54a028ceed
ell_for_eng:S0202L02U05	I think nobody is sure how to answer	νομίζω ότι κανείς δεν είναι σίγουρος πώς να απαντήσει	31ea1402-8558-44b5-a7e3-854164d4cfb7
ell_for_eng:S0202L02U06	I want to know how to answer	θέλω να ξέρω πώς να απαντήσει	0ff59e7c-5a79-440d-a038-494831ea99f0
ell_for_eng:S0202L03U06	I don't know how to answer the question quickly	δεν ξέρω πώς να απαντήσω στην ερώτηση γρήγορα	78324be0-1c85-4eca-991b-f0a6416a6ee6
ell_for_eng:S0202L03U07	I'm trying to answer the question	προσπαθώ να απαντήσω στην ερώτηση	ff0add9f-c2ff-4cc2-ad82-ecf7387a9fc9
ell_for_eng:S0202L03U08	it was difficult to answer the question	ήταν δύσκολο να απαντήσω στην ερώτηση	9f6646fa-5fa6-4c7a-8cd4-94b22a5b6aea
ell_for_eng:S0203L02C01	would	θα	748ef0a1-3573-4791-90ec-7d54efdba3f3
ell_for_eng:S0203L02C02	do	έκανες	4ee76bd3-b298-48c9-be72-64e2ca5ee115
ell_for_eng:S0205L01C01	have	έχω	9df35a96-5b69-4bd0-9163-1a02015fe87f
ell_for_eng:S0205L01C02	forgotten	ξεχάσει	b89a61f5-d12e-46bb-ab4f-fd4bc1d1e7ca
ell_for_eng:S0205L04C01	I was trying to	προσπαθούσα να	5524e627-e37f-48ce-a564-1cc77d08bcbd
ell_for_eng:S0205L04C02	say	πω	ed327ebc-3fa9-458c-9c44-3d61777c2d50
ell_for_eng:S0207L02C01	what	ό,τι	2151d2eb-445a-48a2-b2c2-bb3b5a8e8f8c
ell_for_eng:S0207L02C02	was needed	χρειαζόταν	e66431e8-4172-4e44-bf91-47aa888c7675
ell_for_eng:S0208L03C01	how	πώς	af1b4188-bd5c-40a4-a8e3-2d9eebe18d31
ell_for_eng:S0208L03C02	to say it	να το πω	ca3020e1-e05b-450a-a87e-75e423bacb4e
ell_for_eng:S0209L01C01	they want to	θέλουν να	7535d609-cf7a-4cfa-b966-75a484b11c40
ell_for_eng:S0209L01C02	spend time	περνούν	97e7913d-b56d-46bf-9b31-0d947ab63f25
ell_for_eng:S0209L02U05	I want to learn more	θέλω να μάθω περισσότερο	c7e13eb9-3ad5-4c58-9e3e-f2043648ce69
ell_for_eng:S0210L02C01	we need to	χρειάζεται να	20ec81ca-4f6b-4443-b090-887974ce5bd4
ell_for_eng:S0210L02C02	discuss	συζητήσουμε	7e5eb49c-5072-4e38-acb8-d68a1fdfd57d
ell_for_eng:S0211L01U04	they told us something different	μας είπαν κάτι διαφορετικό	6bc6ecf1-597e-43f6-b902-f12e1b60f061
ell_for_eng:S0212L03U06	I know I need help	ξέρω ότι χρειάζομαι βοήθεια	6e79d708-3393-47d2-9541-ada122920c60
ell_for_eng:S0215L03C01	Saturday	Σάββατο	3580ff3a-7ebb-40b6-b477-6477946d7b39
ell_for_eng:S0215L03C02	night	βράδυ	ddca3292-2394-4eed-825a-2b3bb5a1bdae
ell_for_eng:S0221L03U04	I did a lot and then I watched a film	έκανα πολλά και μετά είδα μια ταινία	4787705e-82ed-4c0c-971a-578ee4d76055
ell_for_eng:S0227L03C01	will	θα	d50a22f3-c52d-40eb-88a4-82cfe43003f9
ell_for_eng:S0227L03C02	tell me	μου πει	19f1b4d9-159f-4e27-9110-ab8ec3d29f08
ell_for_eng:S0230L06C01	with	μαζί	98197616-0230-42c8-8d02-0d9ea8a6625c
ell_for_eng:S0230L06C02	you	σου	0b77c0fe-96e0-4ade-9418-e4e906066e11
ell_for_eng:S0231L02C01	an old	έναν ηλικιωμένο	0132c634-6670-466b-8eea-5bf833640404
ell_for_eng:S0231L02C02	man	άντρα	743c1416-2ef3-4837-9abc-f21dfb3c8957
ell_for_eng:S0232L02C01	an old	μια ηλικιωμένη	0132c634-6670-466b-8eea-5bf833640404
ell_for_eng:S0232L02C02	woman	γυναίκα	6cd8e717-c409-4b67-9cfb-518ef4d7a897
ell_for_eng:S0233L02C01	a young	μια νεαρή	df3c3e49-abd8-4b19-86e0-bfc350c98efb
ell_for_eng:S0233L02C02	woman	γυναίκα	6cd8e717-c409-4b67-9cfb-518ef4d7a897
ell_for_eng:S0233L05C01	the sister	την αδερφή	e51718db-56f3-400d-a97f-2b6285f61071
ell_for_eng:S0233L05C02	your	σου	a0ca2893-fe88-4d1d-908a-72a1935e3b70
ell_for_eng:S0234L03C01	yesterday	χτες	26ede807-4cee-4f40-a56e-2d800861047d
ell_for_eng:S0234L03C02	evening	βράδυ	d4141067-7689-4e1a-9a61-7bc246417e2b
ell_for_eng:S0235L04C01	you	σου	0b77c0fe-96e0-4ade-9418-e4e906066e11
ell_for_eng:S0235L04C02	to tell	να πει	d84649c1-37bd-4404-a409-98363e1cc184
ell_for_eng:S0236L01U01	I know someone who was trying to help	γνωρίζω κάποιον που προσπαθούσε να βοηθήσει	7267d6ef-d3f8-41a4-84c8-78eb4a4831a0
ell_for_eng:S0236L01U02	I know someone who wanted to help	γνωρίζω κάποιον που ήθελε να βοηθήσει	42f4ecf9-2522-42c7-be09-349401e22fd8
ell_for_eng:S0236L01U03	I know someone who was here yesterday	γνωρίζω κάποιον που ήταν εδώ χτες	64c584de-125a-4a54-af6a-6be357fefd67
ell_for_eng:S0236L01U04	I know someone who knew the answer	γνωρίζω κάποιον που ήξερε την απάντηση	006ee86c-96c1-42ed-8c0d-1571043357ed
ell_for_eng:S0240L03U06	he doesn't want to stop now	δεν θέλει να σταματά τώρα	e52d48f5-36e7-4edc-a6d1-beaf271a9138
ell_for_eng:S0240L03U07	she doesn't need to stop talking	δεν χρειάζεται να σταματά να μιλάει	cadfb1ff-7b75-461d-b9e1-f8c4ea53adb3
ell_for_eng:S0242L02C01	her	της	12812c1c-88cd-4610-a58c-b9b6348c5b80
ell_for_eng:S0242L02C02	to give	να δώσω	422cf3ad-66f8-433f-b7a0-070eeede6c63
ell_for_eng:S0245L03C01	with	με	98197616-0230-42c8-8d02-0d9ea8a6625c
ell_for_eng:S0245L03C02	how much	το πόσα	e17f904c-35dc-4435-b9eb-d2dc1e19176d
ell_for_eng:S0245L04C01	have	έχω	9df35a96-5b69-4bd0-9163-1a02015fe87f
ell_for_eng:S0245L04C02	done	κάνει	9ba4f789-a40f-4047-91fe-9165aa024dea
ell_for_eng:S0245L05C01	in	σε	cf07d973-d7e6-4092-89ab-afeebe71526e
ell_for_eng:S0245L05C02	a short time	λίγο χρόνο	b5aa8b9d-0bb9-4252-88a3-440e17542553
ell_for_eng:S0246L02C01	you	σε	0b77c0fe-96e0-4ade-9418-e4e906066e11
ell_for_eng:S0246L02C02	to help	να βοηθήσει	7f02ce95-c34e-4bf5-8494-abe322c312d3
ell_for_eng:S0251L03U05	she was busy until Sunday	ήταν απασχολημένη μέχρι την Κυριακή	1ce55fe7-3639-4712-b728-50d16831b494
ell_for_eng:S0255L01C01	you think	νομίζεις	86a96b60-9e9b-4baf-b677-84fffdc508f8
ell_for_eng:S0255L01C02	that	ότι	695dc24d-82f7-4d78-beb6-3da5a917be3a
ell_for_eng:S0257L02C01	the blue	το μπλε	4d18cbc0-a107-4e56-8ebc-4f6b991cc084
ell_for_eng:S0257L02C02	thing	πράγμα	73a02beb-16b7-40e4-904c-6bc45c19b6e5
ell_for_eng:S0266L02C01	of the father	του πατέρα	b81b9346-d321-48d4-b69b-b9e91e1a1597
ell_for_eng:S0266L02C02	my	μου	0924cf95-2fbc-467d-893b-ddec6bf6db97
ell_for_eng:S0270L01C01	I worry	ανησυχώ	8a4b1139-f785-4915-aa93-6d6cf68fc404
ell_for_eng:S0270L01C02	that	ότι	695dc24d-82f7-4d78-beb6-3da5a917be3a
ell_for_eng:S0270L02C01	will	θα	d50a22f3-c52d-40eb-88a4-82cfe43003f9
ell_for_eng:S0270L02C02	be late	αργήσω	07123455-9e73-4f1e-9678-e46b3045551a
ell_for_eng:S0275L01U06	I want to learn a little more	θέλω να μάθω λίγο περισσότερο	f10ed3d7-b0a9-4f1c-b416-5df2f928f88d
ell_for_eng:S0278L04C01	yesterday	χτες	26ede807-4cee-4f40-a56e-2d800861047d
ell_for_eng:S0278L04C02	night	το βράδυ	ddca3292-2394-4eed-825a-2b3bb5a1bdae
ell_for_eng:S0280L03C01	the most	την πιο	3329e58f-c52c-40a6-8400-5b64ba8e7af7
ell_for_eng:S0280L03C02	important	σημαντική	613e40a1-7c58-47a8-9b50-ced92c6657aa
ell_for_eng:S0280L03U06	I can do the most important job	μπορώ να κάνω την πιο σημαντική δουλειά	2afc683e-6505-447a-8fe3-52cb3414c9ec
ell_for_eng:S0284L01U01	I'm happy you know someone here	είμαι χαρούμενος που γνωρίζεις κάποιον εδώ	4c6742b4-3520-4eb6-ac75-1b13bad7da83
ell_for_eng:S0284L01U02	do you know someone who was here yesterday?	γνωρίζεις κάποιον που ήταν εδώ χτες;	377eec47-41b1-4a61-92fc-c176af782831
ell_for_eng:S0284L01U03	I think you know someone who wanted to help	νομίζω ότι γνωρίζεις κάποιον που ήθελε να βοηθήσει	776bd301-49e3-4c45-a8fa-6595ab539002
ell_for_eng:S0284L01U04	I didn't know you knew someone here	δεν ήξερα ότι γνωρίζεις κάποιον εδώ	9c463f85-1fb5-4155-a805-24669490c9fd
ell_for_eng:S0284L02U05	I'd like to get to know the friend	θα ήθελα να γνωρίσω τη φίλη	8eb970c7-52a1-4d03-aa8f-f1307c31f6ad
ell_for_eng:S0287L01U04	I think I know how many people	νομίζω ότι ξέρω πόσους ανθρώπους	56f69cbe-9c87-4b1f-85b4-ac145d4e8f48
ell_for_eng:S0300L02U04	why does she seem unfriendly to everyone?	γιατί φαίνεται αντιπαθής σε όλους;	2235fd5a-2055-46f5-b99d-d19fc5aa1c65
