{
  "results": [
    {
      "improved": 34,
      "totalFlagged": 37,
      "newAvg": 9.45434131736527
    }
  ],
  "final_avg": 9.45434131736527
}
