[dotenv@17.2.3] injecting env (22) from .env -- tip: ⚙️  override existing env vars with { override: true }

scoped to seeds 1-50: 3568 clip(s) referenced
tail check ON — one S3 fetch and one decode per clip, 8 at a time; this is not instant.
[dotenv@17.2.3] injecting env (0) from .env -- tip: 🔄 add secrets lifecycle management: https://dotenvx.com/ops
[language-code-service] Loaded 488 language codes from CSV
[language-code-service] TTS configured: 104 Azure, 75 ElevenLabs, 79 Google
[language-code-service] Legacy mappings: 93 total (95 from CSV)
  measured 250/3568 (32.7/s, ~2m left)     measured 500/3568 (40.4/s, ~1m left)     measured 750/3568 (43.5/s, ~1m left)     measured 1000/3568 (45.2/s, ~1m left)     measured 1250/3568 (46.0/s, ~1m left)     measured 1500/3568 (46.8/s, ~1m left)     measured 1750/3568 (47.2/s, ~1m left)     measured 2000/3568 (47.6/s, ~1m left)     measured 2250/3568 (48.0/s, ~0m left)     measured 2500/3568 (48.2/s, ~0m left)     measured 2750/3568 (48.3/s, ~0m left)     measured 3000/3568 (48.4/s, ~0m left)     measured 3250/3568 (48.3/s, ~0m left)     measured 3500/3568 (48.3/s, ~0m left)   

audio-repair queue — eng_for_mar
detector: duration-vs-expected
  Unmeasured against human-labelled ground truth. Orders the queue only — it never passes audio. The tail-defect detector it replaces measured ~9% precision by ear (2026-08-05).
detector: tail-integrity
  Recall 3/3 against the only human-labelled ground truth that exists (Tom, deu_for_eng, 2026-08-05) — three clips is far too few for a precision figure, and none is claimed. Like-for-like control: fresh renders of the same 93 texts through the same voices moved the median release 20ms -> 115ms, and 92 of 93 stopped tripping this check, so the flags are not an artefact of which phoneme a word ends on. That says the shipped clips are anomalous; it does NOT say a human hears all 93 as damaged. Orders the queue only; it never passes audio.
  measured 3568 clip(s); 0 could not be measured

912 clip(s) worth a human's ears (905 by duration, 23 by tail); showing 912, worst first.

     15ms  target2         1416ms  "what's going to happen tomorrow?"
           068f71c5-8187-4c0b-947a-878bba2f44fe  rev 1  — ends abruptly — 15ms from full speech level to silence (natural endings measure ~80ms); and speaks 25.4 chars/sec against a 18.9 baseline
     15ms  target1         1344ms  "did you want to show something?"
           fcb3dba3-e8f9-4fc6-93e2-b1641b23b233  rev 1  — ends abruptly — 15ms from full speech level to silence (natural endings measure ~80ms); and speaks 25.8 chars/sec against a 18.3 baseline
     15ms  target1         2160ms  "I'm trying to remember a word and a sentence"
           11aab8a9-28e9-474a-83ab-f16826c2c390  rev 1  — ends abruptly — 15ms from full speech level to silence (natural endings measure ~80ms)
     15ms  target1         1464ms  "I like speaking quickly"
           08c2dec4-7a83-4087-9b4b-8458e6925020  rev 1  — ends abruptly — 15ms from full speech level to silence (natural endings measure ~80ms)
     20ms  target1         1752ms  "how long have you been learning something?"
           78bbd436-d674-4228-b337-472379b68bc1  rev 1  — ends abruptly — 20ms from full speech level to silence (natural endings measure ~80ms); and speaks 26.3 chars/sec against a 18.3 baseline
     20ms  target1         1632ms  "I'm trying to say a word"
           09d50d20-9df0-4abd-aa97-e85eafb18f6b  rev 1  — ends abruptly — 20ms from full speech level to silence (natural endings measure ~80ms)
     25ms  target2         1512ms  "how long have you been learning to speak?"
           bea854c0-2804-418c-9ade-d6598fac1a85  rev 1  — ends abruptly — 25ms from full speech level to silence (natural endings measure ~80ms); and speaks 30 chars/sec against a 18.9 baseline
     25ms  target2         1104ms  "did you want to show something?"
           c47c5240-31e2-4ec8-91ed-eb1c67d7789f  rev 1  — ends abruptly — 25ms from full speech level to silence (natural endings measure ~80ms); and speaks 32.8 chars/sec against a 18.9 baseline
     25ms  target1         1416ms  "it's useful to read a little"
           663808f2-5b90-4d1c-8155-d9b5f9d19533  rev 1  — ends abruptly — 25ms from full speech level to silence (natural endings measure ~80ms); and speaks 22.2 chars/sec against a 18.3 baseline
     25ms  target2         1272ms  "I've been learning a little"
           886cadba-3ad4-453e-9cf4-a46627ee6303  rev 1  — ends abruptly — 25ms from full speech level to silence (natural endings measure ~80ms); and speaks 24.3 chars/sec against a 18.9 baseline
     20ms  target1         1824ms  "but I'm a little tired quickly"
           dbc774aa-00ce-43ef-9437-9fb9a248e460  rev 1  — ends abruptly — 20ms from full speech level to silence (natural endings measure ~80ms)
     25ms  target1         2400ms  "I want to say something after speaking with you"
           0471fd87-6c01-4973-8494-5f09905f640e  rev 1  — ends abruptly — 25ms from full speech level to silence (natural endings measure ~80ms)
     30ms  target1         1176ms  "I don't like to answer quickly"
           3f30cb0a-2b6c-46af-ae65-78bb89ac30df  rev 1  — ends abruptly — 30ms from full speech level to silence (natural endings measure ~80ms); and speaks 29.4 chars/sec against a 18.3 baseline
     25ms  target1         1008ms  "to show something"
           7d9b37b7-1da0-478e-9565-ba8ba1898b0f  rev 1  — ends abruptly — 25ms from full speech level to silence (natural endings measure ~80ms)
     25ms  target1         2064ms  "did you want to read something carefully?"
           94756744-4a30-477a-a971-144d517e7674  rev 1  — ends abruptly — 25ms from full speech level to silence (natural endings measure ~80ms)
     30ms  target2         1056ms  "did you want to read a little?"
           ef5f1129-7f04-4bd7-a4f0-75b11eeaf655  rev 1  — ends abruptly — 30ms from full speech level to silence (natural endings measure ~80ms); and speaks 33.5 chars/sec against a 18.9 baseline
     25ms  target1         1512ms  "feel okay this morning"
           02ff5b50-68c7-422f-835c-deaa2a0c2f61  rev 1  — ends abruptly — 25ms from full speech level to silence (natural endings measure ~80ms)
     25ms  target1         1464ms  "you feel okay tonight"
           d8b6d0c3-72c3-4180-96e4-404ba74fa240  rev 1  — ends abruptly — 25ms from full speech level to silence (natural endings measure ~80ms)
     30ms  target2         2496ms  "I'm trying to remember a word and a sentence"
           c0caf277-3cf8-4633-87d9-3f411e8e6b3b  rev 1  — ends abruptly — 30ms from full speech level to silence (natural endings measure ~80ms)
     30ms  target2         1488ms  "to start talking quickly"
           713275fa-4b80-4b0a-a1e3-d4f54c77c350  rev 1  — ends abruptly — 30ms from full speech level to silence (natural endings measure ~80ms)
     30ms  target1         1296ms  "the story this morning"
           9eefa4bb-564e-43ac-a389-53e250779bd1  rev 1  — ends abruptly — 30ms from full speech level to silence (natural endings measure ~80ms)
     30ms  target1         1440ms  "I think that in English"
           1b9129be-a1f8-422a-af26-51f08311acb5  rev 1  — ends abruptly — 30ms from full speech level to silence (natural endings measure ~80ms)
     30ms  target1         2160ms  "you wanted to know a good thing carefully"
           338d37e0-5ac8-48b5-b5e6-47704c16dc5b  rev 1  — ends abruptly — 30ms from full speech level to silence (natural endings measure ~80ms)
    0.526  target2         1464ms  "I wanted to speak a little this morning"
           7f10358b-0f32-4182-ab5d-e46618ed2c96  rev 1  — 47% shorter than its text implies
    0.564  target2         1008ms  "how do you feel a little?"
           c2bed727-d94f-47af-905f-edf630e9ad9a  rev 1  — 44% shorter than its text implies
    0.571  target2          816ms  "if you know about it"
           53441c04-465b-4f90-8aac-77f91b172a0d  rev 1  — 43% shorter than its text implies
     0.58  target2         1656ms  "how long have you been learning with me?"
           18f3511d-b1cb-4f54-901d-1ab9548a075b  rev 1  — 42% shorter than its text implies
    0.582  target2         1248ms  "I don't like to answer quickly"
           26037369-a892-44d1-94c7-bd3027f1af79  rev 1  — 42% shorter than its text implies
    0.582  target1         1248ms  "did you want to read a little?"
           75911def-eb95-491f-bafa-9ff28f1e2437  rev 1  — 42% shorter than its text implies
    0.585  target1         1128ms  "I've been learning a little"
           169432f2-de31-4524-aa05-fd7e41aab7f5  rev 1  — 42% shorter than its text implies
    0.592  target2         1776ms  "how long have you been learning something?"
           fe33a454-4c77-44b1-83dd-bf54b7945f87  rev 1  — 41% shorter than its text implies
    0.596  target2         1704ms  "I don't need to know everything about it"
           1f665e89-94d2-4ba2-a187-943e0887fefe  rev 1  — 40% shorter than its text implies
    0.598  target1         1752ms  "how long have you been learning to speak?"
           6fd6421e-4534-4bfa-bcd7-548542c5baf2  rev 1  — 40% shorter than its text implies
     0.63  target2         1440ms  "how long have you been learning?"
           68a13230-8a25-4acf-a852-95d746612212  rev 1  — 37% shorter than its text implies
    0.636  target1         2136ms  "I've been learning a little better this morning"
           76468f38-4879-436f-920b-bec943ebb97b  rev 1  — 36% shorter than its text implies
    0.638  target1         2688ms  "how long have you been learning to speak with someone
           77de6c0a-fba0-4c31-b49e-a7fc835ed211  rev 1  — 36% shorter than its text implies
     0.64  target1         1464ms  "how long have you been learning?"
           0fdfae8d-9087-4c09-9e7d-68ea3886c98f  rev 1  — 36% shorter than its text implies
    0.649  target1         4032ms  "I think that it's a good thing to make mistakes becau
           660e0cdf-9478-4253-8f2f-d649faf3c809  rev 1  — 35% shorter than its text implies
    0.652  target2         1584ms  "are you going to help me tomorrow?"
           7a606338-5ce9-4e72-9330-ac8b72eae8a4  rev 1  — 35% shorter than its text implies
    0.659  target2         1176ms  "did you want to show now?"
           357ed129-1237-45ce-baf9-7c3087697ef3  rev 1  — 34% shorter than its text implies
    0.672  target2         1632ms  "Did you want to show me something?"
           ca798aae-a7bd-402c-ac5c-b619bbce2a50  rev 1  — 33% shorter than its text implies
    0.672  target2         1488ms  "to guess what's going to happen"
           4c7e64ab-6e09-4bcd-9ba3-2e33ea9bcdce  rev 1  — 33% shorter than its text implies
    0.672  target2         1536ms  "I'm trying to show you something"
           a4f315ac-f4b5-4d76-b4c6-b0bdb83e867f  rev 1  — 33% shorter than its text implies
    0.672  target1         2592ms  "how long have you been learning to remember something
           edfa26cb-f583-4896-afdc-4d6908d09004  rev 1  — 33% shorter than its text implies
    0.678  target1         2904ms  "how long have you been learning to say something in E
           487958b5-8c73-4313-9d46-a41f0aa4b8d7  rev 1  — 32% shorter than its text implies
    0.679  target1         2232ms  "I was starting to feel better than last night."
           c3fa6f2e-fc22-44b0-9478-be628e7b7623  rev 1  — 32% shorter than its text implies
    0.679  target1         2376ms  "how long have you been learning to speak with me?"
           662537b3-c354-44b1-8a14-d76e15e5b899  rev 1  — 32% shorter than its text implies
     0.68  target1         2136ms  "did you want to show me something yesterday?"
           ee8ce1c6-fbb7-4a8f-b656-fca868f5b7ad  rev 1  — 32% shorter than its text implies
    0.681  target1         1848ms  "did you want to show me something now?"
           4456109d-c548-4076-a4d7-bc20fa95f655  rev 1  — 32% shorter than its text implies
    0.681  target1         1896ms  "I've been learning English this morning"
           ec062583-4cb4-44da-abc2-81f7be2c4914  rev 1  — 32% shorter than its text implies
    0.682  target1         1656ms  "are you learning her name quickly?"
           8d37163a-daf6-4675-96a4-e071dadcfff6  rev 1  — 32% shorter than its text implies
    0.685  target2         1224ms  "are you going to help me?"
           c03daedb-de7c-4098-a024-a4d3e5051373  rev 1  — 31% shorter than its text implies
    0.686  target1         2352ms  "did you want to show me anything this afternoon?"
           4c3a3be2-20fc-4b4e-b954-c23fdd132dd2  rev 1  — 31% shorter than its text implies
    0.686  target1         3576ms  "I don't care about making mistakes because I think th
           d8d6aa30-b658-4d19-936d-ea4092bc6f43  rev 1  — 31% shorter than its text implies
    0.688  target1         2064ms  "did you want to show me something tonight?"
           9f7dede9-625a-469a-be65-f1e95489e381  rev 1  — 31% shorter than its text implies
    0.689  target1         1968ms  "How long have you been learning English?"
           a284302a-ddd2-4bd5-a115-6b4fd1395d5f  rev 1  — 31% shorter than its text implies
    0.689  target1         1968ms  "have you been learning for about a week?"
           114cb2cc-63f7-44c4-bceb-92b19190de14  rev 1  — 31% shorter than its text implies
    0.689  target1         1968ms  "I don't need to know everything about it"
           d42c224d-877e-4ddc-97c7-6d528f49569c  rev 1  — 31% shorter than its text implies
    0.689  target1          984ms  "if you know about it"
           62c8d614-501c-430c-ac7a-c9732f488dac  rev 1  — 31% shorter than its text implies
     0.69  target1         2808ms  "I wouldn't like to guess what's going to happen tomor
           d3026302-6c85-446c-b4c8-09fe52e8bf8a  rev 1  — 31% shorter than its text implies
    0.692  target1         1680ms  "I wouldn't like to guess something"
           a58cc9d6-0335-4e08-a277-23049852bb31  rev 1  — 31% shorter than its text implies
    0.692  target2         1680ms  "she doesn't want to read the story"
           748eeab4-e66d-4861-bf96-cb5f2f31c306  rev 1  — 31% shorter than its text implies
    0.693  target1         1584ms  "what's going to happen tomorrow?"
           cef2f496-82c3-490f-b364-7fd42feeb5cc  rev 1  — 31% shorter than its text implies
    0.693  target2         2424ms  "how long have you been learning to speak with me?"
           b3e53669-74bc-4441-bbf8-3f5c2d206aa6  rev 1  — 31% shorter than its text implies
    0.693  target2         2328ms  "I've been learning a little better this morning"
           672615b3-eb42-4d0a-b0bd-debc05958c51  rev 1  — 31% shorter than its text implies
    0.694  target2         1488ms  "are you going to help me more?"
           de735d08-9dbe-47f5-b2de-9cd30c1a2f59  rev 1  — 31% shorter than its text implies
    0.695  target2         2184ms  "I'm not sure what's going to happen tomorrow"
           8c6cc1eb-d764-47f6-96ae-e6569bae5f66  rev 1  — 31% shorter than its text implies
    0.695  target1         1440ms  "you wanted to know everything"
           730340e8-b144-493d-a69a-f2bd49e8a139  rev 1  — 30% shorter than its text implies
    0.697  target2         1992ms  "How long have you been learning English?"
           b21cda71-519b-4980-ae98-845c2846b883  rev 1  — 30% shorter than its text implies
    0.697  target2         2040ms  "did you want to read about it last month?"
           cd1c6db6-9f0e-4b73-8af9-c91495e76154  rev 1  — 30% shorter than its text implies
    0.698  target1         2544ms  "I'm trying to guess what's going to happen tomorrow"
           1f32ec82-273b-46b2-8127-c27d050e94e1  rev 1  — 30% shorter than its text implies
    0.698  target1         1944ms  "did you want to read something tonight?"
           24b1841b-8ba8-4e62-87f1-79ac8435cdce  rev 1  — 30% shorter than its text implies
      0.7  target2         3000ms  "how long have you been learning to say something in E
           7d1f3069-354e-4b39-aac8-183f38e6daa3  rev 1  — 30% shorter than its text implies
      0.7  target2         2400ms  "did you want to show me anything this afternoon?"
           01157f18-1517-4787-ad20-197a01154ed3  rev 1  — 30% shorter than its text implies
    0.701  target1         2304ms  "I'd like to be able to speak with someone else"
           327e199c-1a1b-4156-8a0f-bbfb557ffeb3  rev 1  — 30% shorter than its text implies
    0.701  target2         1152ms  "if you know what I mean"
           9cb2e236-e5a5-4456-9c1a-c1bd3661f472  rev 1  — 30% shorter than its text implies
    0.702  target1         1704ms  "Did you want to show me something?"
           14819549-0087-4be0-8ca8-7dbf3dcbc699  rev 1  — 30% shorter than its text implies
    0.703  target1         2208ms  "I'm not sure what's going to happen tomorrow"
           8062b8d2-f339-4ce7-9f61-2b3c8d5cc8dc  rev 1  — 30% shorter than its text implies
    0.703  target1         1656ms  "did you want to show me anything?"
           5388ad91-4e2f-4f8c-8ef7-1c18f594e14b  rev 1  — 30% shorter than its text implies
    0.703  target2         2160ms  "she doesn't want to read anything carefully"
           2ffe9455-76d6-4492-b35f-de5802ae1e8e  rev 1  — 30% shorter than its text implies
    0.703  target1         2160ms  "she doesn't want to read anything carefully"
           3eed1cde-4b83-4e6d-ae97-5c1652f6f025  rev 1  — 30% shorter than its text implies
    0.703  target1         2160ms  "I've been learning carefully this afternoon"
           7e61dd5a-c7ab-4297-8251-67e7ee9c8c54  rev 1  — 30% shorter than its text implies
    0.704  target2         1608ms  "are you going to help me easily?"
           b243dafd-5330-4d83-a007-f3a1f96fd715  rev 1  — 30% shorter than its text implies
    0.704  target2         2112ms  "she was starting to feel better in English"
           26987aeb-4241-4aee-8a10-95a2b676bedd  rev 1  — 30% shorter than its text implies
    0.704  target2         3672ms  "I don't care about making mistakes because I think th
           8a2b620b-d69b-4507-89ad-dc7f8bb96baa  rev 1  — 30% shorter than its text implies
    0.705  target1         1560ms  "to guess what's going to happen"
           02f60f2c-3460-4654-9542-bfa88442a23d  rev 1  — 30% shorter than its text implies
    0.706  target1         2472ms  "She doesn't want to read anything this afternoon."
           eb5bfa04-7ffb-4492-9acb-f598e8f9da3d  rev 1  — 29% shorter than its text implies
    0.707  target2         1464ms  "how do you feel this morning?"
           c1d73082-6e24-4727-b18c-ecbac4b205e3  rev 1  — 29% shorter than its text implies
    0.708  target1         1872ms  "I want to remember something with you"
           95156fec-b771-4e86-94b6-b7fceec255c7  rev 1  — 29% shorter than its text implies
    0.709  target1         1824ms  "I've been learning English carefully"
           e03cf06f-788c-435e-a699-d9f109bbc8d2  rev 1  — 29% shorter than its text implies
     0.71  target1         2232ms  "I've been learning about it for about a week"
           a94f7dcc-9489-45eb-8aa8-3395192f4f13  rev 1  — 29% shorter than its text implies
    0.712  target1         1272ms  "are you going to help me?"
           ee899611-ad05-4bc9-82f8-86ba063c9ce9  rev 1  — 29% shorter than its text implies
    0.712  target2         2136ms  "did you want to show me something tonight?"
           2a2fbc89-f237-4fcc-a0eb-c650819cde50  rev 1  — 29% shorter than its text implies
    0.712  target1         2592ms  "did you want to read anything carefully last month?"
           9457359a-2100-43c0-ab7c-f06b9e015643  rev 1  — 29% shorter than its text implies
    0.712  target1         2544ms  "we don't want to interrupt the story at the moment"
           5ba547df-cc01-4602-87f6-8810bd9ee339  rev 1  — 29% shorter than its text implies
    0.712  target1         1272ms  "how do you feel a little?"
           9b580371-b278-42f7-8fb7-4e0f10cddbee  rev 1  — 29% shorter than its text implies
    0.712  target2         2544ms  "we don't want to interrupt the story at the moment"
           aa8c4e94-e234-4855-a2ba-d9f9719a5bc2  rev 1  — 29% shorter than its text implies
    0.713  target2         1680ms  "are you going to help me quickly?"
           7bfe2bc4-7629-44f4-986f-7ed4771c2c34  rev 1  — 29% shorter than its text implies
    0.713  target1         2088ms  "I've been learning better than last night"
           1f5476fa-2610-421b-ab83-8a9347f72bb9  rev 1  — 29% shorter than its text implies
    0.714  target1         1632ms  "I'm trying to show you something"
           5461c9e8-8b81-41f7-ba73-dc0d4914d189  rev 1  — 29% shorter than its text implies
    0.714  target2         2040ms  "have you been learning for about a week?"
           2962326d-afa8-479a-86f4-233312b8e5f5  rev 1  — 29% shorter than its text implies
    0.714  target1         2448ms  "have you been learning English for about a week?"
           651d159f-a83d-4e3b-80f8-9e12c339d9d6  rev 1  — 29% shorter than its text implies
    0.716  target2         2760ms  "how long have you been learning to remember something
           b0a759df-bed5-4cf2-bc50-cd7bd2430dd9  rev 1  — 28% shorter than its text implies
    0.716  target1         2352ms  "I was starting to feel a little better tonight"
           00162e0b-53ae-41c8-aeef-89b379c659c8  rev 1  — 28% shorter than its text implies
    0.716  target2         2352ms  "you don't need to know a good thing in English"
           61e27cec-3925-46ed-811c-bee81e93588a  rev 1  — 28% shorter than its text implies
    0.717  target1         1536ms  "are you going to help me soon?"
           457e3561-a57d-479f-824c-3f17805e0c6a  rev 1  — 28% shorter than its text implies
    0.717  target1         1536ms  "are you going to help me more?"
           950c855e-9f86-43fb-9928-74b8a5162998  rev 1  — 28% shorter than its text implies
    0.718  target2         2616ms  "I'm trying to guess what's going to happen tomorrow"
           fa02bf2f-d6f4-4221-a6a7-056ed7f8331a  rev 1  — 28% shorter than its text implies
    0.719  target2         2928ms  "I wouldn't like to guess what's going to happen tomor
           56e5c94d-a1eb-4338-b236-db41c24ebc97  rev 1  — 28% shorter than its text implies
    0.719  target1         1848ms  "I've been learning for about a week."
           878fb7b2-dac5-4ae3-a068-5ce1e5bacad1  rev 1  — 28% shorter than its text implies
    0.719  target1         2208ms  "I'm not sure how to speak with someone else"
           331e075c-3bc8-4c8b-b7f0-30260b0c5c68  rev 1  — 28% shorter than its text implies
    0.719  target1         2568ms  "did you want to read something as soon as you can?"
           ff10e274-bbac-4f19-a2a3-c67ae1c4c544  rev 1  — 28% shorter than its text implies
     0.72  target1         2160ms  "I'd like to explain what's going to happen"
           2c061303-c0f5-43d5-a6c6-a7a944b8fe57  rev 1  — 28% shorter than its text implies
     0.72  target1         1800ms  "because I'm going to start speaking"
           13f3a61d-bb7c-4c10-bdf8-5260aac34832  rev 1  — 28% shorter than its text implies
     0.72  target2         1800ms  "because I'm going to start speaking"
           acbe310b-ce7b-4a64-80b4-8ff476780e3d  rev 1  — 28% shorter than its text implies
     0.72  target1         2160ms  "I was starting to feel better this morning"
           db76ced9-435d-4a26-ac53-4886b06cfcf7  rev 1  — 28% shorter than its text implies
     0.72  target2         1440ms  "she wanted to know something"
           baa2ffd6-68d1-47f2-9c2e-fa4ba1bd9df2  rev 1  — 28% shorter than its text implies
     0.72  target1         1440ms  "she wanted to know something"
           fc2eac2b-f299-471d-b5f0-a6b0ac1690d9  rev 1  — 28% shorter than its text implies
    0.721  target2         1752ms  "I wouldn't like to guess something"
           6c0eae45-f49e-4567-9fea-ca2b5fdc01d7  rev 1  — 28% shorter than its text implies
    0.721  target1         1752ms  "are you going to help me tomorrow?"
           5dc2ba6f-cb83-4406-8379-5c46fc43ddf8  rev 1  — 28% shorter than its text implies
    0.722  target1         2064ms  "I'm not sure if I can remember something"
           6383fc98-d6ee-4186-b682-c38d48cda37c  rev 1  — 28% shorter than its text implies
    0.722  target1         2064ms  "how long have you been learning with me?"
           42b7e3fb-f09c-4779-b282-5284d964974e  rev 1  — 28% shorter than its text implies
    0.722  target1         2784ms  "I'm looking forward to speaking better than last nigh
           0e2226a7-c75d-4edf-86c8-583b016a9612  rev 1  — 28% shorter than its text implies
    0.723  target2         3048ms  "how long have you been learning to speak with someone
           e1138ad1-ed14-48f9-9f3e-295e99fb23ed  rev 1  — 28% shorter than its text implies
    0.723  target2         1704ms  "did you want to show me anything?"
           19eeaed7-4505-49a5-938c-e8ba4e0f28ca  rev 1  — 28% shorter than its text implies
    0.723  target2         2376ms  "I think that you don't need to know everything"
           ada7faec-6ff0-4126-88ed-44c5b9bea121  rev 1  — 28% shorter than its text implies
    0.723  target1         2376ms  "I think that you don't need to know everything"
           e0154b2c-3013-45bc-9512-913d2abe3c06  rev 1  — 28% shorter than its text implies
    0.724  target1         2328ms  "I wouldn't like to say what's going to happen"
           c7039348-8274-4f27-80ee-88ee58d7b5d4  rev 1  — 28% shorter than its text implies
    0.725  target1         1968ms  "I'd like to guess something in English"
           9e0eb2a8-9ac7-4565-b312-0a763acd912d  rev 1  — 27% shorter than its text implies
    0.725  target1         1656ms  "are you going to help me easily?"
           dd126ab9-36eb-44fa-9b5b-f0d68090d563  rev 1  — 28% shorter than its text implies
    0.726  target1         2904ms  "Because I think that it's a good thing to make mistak
           25e580fd-51e7-4fa9-a5fb-e9a15866f1ff  rev 1  — 27% shorter than its text implies
    0.726  target2         2904ms  "Because I think that it's a good thing to make mistak
           54aaf4c4-7777-427c-82b1-bbd47774bfc8  rev 1  — 27% shorter than its text implies
    0.726  target1         1608ms  "I'm going to practise something"
           772be0d1-388f-459b-81ed-d5a24bfac628  rev 1  — 27% shorter than its text implies
    0.726  target1         2592ms  "I wouldn't like to say the whole sentence tomorrow"
           945a51dc-8b02-4070-bb9d-ed54fa3da63c  rev 1  — 27% shorter than its text implies
    0.726  target1         1296ms  "how do you feel about it?"
           952740f0-9675-4059-82bd-101b6f9e38e9  rev 1  — 27% shorter than its text implies
    0.728  target1         1560ms  "How do you feel at the moment?"
           3c87132a-c920-4bc6-b108-df028e245bc7  rev 1  — 27% shorter than its text implies
    0.728  target1         2496ms  "I'm not trying to finish as quickly as possible."
           e169c97a-3641-40e2-9565-635877b76d02  rev 1  — 27% shorter than its text implies
    0.728  target2         1560ms  "I'm going to practise with you"
           07d96d22-3c15-43f3-abf1-2c9048aa5aa5  rev 1  — 27% shorter than its text implies
    0.728  target1         2184ms  "she doesn't want to read anything about it"
           8bf52568-be43-478e-bd26-6aa281c3e8eb  rev 1  — 27% shorter than its text implies
    0.728  target1         2184ms  "she was starting to feel better in English"
           ea8a00ff-ea3c-47dd-967d-64918f8eb6b6  rev 1  — 27% shorter than its text implies
    0.728  target1         1872ms  "you need to read something carefully"
           c227b9f7-b803-4e6b-a1cc-b720a62a1eb8  rev 1  — 27% shorter than its text implies
    0.729  target2         2448ms  "I'm trying to be able to speak a little English"
           8b4c075b-aad5-4f2e-ad7d-dfdccd332f7f  rev 1  — 27% shorter than its text implies
    0.729  target2         2760ms  "I want to say something, but I want to speak with you
           f9715b69-f077-4bd8-ae2e-ecc584a39c1e  rev 1  — 27% shorter than its text implies
    0.729  target1         2448ms  "she was starting to feel better than last night"
           3a8f52d4-4d5c-462f-8ea3-315ab3205f39  rev 1  — 27% shorter than its text implies
     0.73  target1         1512ms  "you want to show me something"
           2b4cc826-e02a-4c1c-bc66-4e12f592d081  rev 1  — 27% shorter than its text implies
    0.731  target1         2088ms  "I've been learning English at the moment"
           e43a038a-c12a-4dd5-b51a-4ad47a1b7927  rev 1  — 27% shorter than its text implies
    0.732  target1         2616ms  "I'm not sure if I can remember the whole sentence."
           143b1e82-30cc-4555-917c-4d4525fb2068  rev 1  — 27% shorter than its text implies
    0.732  target2         2352ms  "I wouldn't like to say what's going to happen"
           f2ff0a58-5ddf-449c-9695-e925e8b4086f  rev 1  — 27% shorter than its text implies
    0.732  target2         2352ms  "did you want to show me something in English?"
           beba9433-d0ea-428c-9a48-1f8e977c02e3  rev 1  — 27% shorter than its text implies
    0.732  target2         2040ms  "I've been learning English this morning"
           5a96225d-48f8-4d66-9334-5a1826b5679e  rev 1  — 27% shorter than its text implies
    0.733  target1         2304ms  "I'm not going to be able to remember easily."
           833231bb-918a-4fef-aab3-d4172e37f5ce  rev 1  — 27% shorter than its text implies
    0.733  target2         1728ms  "I don't need to know a good thing"
           ade5a6b0-d12d-4be2-84b8-9a9e058e2d6b  rev 1  — 27% shorter than its text implies
    0.733  target1         3456ms  "because I think that it's a good thing to make mistak
           53407516-78e6-402c-9158-a27b6fc68639  rev 1  — 27% shorter than its text implies
    0.734  target1         2568ms  "I'm going to practise speaking with someone else."
           49c34adb-7839-4107-b250-a31fe3cabd09  rev 1  — 27% shorter than its text implies
    0.734  target1         2568ms  "And I want you to speak English with me tomorrow."
           8a9dcb24-5f8a-46e7-b564-0065bd4b4ce6  rev 1  — 27% shorter than its text implies
    0.734  target2         1416ms  "you want to learn something"
           beecbeda-a385-42aa-aeac-f3a8935d49e9  rev 1  — 27% shorter than its text implies
    0.734  target2         2568ms  "you wanted to read something carefully last month"
           1085a7aa-6a0a-44b8-92bd-6066ba95ea45  rev 1  — 27% shorter than its text implies
    0.734  target2         4560ms  "I think that it's a good thing to make mistakes becau
           2b45b57d-4127-41fe-ab56-8ae14f35e0d1  rev 1  — 27% shorter than its text implies
    0.735  target2         2520ms  "I'm not trying to finish as quickly as possible."
           fc59e010-dfb3-4bff-a99c-ccec9ef32031  rev 1  — 27% shorter than its text implies
    0.735  target1         1680ms  "I want to say something with you"
           cc6d3972-a68d-4b5a-a549-94a221b08f37  rev 1  — 27% shorter than its text implies
    0.735  target1         2784ms  "I'm trying to speak a little English after you finish
           55133187-f02f-458f-8a91-a3132a6f7550  rev 1  — 26% shorter than its text implies
    0.735  target1         2784ms  "I don't want to speak with everyone else this evening
           69a12355-3970-41a8-8c75-f624107f8152  rev 1  — 26% shorter than its text implies
    0.735  target2         2784ms  "she wants to find out what the answer is this evening
           d13d3917-6e4c-4663-b373-9dce02979172  rev 1  — 26% shorter than its text implies
    0.735  target2         2520ms  "have you been learning English for about a week?"
           ff22770f-aaa1-4020-a782-9ba5fcba6685  rev 1  — 27% shorter than its text implies
    0.735  target1         3096ms  "I don't worry about making mistakes if you know what 
           68b0f28c-00b2-4291-adeb-acb046f0c5b6  rev 1  — 27% shorter than its text implies
    0.736  target1         1944ms  "I want to speak English with you now."
           99068b9c-9253-43c6-876e-230ed03a04d1  rev 1  — 26% shorter than its text implies
    0.736  target2         2208ms  "I was starting to feel better this morning"
           965cfaa9-a672-47f0-a8bd-15d082bd5a72  rev 1  — 26% shorter than its text implies
    0.736  target1         2472ms  "she doesn't want to read anything at the moment"
           be8198d1-634c-4438-9faf-8ed65b69c095  rev 1  — 26% shorter than its text implies
    0.737  target1         1632ms  "are you going to help me today?"
           3c573e33-152a-46cf-9827-3c1d82b4a6bd  rev 1  — 26% shorter than its text implies
    0.737  target2         1368ms  "how do you feel carefully?"
           ac91806e-c29e-4e30-afd8-a4c3e213290d  rev 1  — 26% shorter than its text implies
    0.738  target1         2160ms  "I wouldn't like to say something tomorrow"
           70ee55fd-7442-497e-aa9b-7317dfc3a361  rev 1  — 26% shorter than its text implies
    0.738  target2         2160ms  "did you want to read the story yesterday?"
           4beea7a9-63c1-410d-8d02-7f1cf04a26e7  rev 1  — 26% shorter than its text implies
    0.738  target2         2424ms  "I was starting to feel a little better tonight"
           4cca9070-cbe9-4a7c-8f82-1384ab52d798  rev 1  — 26% shorter than its text implies
    0.739  target2         2112ms  "I'm not sure if I can remember something"
           4694906e-31c7-4f03-a175-39a1ed46d102  rev 1  — 26% shorter than its text implies
    0.739  target2         2112ms  "I'd like to come back with everyone else"
           3d8d38ca-46f3-44a5-b89e-ae7e2e67eec3  rev 1  — 26% shorter than its text implies
    0.739  target1         1584ms  "I don't want to speak with you"
           3df9074e-d347-46d6-94c9-6608dcf758d3  rev 1  — 26% shorter than its text implies
    0.739  target1         2904ms  "he wants to come back, but we need to meet this eveni
           f2542128-12ea-4e86-9a04-db7836f3c0c6  rev 1  — 26% shorter than its text implies
    0.739  target2         1584ms  "are you going to help me soon?"
           b4bc09a4-5ecb-4be2-b6f5-205a268ef887  rev 1  — 26% shorter than its text implies
    0.739  target1         2376ms  "did you want to read anything this afternoon?"
           69f213d0-eab1-4c36-b913-321eb9f2b9cf  rev 1  — 26% shorter than its text implies
    0.739  target2         1056ms  "you know what I mean"
           4ce73b85-0e81-4cc7-8359-78119c149f43  rev 1  — 26% shorter than its text implies
     0.74  target2         3120ms  "I don't worry about making mistakes if you know what 
           7b8041c0-b196-44a5-bcaf-1da451686395  rev 1  — 26% shorter than its text implies
    0.741  target2         2328ms  "We want to meet at six o'clock this evening."
           238c9820-ba47-4d2e-8bb0-d4178cdd5132  rev 1  — 26% shorter than its text implies
    0.741  target2         1800ms  "I'd like to come back this evening"
           9283501c-d748-4d28-a9fe-d40582c99aa4  rev 1  — 26% shorter than its text implies
    0.741  target2         1800ms  "are you learning her name quickly?"
           8ebe97de-1e7a-41f3-9fdf-53e4d8b5579a  rev 1  — 26% shorter than its text implies
    0.741  target2         2328ms  "did you want to show me something yesterday?"
           04828825-15cd-422d-b2da-ca9818ed1017  rev 1  — 26% shorter than its text implies
    0.741  target1         1800ms  "she doesn't want to read something"
           7696c255-4e1e-4bd7-9922-9f62c5284f01  rev 1  — 26% shorter than its text implies
    0.741  target2         2064ms  "did you want to read something tonight?"
           922bfeeb-c7c5-4fbd-aa10-c71e8ee6b00d  rev 1  — 26% shorter than its text implies
    0.741  target1         2328ms  "because you don't care about making mistakes"
           b117c833-067d-4adf-a040-561e423a457e  rev 1  — 26% shorter than its text implies
    0.742  target1         1272ms  "did you want to show me?"
           34eadff7-1998-4e77-8bed-f4338292aa2a  rev 1  — 26% shorter than its text implies
    0.742  target2         1272ms  "did you want to show me?"
           767b11a2-a55b-4a85-bdee-fa31ad664e90  rev 1  — 26% shorter than its text implies
    0.742  target1         1536ms  "how do you feel this morning?"
           009e3dba-e034-4199-b95e-f7a5c09dbfaf  rev 1  — 26% shorter than its text implies
    0.742  target1         2280ms  "was starting to feel better than last night"
           56b9bb6e-3587-4250-8cb8-311e16a76058  rev 1  — 26% shorter than its text implies
    0.743  target1         2016ms  "I wasn't thinking about how to answer."
           46435a96-ab77-41c9-a486-b2a17193da10  rev 1  — 26% shorter than its text implies
    0.743  target2         2016ms  "did you want to show me something now?"
           3e5e3cc9-0039-4e4f-b9a2-e596b8a10916  rev 1  — 26% shorter than its text implies
    0.743  target2         2016ms  "did you want to read anything tonight?"
           85f609e1-15aa-4bf5-913b-9ea4590360f3  rev 1  — 26% shorter than its text implies
    0.744  target1         1488ms  "we need to meet this evening"
           4c4ed047-4faf-4547-bcc2-b5660ff4a876  rev 1  — 26% shorter than its text implies
    0.744  target1         3720ms  "I think that it's like this because I don't care abou
           3daafa33-1a20-4103-996e-8ff179031040  rev 1  — 26% shorter than its text implies
    0.745  target1         1704ms  "I don't need to know everything."
           2cde9786-1807-4073-b1ed-2a9aa1b6378e  rev 1  — 25% shorter than its text implies
    0.745  target2         2928ms  "He doesn't want to be quiet when other people are her
           7cbb4614-d12f-4140-a1e7-685d01d2d839  rev 1  — 25% shorter than its text implies
    0.745  target1         1224ms  "what's going to happen?"
           ef30fa78-521e-4243-b8a2-fe5d788d6b2b  rev 1  — 25% shorter than its text implies
    0.745  target2         2448ms  "I'm not sure if I can speak with everyone else"
           2ee16d50-5488-4171-abe1-7f4adf314682  rev 1  — 25% shorter than its text implies
    0.745  target2         3936ms  "I don't care about making mistakes because I don't ne
           31b8fb54-b9e3-4d2d-9d3c-7be4feafd4b5  rev 1  — 26% shorter than its text implies
    0.746  target2         2184ms  "I wouldn't like to say something tomorrow"
           f64260b0-0480-4aab-9ce7-32a5e76cea02  rev 1  — 25% shorter than its text implies
    0.746  target2         2184ms  "I'd like to find out something in English"
           22d1de94-5cb7-4fe5-b5fc-a868beaadcd4  rev 1  — 25% shorter than its text implies
    0.747  target1         1920ms  "But I'm a little tired this morning."
           72b65a6b-2fec-4227-b04e-1904c1f91712  rev 1  — 25% shorter than its text implies
    0.747  target1         2400ms  "did you want to show me something in English?"
           9136f8b9-2676-40f0-a6d1-2342f88b6ffc  rev 1  — 25% shorter than its text implies
    0.748  target1         1176ms  "have you been learning"
           8e1805cc-b34a-40f3-a1f2-3c07ecae8bb7  rev 1  — 25% shorter than its text implies
    0.748  target2         3528ms  "because I think that it's a good thing to make mistak
           2060869a-5af9-422b-a4cc-532acfc8a591  rev 1  — 25% shorter than its text implies
     0.75  target2         1608ms  "How do you feel at the moment?"
           556cf29b-b96b-4e0e-96c5-fa23214dfd38  rev 1  — 25% shorter than its text implies
     0.75  target2         1608ms  "I'm going to practise speaking"
           5be497bd-c391-46e1-a18f-d9bb0b6ea85a  rev 1  — 25% shorter than its text implies
     0.75  target2         2304ms  "I'm not sure how to speak with someone else"
           bea9fa3f-f8e3-4288-880c-8270d4fd3b6d  rev 1  — 25% shorter than its text implies
     0.75  target1         1392ms  "I'd like to speak with you"
           2c85fd96-7c58-4452-8bdd-e5b3da7d19d5  rev 1  — 25% shorter than its text implies
     0.75  target1         2304ms  "I'd like to speak a little English tomorrow"
           adbc29ba-79b1-453d-848b-49e5e840e26a  rev 1  — 25% shorter than its text implies
     0.75  target2         2304ms  "I don't want to find out what the answer is"
           24c36bae-e404-4408-a2d4-fa4344e834bf  rev 1  — 25% shorter than its text implies
     0.75  target2         2304ms  "he wants to find out something this evening"
           6061756d-2d87-4fd8-bc48-5f0e89c0a259  rev 1  — 25% shorter than its text implies
     0.75  target1         2088ms  "I'm looking forward to speaking tonight"
           0638c5d5-982b-44fe-8cde-a03b16d4d7c0  rev 1  — 25% shorter than its text implies
     0.75  target1         2304ms  "she doesn't want to read anything yesterday"
           0cf4a779-057c-43a7-8c99-b385f7a05844  rev 1  — 25% shorter than its text implies
     0.75  target2         2784ms  "you want to speak with me when other people are here"
           12a87f7b-6efe-4cb4-a3a1-8ce74e9a87a7  rev 1  — 25% shorter than its text implies
     0.75  target1         2304ms  "I wasn't thinking about the story carefully"
           32a71ed6-cfd8-4d12-8c09-473818d27290  rev 1  — 25% shorter than its text implies
     0.75  target1         2088ms  "I think that I wanted to know something"
           8ab7dcd4-b79b-4eae-aaec-cf00b68e3254  rev 1  — 25% shorter than its text implies
     0.75  target1         2784ms  "you don't need to know a good thing to make mistakes"
           a686168b-3c27-4472-8807-6425ad83fe6f  rev 1  — 25% shorter than its text implies
     0.75  target1         3912ms  "I wanted to know a good thing because I don't worry a
           f47df4f7-1a42-47e8-a523-1585a9fa91f8  rev 1  — 25% shorter than its text implies
     0.75  target1         1608ms  "I think that it's a good thing"
           f6847808-7d27-450c-bff9-9037c7521b4a  rev 1  — 25% shorter than its text implies
    0.751  target1         1824ms  "I want to say something in English"
           3886440a-3f14-4875-8dd7-6d199723fb9b  rev 1  — 25% shorter than its text implies
    0.751  target1         2520ms  "I don't want to stop talking with everyone else"
           ed38d937-b708-4b4a-9ce0-c7867711fa4b  rev 1  — 25% shorter than its text implies
    0.751  target2         1824ms  "I don't like to interrupt anything"
           2429892f-60af-4612-8b43-96a6871e202b  rev 1  — 25% shorter than its text implies
    0.751  target1         1824ms  "I've been learning English quickly"
           1efa6ad3-6d4d-4ca0-acda-1212fa0c6c9c  rev 1  — 25% shorter than its text implies
    0.751  target2         2520ms  "she doesn't want to read anything at the moment"
           c7887782-48e7-48a2-aa7f-616db27a9941  rev 1  — 25% shorter than its text implies
    0.751  target1         2520ms  "I wasn't thinking about how to speak in English"
           f7b8fa02-68fc-4dc8-9428-9515e54a928a  rev 1  — 25% shorter than its text implies
    0.752  target1         2472ms  "you don't need to know a good thing in English"
           6059b6df-806d-447e-9e1d-f79f1cd59ea0  rev 1  — 25% shorter than its text implies
    0.753  target1         1344ms  "I want to guess something"
           9b471192-d575-4db4-9442-481cedd3f909  rev 1  — 25% shorter than its text implies
    0.753  target1         1560ms  "I don't want to say something"
           1f410afa-740e-4385-9c4c-0b83c529b1bd  rev 1  — 25% shorter than its text implies
    0.753  target1         2688ms  "I'm looking forward to speaking as soon as you can"
           14412ff9-a106-48ed-a667-4afceca8a642  rev 1  — 25% shorter than its text implies
    0.753  target1         1344ms  "did you want to show now?"
           2b2879fb-6df2-47c6-9294-c4baabcbb92c  rev 1  — 25% shorter than its text implies
    0.753  target2         2688ms  "I'm looking forward to speaking as soon as you can"
           a6cd6a4e-5260-40a3-98f5-24bea6653171  rev 1  — 25% shorter than its text implies
    0.753  target1         2904ms  "I'm looking forward to speaking English this afternoo
           3ee4f0bd-16f8-45c1-a7e5-45b34935ad5e  rev 1  — 25% shorter than its text implies
    0.753  target2         1344ms  "started to think about it"
           435b16e6-67e3-451c-b2bc-7c0080545527  rev 1  — 25% shorter than its text implies
    0.753  target2         1560ms  "you wanted to know everything"
           fe086377-c8a0-4d1b-903a-aec8b7a915ff  rev 1  — 25% shorter than its text implies
    0.753  target2         3120ms  "I think that it's a good thing to make mistakes in En
           f2591129-c714-4cdf-9d2c-553190e9cad5  rev 1  — 25% shorter than its text implies
    0.754  target2         1992ms  "I want to speak English with you now."
           84849c41-f9d7-4c03-8b3c-5ea0d41366f5  rev 1  — 25% shorter than its text implies
    0.754  target2         1992ms  "I want to remember something with you"
           34c1d8cf-e92d-49cd-8252-5fc37b0c5da2  rev 1  — 25% shorter than its text implies
    0.754  target1         1992ms  "I don't want to stop talking with you"
           2d89b665-2418-4da4-95e4-08d597395a34  rev 1  — 25% shorter than its text implies
    0.756  target2         2376ms  "I'm not going to be able to remember easily."
           936e0238-cd05-44e9-9678-e6dc7437ef22  rev 1  — 24% shorter than its text implies
    0.756  target2         2592ms  "she wants to find out what the answer is quickly"
           01af4160-19d7-4dd9-81ce-5329e4f7d29c  rev 1  — 24% shorter than its text implies
    0.756  target1         1944ms  "I've been learning better in English"
           b22f980a-cb57-46a8-85eb-73e6c844566b  rev 1  — 24% shorter than its text implies
    0.756  target1         1080ms  "you know what I mean"
           474ef252-203f-4606-bdf7-be73000d7e43  rev 1  — 24% shorter than its text implies
    0.758  target2         2328ms  "but I'm starting to feel tired this morning"
           973918fe-a728-4e39-98bc-3fbe931b508b  rev 1  — 24% shorter than its text implies
    0.758  target1         2544ms  "I don't need to know the story to make mistakes"
           7b2f57ce-2959-4d40-8710-026e0e26daf3  rev 1  — 24% shorter than its text implies
    0.759  target1         1464ms  "i'm going to start speaking"
           1d1ab780-e886-4940-b111-832a6561d29e  rev 1  — 24% shorter than its text implies
    0.759  target1         3144ms  "I'm going to practise speaking in English after you f
           b0be94b0-1475-4777-83f9-c6c7f9651274  rev 1  — 24% shorter than its text implies
    0.759  target2         1680ms  "I'm not sure what the answer is"
           67a9ba50-3e23-4eb1-aa2c-a54837e76209  rev 1  — 24% shorter than its text implies
    0.759  target1         1680ms  "she wants to come back tomorrow"
           b78877a1-8bdc-42db-9092-ba5ba2d75a69  rev 1  — 24% shorter than its text implies
    0.759  target1         1680ms  "because I want to learn quickly"
           10b03034-3b7a-4f5f-a2f9-efb123070092  rev 1  — 24% shorter than its text implies
    0.759  target1         3360ms  "I'm looking forward to speaking even better as soon a
           55cb0bf7-de61-4c8a-9fe5-0ae81d8c4d90  rev 1  — 24% shorter than its text implies
    0.759  target1         1680ms  "he doesn't want to be quiet now"
           e268ef5b-c08e-46d0-bcd2-138636a76593  rev 1  — 24% shorter than its text implies
    0.759  target1         2712ms  "but I'm starting to feel tired before I have to go"
           fd857732-8553-464c-a16c-539061c86afd  rev 1  — 24% shorter than its text implies
     0.76  target2         2064ms  "I want to explain something in English"
           571140af-8c35-4e36-b024-754fe76b406b  rev 1  — 24% shorter than its text implies
     0.76  target1         2064ms  "I'm going to practise English with you"
           e12fa6a5-ddaa-48d1-b9e9-ebcb41276d13  rev 1  — 24% shorter than its text implies
     0.76  target1         2280ms  "I want to speak a little with someone else"
           57651f9d-e468-4d24-84a5-1528b0b81e37  rev 1  — 24% shorter than its text implies
     0.76  target2         2280ms  "I'd like to explain what's going to happen"
           06535847-de87-4172-89e6-642cf4447eff  rev 1  — 24% shorter than its text implies
     0.76  target1         3096ms  "he wants to come back tomorrow, but we need to meet t
           19d32519-1938-48ea-9a5a-b01b74d91feb  rev 1  — 24% shorter than its text implies
     0.76  target1         2064ms  "did you want to read anything tonight?"
           df38b0ee-271d-4251-a6ce-6c3745c46959  rev 1  — 24% shorter than its text implies
     0.76  target2         2280ms  "did you want to read the story last month?"
           0de50cda-2944-47cc-a722-c3fdadae0614  rev 1  — 24% shorter than its text implies
     0.76  target1         2064ms  "you wanted to know something yesterday"
           4f22aaac-8568-4c21-b9a0-1bc6afc06088  rev 1  — 24% shorter than its text implies
    0.761  target2         2664ms  "I'm going to practise speaking with someone else."
           32880d2a-ffae-42de-9cee-429bfb859066  rev 1  — 24% shorter than its text implies
    0.761  target1         1848ms  "I want to learn something with you"
           d09721c0-32de-4dbb-a364-818cf98e62a9  rev 1  — 24% shorter than its text implies
    0.761  target2         2664ms  "I'm looking forward to speaking better in English"
           027525c4-b8f0-43d4-a51e-85fd64a1a5d6  rev 1  — 24% shorter than its text implies
    0.761  target1         4944ms  "I think that it's a good thing to make mistakes becau
           4ad7c83e-28e2-4503-9d96-42cd0acdb0f8  rev 1  — 24% shorter than its text implies
    0.762  target1         1632ms  "I'm going to practise with you"
           f5caad92-b579-486e-9730-28f0c17d7f2a  rev 1  — 24% shorter than its text implies
    0.762  target2         2448ms  "I wouldn't like to practise speaking tomorrow"
           be957d31-3ecc-4747-a866-4906c005355f  rev 1  — 24% shorter than its text implies
    0.762  target1         2232ms  "I'd like to find out something in English"
           533fbb95-ac87-4dc0-b032-1541cded1fa4  rev 1  — 24% shorter than its text implies
    0.762  target1         1416ms  "she wants to say something"
           8aad3dbd-b89b-4f3f-9dc8-d0aa6b3b22fd  rev 1  — 24% shorter than its text implies
    0.763  target1         2016ms  "We don't want to interrupt the story."
           0b59be78-60a2-4508-b3c0-b3c0e4efc471  rev 1  — 24% shorter than its text implies
    0.763  target2         2016ms  "you won't be able to remember quickly"
           ac6d0938-b624-4c70-a476-96d98a9f9a8f  rev 1  — 24% shorter than its text implies
    0.763  target1         2016ms  "I need to read something this morning"
           9da57ab7-c345-4111-b333-847fbdc59c71  rev 1  — 24% shorter than its text implies
    0.764  target1         2184ms  "I'd like to come back with everyone else"
           bbde1cf8-c17b-4555-b5ca-d787c6232a5b  rev 1  — 24% shorter than its text implies
    0.764  target1         2784ms  "she wants to find out why she wants to stop talking"
           d26624ab-ddb2-4006-b3f5-ffa8979ed7ac  rev 1  — 24% shorter than its text implies
    0.764  target1         2184ms  "I'm looking forward to speaking about it"
           6d686f3c-7cf4-4e77-bdef-84297f01ca19  rev 1  — 24% shorter than its text implies
    0.764  target2         2184ms  "I'm looking forward to speaking about it"
           fadb9095-46f8-42d2-9ff4-6626b37c3984  rev 1  — 24% shorter than its text implies
    0.764  target1         1800ms  "you don't need to know everything"
           1f957f87-970a-4eaf-92a5-ac45a4917c89  rev 1  — 24% shorter than its text implies
    0.765  target1          984ms  "i've been learning"
           412e0b18-1805-41e7-9fdc-a977a0b58e2f  rev 1  — 23% shorter than its text implies
    0.765  target2         2568ms  "I want to say something after speaking with you"
           35cdfcd1-771a-412f-8dda-f66028d18cf0  rev 1  — 24% shorter than its text implies
    0.765  target2         2568ms  "I don't want to stop talking with everyone else"
           2df0c2f1-5aa1-4cc7-852e-c3a315382385  rev 1  — 24% shorter than its text implies
    0.765  target2         2568ms  "we need to meet with everyone else this evening"
           65ebc832-6918-4cff-9473-ed6342e32db6  rev 1  — 24% shorter than its text implies
    0.765  target1         1584ms  "he wants to come back quickly"
           86c6b8de-a1b4-4574-b8e0-e6b3c04fae76  rev 1  — 24% shorter than its text implies
    0.765  target1         1968ms  "I'm going to start speaking tomorrow"
           2e717df0-92ee-4fdd-9cd2-9464f963eada  rev 1  — 23% shorter than its text implies
    0.765  target2         2952ms  "I'm looking forward to speaking better than last nigh
           1df0b377-bcd5-42cd-b15b-571e4b611860  rev 1  — 23% shorter than its text implies
    0.765  target1         1584ms  "don't need to know everything"
           6fd131a4-c6d7-40b1-896d-a89a4d12729e  rev 1  — 24% shorter than its text implies
    0.765  target1         1584ms  "I don't need to know about it"
           7335b082-ce80-47cf-9c7d-d1d38a1eca54  rev 1  — 24% shorter than its text implies
    0.766  target2         1368ms  "are you learning her name"
           62adf14d-3f49-43b5-b656-5bdc3499f4db  rev 1  — 23% shorter than its text implies
    0.766  target2         2736ms  "did you want to read something as soon as you can?"
           5e1392d1-fce4-4039-8b8e-03a21cd88954  rev 1  — 23% shorter than its text implies
    0.766  target1         1752ms  "she doesn't want to read tonight"
           72b660cb-ab79-4c33-bc98-fd30b8934a36  rev 1  — 23% shorter than its text implies
    0.766  target2         2352ms  "I've been learning carefully this afternoon"
           53ace0c8-a0aa-498c-92de-9fe3119f0132  rev 1  — 23% shorter than its text implies
    0.766  target1         2736ms  "I think that you don't worry about making mistakes"
           07b0402f-c403-49df-b439-d285a71ac0fc  rev 1  — 23% shorter than its text implies
    0.767  target1         2520ms  "I'm going to practise speaking a word with you"
           3850c20d-9e0d-4e98-a5ed-0f808771bb2d  rev 1  — 23% shorter than its text implies
    0.767  target1         2520ms  "I'm not sure if I can speak with everyone else"
           49f1e15f-7d67-44e1-ae2b-7e763d04af1e  rev 1  — 23% shorter than its text implies
    0.767  target1         2904ms  "she wants to find out what the answer is this evening
           7fd20b0b-385f-4c0b-895c-2f82c4d289ea  rev 1  — 23% shorter than its text implies
    0.767  target1         2136ms  "I'm looking forward to speaking quickly"
           45b292f9-9396-4255-a9d0-057c0c3df0d6  rev 1  — 23% shorter than its text implies
    0.767  target1         3288ms  "if you know what I mean, I don't worry about making m
           976d517e-74e7-4bf5-b742-4153268044d9  rev 1  — 23% shorter than its text implies
    0.768  target1         3072ms  "I'm looking forward to speaking better as soon as I c
           c439aa77-4ebf-4bd3-adf7-e45cd9fdaa6e  rev 1  — 23% shorter than its text implies
    0.768  target1         1152ms  "wasn't thinking about"
           d8a23e75-2f58-42ba-aac7-e26d2dd0ecbf  rev 1  — 23% shorter than its text implies
    0.768  target2         2304ms  "I'm going to practise as often as possible"
           33d5a2d1-c920-4fbc-a12b-9112b9b46353  rev 1  — 23% shorter than its text implies
    0.768  target2         1536ms  "I'm trying to learn a little"
           d3e51d3d-b8bc-4791-bf7d-4b9a02913e8b  rev 1  — 23% shorter than its text implies
    0.768  target1         1920ms  "I wouldn't like to speak in English"
           70015130-b1e1-4bb6-bf9f-eecdaf998fd8  rev 1  — 23% shorter than its text implies
    0.768  target1         2304ms  "I'd like to say something after you finish"
           f9f54922-aaf2-4ed2-81bc-64222bf92bd0  rev 1  — 23% shorter than its text implies
    0.768  target1         1536ms  "I want to show you something"
           f75498a2-e804-4e37-9035-05ad6fad6851  rev 1  — 23% shorter than its text implies
    0.768  target1         2688ms  "you wanted to read something carefully last month"
           8532ab06-580d-4f48-bf1f-28aacc22b86b  rev 1  — 23% shorter than its text implies
    0.768  target2         2304ms  "I'm trying to speak as quickly as possible"
           25c03e19-1c46-4e33-abed-4d4ee9a93eac  rev 1  — 23% shorter than its text implies
    0.769  target1         2472ms  "Are you going to help me before I have to go?"
           aac06ef0-6e29-45f9-8735-ebe5159b5b93  rev 1  — 23% shorter than its text implies
    0.769  target1         2472ms  "I wouldn't like to practise speaking tomorrow"
           0fc979a8-0a41-4663-973c-221f26ef95c0  rev 1  — 23% shorter than its text implies
    0.769  target2         2472ms  "did you want to read anything this afternoon?"
           3fcf18ae-b2b8-421f-a243-19580ceea3a2  rev 1  — 23% shorter than its text implies
    0.769  target2         2088ms  "I think that it's like this in English"
           335df869-28ee-447c-8ca1-db2bc91233fc  rev 1  — 23% shorter than its text implies
     0.77  target1         2640ms  "I'm not sure how to practise speaking in English"
           7203e597-7a13-4243-9619-182b2ace9548  rev 1  — 23% shorter than its text implies
     0.77  target1         3192ms  "he wants to learn, because she wants to find out some
           e15fd154-6dce-4889-af54-d35bc51d0249  rev 1  — 23% shorter than its text implies
     0.77  target1         2256ms  "did you want to read the story yesterday?"
           51632f69-08e4-4312-9bd0-c82bad58ce83  rev 1  — 23% shorter than its text implies
     0.77  target1         2256ms  "did you want to read about it last month?"
           287789e3-077f-4ad8-a1b1-d0d1a90d818e  rev 1  — 23% shorter than its text implies
     0.77  target1         1320ms  "I've been learning today"
           abfe94b5-20c0-4cd4-b75e-ef744422f494  rev 1  — 23% shorter than its text implies
     0.77  target2         2256ms  "I've been learning better than last night"
           48e33126-a43d-482a-aa03-770749ee9e26  rev 1  — 23% shorter than its text implies
     0.77  target1         1320ms  "how do you feel tonight?"
           bc249133-b6b9-4d8e-8e37-ab987b26aebe  rev 1  — 23% shorter than its text implies
     0.77  target1         3192ms  "I think that it's a good thing to make mistakes in En
           251fe680-e773-41ae-bc3e-7e156838ff55  rev 1  — 23% shorter than its text implies
    0.771  target2         2808ms  "I'm going to practise speaking as often as possible"
           ff181274-0d4f-4ef9-8415-59d54935da7a  rev 1  — 23% shorter than its text implies
    0.771  target1         1872ms  "I want to guess something tomorrow"
           d246de44-474f-4d3b-8992-89f990da119b  rev 1  — 23% shorter than its text implies
    0.771  target2         2424ms  "I've been learning about it for about a week"
           92f9a954-a48f-4af3-b970-a0b83591d144  rev 1  — 23% shorter than its text implies
    0.772  target2         2040ms  "We don't want to interrupt the story."
           48f0ca29-5327-49a7-917d-03b6d8324650  rev 1  — 23% shorter than its text implies
    0.772  target1         2592ms  "I'm trying to say the whole sentence in English"
           7680977d-3640-449e-b14a-11012a3bd9a7  rev 1  — 23% shorter than its text implies
    0.772  target2         2592ms  "I want to practise speaking in English tomorrow"
           01b97d6f-a26d-4f49-8f36-d2f8fe0e1375  rev 1  — 23% shorter than its text implies
    0.772  target2         1488ms  "you wanted to speak with me"
           2019e539-146d-4b31-8d6f-68d0b60d9fbe  rev 1  — 23% shorter than its text implies
    0.772  target1         2040ms  "you wanted to speak with me yesterday"
           99f023b1-7153-4fa6-9ac7-60390d08e516  rev 1  — 23% shorter than its text implies
    0.772  target2         2592ms  "she was starting to feel better than last night"
           273f089f-c14b-4fc5-81d0-310436f2ddda  rev 1  — 23% shorter than its text implies
    0.772  target1         1488ms  "I think that it's like this"
           77f78486-a125-40d7-a3a4-06d8bb735cc8  rev 1  — 23% shorter than its text implies
    0.773  target1         1656ms  "Why are you learning her name?"
           37682d2b-cb5f-4a98-b9e4-4df2c1189144  rev 1  — 23% shorter than its text implies
    0.773  target2         2928ms  "I'm trying to speak a little English after you finish
           5ad060c1-5254-4d50-b93a-dd92f7193eb8  rev 1  — 23% shorter than its text implies
    0.773  target1         2928ms  "I don't want to stop talking, because I want to learn
           9e421fa4-e666-4d41-9823-fa9367a585a3  rev 1  — 23% shorter than its text implies
    0.773  target1         2760ms  "I don't need to know a good thing to make mistakes"
           137679ae-2aac-42c2-bacf-587ba768d544  rev 1  — 23% shorter than its text implies
    0.774  target2         1272ms  "what's going to happen?"
           c7bc88ad-53ff-4e2e-9458-f021bdaa79e1  rev 1  — 23% shorter than its text implies
    0.774  target2         2544ms  "I'm going to practise speaking a word with you"
           62657a89-2acd-417c-b60e-cb929111a8f9  rev 1  — 23% shorter than its text implies
    0.774  target1         2376ms  "I'm trying to remember something in English"
           86c0c41d-33b4-40af-ae01-9ef2c693641a  rev 1  — 23% shorter than its text implies
    0.774  target2         1824ms  "I'm going to try to say something"
           ee1f5b52-4a41-410e-a9e0-be57f6071962  rev 1  — 23% shorter than its text implies
    0.774  target1         1824ms  "are you going to help me quickly?"
           bdc4a7df-e531-4a42-a869-38c02dfa5e4a  rev 1  — 23% shorter than its text implies
    0.775  target1         1992ms  "You wanted to speak with me tonight."
           dc41b9ed-2c80-4e69-835c-6ed306ec3322  rev 1  — 23% shorter than its text implies
    0.775  target1         2712ms  "I started to think about it carefully last month."
           f41ac69d-050b-4995-9958-916daa8016ba  rev 1  — 23% shorter than its text implies
    0.775  target1         1440ms  "when other people are here"
           44a1d28d-1379-4478-9c11-8806d3d47d81  rev 1  — 22% shorter than its text implies
    0.775  target1         1992ms  "I want to practise speaking with you"
           dec97a5c-6758-4cea-946e-db1bae925d6f  rev 1  — 23% shorter than its text implies
    0.775  target1         1992ms  "I'm trying to speak a little English"
           13697a68-5f94-4413-8f9b-53229ed80e20  rev 1  — 23% shorter than its text implies
    0.775  target2         2160ms  "I'm looking forward to speaking tonight"
           1e1e69d0-714c-427b-9c1a-ff6c61dccda1  rev 1  — 22% shorter than its text implies
    0.775  target1         2880ms  "you want to speak with me when other people are here"
           e77d1437-02c9-43d7-b41a-f39a58697388  rev 1  — 22% shorter than its text implies
    0.775  target2         2880ms  "you don't need to know a good thing to make mistakes"
           a7c9a8e4-0ed1-431f-82c1-c76422bf8b02  rev 1  — 22% shorter than its text implies
    0.775  target1          720ms  "know about it"
           c281ea4c-df7b-4f26-9652-23d5c12a4566  rev 1  — 22% shorter than its text implies
    0.775  target2         2160ms  "if you know what I mean, it's like this"
           cef25548-3a0c-4e64-a148-b3414537d802  rev 1  — 22% shorter than its text implies
    0.776  target1         3048ms  "He doesn't want to be quiet when other people are her
           23392f25-9a80-488c-b406-e04cb6443fac  rev 1  — 22% shorter than its text implies
    0.776  target2         2328ms  "I speak a little English with someone else"
           405e74cb-f64f-438a-8eeb-e84aebba7492  rev 1  — 22% shorter than its text implies
    0.776  target2         2328ms  "I want to speak a little with someone else"
           a9f9b325-8c9d-4952-b7df-b75e0bef2031  rev 1  — 22% shorter than its text implies
    0.776  target1         1608ms  "I'd like you to speak with me"
           87d57770-a0de-491c-8bea-e9138532e789  rev 1  — 22% shorter than its text implies
    0.776  target2         3216ms  "he wants to learn, because she wants to find out some
           73e466d9-6d9b-4be8-8469-d7f4b0e5524b  rev 1  — 22% shorter than its text implies
    0.776  target2         2328ms  "she doesn't want to read anything about it"
           e75c1ccd-dd05-4a6e-ba10-352f3fa7daf6  rev 1  — 22% shorter than its text implies
    0.776  target2         1608ms  "I'm not trying to finish here"
           0e1ed5ec-3ec8-4b2e-8464-b82a44216a28  rev 1  — 22% shorter than its text implies
    0.776  target1         4104ms  "I don't care about making mistakes because I don't ne
           0e4435a2-c81e-45ee-92af-fc189da487b6  rev 1  — 22% shorter than its text implies
    0.777  target1         2664ms  "Because I want to meet people who speak English."
           d59b0943-8289-4e79-9ef2-11cb6a9ca9bf  rev 1  — 22% shorter than its text implies
    0.777  target1          888ms  "how do you feel?"
           526c6572-30d6-47b8-885f-fe30a8a91f81  rev 1  — 22% shorter than its text implies
    0.777  target1         2832ms  "I want to practise speaking with someone else today"
           0a24a0cd-3ffd-4248-937e-9e968388d65b  rev 1  — 22% shorter than its text implies
    0.777  target2         1776ms  "I want to show something tonight"
           1a15edcc-d43c-409b-ad82-9ff28b206eb2  rev 1  — 22% shorter than its text implies
    0.778  target1         1944ms  "You want to learn his name quickly."
           0298e334-57ff-482d-9292-10d69975b133  rev 1  — 22% shorter than its text implies
    0.778  target1         3336ms  "I'm trying to practise speaking in English with someo
           b7640afc-4ceb-4f5b-9046-d5727cc57d21  rev 1  — 22% shorter than its text implies
    0.778  target1         2112ms  "to practise speaking with someone else"
           f4c96384-ec7d-405b-b3cd-a4c551fd7709  rev 1  — 22% shorter than its text implies
    0.778  target1         3336ms  "to make mistakes because I don't worry about making m
           e7af2357-ef04-4872-9f7d-619779a262d6  rev 1  — 22% shorter than its text implies
    0.779  target1         2280ms  "She wants to find out what the answer is."
           07321dfe-2a49-4daf-939d-abed61f6a398  rev 1  — 22% shorter than its text implies
    0.779  target1         2280ms  "I'm trying to remember the whole sentence"
           b7459235-4cff-4b33-834f-eb961b870a35  rev 1  — 22% shorter than its text implies
    0.779  target1         1224ms  "because I want to meet"
           379561a7-7373-4f67-86ca-1c4edf49f8b0  rev 1  — 22% shorter than its text implies
    0.779  target2         2280ms  "did you want to read something carefully?"
           491ab5ab-177c-4ea3-9e8a-71976cfe2282  rev 1  — 22% shorter than its text implies
    0.779  target1         2448ms  "I think that I don't need to know everything"
           eb98e51e-79aa-4a9d-b5c0-9792faf83a66  rev 1  — 22% shorter than its text implies
    0.779  target2         1224ms  "it's like this tonight"
           38606a80-95cc-4ab9-a602-b6de4e743559  rev 1  — 22% shorter than its text implies
     0.78  target1         1560ms  "I want to remember something"
           335f901f-8f05-46f7-b273-d0a8cd8bb19f  rev 1  — 22% shorter than its text implies
     0.78  target1         1392ms  "I don't want to come back"
           553d25e9-ecf0-4e5c-9d8c-1808ea980e91  rev 1  — 22% shorter than its text implies
     0.78  target1         2952ms  "I want to say something, but I want to speak with you
           a08ac613-9fbb-40aa-b357-12a9264efb31  rev 1  — 22% shorter than its text implies
     0.78  target1         1560ms  "I don't want to stop talking"
           f258ac88-f8f8-414e-9da6-cf50244eff1d  rev 1  — 22% shorter than its text implies
     0.78  target2         1728ms  "because I want to learn quickly"
           835a275d-3771-4fb0-b233-92c55401e229  rev 1  — 22% shorter than its text implies
     0.78  target1         1392ms  "are you learning quickly?"
           eff992fd-656f-4022-84ea-6c8f49e094d3  rev 1  — 22% shorter than its text implies
     0.78  target2         1728ms  "are you going to help me today?"
           874156fd-5fcd-4b12-845a-f92e4fb40113  rev 1  — 22% shorter than its text implies
     0.78  target1         1728ms  "I'm looking forward to speaking"
           a7c6bc94-2159-4ff2-83c5-b8855b3a7f52  rev 1  — 22% shorter than its text implies
     0.78  target1         2784ms  "I want to learn English when other people are here"
           27a301b8-74e1-49e1-82d6-07e0d2cd2685  rev 1  — 22% shorter than its text implies
     0.78  target1         2784ms  "I want to say something when other people are here"
           3afc57ae-2edf-4c51-a149-ff04f4fb5905  rev 1  — 22% shorter than its text implies
     0.78  target1         2952ms  "she doesn't want to read anything before I have to go
           5fe3b110-5ee0-475b-9c63-c9dc7221a95a  rev 1  — 22% shorter than its text implies
     0.78  target2         1392ms  "how do you feel about it?"
           3a502f0f-d576-4ef2-8991-bd1876bcaa6e  rev 1  — 22% shorter than its text implies
    0.781  target1         2232ms  "I wanted to ask you something yesterday."
           51b69cc8-5390-4956-9eba-ba7efef8f85b  rev 1  — 22% shorter than its text implies
    0.781  target1         2064ms  "I'm going to start talking more soon."
           d4c043a8-60c5-4f30-837f-41499c6dd69a  rev 1  — 22% shorter than its text implies
    0.781  target1         1896ms  "to speak a little English tomorrow"
           9087c6a0-be4d-4a25-aecc-743486c66bef  rev 1  — 22% shorter than its text implies
    0.781  target1         2064ms  "she wants to find out something today"
           cc4bb38d-1eb7-40df-969f-626361a5123b  rev 1  — 22% shorter than its text implies
    0.781  target1         1896ms  "I'd like to come back this evening"
           155a0173-04df-4a24-b259-9ecb60dd994a  rev 1  — 22% shorter than its text implies
    0.781  target1         2232ms  "but I don't want to stop talking quickly"
           6c2ad8f2-fd22-40a9-b255-760a027d7526  rev 1  — 22% shorter than its text implies
    0.781  target2         2064ms  "I don't want to stop talking with you"
           c327d82f-91c4-48f3-8213-080fc94b39cb  rev 1  — 22% shorter than its text implies
    0.781  target1         2064ms  "you won't be able to remember quickly"
           4085830e-0c11-40b6-b826-0fc65003b283  rev 1  — 22% shorter than its text implies
    0.781  target1         1896ms  "I don't like to interrupt anything"
           d7668a62-ce76-46fb-82a6-04cc388dd233  rev 1  — 22% shorter than its text implies
    0.781  target2         2400ms  "I wasn't thinking about the story carefully"
           0606e754-a886-4575-8c97-8eadc98711b0  rev 1  — 22% shorter than its text implies
    0.782  target2         2736ms  "I started to think about it carefully last month."
           b80866d5-6c7e-4090-b4cf-fd0145066909  rev 1  — 22% shorter than its text implies
    0.782  target1         2568ms  "I wanted to read something before I have to go"
           f03eeabb-0a25-4e2f-b5ea-5775ffb2476f  rev 1  — 22% shorter than its text implies
    0.784  target1         1344ms  "she doesn't want to read"
           f37957b2-c6b4-4fa3-8e8e-fd30d0e6f653  rev 1  — 22% shorter than its text implies
    0.784  target1         2688ms  "I'm trying to say something as often as possible"
           27c7a431-006e-42da-b734-00f709833a7a  rev 1  — 22% shorter than its text implies
    0.784  target1         2520ms  "I want to practise speaking with someone else"
           ca3f30ab-1f71-4cc9-9cfc-a1a2b9129991  rev 1  — 22% shorter than its text implies
    0.784  target2         1848ms  "I want to speak a little with you"
           68a7f4ea-d205-46cd-ad4d-882e0f80f3ba  rev 1  — 22% shorter than its text implies
    0.784  target1         2016ms  "I want to explain something with you"
           72f37aa0-229e-4b10-b831-75bbb684d619  rev 1  — 22% shorter than its text implies
    0.784  target1         1680ms  "I'm not sure if I can remember"
           a9a40402-19f9-4836-ac66-a44ae6832ceb  rev 1  — 22% shorter than its text implies
    0.784  target1         1848ms  "I wouldn't like to guess tomorrow"
           13d2d311-cb08-4eb4-b256-29698fc78069  rev 1  — 22% shorter than its text implies
    0.784  target1         1512ms  "I'd like to learn something"
           7ea98d52-7404-4d9b-a786-9cfbf279db1a  rev 1  — 22% shorter than its text implies
    0.784  target1         2520ms  "I'd like to be able to speak a little English"
           80fec9a8-3412-474a-a1fe-02b51cea0ba7  rev 1  — 22% shorter than its text implies
    0.784  target1         2352ms  "I'm going to try to speak after you finish"
           b1e44f8a-a1e8-447e-80fd-4cff6967a6a4  rev 1  — 22% shorter than its text implies
    0.784  target1         2184ms  "she wants to be able to speak very well"
           1883852a-a2ab-4488-9892-6b43373c5bca  rev 1  — 22% shorter than its text implies
    0.784  target1         1512ms  "do you speak English today?"
           4b43bcab-c485-46af-9190-c0dd6b98a6fb  rev 1  — 22% shorter than its text implies
    0.784  target1         2016ms  "I'd like to come back at six o'clock"
           34ce44a0-f547-4114-8036-36a13bc9b84b  rev 1  — 22% shorter than its text implies
    0.784  target2         2856ms  "I'd like to say what's going to happen this evening"
           78845544-33e6-4c56-9b29-64661358b3f9  rev 1  — 22% shorter than its text implies
    0.784  target1         2184ms  "I want to meet people who speak English"
           433b3389-eecc-4fd9-8c92-eb4b35157a8a  rev 1  — 22% shorter than its text implies
    0.784  target1         2520ms  "because I want to find out what the answer is"
           56686c55-aa1f-49c4-8326-ae61d4b080fa  rev 1  — 22% shorter than its text implies
    0.784  target1         2352ms  "you want to learn what the answer is today"
           dc4a203c-02a5-4e28-a282-aa9d95819e46  rev 1  — 22% shorter than its text implies
    0.784  target2         2016ms  "I'm going to start speaking tomorrow"
           2e76ba0a-bb99-4154-8880-ca7c188037a7  rev 1  — 22% shorter than its text implies
    0.784  target2         3024ms  "I'm looking forward to speaking English this afternoo
           73cbf969-5ae9-4307-bf08-53aaea1ceefc  rev 1  — 22% shorter than its text implies
    0.784  target2         2856ms  "did you want to read anything carefully last month?"
           7b2f885d-9b47-4c13-a45f-ae15036f1f3a  rev 1  — 22% shorter than its text implies
    0.784  target2         1512ms  "how do you feel in English?"
           b30cf890-540c-456f-9452-4ac203449b72  rev 1  — 22% shorter than its text implies
    0.784  target2         3024ms  "it's like this because I don't need to know everythin
           083bb9c0-26ac-48b5-8447-cfdabeec12bc  rev 1  — 22% shorter than its text implies
    0.784  target1         3192ms  "it's like this because I don't care about making mist
           1fffeed3-0000-45e5-b728-99d7b1cc78a7  rev 1  — 22% shorter than its text implies
    0.784  target1         1680ms  "I'm not trying to finish today"
           6c57476d-dde2-4c0b-8c7f-848b0058d5da  rev 1  — 22% shorter than its text implies
    0.784  target2         1680ms  "I think that it's a good thing"
           fd376930-7f7c-40b8-aaeb-010284622640  rev 1  — 22% shorter than its text implies
    0.786  target1         2640ms  "I'm trying to be able to speak a little English"
           0f49ed80-b42a-4efd-aff8-6f75f9d4d7d3  rev 1  — 21% shorter than its text implies
    0.786  target2         2808ms  "I want to learn English when other people are here"
           a5a2f1d6-d5fb-4e2c-a383-de2c5392ef94  rev 1  — 21% shorter than its text implies
    0.786  target2         2808ms  "I want to say something when other people are here"
           e6e43cd3-c683-4356-b120-ee6e4c2e9d0c  rev 1  — 21% shorter than its text implies
    0.786  target1         2808ms  "I started to think about it carefully this morning"
           0d9929b1-c34c-440c-b545-d3609f1735ad  rev 1  — 21% shorter than its text implies
    0.786  target2         2808ms  "I started to think about it carefully this morning"
           3ab3f6b8-93bf-4685-a2af-3fd75845c708  rev 1  — 21% shorter than its text implies
    0.787  target1         2304ms  "I want to say something with someone else"
           25d01ec4-35b7-497f-91bf-9a5c1866444b  rev 1  — 21% shorter than its text implies
    0.787  target1         1800ms  "I'm going to start speaking more"
           5bf4acc0-1931-4fce-a8fa-b264263aed2b  rev 1  — 21% shorter than its text implies
    0.787  target1         2136ms  "he doesn't want to be quiet in English"
           5a9d08f9-f186-4d80-9bfd-da21b203e611  rev 1  — 21% shorter than its text implies
    0.787  target1         1968ms  "to learn when other people are here"
           be53136b-5d34-4382-ad00-30c9b98c09b3  rev 1  — 21% shorter than its text implies
    0.787  target1         2304ms  "I wasn't thinking about how long to learn"
           1e961ad1-62c7-42f0-a788-956170cff52c  rev 1  — 21% shorter than its text implies
    0.787  target1         2136ms  "was starting to feel better in English"
           f2044629-c822-4f01-94d6-57dc5ec13514  rev 1  — 21% shorter than its text implies
    0.787  target2         4104ms  "I wanted to know a good thing because I don't worry a
           c6e02180-a630-4ee9-b530-97e51e083bd0  rev 1  — 21% shorter than its text implies
    0.788  target1         1464ms  "to speak with someone else"
           08cfbd1f-f9ae-4fb9-bd5d-18985a14d8d0  rev 1  — 21% shorter than its text implies
    0.788  target1         1464ms  "I'd like to speak a little"
           98828132-ef99-4415-9594-23fd1c97537f  rev 1  — 21% shorter than its text implies
    0.788  target2         1464ms  "she wants to say something"
           2c11294a-2478-4aab-ac36-8f458c51f29e  rev 1  — 21% shorter than its text implies
    0.788  target2         1464ms  "we don't want to interrupt"
           c7a52a42-af67-49dd-9c9d-5b6149671fc6  rev 1  — 21% shorter than its text implies
    0.788  target1         1464ms  "I've been learning English"
           4141eb5b-1c70-478a-a9cd-30e02ede289f  rev 1  — 21% shorter than its text implies
    0.788  target1         1464ms  "how do you feel carefully?"
           ef9ac111-ad4f-4f1a-8126-5803d16faec5  rev 1  — 21% shorter than its text implies
    0.788  target1         1632ms  "I'm not trying to finish here"
           b9e4eb83-ce24-40b4-8be3-c4ec1c7ec950  rev 1  — 21% shorter than its text implies
    0.789  target2         2592ms  "I was starting to feel better than last night."
           1af5cd2b-e3f4-4d4d-ae28-d14f62f39285  rev 1  — 21% shorter than its text implies
    0.789  target2         2760ms  "She doesn't want to read anything this afternoon."
           a8b85f2b-3952-4900-98bf-f158ef58e553  rev 1  — 21% shorter than its text implies
    0.789  target2         2592ms  "I'd like to be able to speak with someone else"
           5ef62bcf-a053-488b-9f8b-d2fdb3aa9d5b  rev 1  — 21% shorter than its text implies
    0.789  target2         2424ms  "we need to meet at six o'clock this evening"
           166462f6-dac9-4e62-a1d1-f2d87c9b2d58  rev 1  — 21% shorter than its text implies
    0.789  target2         2424ms  "I want to find out something at six o'clock"
           764996c5-ef11-4747-b7de-837177708e71  rev 1  — 21% shorter than its text implies
    0.789  target1         2424ms  "he wants to find out something this evening"
           964ea5fb-6896-44b3-8728-cc42d9a527c0  rev 1  — 21% shorter than its text implies
    0.789  target1         2592ms  "because people who speak English want to learn"
           576b40d8-16fa-4577-b402-c0c855da4e90  rev 1  — 21% shorter than its text implies
    0.789  target2         1296ms  "are you learning today?"
           bd5ebdb1-c977-4c5e-9769-d86466d7348a  rev 1  — 21% shorter than its text implies
    0.789  target1         2760ms  "I'm looking forward to speaking better in English"
           693d21c6-8342-4738-9566-6f75d05cdd05  rev 1  — 21% shorter than its text implies
    0.789  target2         2424ms  "was starting to feel better than last night"
           9ff10192-144f-4188-bcdf-7a497782d0b1  rev 1  — 21% shorter than its text implies
     0.79  target1         2256ms  "I want to try to speak with someone else"
           89d68dc3-1db3-4009-b581-7ad00a4782a0  rev 1  — 21% shorter than its text implies
     0.79  target2         2256ms  "I want to try to speak with someone else"
           a697506e-1e89-4426-906c-1e1ce4c5556b  rev 1  — 21% shorter than its text implies
     0.79  target2         3384ms  "I'm trying to practise speaking in English with someo
           e611985d-de66-4a73-8249-8f73206b6e33  rev 1  — 21% shorter than its text implies
     0.79  target1         1128ms  "to explain something"
           5e62f924-961f-4543-aa05-e4d03a075a9f  rev 1  — 21% shorter than its text implies
     0.79  target1         3216ms  "I want to learn a little after speaking with someone 
           b6059c94-c1f1-4819-ab5d-4d8600804f52  rev 1  — 21% shorter than its text implies
     0.79  target2         3216ms  "I want to learn a little after speaking with someone 
           cf239553-0195-4b0b-9acb-c6ea6d953f15  rev 1  — 21% shorter than its text implies
     0.79  target2         2256ms  "but I don't want to stop talking quickly"
           e125d457-16ea-45ff-bfb6-4fc50454f086  rev 1  — 21% shorter than its text implies
     0.79  target1         2256ms  "he wants to say something at six o'clock"
           f97d9062-424f-40e5-804c-3f8573cfd80a  rev 1  — 21% shorter than its text implies
     0.79  target1         2088ms  "she doesn't want to read anything now"
           07ab49e2-d0ef-46d6-b6f6-2ab531f2eff0  rev 1  — 21% shorter than its text implies
     0.79  target2         2088ms  "I need to read something this morning"
           4898c527-7f7e-4bb6-bc80-f4826803b140  rev 1  — 21% shorter than its text implies
    0.791  target2         2544ms  "Are you going to help me before I have to go?"
           58853b41-fa76-4ecc-a0db-06d16b6ba45e  rev 1  — 21% shorter than its text implies
    0.791  target2          960ms  "to speak with you"
           0b0b2bc3-d9c8-4597-8425-6fe3ffc895cf  rev 1  — 21% shorter than its text implies
    0.791  target2         2712ms  "I'm going to try to explain what I mean tomorrow"
           f3f9325d-2151-4d1c-a7ca-b60254005b72  rev 1  — 21% shorter than its text implies
    0.791  target1         1920ms  "he wants to come back this evening"
           ddeace68-0ca5-4d2f-93a9-d570f24d82a0  rev 1  — 21% shorter than its text implies
    0.791  target1         1752ms  "wasn't thinking about to answer"
           3da8aded-c369-4e8a-9dae-737824940869  rev 1  — 21% shorter than its text implies
    0.791  target2         2544ms  "it's useful to speak in English at the moment"
           c1047d0b-fac7-44b0-b39e-e7b8bffddab0  rev 1  — 21% shorter than its text implies
    0.791  target1         2712ms  "you don't worry about making mistakes in English"
           3432a2d3-8c4e-4bd8-8c6b-854cb21567bc  rev 1  — 21% shorter than its text implies
    0.791  target1         1920ms  "it's a good thing to make mistakes"
           dd323d98-09b2-439d-baa5-2109a1602a94  rev 1  — 21% shorter than its text implies
    0.792  target1         1584ms  "I'm trying to learn a little"
           740d7b93-2e37-4ad1-90ac-e1b0f3267c0b  rev 1  — 21% shorter than its text implies
    0.792  target2         2376ms  "I'm not sure if I can remember what I mean"
           bfc68bbb-9fb9-4e89-8dc5-2ac140ee0e96  rev 1  — 21% shorter than its text implies
    0.792  target1         1584ms  "I want to find out something"
           2a810b6c-b8d5-425e-90c2-ecff4aa607f6  rev 1  — 21% shorter than its text implies
    0.792  target1         2376ms  "I like to start talking as soon as you can"
           0b557088-65f7-4336-9f92-a55fab273571  rev 1  — 21% shorter than its text implies
    0.792  target1         1584ms  "I've been learning carefully"
           31744020-eced-48e7-bf9f-40ce41f62f17  rev 1  — 21% shorter than its text implies
    0.792  target2         1584ms  "it's useful to read a little"
           6c9dc24c-92c8-474e-bb29-f112a2679352  rev 1  — 21% shorter than its text implies
    0.792  target1         1584ms  "I'm not trying to finish now"
           65835e5e-a971-426c-a49b-39a7da0fbc93  rev 1  — 21% shorter than its text implies
    0.792  target1         2376ms  "I'm trying to speak as quickly as possible"
           a9013a5f-a73f-4f51-b085-5777ea27a6a7  rev 1  — 21% shorter than its text implies
    0.793  target2         2832ms  "I'm not sure if I can remember the whole sentence."
           8ed2cf20-647c-4389-b6b6-6fc6c1adeb42  rev 1  — 21% shorter than its text implies
    0.793  target2         2040ms  "You wanted to speak with me tonight."
           d63b0981-ddc2-4e2c-98bc-185691dce56a  rev 1  — 21% shorter than its text implies
    0.793  target2         2832ms  "I'm trying to learn something as often as possible"
           c13dae19-6483-4fd1-a6c4-f18748711e1b  rev 1  — 21% shorter than its text implies
    0.793  target2         2040ms  "I want to explain something with you"
           b8da98bf-443a-42dd-a025-18efdf12030c  rev 1  — 21% shorter than its text implies
    0.793  target2         2208ms  "I'd like to come back later on with you"
           6c595693-14ad-437f-8626-95472ed8ce3c  rev 1  — 21% shorter than its text implies
    0.793  target2         2208ms  "we need to meet at six o'clock tomorrow"
           210716f1-b22d-4caf-8416-1932ea6d381a  rev 1  — 21% shorter than its text implies
    0.793  target2         2208ms  "I'm looking forward to speaking quickly"
           16714dc3-9f93-44fe-8b8c-b0fac2f55939  rev 1  — 21% shorter than its text implies
    0.793  target1         2040ms  "he doesn't want to be quiet with you"
           176ee27a-e4b7-4f26-939a-f258e6042ae8  rev 1  — 21% shorter than its text implies
    0.793  target2         2832ms  "I don't need to know a good thing to make mistakes"
           7586b1e7-7125-40c9-ab69-fbf65b647100  rev 1  — 21% shorter than its text implies
    0.793  target1         2208ms  "if you know what I mean, it's like this"
           586c7b38-03ac-4713-8dc7-0e5db5923a8d  rev 1  — 21% shorter than its text implies
    0.794  target1         1872ms  "But I don't want to stop talking."
           bcd8b093-382e-48b2-9dcf-79c710cf173a  rev 1  — 21% shorter than its text implies
    0.794  target2         3120ms  "she wants to find out what the answer is at six o'clo
           6846b595-4a3c-4d56-b23e-286e455a9e41  rev 1  — 21% shorter than its text implies
    0.794  target1         2496ms  "it's useful to speak in English this morning"
           3f510d37-abdd-4c6e-96ed-032efc53338d  rev 1  — 21% shorter than its text implies
    0.794  target1         1872ms  "I wasn't thinking about the story"
           58939235-b1d6-43f2-96fc-ee7e0d0b2138  rev 1  — 21% shorter than its text implies
    0.794  target2         2664ms  "I don't need to know the story to make mistakes"
           9970c110-6703-4ee7-8666-8296de18959e  rev 1  — 21% shorter than its text implies
    0.795  target2         1704ms  "I'm not sure if I can remember"
           38a94aba-1e2c-457c-8fa0-8dd68a838ba3  rev 1  — 20% shorter than its text implies
    0.795  target1         1704ms  "do you speak a little English?"
           034d1e4c-8fce-4b74-9b81-6b49789f9622  rev 1  — 20% shorter than its text implies
    0.795  target1         2784ms  "he wants to practise speaking in English tomorrow"
           426a3243-7734-4ad7-8570-39c91b1e9543  rev 1  — 20% shorter than its text implies
    0.795  target2         1704ms  "I don't want to speak with you"
           364a39e8-af61-49df-bc31-58d29d4235aa  rev 1  — 20% shorter than its text implies
    0.796  target1         1536ms  "he doesn't want to be quiet"
           759b179c-6229-404e-ba89-07ddc2a579d6  rev 1  — 20% shorter than its text implies
    0.796  target1         2160ms  "I want to explain what I mean with you"
           2ef3c67d-14ec-43f3-85ef-8320714ecbd6  rev 1  — 20% shorter than its text implies
    0.796  target2         1536ms  "I'd like to learn something"
           adeb53a7-b7b0-49a2-ab9d-f56ab8b195e6  rev 1  — 20% shorter than its text implies
    0.796  target1         1536ms  "you wanted to speak with me"
           8a9e7c80-98dc-48d6-ad43-0dd342822f29  rev 1  — 20% shorter than its text implies
    0.796  target1         2616ms  "she doesn't want to read anything this morning"
           b65c031b-32ac-48e6-8b17-e529d16ab76d  rev 1  — 20% shorter than its text implies
    0.796  target1         2160ms  "but I'm starting to feel tired tonight"
           62c2c92c-1fee-4c9a-a9cd-f9bb50ceb076  rev 1  — 20% shorter than its text implies
    0.796  target2         2160ms  "you wanted to know something yesterday"
           c82a5b53-783a-4203-bc47-97f889d6dead  rev 1  — 20% shorter than its text implies
    0.797  target2         2904ms  "I'm trying to speak in English as often as possible"
           3bb0b0a5-5a10-45f9-bb64-454f282591df  rev 1  — 20% shorter than its text implies
    0.797  target2         2448ms  "I'm trying to remember something in English"
           30269a1e-33cd-426e-9e13-fe34436d4b4b  rev 1  — 20% shorter than its text implies
    0.797  target1         2904ms  "I'm going to practise speaking as often as possible"
           b10c13e2-4d16-4adc-86e1-05f7233b9595  rev 1  — 20% shorter than its text implies
    0.798  target1         2280ms  "I want to learn, because I want to speak"
           147d90a3-2af0-44a4-9704-1a57a134f0be  rev 1  — 20% shorter than its text implies
    0.798  target1         1368ms  "I want to show something"
           606ba4fc-4168-4ca2-bf2d-d4bd5742ff2b  rev 1  — 20% shorter than its text implies
    0.798  target1         1824ms  "she doesn't want to read quickly"
           df82ecfd-0bd2-42b7-b149-6acfd33e8f6d  rev 1  — 20% shorter than its text implies
    0.798  target2         2280ms  "she started to think about it last month"
           0de5852f-8596-414d-aeee-ef6b2c899bcf  rev 1  — 20% shorter than its text implies
    0.798  target1         1824ms  "wasn't thinking about in English"
           10e52e75-8d4f-44c1-b381-83175b960b12  rev 1  — 20% shorter than its text implies
    0.798  target2         2736ms  "you don't worry about making mistakes in English"
           ee46e05a-5b33-4ccb-abd8-a1350f31d6b9  rev 1  — 20% shorter than its text implies
    0.799  target1         1656ms  "I want to learn something now"
           fe3b4768-a86c-4fc2-b014-fe0ec5f0400b  rev 1  — 20% shorter than its text implies
    0.799  target2         2568ms  "I want to practise speaking with someone else"
           527fe4dd-23e6-4041-b7eb-2c7f2015314d  rev 1  — 20% shorter than its text implies
    0.799  target2         2112ms  "I'm trying to explain something today"
           5e322418-7377-496b-9946-086e1ba4903b  rev 1  — 20% shorter than its text implies
    0.799  target1         2112ms  "I'm trying to explain something today"
           8ed70304-7305-4d60-b59a-690b8441d7e2  rev 1  — 20% shorter than its text implies
    0.799  target1         2112ms  "I'd like you to speak English with me"
           9b05a544-ae44-4f84-9014-d43178b6f188  rev 1  — 20% shorter than its text implies
    0.799  target1         1656ms  "I wanted to ask you something"
           50b8aa96-f328-4d49-a4d5-2c869158db72  rev 1  — 20% shorter than its text implies
    0.799  target1         2112ms  "you don't want to interrupt the story"
           51e75cb9-8e26-451c-a517-f06a39e0b26d  rev 1  — 20% shorter than its text implies
    0.799  target2         3024ms  "she doesn't want to read anything before I have to go
           aabb2437-e1b5-42e6-81fb-7360f4263128  rev 1  — 20% shorter than its text implies
    0.799  target1         1656ms  "I've been learning in English"
           3d028c0c-0192-4a90-9b8d-d7561f7ed08c  rev 1  — 20% shorter than its text implies
    0.799  target1         2112ms  "you wanted to read about it yesterday"
           43bb9732-4cbb-4dcd-bbbd-eea90e331d51  rev 1  — 20% shorter than its text implies
    0.799  target2         2112ms  "but I'm a little tired this afternoon"
           44ab1e89-c464-4713-9a00-02941eca7acf  rev 1  — 20% shorter than its text implies
    0.799  target1         2112ms  "but I'm a little tired this afternoon"
           de43b06d-84e3-4612-9de0-85563f44c556  rev 1  — 20% shorter than its text implies
      0.8  target2         1944ms  "to say something with someone else"
           b0ed7017-4958-452a-a414-6a322ca756cb  rev 1  — 20% shorter than its text implies
      0.8  target1         2400ms  "I'm not sure if I can remember what I mean"
           a2235010-357a-4b97-a266-646545786903  rev 1  — 20% shorter than its text implies
      0.8  target1         1944ms  "I'd like to speak a little English"
           5a689e0d-5cf9-4ada-b261-54d627407955  rev 1  — 20% shorter than its text implies
      0.8  target2         1944ms  "I want to guess something tomorrow"
           78c03a9f-7253-4b12-9129-3fd7900982d0  rev 1  — 20% shorter than its text implies
      0.8  target2         2856ms  "I wouldn't like to say the whole sentence tomorrow"
           cbea254c-668d-497b-81ca-3ef779e5ca27  rev 1  — 20% shorter than its text implies
      0.8  target1         1944ms  "he wants to speak a little English"
           449718aa-eeab-4bdf-abfd-16f67aab3cb2  rev 1  — 20% shorter than its text implies
      0.8  target1         3144ms  "she wants to find out what the answer is at six o'clo
           2f67f172-f577-4dfe-9383-1688fbd75a89  rev 1  — 20% shorter than its text implies
      0.8  target2         1944ms  "he wants to come back this evening"
           88e9adab-3e62-413f-8af3-b5ce5c3e99ca  rev 1  — 20% shorter than its text implies
      0.8  target2         1200ms  "why are you learning?"
           06f3078e-c005-48a2-b77e-280271c53dec  rev 1  — 20% shorter than its text implies
      0.8  target1         1944ms  "she doesn't want to read the story"
           4edf3e6a-41f9-47ea-ab80-5f4d259b1e60  rev 1  — 20% shorter than its text implies
    0.801  target2         2688ms  "I'm trying to say the whole sentence in English"
           2c1235b1-0157-41b9-9b0a-894d36a92305  rev 1  — 20% shorter than its text implies
    0.801  target1         1488ms  "are you learning his name?"
           5bd8dec4-eb4f-47d5-b961-09c26b687526  rev 1  — 20% shorter than its text implies
    0.801  target1         2232ms  "I wanted to read the story this morning"
           731780a4-936d-458d-8a83-b7630e9c5467  rev 1  — 20% shorter than its text implies
    0.801  target1         2688ms  "I wanted to read the story carefully last month"
           98e689a8-00b7-463b-87ce-e41171a448ef  rev 1  — 20% shorter than its text implies
    0.802  target2         1776ms  "I'm going to practise something"
           648e48d5-fd42-4e26-acf5-c92fd44a735e  rev 1  — 20% shorter than its text implies
    0.802  target1         1776ms  "I want to try to speak with you"
           65fbf910-30e8-45ad-8fa1-0a7cd24bd47a  rev 1  — 20% shorter than its text implies
    0.802  target2         1776ms  "I'm trying to explain something"
           cd0b8081-5584-4271-b3df-91ebab3d5ee1  rev 1  — 20% shorter than its text implies
    0.802  target1         1776ms  "I'm trying to explain something"
           d05ed072-c4f1-4132-b512-d88d2000bb60  rev 1  — 20% shorter than its text implies
    0.802  target2         2520ms  "I want to practise as hard as I can with you"
           faea0cf2-d3d4-401f-b5e7-4c975866e0a6  rev 1  — 20% shorter than its text implies
    0.802  target2         2808ms  "he wants to practise speaking in English tomorrow"
           51ff40c2-0b52-41e5-8fee-ae382660133b  rev 1  — 20% shorter than its text implies
    0.802  target1         2520ms  "don't worry about making mistakes in English"
           0eb5f8c0-4a5e-403b-b32e-edd060638a7f  rev 1  — 20% shorter than its text implies
    0.803  target2         2064ms  "But I'm a little tired this morning."
           0e58e92b-493b-4510-8a96-2283fb13250e  rev 1  — 20% shorter than its text implies
    0.803  target1         2064ms  "I want to learn how to say something"
           de514fef-bf10-487a-a014-7071d830f2ca  rev 1  — 20% shorter than its text implies
    0.803  target1         2064ms  "I'm going to practise speaking today"
           112806c4-a1f6-4ec3-a34e-b77183d3efee  rev 1  — 20% shorter than its text implies
    0.803  target2         2064ms  "I'd like to come back at six o'clock"
           d93897a1-957d-4729-b4c2-2f580a1a5cde  rev 1  — 20% shorter than its text implies
    0.803  target1         1320ms  "because I want to learn"
           7c8c3146-ceb5-4042-9dae-36aca38dde6f  rev 1  — 20% shorter than its text implies
    0.803  target2         2064ms  "she won't be able to remember easily"
           37e9f669-d43e-4480-8e37-b0cb0ee4c2f3  rev 1  — 20% shorter than its text implies
    0.803  target1         2064ms  "I wanted to read something yesterday"
           2fb93413-845b-4822-8573-2314c15f4976  rev 1  — 20% shorter than its text implies
    0.803  target2         2352ms  "did you want to read anything in English?"
           9afe539e-beb8-4cfc-b3e5-3230335ea09b  rev 1  — 20% shorter than its text implies
    0.803  target2         2640ms  "I wanted to read the story before I have to go"
           dc9785d3-62c2-4591-8c02-b95e7d2bd282  rev 1  — 20% shorter than its text implies
    0.803  target1         2064ms  "I wanted to read something carefully"
           32ded25e-0744-4ed5-bdce-38581766137e  rev 1  — 20% shorter than its text implies
    0.803  target2         2064ms  "I wanted to read something carefully"
           c8fe92a2-a058-4e0f-a85a-56d9d94d173f  rev 1  — 20% shorter than its text implies
    0.803  target1         3096ms  "it's like this because I don't need to know everythin
           4540735f-2670-43e4-96b4-0a2f972f07d2  rev 1  — 20% shorter than its text implies
    0.803  target1         1320ms  "if you know what I mean"
           71fe6dc1-0d1f-4c06-b9ee-e2d07e7886d2  rev 1  — 20% shorter than its text implies
    0.803  target2         2064ms  "you don't care about making mistakes"
           9759a186-d44e-4a57-bdce-63314c62028b  rev 1  — 20% shorter than its text implies
    0.804  target2         1896ms  "I wouldn't like to guess tomorrow"
           55046362-ed6a-4349-a358-758057cf8ac4  rev 1  — 20% shorter than its text implies
    0.804  target2         1896ms  "I want to learn his name tomorrow"
           91b7d5a4-d666-4538-a867-6a7bbc3b6f1a  rev 1  — 20% shorter than its text implies
    0.804  target1         2928ms  "I'd like to say what's going to happen this evening"
           d97b6514-37cd-4779-9574-18b0a6f6f048  rev 1  — 20% shorter than its text implies
    0.804  target2         1608ms  "I want to show you something"
           5efb99d0-1e30-42d4-a6f7-d7f2f6fec731  rev 1  — 20% shorter than its text implies
    0.804  target1         2928ms  "I don't like taking too much time to answer tonight"
           bac8cb7e-e655-42c9-8faf-281f3b2ccdbc  rev 1  — 20% shorter than its text implies
    0.804  target1         1896ms  "I think that you know what I mean"
           1746f9aa-5f76-494a-8430-dad222f574bd  rev 1  — 20% shorter than its text implies
    0.805  target2         2184ms  "I wasn't thinking about how to answer."
           e5eb0525-cac5-4cde-8291-b3783af142bf  rev 1  — 20% shorter than its text implies
    0.805  target1         2184ms  "I'm trying to say something in English"
           cbc9f967-f53c-4d55-a5d5-298896b5fbaf  rev 1  — 20% shorter than its text implies
    0.805  target2         2184ms  "I want to explain what I mean with you"
           5d7a8bd9-c626-4d28-82ba-c52e828224a5  rev 1  — 20% shorter than its text implies
    0.805  target1         2184ms  "I wouldn't like to explain what I mean"
           0d0c280c-68e8-417c-9db0-13de59f23da1  rev 1  — 20% shorter than its text implies
    0.805  target2         2472ms  "I want to speak at six o'clock this evening"
           9fd78eb7-6bdb-43ab-97e5-613c2690e623  rev 1  — 20% shorter than its text implies
    0.805  target1         2760ms  "she wants to find out what the answer is quickly"
           adb58365-e2bf-4794-80b3-b40e71afc6b2  rev 1  — 19% shorter than its text implies
    0.805  target1         2472ms  "I don't want to find out what the answer is"
           c5b67602-6d61-4930-9adf-86e9cab1342f  rev 1  — 20% shorter than its text implies
    0.805  target2         3048ms  "I don't want to stop talking, because I want to learn
           de715b54-5d18-4ca8-b257-edc4abfee3db  rev 1  — 19% shorter than its text implies
    0.805  target1         2472ms  "I want to learn quickly before I have to go"
           699dbdff-233c-4057-ae08-b6ae25c3bf35  rev 1  — 20% shorter than its text implies
    0.805  target2         2472ms  "I'm looking forward to speaking even better"
           98d99e1a-5387-4cee-bf08-5ce08dbd8f74  rev 1  — 20% shorter than its text implies
    0.805  target2         2472ms  "she doesn't want to read anything yesterday"
           a262f7de-6db7-425c-8fad-7291e0d7bc77  rev 1  — 20% shorter than its text implies
    0.805  target1         2184ms  "I think that it's like this in English"
           2b392d98-a5bd-4c5b-973f-70eb2cb35bb4  rev 1  — 20% shorter than its text implies
    0.805  target2         2184ms  "I want to speak as quickly as possible"
           7c326e85-39d4-42b3-b2cf-ea9cdb13a815  rev 1  — 20% shorter than its text implies
    0.806  target1         2304ms  "But I don't worry about making mistakes."
           537020d4-fe2f-48ac-aac8-83cce066f3dd  rev 1  — 19% shorter than its text implies
    0.806  target1         1440ms  "I want to learn something"
           690b7b8b-743e-45d6-ad50-bd3f2f57892a  rev 1  — 19% shorter than its text implies
    0.806  target1         2880ms  "I'm trying to learn something as often as possible"
           74c03bcc-fe93-416e-b64f-7ed2ddedb99c  rev 1  — 19% shorter than its text implies
    0.806  target1         1728ms  "I'm going to practise speaking"
           838c9563-95cc-4f7a-b5ab-25ce5337e2d4  rev 1  — 19% shorter than its text implies
    0.806  target2         2304ms  "I'm trying to practise speaking with you"
           edae311d-c98a-402a-8b1b-bdde20f256c7  rev 1  — 19% shorter than its text implies
    0.806  target1         1728ms  "to remember the whole sentence"
           357b58dd-ae82-4d5a-8262-80fcfc205440  rev 1  — 19% shorter than its text implies
    0.806  target2         2592ms  "I want to explain something with someone else"
           d14be8f7-9481-464a-a370-df16ee5cf0c5  rev 1  — 19% shorter than its text implies
    0.806  target2         1440ms  "I want to guess something"
           52bc9578-087f-4c60-8b2e-6781e37b7a6e  rev 1  — 19% shorter than its text implies
    0.806  target1         2880ms  "and tomorrow I'd like you to speak English with me"
           18ed90b3-140a-4cb9-97c2-29d93695605b  rev 1  — 19% shorter than its text implies
    0.806  target1         2880ms  "I'm going to try to speak a little English all day"
           9cc40c22-8f5e-4865-b60d-7679ac2f9905  rev 1  — 19% shorter than its text implies
    0.806  target2         3168ms  "he wants to come back, but we need to meet this eveni
           2c31c879-328a-4e0f-8968-51af76b55927  rev 1  — 19% shorter than its text implies
    0.806  target2         1440ms  "are you learning quickly?"
           48fd5b5e-6ba9-4a30-bd50-91cd1a319ea8  rev 1  — 19% shorter than its text implies
    0.806  target1         2016ms  "you want to learn quickly, but why?"
           e1cb7193-e66f-4cde-ab52-20574839c704  rev 1  — 19% shorter than its text implies
    0.806  target1         1728ms  "he wants to answer even better"
           50c5d1ae-c052-4792-bcb2-a7be7ebd3449  rev 1  — 19% shorter than its text implies
    0.806  target1         2016ms  "he doesn't want to be quiet with me"
           daf5745d-7bc9-43cd-a9bd-a4bdd3f4cfab  rev 1  — 19% shorter than its text implies
    0.806  target1         1728ms  "or if I need to read something"
           3768ba85-d47d-472f-856b-33bcc3d1aedf  rev 1  — 19% shorter than its text implies
    0.806  target2         3456ms  "if you know what I mean, I don't worry about making m
           0ad3e180-751b-476a-9b83-db8f635184cb  rev 1  — 19% shorter than its text implies
    0.806  target1         2592ms  "I don't care about making mistakes in English"
           12410f0e-832f-41e5-bdc1-72063d5e5365  rev 1  — 19% shorter than its text implies
    0.808  target2         1848ms  "I want to speak English with you"
           f7fae7b1-d7fc-436a-b27f-44de052d44af  rev 1  — 19% shorter than its text implies
    0.808  target1         2136ms  "I'm not sure if I can remember a word"
           8d63f028-3679-4129-abeb-8a57bbb8c8f8  rev 1  — 19% shorter than its text implies
    0.808  target2         2424ms  "you want to learn what the answer is today"
           a9529fce-1599-4884-b556-ccc94c1b8c11  rev 1  — 19% shorter than its text implies
    0.808  target2         1848ms  "won't be able to remember easily"
           5eecdeef-fe8c-4635-ab7b-abac78d755d6  rev 1  — 19% shorter than its text implies
    0.808  target1         2136ms  "he won't be able to remember his name"
           f2422867-5aef-411e-aa10-b0e4249d50d8  rev 1  — 19% shorter than its text implies
    0.808  target1         1848ms  "I want to show something tonight"
           82ee5d3e-4a38-4c59-90e5-d95f64793ed7  rev 1  — 19% shorter than its text implies
    0.808  target2         2136ms  "you don't want to interrupt the story"
           3ea4f5b0-6d0e-4902-b88e-9bd606c44a8c  rev 1  — 19% shorter than its text implies
    0.808  target2         2424ms  "I want to speak when other people are here"
           f3832d83-153b-49a9-bf39-8a3a89ff3f1b  rev 1  — 19% shorter than its text implies
    0.808  target1         2136ms  "I wanted to read something last month"
           20c1eb06-868a-41d3-a7a1-08559bdcc4ff  rev 1  — 19% shorter than its text implies
    0.808  target1         2424ms  "did you want to read the story last month?"
           53d668b1-294e-4937-9ab5-56a9f420f39d  rev 1  — 19% shorter than its text implies
    0.808  target2         1848ms  "but I'm a little tired carefully"
           94409143-abce-4422-8c25-3805064b7720  rev 1  — 19% shorter than its text implies
    0.808  target2         1848ms  "wasn't thinking about last month"
           eed032ca-9493-4504-9bb5-0db8a8f722ca  rev 1  — 19% shorter than its text implies
    0.808  target2         1848ms  "I don't need to know what I mean"
           fd5ad21f-0bce-4f45-9caf-0cdd34204f10  rev 1  — 19% shorter than its text implies
    0.809  target2         2832ms  "And I want you to speak English with me tomorrow."
           a8ae9b0b-3063-45e5-8cc9-4d56b68499a1  rev 1  — 19% shorter than its text implies
    0.809  target1         1560ms  "I'm trying to say something"
           91da471d-8912-4e3d-9fe1-dda920c26ea3  rev 1  — 19% shorter than its text implies
    0.809  target1         1560ms  "you want to learn something"
           f20bbc7b-31f4-4358-adc3-962cf39dc019  rev 1  — 19% shorter than its text implies
    0.809  target2         2544ms  "I nearly want to find out what the answer is"
           348296b7-2384-4ae2-af1d-53f9a33c71cd  rev 1  — 19% shorter than its text implies
    0.809  target1         2544ms  "I nearly want to find out what the answer is"
           f070aecf-4f6e-4391-8a6d-2edd568b999b  rev 1  — 19% shorter than its text implies
    0.809  target1         1560ms  "was starting to feel better"
           9b7be2b2-cfd9-4b18-bd0b-270dfee23a50  rev 1  — 19% shorter than its text implies
    0.809  target2         5256ms  "I think that it's a good thing to make mistakes becau
           1f264506-49d0-4533-9d56-2696fd0f96a3  rev 1  — 19% shorter than its text implies
     0.81  target1          984ms  "it's a good thing"
           e8d4bc56-0222-42f7-9bf7-683f18588494  rev 1  — 19% shorter than its text implies
     0.81  target1         1968ms  "I'm trying to learn after speaking"
           6e2cee15-cd87-46bd-b367-e879bb854073  rev 1  — 19% shorter than its text implies
     0.81  target2         1968ms  "he wants to speak a little English"
           8a3c3a65-56e5-469d-bf96-527c90337a3b  rev 1  — 19% shorter than its text implies
     0.81  target2         2256ms  "she started to think about it carefully"
           2dc886ad-b9bb-45e4-99e2-3680831a00f7  rev 1  — 19% shorter than its text implies
    0.811  target1         1680ms  "I'm trying to learn something"
           2eb4d728-c107-4346-8d2e-abaad804a2b2  rev 1  — 19% shorter than its text implies
    0.811  target2         3072ms  "I don't want to speak with everyone else this evening
           0398f8d0-61ba-40e6-abdf-8bf0568eaa6d  rev 1  — 19% shorter than its text implies
    0.811  target2         1680ms  "I don't need to know about it"
           745eb8f6-f030-405d-988b-bb33f3032d5f  rev 1  — 19% shorter than its text implies
    0.811  target1         3360ms  "it's like this because I don't worry about making mis
           0bfec0f5-3e2f-4076-b2ef-b3978344c9f1  rev 1  — 19% shorter than its text implies
    0.812  target1         2784ms  "It's useful to start talking as soon as you can."
           1e326bf1-3b33-45f4-b258-46cc01dfb740  rev 1  — 19% shorter than its text implies
    0.812  target1         2784ms  "I'm trying to speak English as often as possible"
           5bff321b-ed99-47dd-88b6-02beee10cbbf  rev 1  — 19% shorter than its text implies
    0.812  target2         2784ms  "I'm trying to say something as often as possible"
           68ef28be-41b3-4392-8f48-b765b60891cd  rev 1  — 19% shorter than its text implies
    0.812  target1         3480ms  "people who speak English want to find out what the an
           5ec4e4a3-e4ca-4c9e-b5ff-523fe6a3e5f4  rev 1  — 19% shorter than its text implies
    0.812  target2         2088ms  "I've been learning better in English"
           f146e595-26d5-48c7-aaca-5ba113d80d14  rev 1  — 19% shorter than its text implies
    0.812  target2         2088ms  "you need to read something carefully"
           d0a03cca-3680-41b6-80b2-794d50fcf41a  rev 1  — 19% shorter than its text implies
    0.812  target1         1392ms  "I need to read the story"
           f80ac7e5-8cf4-414e-9224-23772b055c2f  rev 1  — 19% shorter than its text implies
    0.813  target2         2208ms  "to practise speaking with someone else"
           df2f9a4d-a986-4c00-8c4f-10b80764afab  rev 1  — 19% shorter than its text implies
    0.813  target1         2496ms  "I want to remember the whole sentence today"
           3a283179-99c4-4732-a225-aebddc774042  rev 1  — 19% shorter than its text implies
    0.813  target1         2208ms  "he wants to come back later on with me"
           1518f126-0ae2-481d-99da-90ce0001eca0  rev 1  — 19% shorter than its text implies
    0.813  target1         1800ms  "I'm not sure what the answer is"
           515ff607-08b9-4508-9d3e-49bbd1fdf280  rev 1  — 19% shorter than its text implies
    0.813  target2         3600ms  "I'm looking forward to speaking even better as soon a
           36778d7e-ebbd-42ad-abb4-2b7202843736  rev 1  — 19% shorter than its text implies
    0.813  target1         2496ms  "but I'm starting to feel tired this morning"
           44d09827-c04d-4dc8-8891-574e515ff392  rev 1  — 19% shorter than its text implies
    0.813  target2         2904ms  "but I'm starting to feel tired before I have to go"
           4ffb7e81-92c4-4425-b55b-a14490a76960  rev 1  — 19% shorter than its text implies
    0.813  target2         2496ms  "it's useful to speak better than last night"
           887acaeb-262c-4fa8-b019-1afb75f674e1  rev 1  — 19% shorter than its text implies
    0.813  target2         2496ms  "I don't worry about making mistakes tonight"
           51c7c942-c1a3-48fa-b554-f09adeb44072  rev 1  — 19% shorter than its text implies
    0.814  target2         2616ms  "she wants to find out what the answer is soon"
           5de7e23d-3a87-4d91-bd58-0d2ba05d32ee  rev 1  — 19% shorter than its text implies
    0.814  target1         1512ms  "to start talking yesterday"
           78bb88a0-1a17-4a6c-a73e-857711a9aee5  rev 1  — 19% shorter than its text implies
    0.815  target1         1920ms  "don't worry about making mistakes"
           7e8f59d5-d892-4c5e-b0fa-d8bcc43c80bc  rev 1  — 19% shorter than its text implies
    0.815  target1         2328ms  "I'm trying to practise speaking with you"
           7a5c173f-8165-4d26-adf4-d153eb288778  rev 1  — 19% shorter than its text implies
    0.815  target1         1920ms  "I'm going to practise English now"
           d2dcb596-42e3-4006-a00c-cb3242a4735f  rev 1  — 19% shorter than its text implies
    0.815  target1         1920ms  "I speak a little English with you"
           f302c13e-e199-419a-9b7e-4c0aabe43359  rev 1  — 19% shorter than its text implies
    0.815  target2         1920ms  "I'd like to try to speak with you"
           b86a1645-7f22-4b3a-b82a-9033883ca8e7  rev 1  — 19% shorter than its text implies
    0.815  target1         3144ms  "I want to learn, but I need to meet with everyone els
           41bfbc65-d529-4d80-af87-c555c8881232  rev 1  — 18% shorter than its text implies
    0.816  target1         1224ms  "to remember something"
           41bcd72b-b829-440b-b6b9-662d6582cfa2  rev 1  — 18% shorter than its text implies
    0.816  target1         2448ms  "I'm going to practise as often as possible"
           f60fb76a-6856-4b33-bbac-c1661c8b80a6  rev 1  — 18% shorter than its text implies
    0.816  target1         2448ms  "I speak a little English with someone else"
           c1d2be6c-a835-4590-be2f-81e8cb75660e  rev 1  — 18% shorter than its text implies
    0.816  target1         1224ms  "and to speak a little"
           010f4516-965b-4171-9fce-4d818fc06ff0  rev 1  — 18% shorter than its text implies
    0.816  target2         1224ms  "do you speak English?"
           518b0544-7e63-4438-9ea2-4841e5aa63ee  rev 1  — 18% shorter than its text implies
    0.816  target2         1224ms  "and to speak a little"
           5a851eb7-356e-4abe-88ba-69fe8d55a187  rev 1  — 18% shorter than its text implies
    0.816  target2         2040ms  "you want to learn his name tomorrow"
           f0a45c15-a9cf-4fc1-8d6f-035650f78e11  rev 1  — 18% shorter than its text implies
    0.816  target1         2040ms  "I don't like to interrupt the story"
           bd667989-ff0d-4e2b-ae0a-3e47a2e6307a  rev 1  — 18% shorter than its text implies
    0.816  target1         2448ms  "but I'm a little tired before I have to go"
           d7c87c60-d734-4471-b8d6-06b50b1ce48e  rev 1  — 18% shorter than its text implies
    0.816  target2         1632ms  "I'm not trying to finish now"
           316d3133-f6de-413f-9669-80f9f1a6d84a  rev 1  — 18% shorter than its text implies
    0.816  target2         1632ms  "it's a good thing in English"
           91bfaf7a-b1ed-4e9a-8de6-734767fdd52f  rev 1  — 18% shorter than its text implies
    0.816  target2         4080ms  "I think that it's like this because I don't care abou
           cf3c75bc-fcc5-4e50-ada3-cdd3a2581060  rev 1  — 18% shorter than its text implies
    0.816  target1         2448ms  "I don't care about making mistakes tonight"
           fa70acf3-11c9-416e-b57c-afb1ea24e3cc  rev 1  — 18% shorter than its text implies
    0.817  target1         2160ms  "I'm going to try as often as possible"
           00ac560b-bb75-40e9-9574-aba72ce31ae7  rev 1  — 18% shorter than its text implies
    0.817  target1         2160ms  "I'm not sure how to practise speaking"
           8314be0e-ee1e-43bf-b4ab-6cb6c182a571  rev 1  — 18% shorter than its text implies
    0.817  target1         2160ms  "I want to practise today and tomorrow"
           6fcbbdf0-ecb3-4168-bb0d-e6f6e6e1e8d0  rev 1  — 18% shorter than its text implies
    0.817  target2         2160ms  "you wanted to ask something yesterday"
           d1c88738-fd94-496c-98bb-19e72a44015e  rev 1  — 18% shorter than its text implies
    0.817  target2         2160ms  "she doesn't want to read anything now"
           ab1c0adf-3275-4cfd-9331-07ec79906335  rev 1  — 18% shorter than its text implies
    0.817  target2         2568ms  "don't worry about making mistakes in English"
           7b61382b-861d-4027-a38b-e436cc088260  rev 1  — 18% shorter than its text implies
    0.817  target2         2568ms  "because you don't care about making mistakes"
           63610eaf-bc3a-4a43-8e7d-5aab961df975  rev 1  — 18% shorter than its text implies
    0.818  target1         2280ms  "I'd like to come back later on with you"
           4e53c1b0-3314-4eb6-a201-dd32f743e9f5  rev 1  — 18% shorter than its text implies
    0.818  target1         1344ms  "because I want to speak"
           45022e52-e175-4227-8546-499c2fb6052b  rev 1  — 18% shorter than its text implies
    0.818  target2         1344ms  "because I want to learn"
           cde0333f-8fab-4c8d-aa56-2a6c2148c57a  rev 1  — 18% shorter than its text implies
    0.818  target1         1344ms  "are you learning today?"
           d20759f5-dbb2-4e71-bcc8-1021b42d8226  rev 1  — 18% shorter than its text implies
    0.818  target1         2688ms  "people who speak English want to learn quickly"
           d92e86b4-7be6-4e39-8b3d-a0007017fa67  rev 1  — 18% shorter than its text implies
    0.818  target1         2688ms  "he wants to find out why he wants to come back"
           e04004ad-2160-4e92-ae7b-dc35f6c18688  rev 1  — 18% shorter than its text implies
    0.818  target1         2280ms  "she started to think about it carefully"
           20c27ee6-b39a-40c4-9326-db37200ffecb  rev 1  — 18% shorter than its text implies
    0.818  target1         2280ms  "you wanted to know everything yesterday"
           0e910e8e-6911-48e4-a5db-8abd463f1a64  rev 1  — 18% shorter than its text implies
    0.818  target2         1752ms  "or if I need to read something"
           44cbfde1-1c36-4c8e-b0a0-2e623b304e2a  rev 1  — 18% shorter than its text implies
    0.819  target1         1872ms  "I want to speak a little English"
           acbf5859-b9f7-456f-ac46-117f8af5892e  rev 1  — 18% shorter than its text implies
    0.819  target2         3336ms  "he wants to come back tomorrow, but we need to meet t
           6a280457-1c82-44df-82d5-97bfcfead484  rev 1  — 18% shorter than its text implies
    0.819  target1         2808ms  "I like feeling as if I'm nearly ready to go soon"
           7b1b437a-74cb-46e7-800a-f29e87e493ca  rev 1  — 18% shorter than its text implies
    0.819  target1         1872ms  "wasn't thinking about last month"
           91caa8d4-08c8-47e8-b371-d31a7ccdf81c  rev 1  — 18% shorter than its text implies
     0.82  target2         1992ms  "I want to learn something with you"
           bbf4c573-6989-4d95-9e35-6431345dcc2c  rev 1  — 18% shorter than its text implies
     0.82  target2         1992ms  "I'm trying to learn after speaking"
           435ffbe4-57ce-47ea-bc03-0384e42a7412  rev 1  — 18% shorter than its text implies
     0.82  target2         1992ms  "I'm going to try to speak with you"
           8f59596d-5924-49f9-8d94-457e289afc24  rev 1  — 18% shorter than its text implies
     0.82  target1         1464ms  "I'd like to learn quickly"
           9883231b-06fa-4201-b5e6-e2f590751759  rev 1  — 18% shorter than its text implies
     0.82  target1         1464ms  "you want to learn quickly"
           eaf3ad93-e3f8-4bab-823d-3c06ba920c7a  rev 1  — 18% shorter than its text implies
     0.82  target1         1992ms  "won't be able to remember his name"
           adb76fab-f4dd-4809-8116-22f75f81c365  rev 1  — 18% shorter than its text implies
     0.82  target1         2520ms  "I'm looking forward to speaking even better"
           ca6e4404-9d46-4beb-803c-6453937b686f  rev 1  — 18% shorter than its text implies
     0.82  target1         2400ms  "did you want to read anything in English?"
           e38779d2-c1c0-4c65-a8f9-6fae1b0eceb6  rev 1  — 18% shorter than its text implies
     0.82  target1         1992ms  "she wanted to improve this morning"
           57467df6-6c94-400e-aa59-3fb4f55b5e91  rev 1  — 18% shorter than its text implies
     0.82  target1         2520ms  "it's useful to speak better than last night"
           e9e7254d-fca4-42f9-9b0d-77aaa797921d  rev 1  — 18% shorter than its text implies
    0.821  target2         1584ms  "i'm going to start speaking"
           9dfd7867-0183-4a3f-ba38-cd3311de8510  rev 1  — 18% shorter than its text implies
    0.821  target1         1584ms  "I'm trying to learn English"
           03323a0b-9f07-404f-a943-e547ba2420ec  rev 1  — 18% shorter than its text implies
    0.821  target2         2112ms  "I want to learn how to say something"
           4c409d8f-0eda-4845-a2ad-19c968b7b992  rev 1  — 18% shorter than its text implies
    0.821  target1         2640ms  "I want to explain something with someone else"
           c0587a72-5e57-479b-bc93-6001d55947a2  rev 1  — 18% shorter than its text implies
    0.821  target1         1056ms  "to guess something"
           aaf4d22c-a8c1-4d1b-b13b-015b18c7d64a  rev 1  — 18% shorter than its text implies
    0.821  target2         1584ms  "to speak with everyone else"
           eb339c38-4fbb-4130-9192-fc7a9ae9d3c5  rev 1  — 18% shorter than its text implies
    0.821  target1         1584ms  "I want to come back quickly"
           ae648392-19f7-42fc-af9c-4ef26e2617b1  rev 1  — 18% shorter than its text implies
    0.821  target2         1584ms  "I want to come back quickly"
           f6b9023c-b844-4a36-9296-1227266929eb  rev 1  — 18% shorter than its text implies
    0.821  target2         2112ms  "I'm looking forward to speaking soon"
           23880e52-cd08-4b73-be51-a9926f9b3908  rev 1  — 18% shorter than its text implies
    0.821  target2         1584ms  "was starting to feel better"
           56a8ece4-231e-4958-bf39-5dbba7bc7f4b  rev 1  — 18% shorter than its text implies
    0.822  target1         2232ms  "I'd like to be able to speak very well"
           03e2fa0d-00bc-4fbb-afbc-55d5f958a492  rev 1  — 18% shorter than its text implies
    0.822  target1         2760ms  "we need to meet with everyone else this evening"
           d7b4f351-cdf6-4e42-a344-ff1d34f8f62f  rev 1  — 18% shorter than its text implies
    0.822  target1         2760ms  "people who speak English want to learn his name"
           dfd35d7e-ac16-498d-a310-d71416aa98cd  rev 1  — 18% shorter than its text implies
    0.823  target2         2352ms  "I wanted to ask you something yesterday."
           1e3e5b94-f5d9-4f62-9603-6ebcf0bac91f  rev 1  — 18% shorter than its text implies
    0.823  target1         2352ms  "It's like this, if you know what I mean."
           7ac461d0-f898-4ad0-b028-a17733f2d62b  rev 1  — 18% shorter than its text implies
    0.823  target1         1704ms  "I'm going to practise English"
           05920096-22e9-446b-84c4-73519d9531ed  rev 1  — 18% shorter than its text implies
    0.823  target2         2352ms  "he wants to say something at six o'clock"
           645235e5-d6f7-4d32-94fc-b5dc997642b0  rev 1  — 18% shorter than its text implies
    0.823  target1         2352ms  "I want to find out why I'd like to learn"
           924b8ba4-09e4-4856-9f91-77cc864af667  rev 1  — 18% shorter than its text implies
    0.823  target1         1176ms  "are going to help me"
           5ed7d24f-9db0-4a3a-ae6a-32ee039743bb  rev 1  — 18% shorter than its text implies
    0.823  target1         1704ms  "you wanted to speak yesterday"
           4fa34a9c-76f2-4d4b-92e9-79d696c42bf7  rev 1  — 18% shorter than its text implies
    0.823  target2         1704ms  "you want to show me something"
           5afcffdb-4c27-4ed7-bbb2-038e4fa6840a  rev 1  — 18% shorter than its text implies
    0.823  target2         1704ms  "I wanted to ask you something"
           b87aaa41-d60b-42a8-abd5-9b987acd9e25  rev 1  — 18% shorter than its text implies
    0.824  target2         1824ms  "I want to try to speak with you"
           b20f99fe-cd9a-45a9-8e4e-c6c187d6f0cf  rev 1  — 18% shorter than its text implies
    0.824  target2         2472ms  "I'm going to try as hard as I can tomorrow"
           6e31bc95-f557-4102-a8c9-458e6fd1d3b7  rev 1  — 18% shorter than its text implies
    0.824  target1         1824ms  "to come back with everyone else"
           1a505397-6e32-44c2-a047-4638867f8d6d  rev 1  — 18% shorter than its text implies
    0.825  target2         1944ms  "But I don't want to stop talking."
           43de996b-ed57-4583-ad7b-fdbce18bceed  rev 1  — 18% shorter than its text implies
    0.825  target2         2712ms  "I'd like to be able to speak after you finish."
           74ce73e8-a03f-4f01-af0f-33220197e423  rev 1  — 17% shorter than its text implies
    0.825  target1         2592ms  "I want to practise as hard as I can with you"
           4351a069-2337-4eca-aa37-847556ae27bc  rev 1  — 18% shorter than its text implies
    0.825  target1         1944ms  "I'm going to try to say something"
           111b78f9-6095-484b-b215-285c602c0129  rev 1  — 18% shorter than its text implies
    0.825  target1         1944ms  "today I'm going to start speaking"
           6c859829-703f-4017-b890-e350966ec140  rev 1  — 18% shorter than its text implies
    0.825  target2         1944ms  "I wanted to ask something quickly"
           36048000-4ea4-429d-973d-5f5792532019  rev 1  — 18% shorter than its text implies
    0.825  target1         1296ms  "it's like this tonight"
           7988edb8-5fd0-4dbd-9266-893540787cbb  rev 1  — 18% shorter than its text implies
    0.826  target2         2832ms  "I'm trying to speak very well with everyone else"
           887c0fc2-0651-48b5-a7e7-2902fc707713  rev 1  — 17% shorter than its text implies
    0.826  target2         1416ms  "to practise this evening"
           d7b90e5c-aeb8-49af-bb7f-f908a8e2e1c0  rev 1  — 17% shorter than its text implies
    0.826  target1         2184ms  "we won't be able to remember tomorrow"
           487a52dd-3a80-4077-8bd4-a4acc6ec5e4d  rev 1  — 17% shorter than its text implies
    0.826  target1         2064ms  "to start talking as soon as you can"
           92755bf1-cd19-4e6c-ae1f-c7b22a6d2003  rev 1  — 17% shorter than its text implies
    0.826  target2         2064ms  "to start talking as soon as you can"
           a75d686b-7270-438e-888f-9f027ff451ab  rev 1  — 17% shorter than its text implies
    0.826  target2         2064ms  "I wanted to ask something yesterday"
           8d0b7bbc-3b59-4142-b3ba-5ff99c168c42  rev 1  — 17% shorter than its text implies
    0.826  target1         2064ms  "he doesn't want to be quiet tonight"
           03bde8bb-5bc0-4943-8f2d-581599057db5  rev 1  — 17% shorter than its text implies
    0.826  target2         2064ms  "he doesn't want to be quiet tonight"
           1941a3c3-d227-4cc2-93fd-2d38baf3323b  rev 1  — 17% shorter than its text implies
    0.826  target1         2064ms  "to speak when other people are here"
           c8510065-3485-4d9d-82aa-d6ea61b65d8d  rev 1  — 17% shorter than its text implies
    0.826  target1         2064ms  "she doesn't want to read in English"
           f7e3d0f2-fe95-4e13-a931-8fb8f2d50b95  rev 1  — 17% shorter than its text implies
    0.826  target2         2064ms  "I wanted to read a little yesterday"
           1e1df00c-7532-4664-9fa7-3e0ae4435a1e  rev 1  — 17% shorter than its text implies
    0.827  target1         1536ms  "I'm trying to guess a word"
           1ece6563-1721-4e73-962f-5880ed856517  rev 1  — 17% shorter than its text implies
    0.827  target1         1536ms  "I'm not sure if you finish"
           31e68148-d241-48dc-981c-0564637d873d  rev 1  — 17% shorter than its text implies
    0.827  target2         1536ms  "I'd like to speak with you"
           53365dee-1f79-4b29-aa78-800dd75e7c83  rev 1  — 17% shorter than its text implies
    0.827  target1         1536ms  "he wants to learn her name"
           74403980-3512-486e-a94f-8ef0a2472c24  rev 1  — 17% shorter than its text implies
    0.827  target1         2304ms  "it's useful to learn as soon as you can"
           520c6b01-ad16-4db9-bff9-4eea025dce18  rev 1  — 17% shorter than its text implies
    0.827  target1         2304ms  "I wanted to speak a little this morning"
           396a2152-585a-4b49-8867-e5c155faae44  rev 1  — 17% shorter than its text implies
    0.827  target2         2304ms  "I wanted to read the story this morning"
           fa48550d-caa3-41b3-bc8a-2fabc13db06b  rev 1  — 17% shorter than its text implies
    0.827  target2         1536ms  "at the moment this morning"
           62d0fb27-1790-4db2-ac52-9b2c1327e47b  rev 1  — 17% shorter than its text implies
    0.827  target1         1536ms  "you feel okay this morning"
           972731c2-a1f2-417d-acd3-04bf05dd97a2  rev 1  — 17% shorter than its text implies
    0.827  target1         1536ms  "I wanted to know something"
           78bb711f-9b0d-4b5f-b37e-be994fa239e8  rev 1  — 17% shorter than its text implies
    0.827  target2         2304ms  "you wanted to know everything yesterday"
           ae355048-0e6f-4942-b543-74bc2f08f4c6  rev 1  — 17% shorter than its text implies
    0.827  target1         3072ms  "I think that if you know what I mean, it's like this"
           9b0bbcfb-8abb-45fc-a197-ef7947888dd3  rev 1  — 17% shorter than its text implies
    0.828  target2         3312ms  "I'm looking forward to speaking better as soon as I c
           3ee53ec9-336d-4e33-9e41-20fba031a8b8  rev 1  — 17% shorter than its text implies
    0.828  target2         2424ms  "She wants to find out what the answer is."
           6a04de32-97f2-41f0-adbc-6a5fb3524de2  rev 1  — 17% shorter than its text implies
    0.828  target2         2424ms  "I'm going to try to guess a word tomorrow"
           66e67565-d5e9-453c-b1fc-c56d485f5128  rev 1  — 17% shorter than its text implies
    0.828  target2         2544ms  "I'd like to speak a little English tomorrow"
           8b7842fc-9979-4c47-b87a-2e0c9c31c9e4  rev 1  — 17% shorter than its text implies
    0.828  target1         2544ms  "I want to find out something at six o'clock"
           899dbb82-4430-479e-b54a-8b4b830d283e  rev 1  — 17% shorter than its text implies
    0.828  target1         1656ms  "because I want to learn soon"
           6c7cd38f-5ce0-44c5-aa22-14f487b5b9ac  rev 1  — 17% shorter than its text implies
    0.828  target1         1656ms  "to show something in English"
           3282fd8d-7009-4536-a79b-ba404eb94e45  rev 1  — 17% shorter than its text implies
    0.828  target1         2544ms  "I don't worry about making mistakes tonight"
           8bc044f9-6e92-43ec-ab2f-b144458a50f5  rev 1  — 17% shorter than its text implies
    0.829  target1         2784ms  "I'm trying to remember a word with someone else"
           407b5045-60cc-454f-8304-3f4467e0a88b  rev 1  — 17% shorter than its text implies
    0.829  target1          888ms  "did you want to"
           24f51935-7d2c-4f7d-a540-37db4438d3e8  rev 1  — 17% shorter than its text implies
    0.829  target1         1776ms  "you wanted to speak in English"
           66583915-3e27-4711-9625-05759812e183  rev 1  — 17% shorter than its text implies
    0.829  target2         2784ms  "I wasn't thinking about how to speak in English"
           46b53db5-9137-47c3-a95a-82bfb85c5d42  rev 1  — 17% shorter than its text implies
    0.829  target2         2664ms  "I don't care about making mistakes in English"
           1ef097e2-1e73-4b6d-86bf-030c98f8bbc5  rev 1  — 17% shorter than its text implies
    0.829  target2         1776ms  "I'm not trying to finish today"
           f509ee45-528e-4ccc-8eae-07b1ced2cfe5  rev 1  — 17% shorter than its text implies
     0.83  target1         1008ms  "with someone else"
           d5775528-3755-40cd-a5de-73d560d38087  rev 1  — 17% shorter than its text implies
     0.83  target2         3024ms  "I want to practise speaking with someone else today"
           1c53a30d-619a-42c3-b32c-18f5085f0c57  rev 1  — 17% shorter than its text implies
     0.83  target2         2016ms  "I'd like to say what the answer is"
           ea1aab89-a1a7-4069-8fb0-07b616b3c5a7  rev 1  — 17% shorter than its text implies
     0.83  target2         2016ms  "we need to meet with everyone else"
           0da1b0a1-fd6c-48b1-96ad-445836724783  rev 1  — 17% shorter than its text implies
     0.83  target2         1896ms  "she doesn't want to read tonight"
           fe496eca-5a94-412f-84d3-d3c13efffb56  rev 1  — 17% shorter than its text implies
     0.83  target2         2016ms  "I've been learning English quickly"
           52969541-f834-463e-84a4-75875e622d7b  rev 1  — 17% shorter than its text implies
     0.83  target1         1896ms  "I don't need to know what I mean"
           5c4720c8-ae07-4314-b111-9157370aab84  rev 1  — 17% shorter than its text implies
    0.831  target1         2256ms  "I want to explain something in English"
           e229c739-8969-4b00-9df6-ce7a15286f3b  rev 1  — 17% shorter than its text implies
    0.831  target2         2256ms  "I'd like to guess something in English"
           359e0040-1c68-4dc7-9735-e34032b1d44a  rev 1  — 17% shorter than its text implies
    0.831  target1         2136ms  "I'd like to say something in English"
           446c8435-b878-49f5-bc69-981c06e0555d  rev 1  — 17% shorter than its text implies
    0.831  target1         2136ms  "she won't be able to remember easily"
           2f13fffc-7704-42c4-85cc-338ab37cc5fb  rev 1  — 17% shorter than its text implies
    0.831  target2         3384ms  "it's like this because I don't care about making mist
           5ae80803-c1cf-4bb3-8db9-e75c04236f6e  rev 1  — 17% shorter than its text implies
    0.832  target1         1248ms  "i'm going to practise"
           e4c57444-1cd4-4f25-894c-ad316dcf704d  rev 1  — 17% shorter than its text implies
    0.832  target1         1248ms  "I don't want to speak"
           02dca69b-e396-4891-938c-8cabdafe6502  rev 1  — 17% shorter than its text implies
    0.832  target1         2496ms  "I want to speak when other people are here"
           55f17535-0537-4120-964c-13a3b77289f4  rev 1  — 17% shorter than its text implies
    0.832  target2         2376ms  "I've been learning English at the moment"
           138b3016-4421-4d81-930c-e9e3a86876c4  rev 1  — 17% shorter than its text implies
    0.833  target2         2856ms  "Because I want to meet people who speak English."
           35ff2384-b0ba-4062-ac38-6cc6131dea2e  rev 1  — 17% shorter than its text implies
    0.833  target1         2976ms  "He wants to come back with everyone else later on."
           682ffece-c775-4425-83aa-f8d52f02769b  rev 1  — 17% shorter than its text implies
    0.833  target1         1488ms  "to say the whole sentence"
           e5689a85-b6d1-49e1-9caa-ef673e9ddd64  rev 1  — 17% shorter than its text implies
    0.833  target1         2856ms  "I'm trying to speak very well with everyone else"
           49770de2-1d48-4ef6-8baa-c17efd215278  rev 1  — 17% shorter than its text implies
    0.833  target2         2976ms  "and tomorrow I'd like you to speak English with me"
           8a6665b4-b674-48ec-84b6-ac479f19d274  rev 1  — 17% shorter than its text implies
    0.833  target1         1488ms  "are you learning her name"
           1526f36b-1fef-41e2-8599-b95613c71443  rev 1  — 17% shorter than its text implies
    0.833  target2         2736ms  "he wants to find out why he wants to come back"
           438d1d59-87ff-4dde-abb0-dbf4d480e4a9  rev 1  — 17% shorter than its text implies
    0.833  target2         1368ms  "because I want to speak"
           e5258c84-418f-4d85-9a7b-fbe53bbd9327  rev 1  — 17% shorter than its text implies
    0.833  target2         2736ms  "I wanted to read something before I have to go"
           29725be0-82b3-4a25-8ab4-a9e896289e48  rev 1  — 17% shorter than its text implies
    0.833  target1         2736ms  "I wanted to read the story before I have to go"
           445e5409-8b85-4d9b-9b7b-6a09acdb4275  rev 1  — 17% shorter than its text implies
    0.833  target1         1488ms  "started to think about it"
           934654ff-b695-494e-a9f9-f2331c3ae60d  rev 1  — 17% shorter than its text implies
    0.833  target2         2856ms  "I think that I don't worry about making mistakes"
           5a2e6c47-8763-40c5-93c5-c0da43497b76  rev 1  — 17% shorter than its text implies
    0.834  target1         1728ms  "to come back later on with me"
           1c05ee74-9ff6-47c3-a2e5-24875617c374  rev 1  — 17% shorter than its text implies
    0.834  target2         3096ms  "I'm going to try as hard as I can today and tomorrow"
           bd362b00-db25-4b2f-9676-5ab8a08cabed  rev 1  — 17% shorter than its text implies
    0.834  target1         1728ms  "do you speak English with me?"
           e721ae35-d9ee-4df2-a73b-42294d8ebda3  rev 1  — 17% shorter than its text implies
    0.834  target2         1608ms  "at six o'clock this evening"
           4e5722d0-e833-499f-af99-a22a9f62e0f9  rev 1  — 17% shorter than its text implies
    0.834  target1         3096ms  "before taking, I want to find out what the answer is"
           079ec7e3-9ee3-4332-b5e5-0386d42e6ef4  rev 1  — 17% shorter than its text implies
    0.834  target2         3096ms  "before taking, I want to find out what the answer is"
           2c62f102-9abf-436f-bc00-1eab1934f623  rev 1  — 17% shorter than its text implies
    0.834  target2         3456ms  "it's like this because I don't worry about making mis
           4e3cbaad-44e5-42b7-8bd0-08d4d8403629  rev 1  — 17% shorter than its text implies
    0.835  target2         1968ms  "I'm going to practise English now"
           77c6a1bb-2651-49e0-a54b-8db242fd3767  rev 1  — 17% shorter than its text implies
    0.835  target2         1968ms  "I speak a little English with you"
           c6c1849c-5512-4777-9aad-a474efd86aba  rev 1  — 17% shorter than its text implies
    0.835  target2         1848ms  "he wants to say something today"
           9621af2a-273c-4a76-b4d2-862888c46823  rev 1  — 17% shorter than its text implies
    0.835  target2         1848ms  "she wants to come back tomorrow"
           ae53b2da-ebee-47db-87b1-9a2adb8d5cb8  rev 1  — 17% shorter than its text implies
    0.835  target1         2088ms  "I'd like to learn her name tomorrow"
           b8fa7f23-53fe-4cfd-a635-cc1a9638a162  rev 1  — 16% shorter than its text implies
    0.835  target2         2088ms  "I want to learn before I have to go"
           86702cd0-ecdd-45d5-9120-d21f9413c652  rev 1  — 16% shorter than its text implies
    0.835  target1         2088ms  "I want to learn before I have to go"
           c41e1b28-0c68-4d62-a31f-3365b3022273  rev 1  — 16% shorter than its text implies
    0.835  target1         1968ms  "I wanted to ask something quickly"
           32009f8e-5a95-4204-9607-14c042b09d97  rev 1  — 17% shorter than its text implies
    0.835  target1         2208ms  "it's useful to learn for about a week"
           82733877-13c7-4bdb-9ee6-80877618205d  rev 1  — 16% shorter than its text implies
    0.835  target2         2208ms  "you wanted to read about it yesterday"
           8664745e-8a6c-4bad-8fff-2a56c9a23f23  rev 1  — 16% shorter than its text implies
    0.835  target2         2088ms  "or if you need to improve carefully"
           02d4daf4-5e91-4ffc-bad8-acf23b76e36f  rev 1  — 16% shorter than its text implies
    0.835  target1         2088ms  "or if you need to improve carefully"
           63e21f85-8b0a-4793-a89f-72ba373fa8f3  rev 1  — 16% shorter than its text implies
    0.835  target1         2088ms  "I don't worry about making mistakes"
           c393fbc9-de22-4dd1-928e-25d4ae3aaabf  rev 1  — 16% shorter than its text implies
    0.836  target2         2448ms  "I'm trying to remember the whole sentence"
           0ce7fae8-e408-4c89-98e0-eed059b8310b  rev 1  — 16% shorter than its text implies
    0.836  target2         2568ms  "I want to remember the whole sentence today"
           6e046ed8-21f8-4ce7-a4db-db3454a95c81  rev 1  — 16% shorter than its text implies
    0.836  target2         2688ms  "because I want to find out what the answer is"
           3aabb2f1-d1c3-4293-8af6-efeb28b6cc28  rev 1  — 16% shorter than its text implies
    0.836  target2         2568ms  "I want to learn quickly before I have to go"
           74dadddf-3283-4777-8b79-e1b11829105a  rev 1  — 16% shorter than its text implies
    0.836  target2         2808ms  "she wants to find out what the answer is easily"
           dbe0d011-5906-423e-a6aa-2eab740956f0  rev 1  — 16% shorter than its text implies
    0.836  target1         2448ms  "I like feeling nearly ready to go tonight"
           a81fbcf9-3214-4a92-9fe3-f87faf60d70b  rev 1  — 16% shorter than its text implies
    0.836  target1         2688ms  "I wanted to read anything before I have to go"
           4ddbf99e-0642-4a85-94d1-d191eaa84085  rev 1  — 16% shorter than its text implies
    0.836  target2         2448ms  "you wanted to know a good thing carefully"
           c8a23c14-34e0-4304-8438-e6f9945283a3  rev 1  — 16% shorter than its text implies
    0.837  target1         3048ms  "I'm trying to speak in English as often as possible"
           b7da927d-c598-47c8-be73-e5109258cff7  rev 1  — 16% shorter than its text implies
     0.84  target1         2640ms  "We want to meet at six o'clock this evening."
           3bc1edd2-d996-4c19-b650-ce9d870bd690  rev 1  — 16% shorter than its text implies
     0.84  target2         1920ms  "I don't need to know everything."
           ab40fc3b-64fd-407e-b90e-24e263a85a86  rev 1  — 16% shorter than its text implies
     0.84  target1         1320ms  "but I'm a little tired"
           853dad8d-5bbc-4f18-a6bb-6d142cfe8dba  rev 1  — 16% shorter than its text implies
     0.84  target1         1920ms  "I want to speak English with you"
           8703e136-3183-4b57-8dc4-b84989aba31d  rev 1  — 16% shorter than its text implies
     0.84  target1         1800ms  "I want to try to say something"
           4f44daaf-cba7-4425-8c58-90647902caf5  rev 1  — 16% shorter than its text implies
     0.84  target1         2040ms  "to say something with someone else"
           8a9a603c-6b72-4418-b3fe-2939d70d8177  rev 1  — 16% shorter than its text implies
     0.84  target2         2880ms  "I'm not sure how to practise speaking in English"
           01c6cbf3-4bcd-41bb-be37-042f7004f0d5  rev 1  — 16% shorter than its text implies
     0.84  target2         1800ms  "I'm not sure how to say a word"
           5440258d-30ef-4079-a224-25704ae79df0  rev 1  — 16% shorter than its text implies
     0.84  target1         2040ms  "I'm going to try to speak with you"
           b58ffba7-cf2c-47f6-8d42-f5f021cd6b65  rev 1  — 16% shorter than its text implies
     0.84  target2         1080ms  "to guess something"
           13b8fc63-bdd2-43dc-a1c2-dce932915c7b  rev 1  — 16% shorter than its text implies
     0.84  target2         2040ms  "to speak a little English tomorrow"
           195267c5-10d0-4954-927d-7dcb33649e7c  rev 1  — 16% shorter than its text implies
     0.84  target2         1560ms  "I'm trying to guess a word"
           3ae7e8b0-3782-4fc2-ad30-d574ae35c017  rev 1  — 16% shorter than its text implies
     0.84  target2         2520ms  "I'm going to try to speak after you finish"
           44a0f173-6394-4b1e-803f-67321a7deff6  rev 1  — 16% shorter than its text implies
     0.84  target1         2040ms  "I'm trying to find out what I mean"
           3971df80-de4e-4bb2-ae72-b12479e11115  rev 1  — 16% shorter than its text implies
     0.84  target2         2280ms  "he wants to be able to speak very well"
           4af5be00-3d7c-49fb-8bff-c3766f1f0aef  rev 1  — 16% shorter than its text implies
     0.84  target2         1800ms  "do you speak a little English?"
           55ade212-157f-4029-a186-51446dd2e5ee  rev 1  — 16% shorter than its text implies
     0.84  target1         2280ms  "he wants to be able to speak very well"
           60e4256b-567e-4a05-a658-818d7d56d066  rev 1  — 16% shorter than its text implies
     0.84  target2         1680ms  "I want to find out something"
           8523aa0b-4ec9-4461-b3eb-9096692894b6  rev 1  — 16% shorter than its text implies
     0.84  target1         1560ms  "she wants to learn English"
           918b84fb-5c12-4c13-8937-f6b786ff5ee3  rev 1  — 16% shorter than its text implies
     0.84  target1         1680ms  "I want to come back later on"
           d84cd0eb-b963-4085-9737-7ae4e1e0e5bc  rev 1  — 16% shorter than its text implies
     0.84  target2         1800ms  "we need to meet at six o'clock"
           0dc42db6-6dfa-4e77-ab28-3caa6e0fbbb6  rev 1  — 16% shorter than its text implies
     0.84  target2         1560ms  "you want to learn tomorrow"
           a9817d0d-55a7-4ca1-a0c2-0c1bb588a8a2  rev 1  — 16% shorter than its text implies
     0.84  target2         1560ms  "but I want to meet quickly"
           8d051e83-3bd6-41fd-b2a7-862e354aab39  rev 1  — 16% shorter than its text implies
     0.84  target2         1440ms  "I'm ready to go tomorrow"
           0e03c4fb-c7eb-432c-a23f-243ff8e04585  rev 1  — 16% shorter than its text implies
     0.84  target1         2160ms  "tomorrow I'm going to start speaking"
           bd81519a-065b-413c-af8b-f36208a2f2c1  rev 1  — 16% shorter than its text implies
     0.84  target1         1920ms  "I'm going to start speaking soon"
           c07c8188-3f9a-4507-bc28-f1774e30f369  rev 1  — 16% shorter than its text implies
     0.84  target1         1680ms  "I don't like to stop talking"
           15b2b2f2-c8cc-47db-896f-e4aae6e71d2a  rev 1  — 16% shorter than its text implies
     0.84  target1         2760ms  "I like feeling as if I'm nearly ready to learn"
           74f7992c-e837-4430-8535-3a49c4dbc41f  rev 1  — 16% shorter than its text implies
     0.84  target1         2160ms  "I like to answer before I have to go"
           ac26341d-1147-49af-870d-1115dabb61b0  rev 1  — 16% shorter than its text implies
     0.84  target1         2160ms  "I'm looking forward to speaking soon"
           2e0a4956-e383-4daf-9a45-b5292f0fed77  rev 1  — 16% shorter than its text implies
     0.84  target2         2400ms  "I wanted to read anything this afternoon"
           1d02679c-0164-43cc-8443-08b3798db41f  rev 1  — 16% shorter than its text implies
     0.84  target2         2160ms  "I wanted to read something yesterday"
           792b11bc-9629-4e04-873c-5208c577dc93  rev 1  — 16% shorter than its text implies
     0.84  target1         1560ms  "we don't want to interrupt"
           e8d2f1fa-9bae-4dd7-b339-291aa2b251d8  rev 1  — 16% shorter than its text implies
     0.84  target1         2400ms  "you started to think about it in English"
           3673c6ec-b05f-466f-b400-4157062a575b  rev 1  — 16% shorter than its text implies
     0.84  target2         2040ms  "she wanted to improve this morning"
           6379bdb6-9c3f-4568-8458-03e00181e837  rev 1  — 16% shorter than its text implies
     0.84  target1         1320ms  "better than last night"
           8ba21101-8d97-4f61-8d19-896240c216d0  rev 1  — 16% shorter than its text implies
     0.84  target2         2160ms  "I wanted to know everything about it"
           5132f91b-a3c9-4c56-ab77-fc1831ce1987  rev 1  — 16% shorter than its text implies
     0.84  target2         2040ms  "or if I need to improve in English"
           5af6af85-ecd2-4005-9a0d-655f79967ed3  rev 1  — 16% shorter than its text implies
     0.84  target2         3600ms  "to make mistakes because I don't worry about making m
           efb0f7f6-8318-4428-aa00-c171b9da7b87  rev 1  — 16% shorter than its text implies
    0.843  target1         2952ms  "I'm going to try to practise after speaking today"
           4c524af1-521f-41fd-8ab7-264e85a20e01  rev 1  — 16% shorter than its text implies
    0.843  target2         3072ms  "I don't like taking too much time to answer tonight"
           19720702-e6a6-4cdd-a170-2cc2554aecb8  rev 1  — 16% shorter than its text implies
    0.844  target2         2712ms  "I'm trying to practise as hard as I can today"
           b6073d96-be04-41fe-9db2-f6c3b9694a16  rev 1  — 16% shorter than its text implies
    0.844  target1         2472ms  "I'm going to try to guess a word tomorrow"
           9233dd0b-841d-4607-9117-0e9383a7cd8b  rev 1  — 16% shorter than its text implies
    0.844  target2         2352ms  "I want to meet people who speak English"
           ccf135ec-4d72-433c-aa79-140bb6c3451e  rev 1  — 16% shorter than its text implies
    0.844  target2         2592ms  "I'm looking forward to taking too much time"
           627bdfbd-625c-4a5c-a625-27b1acfaacfd  rev 1  — 16% shorter than its text implies
    0.844  target1         2592ms  "I'm looking forward to taking too much time"
           99961906-5d6c-4aa2-b0fb-caf27701858b  rev 1  — 16% shorter than its text implies
    0.844  target2         2592ms  "it's useful to speak English this afternoon"
           4a7fc904-bc14-4dcc-bcbb-1b5d5b4a0928  rev 1  — 16% shorter than its text implies
    0.844  target1         2832ms  "I think that I don't care about making mistakes"
           ced654c2-27fd-4340-b427-60fac8591c12  rev 1  — 16% shorter than its text implies
    0.844  target1         2472ms  "I think that I wanted to know what I mean"
           eff13ff6-4e25-442c-b297-5a497770b3dc  rev 1  — 16% shorter than its text implies
    0.845  target1         2112ms  "I don't care about making mistakes."
           6c35f529-2dec-480d-bebc-4db74eef6f3f  rev 1  — 16% shorter than its text implies
    0.845  target1         1872ms  "how to say something in English"
           d361ea65-2447-450e-96f5-286cb2c7f7b6  rev 1  — 15% shorter than its text implies
    0.845  target1         2112ms  "I'm not sure if I can speak all day"
           6704cef8-0f98-4f35-96f4-3c7b8fa53ee5  rev 1  — 16% shorter than its text implies
    0.845  target1         1872ms  "he wants to say something today"
           87098993-9918-4a06-a7cf-fedf098d395e  rev 1  — 15% shorter than its text implies
    0.845  target1         2112ms  "you want to learn his name tomorrow"
           87d88951-6d51-4012-9c80-2a540d3da5c9  rev 1  — 16% shorter than its text implies
    0.845  target1         2232ms  "I'm going to start speaking more soon"
           e463eec8-c412-4977-a396-25a30443dc1d  rev 1  — 16% shorter than its text implies
    0.845  target1         2232ms  "you wanted to ask something yesterday"
           5314d33e-6b81-4b3b-ba0c-21da43356046  rev 1  — 16% shorter than its text implies
    0.845  target2         1872ms  "I'm looking forward to speaking"
           56d1179c-2201-408b-8f92-37f244e5a933  rev 1  — 15% shorter than its text implies
    0.845  target2         2112ms  "to learn when other people are here"
           0d41661b-c349-40b0-a807-82b5f0de595d  rev 1  — 16% shorter than its text implies
    0.845  target2         2112ms  "he doesn't want to be quiet with me"
           80ab8f23-498b-4391-85d4-af85c9994b9d  rev 1  — 16% shorter than its text implies
    0.845  target2         2112ms  "she doesn't want to read in English"
           c414fdb3-2448-47d7-9a80-4ee801c1c595  rev 1  — 16% shorter than its text implies
    0.845  target1         2232ms  "don't worry about making mistakes now"
           3fc743a8-6be2-41a9-b19a-6814022052e6  rev 1  — 16% shorter than its text implies
    0.845  target2         2232ms  "you don't worry about making mistakes"
           71835951-5b50-4d06-8f6a-743030ec8d53  rev 1  — 16% shorter than its text implies
    0.845  target1         2112ms  "I'm not trying to finish in English"
           e110c5c2-4530-4bed-85bb-8fc033100508  rev 1  — 16% shorter than its text implies
    0.846  target2         1752ms  "I'm trying to learn something"
           ba975b7f-8294-4ef5-85a3-e19f8a174654  rev 1  — 15% shorter than its text implies
    0.846  target1         1632ms  "to say something in English"
           d8ca3492-1e03-46d4-ac86-24f6734f705a  rev 1  — 15% shorter than its text implies
    0.846  target1         3144ms  "I'm going to try as hard as I can today and tomorrow"
           946e7363-0d3b-454b-8504-c9b063878c77  rev 1  — 15% shorter than its text implies
    0.846  target2         1752ms  "to come back later on with me"
           cd285d48-d582-4c12-bb45-ebff178fe4ca  rev 1  — 15% shorter than its text implies
    0.846  target1         1632ms  "to speak with everyone else"
           e6fecafd-9649-46da-9353-42ccb45400c0  rev 1  — 15% shorter than its text implies
    0.846  target2         1752ms  "I don't want to say something"
           9325e010-0e13-4630-b666-d3bf19b60a53  rev 1  — 15% shorter than its text implies
    0.846  target1         1632ms  "to speak as soon as you can"
           b26006b3-7bc0-4d7b-96fb-b4469cc59f47  rev 1  — 15% shorter than its text implies
    0.846  target2         1632ms  "you wanted to speak quickly"
           8ebac117-67b1-414c-9ceb-64ddd68166a2  rev 1  — 15% shorter than its text implies
    0.846  target2         1752ms  "you wanted to speak yesterday"
           a17ed3f3-cc4f-457b-9816-4a3f9e525659  rev 1  — 15% shorter than its text implies
    0.846  target2         3144ms  "I think that if you know what I mean, it's like this"
           4440a61e-ac51-4dbe-8b67-e24a74b20be1  rev 1  — 15% shorter than its text implies
    0.847  target1         2784ms  "I'd like to be able to speak after you finish."
           508d73ae-439c-4168-a9d0-9d106eb3cb89  rev 1  — 15% shorter than its text implies
    0.847  target2         2904ms  "I'm trying to speak English as often as possible"
           fa7554bd-7f67-4bfc-84bf-43d3f9d72a92  rev 1  — 15% shorter than its text implies
    0.847  target2         2904ms  "I want to try as hard as I can with someone else"
           46c36977-6d89-403e-baaf-3c962d23cf6a  rev 1  — 15% shorter than its text implies
    0.847  target1         2904ms  "I'm going to try to explain what I mean tomorrow"
           822f44cd-02eb-4f5f-a19f-47c2d920dc75  rev 1  — 15% shorter than its text implies
    0.847  target2         2784ms  "she doesn't want to read anything this morning"
           761f6035-a5dd-44ca-b1d8-aa3f610147dd  rev 1  — 15% shorter than its text implies
    0.847  target1         2904ms  "I think that I don't worry about making mistakes"
           45e73f05-e77f-4111-85b5-285385efafc7  rev 1  — 15% shorter than its text implies
    0.848  target2         2424ms  "But I don't worry about making mistakes."
           7ac657f9-3b33-4204-bca6-15969a6cf5d2  rev 1  — 15% shorter than its text implies
    0.848  target2         2424ms  "It's like this, if you know what I mean."
           f6ea20c4-5636-4e16-abfe-370650b4af5b  rev 1  — 15% shorter than its text implies
    0.848  target1         2424ms  "I'm trying to learn how to speak English"
           5dc7fe22-9ebe-4afc-8221-6822eff3f72b  rev 1  — 15% shorter than its text implies
    0.848  target2         2544ms  "I'd like to say something after you finish"
           7ebfa33f-7501-42bc-8a7e-0d62638b9f83  rev 1  — 15% shorter than its text implies
    0.848  target2         2544ms  "do you speak English as often as possible?"
           a8c3bccb-08ac-48a9-a28a-1d9be9a2fdad  rev 1  — 15% shorter than its text implies
    0.848  target2         2544ms  "but I'm a little tired before I have to go"
           36398048-7d6e-45d7-a8d6-e03e78e3e919  rev 1  — 15% shorter than its text implies
    0.848  target2         2664ms  "it's useful to speak in English this morning"
           6baf379d-6add-4da4-bc62-87e9fdf94f58  rev 1  — 15% shorter than its text implies
    0.849  target1         2184ms  "I'm not sure if I can remember today"
           58775270-29c6-4bb5-b002-e0d1b61200f8  rev 1  — 15% shorter than its text implies
    0.849  target1         2184ms  "to be able to speak after you finish"
           ab121d6c-fc13-43f5-973a-59a672d4c66a  rev 1  — 15% shorter than its text implies
    0.849  target1         2304ms  "people who speak English want to learn"
           6b4e2f39-48b8-4463-9fa3-059dbcf4e987  rev 1  — 15% shorter than its text implies
    0.849  target1         2184ms  "she wanted to read the story quickly"
           64d30cf9-9d53-482f-af51-c9d38f46b32b  rev 1  — 15% shorter than its text implies
    0.849  target2         2304ms  "it's useful to speak in English better"
           26cd9665-b811-429d-947a-e86320093d3b  rev 1  — 15% shorter than its text implies
    0.849  target2         2304ms  "was starting to feel better in English"
           352688af-3835-4859-8a0e-01a4faa95ac5  rev 1  — 15% shorter than its text implies
    0.849  target1         2304ms  "I want to speak as quickly as possible"
           0637a7b9-5db2-4ad0-b69f-a8ea7e2dfda5  rev 1  — 15% shorter than its text implies
     0.85  target1         2064ms  "how to speak as often as possible."
           116250bc-4cee-4b95-9a15-5737f6b35588  rev 1  — 15% shorter than its text implies
     0.85  target1         1032ms  "you want to learn"
           af685612-43ce-4aa2-93a0-d85774f28942  rev 1  — 15% shorter than its text implies
     0.85  target1         2064ms  "I want to speak with everyone else"
           f15ddc0e-c097-4671-8daa-424b0468fabb  rev 1  — 15% shorter than its text implies
     0.85  target1         2064ms  "this afternoon to speak in English"
           9b9a95b2-1538-428d-bb0e-901015ef152b  rev 1  — 15% shorter than its text implies

queue -> docs/audio-repair-2026-08-06/estate/eng_for_mar-seeds50-tails.json  (feed it straight to `propose --targets`)

This is an ORDERING, not a verdict. Nothing here has been judged broken.

[Azure TTS] Closing connection pool (0 total connections)...
