[dotenv@17.2.3] injecting env (22) from .env -- tip: 🔐 prevent committing .env to code: https://dotenvx.com/precommit

scoped to seeds 1-50: 4288 clip(s) referenced
tail check ON — one S3 fetch and one decode per clip, 8 at a time; this is not instant.
[dotenv@17.2.3] injecting env (0) from .env -- tip: 🔑 add access controls to secrets: https://dotenvx.com/ops
[language-code-service] Loaded 488 language codes from CSV
[language-code-service] TTS configured: 104 Azure, 75 ElevenLabs, 79 Google
[language-code-service] Legacy mappings: 93 total (95 from CSV)
  measured 250/4288 (19.6/s, ~3m left)     measured 500/4288 (24.2/s, ~3m left)     measured 750/4288 (25.7/s, ~2m left)     measured 1000/4288 (26.9/s, ~2m left)     measured 1250/4288 (27.6/s, ~2m left)     measured 1500/4288 (27.9/s, ~2m left)     measured 1750/4288 (28.2/s, ~2m left)     measured 2000/4288 (28.5/s, ~1m left)     measured 2250/4288 (28.5/s, ~1m left)     measured 2500/4288 (28.6/s, ~1m left)     measured 2750/4288 (28.7/s, ~1m left)     measured 3000/4288 (28.8/s, ~1m left)     measured 3250/4288 (28.8/s, ~1m left)     measured 3500/4288 (28.8/s, ~0m left)     measured 3750/4288 (28.9/s, ~0m left)     measured 4000/4288 (28.9/s, ~0m left)     measured 4250/4288 (28.9/s, ~0m left)   

audio-repair queue — eng_for_urd
detector: duration-vs-expected
  Unmeasured against human-labelled ground truth. Orders the queue only — it never passes audio. The tail-defect detector it replaces measured ~9% precision by ear (2026-08-05).
detector: tail-integrity
  Recall 3/3 against the only human-labelled ground truth that exists (Tom, deu_for_eng, 2026-08-05) — three clips is far too few for a precision figure, and none is claimed. Like-for-like control: fresh renders of the same 93 texts through the same voices moved the median release 20ms -> 115ms, and 92 of 93 stopped tripping this check, so the flags are not an artefact of which phoneme a word ends on. That says the shipped clips are anomalous; it does NOT say a human hears all 93 as damaged. Orders the queue only; it never passes audio.
  measured 4288 clip(s); 0 could not be measured

598 clip(s) worth a human's ears (587 by duration, 38 by tail); showing 598, worst first.

     10ms  target1         1368ms  "I want to guess about it"
           02593c26-846f-423b-be81-ab3c976bddbe  rev 1  — ends abruptly — 10ms from full speech level to silence (natural endings measure ~80ms)
     15ms  target2         1392ms  "I want you speak in English"
           739f45ce-c5cc-45ec-ac8a-3e446a533c19  rev 1  — ends abruptly — 15ms from full speech level to silence (natural endings measure ~80ms)
     15ms  target2         1800ms  "I'm not sure you speak tomorrow"
           82fac3b6-781b-4490-b571-cf8ecc640a7a  rev 1  — ends abruptly — 15ms from full speech level to silence (natural endings measure ~80ms)
     15ms  target1         1896ms  "I'm not sure you are nearly ready"
           8203fb14-d118-4c4c-b0a0-2072f0b009ff  rev 1  — ends abruptly — 15ms from full speech level to silence (natural endings measure ~80ms)
     20ms  target1         2256ms  "to read it's useful to be able to speak better"
           643d2b52-1e50-4102-8743-b80c7238f241  rev 1  — ends abruptly — 20ms from full speech level to silence (natural endings measure ~80ms); and speaks 21.7 chars/sec against a 16.9 baseline
     15ms  target1         1272ms  "to try to feel better"
           83394452-438e-4b92-b252-352915bdb814  rev 1  — ends abruptly — 15ms from full speech level to silence (natural endings measure ~80ms)
     15ms  target1         1320ms  "I like to feel better"
           e7f08f78-3eff-4a6c-bdce-3ed243707f3f  rev 1  — ends abruptly — 15ms from full speech level to silence (natural endings measure ~80ms)
     15ms  target2         1152ms  "I don't need with you"
           33527fe5-c8a4-4154-a5df-65f4163189d5  rev 1  — ends abruptly — 15ms from full speech level to silence (natural endings measure ~80ms)
     20ms  target1          480ms  "I"
           5c813aa1-229d-43f5-8874-f85ff715cba6  rev 1  — ends abruptly — 20ms from full speech level to silence (natural endings measure ~80ms)
     20ms  target1         2016ms  "how to remember as often as possible"
           567dbebc-9180-4c6a-a4c6-49c5aacee708  rev 1  — ends abruptly — 20ms from full speech level to silence (natural endings measure ~80ms)
     20ms  target1         3120ms  "I want to meet people who speak English but not now"
           8eff2179-3c58-4f7f-805a-aee20e9485e4  rev 1  — ends abruptly — 20ms from full speech level to silence (natural endings measure ~80ms)
     20ms  target2         1632ms  "I want you to answer easily"
           3228454f-9f05-4ae9-b918-3a1d15c90eec  rev 1  — ends abruptly — 20ms from full speech level to silence (natural endings measure ~80ms)
     20ms  target1         1992ms  "she doesn't like taking too much time"
           ce065cb9-2481-4464-bd05-64926f1151b2  rev 1  — ends abruptly — 20ms from full speech level to silence (natural endings measure ~80ms)
     20ms  target2         2400ms  "did you want to interrupt because I'm not sure?"
           5077bc2f-0d71-4441-851b-a81aaf1484a1  rev 1  — ends abruptly — 20ms from full speech level to silence (natural endings measure ~80ms)
     20ms  target1         2184ms  "for about a week as often as possible"
           95a797e0-f42f-4090-8ba1-cb0ff89d63a8  rev 1  — ends abruptly — 20ms from full speech level to silence (natural endings measure ~80ms)
     20ms  target1         1608ms  "I want to know how you feel"
           158e0318-d2a8-4e2b-93c7-2a016e1a6cab  rev 1  — ends abruptly — 20ms from full speech level to silence (natural endings measure ~80ms)
     20ms  target1         2520ms  "I'm going to try to explain how to answer"
           2f9bf9fb-e585-40ec-b23c-36c7bd0165a8  rev 1  — ends abruptly — 20ms from full speech level to silence (natural endings measure ~80ms)
     25ms  target1         1320ms  "because I wasn't thinking"
           b97f9e6b-32b8-43e9-9a82-86af1537883e  rev 1  — ends abruptly — 25ms from full speech level to silence (natural endings measure ~80ms); and speaks 20.8 chars/sec against a 16.9 baseline
     20ms  target2         2448ms  "I'm going to try to explain how to answer"
           d8da87bb-779d-484f-984c-3b6277be053e  rev 1  — ends abruptly — 20ms from full speech level to silence (natural endings measure ~80ms)
     20ms  target1         2448ms  "I'm not trying to finish as soon as you can"
           2e1ddf3d-84f1-4698-a9de-4602363c822f  rev 1  — ends abruptly — 20ms from full speech level to silence (natural endings measure ~80ms)
     30ms  target1         2568ms  "I'm not sure if I can remember the whole sentence."
           eddb94b8-a693-4c08-a645-8c415882d345  rev 1  — ends abruptly — 30ms from full speech level to silence (natural endings measure ~80ms); and speaks 22.3 chars/sec against a 16.9 baseline
     25ms  target1         2664ms  "I'm trying to speak English as hard as I can"
           a65b5f8f-d87b-4450-bf3c-2e0395001763  rev 1  — ends abruptly — 25ms from full speech level to silence (natural endings measure ~80ms)
     25ms  target2         1752ms  "I want you to start speaking better"
           0b74ba1b-094e-4eca-acbb-f2edc7e0306e  rev 1  — ends abruptly — 25ms from full speech level to silence (natural endings measure ~80ms)
     25ms  target1         1920ms  "I'm not sure it's useful to learn"
           94068003-3575-46b1-8f0c-3eb5c14eb880  rev 1  — ends abruptly — 25ms from full speech level to silence (natural endings measure ~80ms)
     25ms  target1         1224ms  "you wanted to answer"
           53a205e3-aa22-4424-a96e-e7bf91f3b819  rev 1  — ends abruptly — 25ms from full speech level to silence (natural endings measure ~80ms)
     25ms  target1         1344ms  "I started something"
           263ed85f-2412-4efc-8f99-be242d1f1538  rev 1  — ends abruptly — 25ms from full speech level to silence (natural endings measure ~80ms)
     25ms  target1         1176ms  "to speak this morning"
           a2f62010-67be-4c15-9858-8b117f496a97  rev 1  — ends abruptly — 25ms from full speech level to silence (natural endings measure ~80ms)
     25ms  target1         2064ms  "last month I was starting to feel"
           25dd48db-387f-4406-9e9b-3bc16926a435  rev 1  — ends abruptly — 25ms from full speech level to silence (natural endings measure ~80ms)
     25ms  target1         1968ms  "I want to say something at the moment"
           4ae07498-fc94-40cc-96d2-32f2f25f7901  rev 1  — ends abruptly — 25ms from full speech level to silence (natural endings measure ~80ms)
     25ms  target2         1488ms  "I want to know how you feel"
           0cd9ec74-144a-4311-a9ae-b8811574ddb7  rev 1  — ends abruptly — 25ms from full speech level to silence (natural endings measure ~80ms)
     25ms  target2         1152ms  "I don't need a little"
           717760c3-c10e-48f5-a23b-15624e42b852  rev 1  — ends abruptly — 25ms from full speech level to silence (natural endings measure ~80ms)
     30ms  target1         1320ms  "I wasn't thinking"
           4905d3da-ea30-413a-82c9-9b39c834c10d  rev 1  — ends abruptly — 30ms from full speech level to silence (natural endings measure ~80ms)
     30ms  target1         1248ms  "I'd like to learn"
           ddb9cfda-b3fe-4762-a300-5217e76eba23  rev 1  — ends abruptly — 30ms from full speech level to silence (natural endings measure ~80ms)
     30ms  target1         2112ms  "to say something before I have to go"
           34bdb839-02b4-4d4f-a64d-18531f7dbdbd  rev 1  — ends abruptly — 30ms from full speech level to silence (natural endings measure ~80ms)
     30ms  target2         2088ms  "I'm not sure it's useful to learn"
           78aff477-083f-4888-b88a-eb0c2d1d9118  rev 1  — ends abruptly — 30ms from full speech level to silence (natural endings measure ~80ms)
     30ms  target2         1440ms  "I wanted to learn a little"
           db7b380e-2709-4c4e-8aa1-636ce0a9ad9f  rev 1  — ends abruptly — 30ms from full speech level to silence (natural endings measure ~80ms)
     30ms  target2         2856ms  "to read it's useful to be able to speak better"
           dd419a48-330f-4aae-be46-0c88a02e5330  rev 1  — ends abruptly — 30ms from full speech level to silence (natural endings measure ~80ms)
     30ms  target2         1224ms  "I like to feel better"
           48eb016d-784c-4995-a00e-630ef80a3bf3  rev 1  — ends abruptly — 30ms from full speech level to silence (natural endings measure ~80ms)
    0.538  target2         1344ms  "are you going to help other people?"
           0c28a022-618a-408b-86c9-f3b79771123a  rev 1  — 46% shorter than its text implies
    0.574  target2         1680ms  "I'm not going to be able to learn English"
           f82eb5b1-aa98-4a5f-956a-b67f67f6c777  rev 1  — 43% shorter than its text implies
    0.591  target2         1392ms  "do you want to meet this evening?"
           2f46e8a4-4bc0-44d3-ae2d-b67ee5b509e3  rev 1  — 41% shorter than its text implies
    0.616  target1         1056ms  "do you know what I mean?"
           1ad114a9-bc62-4492-aa51-9f1bc881d574  rev 1  — 38% shorter than its text implies
     0.63  target2         1440ms  "how long have you been learning?"
           49ec8f44-b972-4c8a-a702-b2ad79add269  rev 1  — 37% shorter than its text implies
    0.632  target1         1536ms  "do you want to come back tomorrow?"
           1e9a2ba9-6d0e-41ce-82be-e6d503b01ff1  rev 1  — 37% shorter than its text implies
    0.639  target2         1416ms  "I want you to help this evening"
           ac667d21-3ba7-408e-ae40-cbfed92c4244  rev 1  — 36% shorter than its text implies
     0.64  target1         1464ms  "how long have you been learning?"
           172f39a1-f4ed-4828-a10b-d782d40f7b97  rev 1  — 36% shorter than its text implies
    0.647  target2         1848ms  "she wants to know what's going to happen"
           b967ba54-ff73-4900-bbc8-0cf7f2dfae5a  rev 1  — 35% shorter than its text implies
    0.652  target1         1536ms  "do you want to meet this evening?"
           de9795bf-3927-4a82-a623-13ad4ce7a574  rev 1  — 35% shorter than its text implies
    0.659  target1         1176ms  "do you want to interrupt?"
           abc11134-b074-4b3d-8e1e-7d5d64b7a4dd  rev 1  — 34% shorter than its text implies
     0.66  target1         2640ms  "Because I think that it's a good thing to make mistak
           084bd6d0-25e4-4eca-872b-6d619f2e7df7  rev 1  — 34% shorter than its text implies
     0.66  target1         1368ms  "why do you want to come back?"
           05b819d9-13ad-473d-b7c5-0cb0a8c82c48  rev 1  — 34% shorter than its text implies
    0.661  target2         2832ms  "what's going to happen, I'm going to try to explain a
           8d0ba483-8d2a-49cd-bea8-902157837c70  rev 1  — 34% shorter than its text implies
    0.662  target1         1656ms  "are you going to help other people?"
           c00e6b70-9e18-481a-ae3b-a9601eb7c287  rev 1  — 34% shorter than its text implies
    0.664  target2         2040ms  "to meet with everyone else for about a week"
           67a7df20-136a-4312-a47b-e6b6ea26334a  rev 1  — 34% shorter than its text implies
    0.664  target1         1896ms  "she wants to know what's going to happen"
           efeba860-3e3f-46f8-a54c-7e7c33c80356  rev 1  — 34% shorter than its text implies
    0.666  target2         2520ms  "do you want to find out what's going to happen today?
           b5a7d2b7-200e-421e-82ac-1ccd5489dae6  rev 1  — 33% shorter than its text implies
    0.672  target1         2160ms  "are you going to help me before I have to go?"
           0b53bc98-d9af-4dc2-a7fd-b0a47737e063  rev 1  — 33% shorter than its text implies
    0.672  target2         1632ms  "do you want to come back tomorrow?"
           cde43967-9315-41ca-b727-885677bf962f  rev 1  — 33% shorter than its text implies
    0.672  target1         1008ms  "you want to meet more"
           ceef0910-893e-4e1d-b11f-df80743ff27b  rev 1  — 33% shorter than its text implies
    0.672  target1         1248ms  "did you want to come back?"
           05215dcf-d800-4eaf-b229-cda3c85a8bff  rev 1  — 33% shorter than its text implies
    0.672  target1         1392ms  "did you want to meet tonight?"
           ed76b65c-b3b9-4b04-9877-0787ac6912f5  rev 1  — 33% shorter than its text implies
    0.672  target1         1488ms  "have you been learning English?"
           04d3235b-b98a-45a2-93bc-cac8fe655401  rev 1  — 33% shorter than its text implies
    0.672  target2         1488ms  "do you want to know everything?"
           1a73b28a-9026-47f6-b79b-83ce888c83c4  rev 1  — 33% shorter than its text implies
    0.672  target1          960ms  "do you want to know?"
           d364804c-3c8f-4419-98b6-117c65ef5949  rev 1  — 33% shorter than its text implies
    0.681  target2         1800ms  "I want to say something at the moment"
           e1a805ae-0cc9-4b0a-8fe4-067dd78866a5  rev 1  — 32% shorter than its text implies
    0.682  target2         1608ms  "do you want to show me something?"
           a83906e9-c31c-4e8b-918d-9fbf580f81bf  rev 1  — 32% shorter than its text implies
    0.685  target1         2592ms  "I don't want to guess what's going to happen tomorrow
           a147aacd-7c3c-4aa2-bdb3-632126f09a27  rev 1  — 32% shorter than its text implies
    0.685  target1         1224ms  "to come back this evening"
           270e0442-cff1-4025-8879-916fd84199bf  rev 1  — 31% shorter than its text implies
    0.686  target2         2304ms  "I wouldn't like to guess what's going to happen"
           01f89747-f9ee-460c-863a-894a9c0822ac  rev 1  — 31% shorter than its text implies
    0.687  target2         1128ms  "do you speak something?"
           0984fcf0-1b5a-40dc-babb-82650b1413e8  rev 1  — 31% shorter than its text implies
    0.689  target1         1968ms  "I can start speaking better with someone"
           99faafa6-83da-4892-a635-bdeeabaa0f79  rev 1  — 31% shorter than its text implies
    0.692  target2         1680ms  "Did you want to show me something?"
           4b555bb9-7565-4eb5-946f-ed0320027733  rev 1  — 31% shorter than its text implies
    0.692  target1         1632ms  "I wouldn't like to guess with you"
           d5c51975-85a8-4f78-889d-9c60a2620e0a  rev 1  — 31% shorter than its text implies
    0.693  target1         2424ms  "I'm looking forward to learning with someone else"
           f72d84fe-4404-4d7f-802d-24f3f31cb250  rev 1  — 31% shorter than its text implies
    0.694  target2         1488ms  "have you been learning quickly"
           d4f8c691-05b6-4c75-b9c0-314ebb530930  rev 1  — 31% shorter than its text implies
    0.694  target1         2232ms  "do you want to finish as quickly as possible?"
           c4e3e029-29c1-4a97-a8a7-90bbca619f0f  rev 1  — 31% shorter than its text implies
    0.695  target2         1440ms  "what's going to happen today?"
           db6f8167-b9d4-4f91-a483-f3d49bba1528  rev 1  — 30% shorter than its text implies
    0.697  target2         1992ms  "How long have you been learning English?"
           9458c2e8-7f23-4489-bb3b-1f8f4b667418  rev 1  — 30% shorter than its text implies
    0.697  target1         2688ms  "he doesn't want to be quiet when other people are her
           fb5c314e-4962-4b19-9591-a5396c84c5fa  rev 1  — 30% shorter than its text implies
    0.697  target2         2688ms  "I want to say something I'm going to practise speakin
           78d52d9b-fef6-4f9a-974a-ea6ca712698a  rev 1  — 30% shorter than its text implies
    0.699  target2         1848ms  "I was thinking what's going to happen"
           a75c6ff6-32ca-403e-8cb7-367a62116e83  rev 1  — 30% shorter than its text implies
    0.699  target1         1848ms  "I was thinking what's going to happen"
           ba90024c-caf7-40f9-9ece-b6aae7992245  rev 1  — 30% shorter than its text implies
      0.7  target1          600ms  "do you speak"
           ae98b2e4-cc74-43fb-8240-ca7f24690c45  rev 1  — 30% shorter than its text implies
      0.7  target1         1200ms  "I'm not sure it's useful"
           90305de2-6a43-4db3-bdd6-17ba5d68f88c  rev 1  — 30% shorter than its text implies
    0.701  target1         2352ms  "did you want to interrupt because I'm not sure?"
           0ddf937c-1e47-4b9d-869d-22b4cdf70cb1  rev 1  — 30% shorter than its text implies
    0.701  target2         1152ms  "if you know what I mean"
           4a6b9bae-281d-4455-9300-9bbc4a8c957b  rev 1  — 30% shorter than its text implies
    0.704  target1         1608ms  "are you going to help something?"
           c8f80ef2-22b3-4ade-ac55-733fe0a6c62a  rev 1  — 30% shorter than its text implies
    0.705  target1         1560ms  "do you speak with someone else?"
           ce185a14-8c34-4a08-9a37-8c14ef2171a9  rev 1  — 30% shorter than its text implies
    0.705  target2         2064ms  "I'm looking forward to learning something"
           8b0ddc1a-a88f-4a23-9e91-eb516f4f5684  rev 1  — 30% shorter than its text implies
    0.705  target1         2064ms  "I'm looking forward to learning something"
           ff44778d-adeb-4ae4-84f1-758f2edfcb1b  rev 1  — 30% shorter than its text implies
    0.711  target2         3096ms  "I'm going to practise speaking to speak with you this
           e89717a3-a78a-4aa9-92d2-2f1ddf4a800a  rev 1  — 29% shorter than its text implies
    0.711  target2         1320ms  "did you want to come back?"
           f7e980a9-4409-4dbf-9219-3f959c258001  rev 1  — 29% shorter than its text implies
    0.713  target2         1680ms  "to speak with everyone else today"
           eeb83d38-a65b-4fc5-922a-e7d96162ce38  rev 1  — 29% shorter than its text implies
    0.714  target2         1632ms  "I'm looking forward to something"
           3a65c69c-064a-4b78-b720-cca92a87f736  rev 1  — 29% shorter than its text implies
    0.714  target2         1224ms  "do you know what I mean?"
           d5a48699-d46f-450c-8c1e-4f89204b11c9  rev 1  — 29% shorter than its text implies
    0.716  target2         2760ms  "he doesn't want to be quiet when other people are her
           837abd05-cffb-44dc-851e-7e06d47e2e34  rev 1  — 28% shorter than its text implies
    0.717  target2         2304ms  "are you going to help me before I have to go?"
           a71d1777-8d2f-454c-a88e-d1058130224c  rev 1  — 28% shorter than its text implies
    0.717  target2         1896ms  "for about a week as often as possible"
           40fbd1ad-f621-4979-b61c-b9202de953b2  rev 1  — 28% shorter than its text implies
    0.718  target2         1488ms  "are you going to help people?"
           493dd66d-ba43-4731-b097-8462b83b5b17  rev 1  — 28% shorter than its text implies
    0.719  target1         3288ms  "I don't worry about making mistakes because I'm learn
           b8ff88da-eed1-4c62-98f2-74f010f5ced1  rev 1  — 28% shorter than its text implies
     0.72  target1         2520ms  "I'm going to practise speaking with someone else."
           aacdadfa-c24e-4e4c-adae-c22f72c2df12  rev 1  — 28% shorter than its text implies
     0.72  target1         2160ms  "I wouldn't like to speak with someone else"
           9cf59eff-993a-447e-baf1-be20bdb14840  rev 1  — 28% shorter than its text implies
     0.72  target1         1440ms  "do you want to stop talking?"
           f8148ce1-ca9d-418a-b545-92d12f73460d  rev 1  — 28% shorter than its text implies
     0.72  target1         1800ms  "are you going to help this evening?"
           25975786-8d00-40a9-bc6a-8eabec2490b9  rev 1  — 28% shorter than its text implies
     0.72  target1         1080ms  "did you want to meet?"
           9d54260f-b3df-4640-8adf-e707f4de1da0  rev 1  — 28% shorter than its text implies
     0.72  target1         1080ms  "I don't like to think"
           8a4d5035-5cc2-4730-b5a4-0f50f7b61f4f  rev 1  — 28% shorter than its text implies
    0.721  target1         1752ms  "Did you want to show me something?"
           75fb17f1-6417-4311-9d3e-d1cde6556a00  rev 1  — 28% shorter than its text implies
    0.722  target2         2064ms  "I wanted to ask you something yesterday."
           55f3c2c9-cc7c-460d-8260-6bd21e66e9e4  rev 1  — 28% shorter than its text implies
    0.722  target1         2424ms  "I'm not trying to finish as quickly as possible"
           c714694d-2707-471d-b10f-4cd3cc6ae7fc  rev 1  — 28% shorter than its text implies
    0.722  target2         1032ms  "do you want to read?"
           e7cd998f-6d1d-4d93-bf04-ba0ef363dce4  rev 1  — 28% shorter than its text implies
    0.723  target1         2736ms  "do you want to find out what's going to happen today?
           b67cf531-2403-4064-8573-de1a8569d77e  rev 1  — 28% shorter than its text implies
    0.723  target1         1704ms  "he doesn't want to think about it"
           253985fd-babf-41c8-be37-5ed4ee965d96  rev 1  — 28% shorter than its text implies
    0.723  target2         1704ms  "he doesn't want to think about it"
           9353b42a-78cd-4b17-bbc3-60b38a5d55e6  rev 1  — 28% shorter than its text implies
    0.724  target2         2328ms  "I'm going to start talking with everyone else"
           f18eefc0-07de-48eb-a162-b01956984d9e  rev 1  — 28% shorter than its text implies
    0.725  target2         1656ms  "I'm not going to be able to meet"
           ab9a2fae-f47a-474d-905b-8db5e0649c69  rev 1  — 28% shorter than its text implies
    0.726  target2         2904ms  "I wouldn't like to guess what's going to happen tomor
           6a58ccda-d226-481a-b2f0-9ede176864d2  rev 1  — 27% shorter than its text implies
    0.726  target1         1920ms  "I want you to speak with other people"
           c626ebb4-39fd-4662-956b-91f181b8be48  rev 1  — 27% shorter than its text implies
    0.727  target1         2544ms  "how long have you been learning to speak English?"
           7c8664a9-865a-47e1-afd7-685e46e26c41  rev 1  — 27% shorter than its text implies
    0.728  target1         2184ms  "I'm trying to speak the whole sentence now"
           950f6ed8-7ab9-45ff-b2e3-a2579f49bd23  rev 1  — 27% shorter than its text implies
    0.728  target1         2184ms  "I'd like to say something after you finish"
           9abdcadb-3b72-4935-ad0d-faca7d7446cd  rev 1  — 27% shorter than its text implies
    0.728  target2         2184ms  "are you going to help before I have to go?"
           810133ec-1d02-4b8c-9836-d3fa3d1e811e  rev 1  — 27% shorter than its text implies
    0.728  target2         1872ms  "when other people are here something"
           dc2f668a-4a7e-44ab-9d1b-0a544d62431e  rev 1  — 27% shorter than its text implies
    0.729  target1         2136ms  "are you going to help with everyone else?"
           35b792ff-25dd-4308-b765-8eab88fb93a4  rev 1  — 27% shorter than its text implies
     0.73  target1         1824ms  "do you want to meet this afternoon?"
           912c13ad-04ee-4a7d-b7ee-76b7db2f6944  rev 1  — 27% shorter than its text implies
    0.732  target2         1464ms  "do you want to stop talking?"
           cd81ae4c-675f-4672-9b83-b42089059fff  rev 1  — 27% shorter than its text implies
    0.732  target1         2352ms  "I'm going to start talking with everyone else"
           b7858321-05d6-44eb-b62b-428261c993e9  rev 1  — 27% shorter than its text implies
    0.733  target1         2304ms  "I'm not going to be able to remember easily."
           3c37980a-f696-4e02-9a17-b636538d8ad7  rev 1  — 27% shorter than its text implies
    0.734  target1         1416ms  "I want you to speak with me"
           49f5efb7-01fd-4737-9ae0-baf9a9818de3  rev 1  — 27% shorter than its text implies
    0.734  target2         1416ms  "you want to learn something"
           86632c5e-8250-42c2-b6a0-caafce8c4b79  rev 1  — 27% shorter than its text implies
    0.734  target2         2568ms  "how long have you been learning to speak English?"
           cc71f1fe-ea71-4a41-94dc-1bc4be41d136  rev 1  — 27% shorter than its text implies
    0.734  target2         1416ms  "I've been learning with you"
           9182f3d7-693e-4c78-baf6-30c6adbe4013  rev 1  — 27% shorter than its text implies
    0.734  target2         2568ms  "I'd like to speak with you as quickly as possible"
           f6507ccd-cfae-44fb-b341-666bf1086c02  rev 1  — 27% shorter than its text implies
    0.736  target2         1104ms  "I wanted you to speak"
           010ebf40-7361-45d8-80f2-1205660d2221  rev 1  — 26% shorter than its text implies
    0.736  target2         2208ms  "I was starting to feel better this morning"
           6a616f64-847a-4210-ba37-0ec682380195  rev 1  — 26% shorter than its text implies
    0.736  target1         1104ms  "I don't need a little"
           81108846-c2f5-473f-b8a0-e0f231e25cc5  rev 1  — 26% shorter than its text implies
    0.737  target1         1368ms  "when other people are here"
           2c66893a-a33e-4e46-9377-8783c0dbb54d  rev 1  — 26% shorter than its text implies
    0.737  target2         1632ms  "you wanted to show me something"
           16537703-2ec6-4368-b2c4-6b9161cf7689  rev 1  — 26% shorter than its text implies
    0.738  target1         2952ms  "I wouldn't like to guess what's going to happen tomor
           ba32aae3-632b-432a-b4e9-75fca9697834  rev 1  — 26% shorter than its text implies
    0.738  target1         2160ms  "I'm going to start talking with you today"
           b1db1fbe-0a7e-4ca9-b098-019f26bea643  rev 1  — 26% shorter than its text implies
    0.739  target1         1848ms  "do you want to meet at six o'clock?"
           a439c20d-2774-4b03-8d26-109519ae979f  rev 1  — 26% shorter than its text implies
    0.739  target1         1320ms  "are you going to help me?"
           972c9309-f83b-4c43-8b48-38cf0fcee7f2  rev 1  — 26% shorter than its text implies
    0.739  target1         1584ms  "have you been learning quickly"
           521c33c5-9b10-403a-a5ac-8dc83bd8b6f6  rev 1  — 26% shorter than its text implies
    0.739  target2         1584ms  "have you been learning better?"
           d393e95c-b0b7-4e4e-9084-0fe41ad55f16  rev 1  — 26% shorter than its text implies
    0.739  target2         1584ms  "this morning I wasn't thinking"
           356702fc-a6f0-4c10-99f9-4b9477cd0aa8  rev 1  — 26% shorter than its text implies
     0.74  target2         2856ms  "I don't worry about mistakes because it's a good thin
           10043f59-5e22-4c30-b757-679140a7c5c0  rev 1  — 26% shorter than its text implies
    0.741  target2         2064ms  "I'm going to practise speaking with you"
           a1e84139-e440-47e1-b163-64dabb66c168  rev 1  — 26% shorter than its text implies
    0.742  target1         1536ms  "what's going to happen today?"
           8958f6f7-6108-4c34-b5d2-1b1491815edd  rev 1  — 26% shorter than its text implies
    0.742  target1         1536ms  "are you going to help people?"
           e5dfd8e4-82d7-4741-96f0-b242699e62d9  rev 1  — 26% shorter than its text implies
    0.744  target1         2232ms  "I was starting to feel better this morning"
           93b9ff40-274e-4400-8202-bbb80c205add  rev 1  — 26% shorter than its text implies
    0.745  target2         1968ms  "I want you to speak with other people"
           3fe1bc1c-ecfc-4e84-bf66-c75f9f410c74  rev 1  — 26% shorter than its text implies
    0.745  target2         2448ms  "I don't worry about mistakes if I can remember"
           592b2bf1-70ce-4146-8049-1058ee9ac3f9  rev 1  — 25% shorter than its text implies
    0.745  target2         1704ms  "if you know how to speak English"
           f1f8db6d-d296-44a8-9881-141f2541a378  rev 1  — 25% shorter than its text implies
    0.745  target1         1704ms  "to finish as quickly as possible"
           d8a13061-ab61-46b2-bb4f-8bb208123f5a  rev 1  — 25% shorter than its text implies
    0.747  target2         1440ms  "what's going to happen now?"
           dda30c43-4826-4139-a4cb-387b88bdc626  rev 1  — 25% shorter than its text implies
    0.747  target1         1440ms  "you want to learn something"
           fd791c62-d2ed-4930-a01b-de47e88d50ac  rev 1  — 25% shorter than its text implies
    0.747  target1         2880ms  "I don't worry about mistakes because it's a good thin
           4c0b11cd-c26a-45b0-bf37-655c48338f72  rev 1  — 25% shorter than its text implies
    0.747  target1         2616ms  "I'd like to speak with you as quickly as possible"
           cb97f1ba-7afd-4ec0-a5f7-c28e2454ed39  rev 1  — 25% shorter than its text implies
    0.748  target1         2136ms  "How long have you been learning English?"
           4e3bc482-53be-4a52-975a-539c49ca8ad7  rev 1  — 25% shorter than its text implies
    0.748  target2         1176ms  "are you going to help?"
           ef606e20-818b-4429-80b2-55348f1470a2  rev 1  — 25% shorter than its text implies
    0.748  target1         2136ms  "did you want to help with everyone else?"
           22e1d9fa-dcc1-46e1-8161-6a2e812d6186  rev 1  — 25% shorter than its text implies
    0.748  target1         2832ms  "I'm going to practise speaking better than last night
           0ca4aaf3-9a97-404e-8434-7723cbe71e7a  rev 1  — 25% shorter than its text implies
    0.749  target1         3264ms  "I'm going to practise speaking to speak with you this
           2f11c90f-a034-4e59-93a6-395103a96ba0  rev 1  — 25% shorter than its text implies
     0.75  target1         3216ms  "what's going to happen, I'm going to try to explain a
           f5c97990-5e69-43db-b10c-6b986e290694  rev 1  — 25% shorter than its text implies
     0.75  target2         2304ms  "I'm not trying to finish as soon as you can"
           f8da5d1a-4cd0-4a39-8a0f-77510cdb4676  rev 1  — 25% shorter than its text implies
    0.751  target2          912ms  "but I don't worry"
           48bf7f74-1681-4412-8906-4f6affac11f2  rev 1  — 25% shorter than its text implies
    0.752  target1         1128ms  "you want to come back"
           8b144d3e-a936-4310-ada9-b3cc79f0e9d7  rev 1  — 25% shorter than its text implies
    0.752  target1         2256ms  "I want to speak when other people are here"
           7d4e4905-f912-45f4-928a-9f2027805dc5  rev 1  — 25% shorter than its text implies
    0.752  target1         2472ms  "she doesn't want because other people are here"
           c9af6892-ef70-4368-814e-ecae0159f756  rev 1  — 25% shorter than its text implies
    0.753  target1         1344ms  "I want to guess something"
           579004fe-9666-4188-b089-81bcf3d789e3  rev 1  — 25% shorter than its text implies
    0.753  target2         1344ms  "are you going to help me?"
           0276867e-bc01-4f6f-b9b3-86fc2603cf93  rev 1  — 25% shorter than its text implies
    0.753  target2         1560ms  "do you want to speak tonight?"
           231901ba-1946-4a0c-a802-8c784007cc89  rev 1  — 25% shorter than its text implies
    0.753  target2         1560ms  "did you want to meet tonight?"
           a964bf43-9bcf-48f0-9a70-8f501c8c0067  rev 1  — 25% shorter than its text implies
    0.753  target2         1560ms  "how do you feel this morning?"
           00629a3f-1f17-4df1-9f73-be63e1dc7c4f  rev 1  — 25% shorter than its text implies
    0.753  target1         1344ms  "for about a week with you"
           73d5870c-0485-4984-9ff5-265da9ad5d40  rev 1  — 25% shorter than its text implies
    0.753  target2         1344ms  "because it's a good thing"
           9321a2c2-ca39-4981-b703-8712544ce537  rev 1  — 25% shorter than its text implies
    0.754  target2         1992ms  "We don't want to interrupt the story."
           4dcd13df-96df-482a-9fe4-1933f306b9fe  rev 1  — 25% shorter than its text implies
    0.754  target2         2208ms  "are you going to help with everyone else?"
           ceaed3a5-50ce-454a-971a-0c99fbd5faa9  rev 1  — 25% shorter than its text implies
    0.754  target1         2424ms  "he doesn't want to be quiet with other people"
           825c0f5c-90a5-4c68-b075-7de7a4ce27a3  rev 1  — 25% shorter than its text implies
    0.754  target1         2640ms  "if you know what the answer is, it's a good thing"
           6f287069-273c-4447-b7f4-f5a2f2dbc0d7  rev 1  — 25% shorter than its text implies
    0.754  target2         2640ms  "if you know what the answer is, it's a good thing"
           b3e50a96-5840-44d4-bcea-6103642c8090  rev 1  — 25% shorter than its text implies
    0.756  target2         1512ms  "I'm trying to speak with you"
           86584b3c-ea6e-4e44-a2bd-55a14bc7ea42  rev 1  — 24% shorter than its text implies
    0.756  target2         1944ms  "how to remember as often as possible"
           e8cbd865-5f35-4bb2-8736-a20fb784be20  rev 1  — 24% shorter than its text implies
    0.756  target1         1080ms  "do you want to meet?"
           7223f818-caae-44f0-9d84-895d6c878b39  rev 1  — 24% shorter than its text implies
    0.756  target1         1512ms  "do you want to meet quickly?"
           1d047534-d9a9-4fd2-b37a-835953d6ff55  rev 1  — 24% shorter than its text implies
    0.756  target1         1296ms  "did you want to show me?"
           b06d558a-420e-4ae0-83f9-1521486e18e6  rev 1  — 24% shorter than its text implies
    0.756  target1         2808ms  "when other people are here, I don't want to be quiet"
           60f8446f-07a4-40e1-8329-b8ddf537a0a7  rev 1  — 24% shorter than its text implies
    0.756  target2         1512ms  "do you want to say anything?"
           ae3b9d10-7019-4672-80f3-4ea1c522787d  rev 1  — 24% shorter than its text implies
    0.758  target1         1896ms  "I've been learning for about a week"
           f254bd21-a247-41a5-84e2-32f52033dfc8  rev 1  — 24% shorter than its text implies
    0.758  target1         1896ms  "I want you to start speaking better"
           05e2ed19-2859-4076-b082-799c52ebce84  rev 1  — 24% shorter than its text implies
    0.758  target2         2112ms  "are you going to help after you finish?"
           a19cac70-2651-43b5-b361-008163d5da54  rev 1  — 24% shorter than its text implies
    0.759  target2         2712ms  "I'm not sure if I can remember the whole sentence."
           f12c12be-a653-4c43-997d-9c810802ab5e  rev 1  — 24% shorter than its text implies
    0.759  target1         2928ms  "I want to say something I'm going to practise speakin
           e04eeb63-9e70-47a5-86aa-2bd5789d0f69  rev 1  — 24% shorter than its text implies
    0.759  target1         1680ms  "I'm a little tired this morning"
           2e000f24-8e3d-4505-89af-3b4f5f86b376  rev 1  — 24% shorter than its text implies
     0.76  target2         2064ms  "I'm going to start talking with people"
           52120459-8641-4d8c-9fe6-413b7fdb4705  rev 1  — 24% shorter than its text implies
     0.76  target2         2064ms  "I'm looking forward to speaking better"
           9b1e38dd-c52b-4325-8eb1-fa37126cb2e0  rev 1  — 24% shorter than its text implies
    0.761  target1         1848ms  "she doesn't want to learn anything"
           8b862bc5-4bec-4161-910e-88f7a527d8ba  rev 1  — 24% shorter than its text implies
    0.762  target2         1416ms  "want to speak with you now"
           812ce94d-f2c1-41e4-a861-16e8eb4b57ed  rev 1  — 24% shorter than its text implies
    0.762  target1         1416ms  "do you want to speak more?"
           12c7d54d-b3fc-44b6-b2f5-e593a02f0566  rev 1  — 24% shorter than its text implies
    0.762  target2         1416ms  "are you going to help now?"
           fdb88130-c32f-4a8f-91ee-cf19e34a31be  rev 1  — 24% shorter than its text implies
    0.763  target2         2016ms  "I'd like to be able to speak with you"
           879522ea-3632-4603-b64e-660e045b23da  rev 1  — 24% shorter than its text implies
    0.764  target1         2784ms  "I'm going to practise speaking as often as possible"
           e8cd846b-fdd0-40e3-bf97-defffca77b97  rev 1  — 24% shorter than its text implies
    0.764  target1         1800ms  "do you want to show me something?"
           bd37f6a4-9e94-473c-90d2-73698d8a1d7c  rev 1  — 24% shorter than its text implies
    0.765  target1         2952ms  "I'm trying to learn how I'm going to practise speakin
           1709068a-bcf8-430c-a737-1c96723cd973  rev 1  — 23% shorter than its text implies
    0.765  target1         1584ms  "do you want to speak tonight?"
           171a6716-69a2-4f38-870d-0ea5019f073a  rev 1  — 24% shorter than its text implies
    0.765  target1         1584ms  "how do you feel this morning?"
           f5d2cb35-2def-4714-ba22-9d137612b564  rev 1  — 24% shorter than its text implies
    0.766  target2         1368ms  "I'd like to say something"
           cdd077bf-ca97-4853-aa01-16c1438e02c0  rev 1  — 23% shorter than its text implies
    0.766  target1         1368ms  "why do you want to speak?"
           11e9146f-5c07-4e17-aa1c-8c6d2ade05d4  rev 1  — 23% shorter than its text implies
    0.767  target1         3288ms  "why people don't want to be quiet when other people a
           d2915cc6-1d96-4ace-8040-ca2c99f7dd91  rev 1  — 23% shorter than its text implies
    0.767  target1         2136ms  "are you going to help after you finish?"
           8d11ca48-6d16-4eb5-8b7a-d1b24c34a8c8  rev 1  — 23% shorter than its text implies
    0.768  target1         2304ms  "are you going to help before I have to go?"
           0380cd8d-dbbf-4f28-ae4b-769b6fa4360c  rev 1  — 23% shorter than its text implies
    0.768  target2         1536ms  "are you going to help today?"
           fb084623-d1af-44d6-b4a5-427e41fad7fc  rev 1  — 23% shorter than its text implies
    0.768  target1         1536ms  "how long to be able to speak"
           b616d945-1baa-4107-a7f0-16e6c0682786  rev 1  — 23% shorter than its text implies
    0.768  target2         1920ms  "do you want to meet this afternoon?"
           289ba7f6-18b3-418f-8fee-87804ae780e1  rev 1  — 23% shorter than its text implies
    0.768  target2         1152ms  "to speak this morning"
           b43e5e1d-8361-4ef8-a99a-18d377fd4b29  rev 1  — 23% shorter than its text implies
    0.768  target1         2688ms  "I've been learning but I'm starting to feel tired"
           d262d2ed-4818-4586-9c38-0e06da2c9a5c  rev 1  — 23% shorter than its text implies
    0.769  target1         2088ms  "I'm going to start talking with people"
           cde7d968-b700-43de-adcf-7e9e772af557  rev 1  — 23% shorter than its text implies
     0.77  target1         2640ms  "I started to think about it carefully last month"
           341830fe-f545-4218-a218-b681daf77886  rev 1  — 23% shorter than its text implies
     0.77  target2         1704ms  "do you speak with someone else?"
           a4193f84-e86d-4c20-864b-69a299267d09  rev 1  — 23% shorter than its text implies
     0.77  target1         1704ms  "I'm going to start talking more"
           abc60b27-2aee-4c07-93cd-4cb1bdf89623  rev 1  — 23% shorter than its text implies
     0.77  target1         3024ms  "I'm not going to be able to find out what the answer 
           c17cebf8-e6a1-4e0d-be8b-58c01cdee8bb  rev 1  — 23% shorter than its text implies
     0.77  target2         3024ms  "I'm not going to be able to find out what the answer 
           c5f6faeb-1d14-412f-90fb-f7ca0ce14a8c  rev 1  — 23% shorter than its text implies
     0.77  target1         2256ms  "I'm not going to be able to learn English"
           d148f518-3cc9-4c30-8756-164f5af5ae90  rev 1  — 23% shorter than its text implies
     0.77  target2         1704ms  "have you been learning English?"
           889301c0-4b29-420e-b104-c6bad6bff7f3  rev 1  — 23% shorter than its text implies
     0.77  target2         1704ms  "I'm a little tired this morning"
           a7cf4ae5-84c3-4e54-8670-300e09815351  rev 1  — 23% shorter than its text implies
     0.77  target2         1704ms  "but I'm starting to feel better"
           22f9f350-2b83-44ef-b3d9-4f45ed520386  rev 1  — 23% shorter than its text implies
     0.77  target1         2256ms  "I'm not trying to speak with someone else"
           017acef5-75cf-46bf-aa02-3cadf483b51f  rev 1  — 23% shorter than its text implies
    0.771  target2         2808ms  "I'm going to practise speaking as often as possible"
           34ba5489-e674-4a72-b6ff-e45278d7fa5c  rev 1  — 23% shorter than its text implies
    0.771  target2         1872ms  "I'd like to speak English tomorrow"
           f8fd71fa-a6f4-4e8d-9f4f-47ffa5b9e847  rev 1  — 23% shorter than its text implies
    0.772  target2         1488ms  "why have you been learning?"
           d0fed7b8-2cf1-44be-ad4d-5a5c173583a7  rev 1  — 23% shorter than its text implies
    0.772  target2         2592ms  "I want to remember the whole sentence carefully"
           4d930b51-b5de-4961-84c0-a05cc4b5fa8f  rev 1  — 23% shorter than its text implies
    0.773  target1         2760ms  "He wants to come back with everyone else later on."
           2655d7f0-e1d4-4320-aa4a-f476368e1361  rev 1  — 23% shorter than its text implies
    0.773  target2         1656ms  "do you speak a little English?"
           d2c4289c-c9d9-4a78-a953-7f7ca3e64f18  rev 1  — 23% shorter than its text implies
    0.774  target1         2544ms  "I was starting to feel better than last night."
           5acb139a-eabd-4823-92f1-a7ee483c25cf  rev 1  — 23% shorter than its text implies
    0.774  target1         1272ms  "do you speak something?"
           768ef4fb-bc85-4803-bfa7-667e268f8e77  rev 1  — 23% shorter than its text implies
    0.774  target2         1824ms  "I wouldn't like to guess with you"
           e6a10105-5076-4174-b3ab-5059f5fa8211  rev 1  — 23% shorter than its text implies
    0.774  target1         2544ms  "what's going to happen tomorrow, I'm not sure?"
           e6e4f72b-d976-45fe-93dc-cbd439dbff5b  rev 1  — 23% shorter than its text implies
    0.774  target1         1824ms  "I'm not going to be able to speak"
           b4054736-1f4e-4713-8c9c-0e5c8c71b494  rev 1  — 23% shorter than its text implies
    0.774  target1         1824ms  "but I was starting to feel better"
           61a22487-329f-457c-a1ab-8d5c7a6a94f0  rev 1  — 23% shorter than its text implies
    0.774  target1         1824ms  "I'm not sure if it's a good thing"
           5de3229e-e503-48af-b2f7-02977cd85edd  rev 1  — 23% shorter than its text implies
    0.775  target1         1440ms  "you speak a little English"
           a51a62d7-d363-48c0-8bfd-472254f85556  rev 1  — 22% shorter than its text implies
    0.775  target2         2160ms  "I'd like to find out what the answer is"
           bcc03046-e5c4-4b9b-886c-ad39754cf74c  rev 1  — 22% shorter than its text implies
    0.775  target2         2712ms  "I'm looking forward to learning with someone else"
           281cc794-9d49-470d-95c2-e8e816cfbfb0  rev 1  — 23% shorter than its text implies
    0.776  target1         1608ms  "I don't want to say something"
           e8a0b78c-8801-4444-b1cd-2085042bc53a  rev 1  — 22% shorter than its text implies
    0.776  target1         1608ms  "I was starting to feel better"
           a22c7fb6-4e0f-4ce6-9c55-2d1408eacecf  rev 1  — 22% shorter than its text implies
    0.777  target2         1776ms  "I wouldn't like to say something"
           105d73a9-1f7c-4707-8e43-9196de0adc6e  rev 1  — 22% shorter than its text implies
    0.777  target2         2664ms  "I wanted to interrupt when other people are here"
           0a6596ec-9121-43fd-bb87-7b86d2244414  rev 1  — 22% shorter than its text implies
    0.778  target2         1944ms  "if I can remember, I'm nearly ready"
           7b77faa3-d78c-4779-924a-392c967dac47  rev 1  — 22% shorter than its text implies
    0.779  target2         1224ms  "how do you feel today?"
           2dc8535e-bfd0-40d2-bcdf-f78335ab26bf  rev 1  — 22% shorter than its text implies
     0.78  target1         1560ms  "I'm trying to speak with you"
           ee6caa0c-e1a0-42b8-8503-d78053cd6023  rev 1  — 22% shorter than its text implies
     0.78  target1         1560ms  "I wouldn't like to guess now"
           334f89f2-ada3-43c6-a1bf-ee850a2af27a  rev 1  — 22% shorter than its text implies
     0.78  target2         2952ms  "I'm going to practise speaking better than last night
           286f312a-1dfb-4826-bf03-ed25f6b2e5d1  rev 1  — 22% shorter than its text implies
    0.781  target2         2064ms  "I'm trying to learn with someone else"
           b221f978-85af-4a36-b652-c1e7c2b24fb1  rev 1  — 22% shorter than its text implies
    0.781  target1         2232ms  "he wants to come back with everyone else"
           50d3cccb-143c-471f-866f-d7b92ebc0fab  rev 1  — 22% shorter than its text implies
    0.781  target1         2400ms  "to meet with everyone else for about a week"
           cee7e990-28f6-43b8-9d35-690331c6b236  rev 1  — 22% shorter than its text implies
    0.782  target2         2736ms  "And I want you to speak English with me tomorrow."
           3338d56e-df70-4145-b944-874288eb101b  rev 1  — 22% shorter than its text implies
    0.782  target1         2904ms  "I think that you can speak better as soon as you can"
           182db93c-f49d-45df-91fa-1a8496b20f4b  rev 1  — 22% shorter than its text implies
    0.782  target2         2904ms  "I think that you can speak better as soon as you can"
           8362f148-3ac0-4902-bc20-230c3e72f896  rev 1  — 22% shorter than its text implies
    0.782  target1         2568ms  "I don't worry about mistakes if I can remember"
           c8f0a83f-5b02-40b7-b833-1b1969a39e74  rev 1  — 22% shorter than its text implies
    0.784  target1         2016ms  "I'm going to start talking more soon"
           5a803e94-c1f6-4560-beb8-b6d1075ef464  rev 1  — 22% shorter than its text implies
    0.784  target2         1680ms  "want to speak English with you"
           7105cd06-8729-4150-9f2b-0dbf30dc53ac  rev 1  — 22% shorter than its text implies
    0.784  target2         1344ms  "do you want to find out?"
           0b829efa-32db-40fb-8426-f97c605c99b0  rev 1  — 22% shorter than its text implies
    0.784  target2         1848ms  "she wants to learn at six o'clock"
           19e113d3-2739-4c0f-85d7-3b566b43bd4b  rev 1  — 22% shorter than its text implies
    0.784  target2         2016ms  "I'm not going to be able to remember"
           4d76fe1e-cb20-4d80-8e46-0f98c434bd76  rev 1  — 22% shorter than its text implies
    0.784  target2         1176ms  "did you want tonight?"
           b490fdc4-2db4-4c06-9ca9-e20010d981cb  rev 1  — 22% shorter than its text implies
    0.784  target1         1344ms  "do you want to be quiet?"
           6bb252d2-65e9-483c-bf17-46cc3b6eb778  rev 1  — 22% shorter than its text implies
    0.784  target1         1344ms  "I don't want to be quiet"
           8054a2a0-f3e4-46e9-9596-d355fa0887a4  rev 1  — 22% shorter than its text implies
    0.784  target1         1512ms  "he doesn't want to be quiet"
           f5989a2f-4095-4ea4-a371-f52238f6d90a  rev 1  — 22% shorter than its text implies
    0.784  target1         1344ms  "he doesn't want to think"
           14838cf2-47e3-4777-9be9-844ae3a83215  rev 1  — 22% shorter than its text implies
    0.784  target2         1344ms  "she doesn't want to read"
           9ff1bbee-8448-4841-a9f8-369a1a27f5b1  rev 1  — 22% shorter than its text implies
    0.784  target1         1848ms  "I think that you can speak better"
           b078b6bd-d4d1-4782-a925-33336dbf0d4f  rev 1  — 22% shorter than its text implies
    0.786  target1         2640ms  "because I want to meet people who speak English"
           60512656-57ea-4aee-ad90-3406f81d03d4  rev 1  — 21% shorter than its text implies
    0.786  target2         2976ms  "I don't want to guess what's going to happen tomorrow
           cbd6cc27-8c06-4477-8af4-004443146f00  rev 1  — 21% shorter than its text implies
    0.787  target1         1800ms  "I like to speak English with you"
           b074d3c5-295f-47d9-b26e-28890f2a66c0  rev 1  — 21% shorter than its text implies
    0.787  target1         1800ms  "I'm looking forward to something"
           f72f6501-569b-45d9-8afd-fb8c78d25826  rev 1  — 21% shorter than its text implies
    0.787  target2         1968ms  "do you worry about making mistakes?"
           9017cb0f-41eb-408e-b324-ab33e632f444  rev 1  — 21% shorter than its text implies
    0.787  target2         2304ms  "I'm not trying to speak with someone else"
           fc45fb17-7b4a-4a03-9b8d-794e3254474f  rev 1  — 21% shorter than its text implies
    0.788  target2         1464ms  "do you want to speak more?"
           7fac9fb7-738a-4a63-b885-81236d938f57  rev 1  — 21% shorter than its text implies
    0.788  target2         1464ms  "he wants to come back soon"
           a7e91f88-1329-4f83-8f51-1e57cfc3d8e3  rev 1  — 21% shorter than its text implies
    0.788  target1         1464ms  "I've been learning English"
           71693a8a-3504-45e2-ae48-82ea7e63bc9d  rev 1  — 21% shorter than its text implies
    0.788  target1         1464ms  "how are you at the moment?"
           f51f61eb-69a1-4a17-a645-a99ae259ea85  rev 1  — 21% shorter than its text implies
    0.789  target2         2592ms  "what's going to happen tomorrow, I'm not sure?"
           01cf729c-513a-4929-8dc8-e521fb93afe8  rev 1  — 21% shorter than its text implies
    0.789  target2         2424ms  "I want to say something before I have to go"
           c85ad3ab-1335-469c-a67d-42c9be41d8fa  rev 1  — 21% shorter than its text implies
    0.789  target2         2424ms  "I'm looking forward to learning with people"
           d71990e4-c42e-4f62-ac7b-a13fb702bef8  rev 1  — 21% shorter than its text implies
    0.789  target2         2424ms  "to speak English when other people are here"
           cfd2931d-46bf-4bc3-baed-5d9db8f3f59b  rev 1  — 21% shorter than its text implies
    0.789  target1         2424ms  "I've been learning English for about a week"
           3724b4c0-05f2-456a-ac51-e208ba5c3bf5  rev 1  — 21% shorter than its text implies
    0.789  target2         2760ms  "I've been learning but I'm starting to feel tired"
           ac7de634-6a72-40fe-8987-6a2e786b7930  rev 1  — 21% shorter than its text implies
     0.79  target1         2088ms  "I'd like to be able to speak tomorrow"
           055f9bbb-dfaf-47f7-a881-224f45f29941  rev 1  — 21% shorter than its text implies
     0.79  target2         2256ms  "I'm looking forward to learning to speak"
           fda99bd8-8834-4904-98e6-2a5bdb09dc99  rev 1  — 21% shorter than its text implies
    0.791  target2         2712ms  "I started to think about it carefully last month"
           b4dcebca-3f9b-4651-a5a6-5c17e10a00f2  rev 1  — 21% shorter than its text implies
    0.791  target1         1920ms  "what's going to happen in English?"
           3af08410-574b-49ff-b578-0eab44b47dfc  rev 1  — 21% shorter than its text implies
    0.791  target1         1752ms  "I'm not sure you speak tomorrow"
           d8d18241-a232-496d-beec-e50c008acc2c  rev 1  — 21% shorter than its text implies
    0.791  target2         2544ms  "he doesn't want to be quiet with other people"
           7f397ccb-7286-4366-bd5d-5f50e96deffd  rev 1  — 21% shorter than its text implies
    0.791  target1         2712ms  "I wanted to interrupt when other people are here"
           0f5b467d-65c0-4299-aacf-c7ae25ab1e63  rev 1  — 21% shorter than its text implies
    0.791  target1         1752ms  "do you want to know everything?"
           d10e8e46-9b64-4dcc-8da2-a4af9d63ebd5  rev 1  — 21% shorter than its text implies
    0.791  target2         1920ms  "it's like this because it's useful"
           99fcb29c-a230-426a-b625-4c1430c44fb3  rev 1  — 21% shorter than its text implies
    0.791  target2         2544ms  "do you want to finish as quickly as possible?"
           08b00370-0a5c-4952-96e4-c666060fa355  rev 1  — 21% shorter than its text implies
    0.792  target2         3168ms  "Because I think that it's a good thing to make mistak
           da2edd57-286e-410e-8870-c7e2110aa3f4  rev 1  — 21% shorter than its text implies
    0.792  target2         1584ms  "I don't want to stop talking"
           6c729896-aa96-4115-8414-1516ea83b14e  rev 1  — 21% shorter than its text implies
    0.792  target1         1584ms  "I was thinking at the moment"
           6e6d5ca8-1ee9-43d1-b966-df3a2ad0fcdc  rev 1  — 21% shorter than its text implies
    0.793  target2         1416ms  "why do you want to speak?"
           69b69648-65c4-47f6-b881-39d7f972820e  rev 1  — 21% shorter than its text implies
    0.793  target1         2040ms  "I'm going to start talking something"
           e41b91b5-fc73-4b80-8f29-1ae9633ce0e3  rev 1  — 21% shorter than its text implies
    0.793  target1         2208ms  "I started to learn something last month"
           dde7547d-b033-4c66-8980-3c29c0c96a1e  rev 1  — 21% shorter than its text implies
    0.794  target2         2496ms  "We want to meet at six o'clock this evening."
           d2257031-7117-4a93-b21a-4e0bc45c0ee2  rev 1  — 21% shorter than its text implies
    0.794  target2         2664ms  "because I want to meet people who speak English"
           d4b7866a-afc6-4c04-a55d-332eb63a531f  rev 1  — 21% shorter than its text implies
    0.794  target1         1248ms  "what's going to happen"
           2e75dfbb-e3d6-43aa-a188-cc1267b6c072  rev 1  — 21% shorter than its text implies
    0.794  target1         1248ms  "are you going to help?"
           b41f5603-7a86-4805-8556-61dd0bae3781  rev 1  — 21% shorter than its text implies
    0.794  target1         2664ms  "I wouldn't like to guess what's going to happen"
           28894861-8ada-48ef-a9fd-d12a1771c215  rev 1  — 21% shorter than its text implies
    0.794  target1         1248ms  "he wants to learn more"
           fca460d1-ad74-4aad-a051-8388940d8436  rev 1  — 21% shorter than its text implies
    0.794  target2         1248ms  "did you want to learn?"
           9e758e0a-cefe-4801-80fe-676b6f5f26f6  rev 1  — 21% shorter than its text implies
    0.794  target1         1248ms  "did you want to speak?"
           e027881d-e91f-4c4b-bf49-48da3ec12ca6  rev 1  — 21% shorter than its text implies
    0.794  target1         1872ms  "she doesn't want to read anything"
           4844a2d7-6f54-4517-99a3-bbe952dea8ab  rev 1  — 21% shorter than its text implies
    0.794  target2         1248ms  "do you want to finish?"
           8c890d81-6f97-48b2-a2fa-ca6a51e80076  rev 1  — 21% shorter than its text implies
    0.795  target2         2328ms  "I wouldn't like to say the whole sentence"
           d4ddd9cc-78e9-4f57-a797-28890d217c1e  rev 1  — 21% shorter than its text implies
    0.795  target2         1704ms  "I wouldn't like to guess today"
           732b529b-4984-4d9f-9501-437afdab79a4  rev 1  — 20% shorter than its text implies
    0.795  target2         1704ms  "I'm going to start talking now"
           84c8ed3e-6ef4-4584-91ff-d611e13f15c9  rev 1  — 20% shorter than its text implies
    0.795  target2         1704ms  "I want you to know what I mean"
           a742e8f7-194f-40b1-83c1-f292f0aa223b  rev 1  — 20% shorter than its text implies
    0.797  target2         1992ms  "I've been learning for about a week"
           0b15d44b-a5ae-49b6-998b-52c31f98adb2  rev 1  — 20% shorter than its text implies
    0.798  target1         1824ms  "I don't need to know everything."
           25af1639-ac67-4efe-bcc0-857bfe63cab8  rev 1  — 20% shorter than its text implies
    0.798  target2         3192ms  "I'm looking forward to speaking better as soon as I c
           8ff058e2-9046-489c-b2c0-54bbf6196312  rev 1  — 20% shorter than its text implies
    0.798  target1         2280ms  "she wants to find out what the answer is"
           a2545757-aab3-4521-b05b-355f42c223b7  rev 1  — 20% shorter than its text implies
    0.798  target1         1368ms  "i'm not going to be able"
           7134a3bf-85b9-4937-b3cf-4890cf27df75  rev 1  — 20% shorter than its text implies
    0.798  target2         1824ms  "are you going to help something?"
           cdb4384b-1a20-4853-a948-bbaa869d8d63  rev 1  — 20% shorter than its text implies
    0.798  target2         1368ms  "I'm not sure it's useful"
           68b55701-c585-48f0-829e-c06b555056b9  rev 1  — 20% shorter than its text implies
    0.798  target2         3648ms  "I don't worry about making mistakes because I'm learn
           b1f0f70c-48a0-4711-a154-849be0bd41e0  rev 1  — 20% shorter than its text implies
    0.798  target2         1368ms  "I'm not trying to finish"
           78b9b4a3-5d39-432c-83f6-27f92e14aea1  rev 1  — 20% shorter than its text implies
    0.799  target2         1656ms  "because he wants to come back"
           805e5ffb-7827-48ee-87cb-9c37ce273d5f  rev 1  — 20% shorter than its text implies
      0.8  target2         1944ms  "to say something with someone else"
           f44e399e-9769-4fb9-b920-650df735fcb5  rev 1  — 20% shorter than its text implies
      0.8  target2         1944ms  "I'm not sure if I can remember now"
           fc83e262-347b-40e4-bbbf-0de33cd35e43  rev 1  — 20% shorter than its text implies
      0.8  target1         1944ms  "I'd like to speak English tomorrow"
           d4c09527-6daa-4a7a-9a5c-40646e45cf56  rev 1  — 20% shorter than its text implies
      0.8  target1         1200ms  "he wants to come back"
           158094cf-5ba6-4eb2-b4c6-c2f79e061ecc  rev 1  — 20% shorter than its text implies
      0.8  target2         1944ms  "you don't need to learn everything"
           0a53d740-f9f5-4c34-a15d-90fe8c525569  rev 1  — 20% shorter than its text implies
      0.8  target1         1200ms  "it's a good thing now"
           5749ff4e-3a9e-4c45-8bdc-93252633966f  rev 1  — 20% shorter than its text implies
    0.801  target1         1488ms  "i'm going to start talking"
           b674b276-370f-4283-b970-c396a424835c  rev 1  — 20% shorter than its text implies
    0.801  target1         1488ms  "are you going to help now?"
           9620b119-e88e-4590-9291-866d85d2fb98  rev 1  — 20% shorter than its text implies
    0.801  target1         1488ms  "I wanted to learn a little"
           b6e49d44-2af5-4362-8dce-ac120a76c7a0  rev 1  — 20% shorter than its text implies
    0.801  target1         1488ms  "she doesn't want something"
           c60ac985-2279-4380-b88e-2dff8dc118fb  rev 1  — 20% shorter than its text implies
    0.801  target1         2688ms  "I want to remember the whole sentence carefully"
           ea267329-b364-4659-84ef-f93a3b4d7cd5  rev 1  — 20% shorter than its text implies
    0.802  target1         2808ms  "And I want you to speak English with me tomorrow."
           c9a7f832-a6c5-404a-a9dd-ff454731430a  rev 1  — 20% shorter than its text implies
    0.802  target1         1776ms  "but I'm starting to feel better"
           d475d9c2-4af0-48a6-806f-42a06858368b  rev 1  — 20% shorter than its text implies
    0.803  target2         3096ms  "I'm trying to learn how I'm going to practise speakin
           6687b36c-4379-402a-975c-2d3026311a6d  rev 1  — 20% shorter than its text implies
    0.803  target1         2064ms  "I'm going to try to explain with you"
           aa35b469-3b8d-421d-b06f-62488c4b10bd  rev 1  — 20% shorter than its text implies
    0.803  target1         2064ms  "what's going to happen, I'm not sure"
           c094d0d8-a882-4229-b5cc-ab431df23824  rev 1  — 20% shorter than its text implies
    0.803  target2         1320ms  "I'm trying to come back"
           fb2ec371-b472-47c6-9ca5-97daa0c68219  rev 1  — 20% shorter than its text implies
    0.803  target1         1320ms  "are you learning today?"
           18c36e91-b73c-4f9f-951d-6fe1fa5e5ec7  rev 1  — 20% shorter than its text implies
    0.803  target2         2064ms  "I'm going to start talking something"
           73b84604-82cd-4478-a8e0-12dcf6d3f28c  rev 1  — 20% shorter than its text implies
    0.803  target1         2064ms  "I'm trying to start to speak English"
           d8a04f48-7a9a-46aa-8fbf-ff387a98292e  rev 1  — 20% shorter than its text implies
    0.803  target2         2640ms  "she doesn't want because other people are here"
           dd39904d-4470-448c-8d22-66f47f6b6162  rev 1  — 20% shorter than its text implies
    0.803  target1         1320ms  "I'd like to feel better"
           d704ed7e-37a7-46de-a8e7-db49d97c5dac  rev 1  — 20% shorter than its text implies
    0.804  target2         1896ms  "I'm not sure you are nearly ready"
           3a335118-4811-4b5e-8a28-9637fd7de082  rev 1  — 20% shorter than its text implies
    0.804  target1         1608ms  "are you going to help today?"
           fb638dba-ca30-4270-8220-b1c2194478dd  rev 1  — 20% shorter than its text implies
    0.804  target1         1608ms  "he doesn't want to interrupt"
           bbcac2fd-fbf4-4fbe-8d28-b7489e2cf16c  rev 1  — 20% shorter than its text implies
    0.805  target1         2184ms  "I want to say something in English now"
           13dc980f-693b-444b-a252-3dc934d0f2fe  rev 1  — 20% shorter than its text implies
    0.805  target2         2184ms  "I wouldn't like to say something today"
           a2f77664-c480-44c4-b712-05420dde99ed  rev 1  — 20% shorter than its text implies
    0.805  target1         2184ms  "do you want to speak English later on?"
           54ad3363-2fa2-49a1-8f24-d050cae1e1a6  rev 1  — 20% shorter than its text implies
    0.805  target2         2184ms  "I'm going to try to explain everything"
           fee314d5-2262-4704-a9ce-8e1470255e42  rev 1  — 20% shorter than its text implies
    0.805  target1         2184ms  "I want to learn as quickly as possible"
           2dda6236-9763-4f01-90b5-8dcbd0fcbe1e  rev 1  — 20% shorter than its text implies
    0.805  target1         2184ms  "I want to speak as quickly as possible"
           bf4b873c-1162-46dd-a2f8-13730219ffc7  rev 1  — 20% shorter than its text implies
    0.805  target2         2184ms  "I want to speak as quickly as possible"
           da1a634a-f777-42c5-8a38-32f58a85f52e  rev 1  — 20% shorter than its text implies
    0.806  target2         2304ms  "she wants to find out what the answer is"
           893ae3f1-f0f5-4750-8c99-0bb96d2c28c4  rev 1  — 19% shorter than its text implies
    0.806  target1         2016ms  "but I'm a little tired this morning"
           fc2d9235-969b-4d5e-b592-b2fc7374eea5  rev 1  — 19% shorter than its text implies
    0.806  target2         1440ms  "I want to guess something"
           ade30203-a8df-448d-a298-afd4bc03d34b  rev 1  — 19% shorter than its text implies
    0.806  target2         1440ms  "do you want to come back?"
           5fa435d3-2af7-4345-853a-7df57b65b5db  rev 1  — 19% shorter than its text implies
    0.806  target2         2304ms  "I'm not going to be able to speak easily"
           bf033399-43fd-4532-933c-6db329433ed2  rev 1  — 19% shorter than its text implies
    0.806  target2         2016ms  "are you going to help this evening?"
           5c9cadb1-be1a-4121-80d9-283fe873b7d4  rev 1  — 19% shorter than its text implies
    0.806  target2         2304ms  "did you want to help with everyone else?"
           14e7dca5-60f9-4f22-8e08-5dd0cc56ca12  rev 1  — 19% shorter than its text implies
    0.806  target2         2592ms  "when other people are here, he wants to speak"
           cb2dcf0a-3bd6-43c5-bdbc-34635e9329fb  rev 1  — 19% shorter than its text implies
    0.806  target1         2016ms  "why have you been learning English?"
           d7a85371-322f-459c-b1fc-271598bd04de  rev 1  — 19% shorter than its text implies
    0.806  target1         1440ms  "I don't want to interrupt"
           0ccd334c-6626-40f7-95b4-d6e05e88c65a  rev 1  — 19% shorter than its text implies
    0.806  target2         3456ms  "I want to speak better but I'm trying to improve my s
           69c9c90b-5f0e-48b3-ae5a-9fba8a85b1cf  rev 1  — 19% shorter than its text implies
    0.806  target2         1728ms  "because I think that it's okay"
           ebe0eb7b-64d8-4136-9002-22edf8af5e05  rev 1  — 19% shorter than its text implies
    0.808  target2         2424ms  "I wouldn't like to speak with someone else"
           f7b4e52d-0e07-48f0-b055-b3a5d9b3cb75  rev 1  — 19% shorter than its text implies
    0.808  target2         1848ms  "do you speak what the answer is?"
           0ba9cbb7-cd1b-40fb-b50b-42ed22326de8  rev 1  — 19% shorter than its text implies
    0.808  target2         2424ms  "I want to speak when other people are here"
           388c1930-a6f9-41c0-aa38-9dc66561b80b  rev 1  — 19% shorter than its text implies
    0.808  target1         1848ms  "have you been learning how long?"
           ada47aaf-4193-4182-a8b1-c021e43061d1  rev 1  — 19% shorter than its text implies
    0.808  target1         1848ms  "if you know how to speak English"
           260e88b9-eb60-4ce7-bff2-cac4d14926d4  rev 1  — 19% shorter than its text implies
    0.809  target1         1272ms  "I'm trying to remember"
           3915ae4c-e28f-481f-9fd2-ecaff36fc264  rev 1  — 19% shorter than its text implies
    0.809  target1         1272ms  "she doesn't want to go"
           ada01965-fc9a-45fb-bbc4-f155ba2c8349  rev 1  — 19% shorter than its text implies
    0.809  target2         1560ms  "I've been learning about it"
           7f98a971-6592-4d0c-a29c-747b5ca6d8d9  rev 1  — 19% shorter than its text implies
    0.809  target2         2544ms  "I'm starting to speak better than last night"
           1a8c9318-cf72-4a2b-8869-9ff6a1497d67  rev 1  — 19% shorter than its text implies
    0.809  target1         1272ms  "I think that something"
           1840a82f-586f-4fb0-b951-7e0c9b67d809  rev 1  — 19% shorter than its text implies
    0.809  target1         2832ms  "making mistakes is a good thing, don't you think?"
           3cb32544-5aef-4424-896c-339f6b0fe2ee  rev 1  — 19% shorter than its text implies
     0.81  target1         2256ms  "I'm going to practise speaking to learn"
           62e802c4-f96d-4e38-a4b1-8dbcc360da82  rev 1  — 19% shorter than its text implies
     0.81  target1         2256ms  "she doesn't want to read this afternoon"
           a0ab2f11-87c7-4e30-bc0e-ff0ca5affe90  rev 1  — 19% shorter than its text implies
    0.811  target2         2664ms  "he doesn't want to say anything this afternoon"
           b10007f0-d1c8-42c8-8ce4-dbfab3de29b5  rev 1  — 19% shorter than its text implies
    0.812  target1         1392ms  "I want to learn a little"
           c5bab1a2-e881-436b-829a-9ad6cc15d76b  rev 1  — 19% shorter than its text implies
    0.812  target1         2088ms  "he wants to come back at six o'clock"
           856b8fc4-d051-443f-8e6f-d7bebe6506b2  rev 1  — 19% shorter than its text implies
    0.813  target2         1800ms  "I'm going to start talking more"
           c4c51818-9a67-414c-aa91-ea85f9e5a6a9  rev 1  — 19% shorter than its text implies
    0.813  target1         1800ms  "you wanted to come back tonight"
           8cb26ad2-dd4e-45ed-99f9-89d190280fbc  rev 1  — 19% shorter than its text implies
    0.813  target1         1104ms  "did you want to go?"
           bacd7fa8-68eb-429e-8e23-cb5a3179a14d  rev 1  — 19% shorter than its text implies
    0.813  target2         1104ms  "did you want to go?"
           bf6285e1-a85a-4ace-a1bc-04daa2be6550  rev 1  — 19% shorter than its text implies
    0.814  target1         2616ms  "I'd like to be able to speak after you finish"
           40cddb3a-25ac-4788-a35f-730a3fa9c209  rev 1  — 19% shorter than its text implies
    0.816  target2         2448ms  "I'm trying to speak the whole sentence now"
           9e664075-5e33-4fea-a21c-28bcaead2e3e  rev 1  — 18% shorter than its text implies
    0.816  target2         1224ms  "did you want to meet?"
           9058f778-659b-4ada-90cc-c8b503918a51  rev 1  — 18% shorter than its text implies
    0.816  target1         1632ms  "she doesn't want to be quiet"
           33b4c59e-4d07-49c8-8cd0-691caac02bf2  rev 1  — 18% shorter than its text implies
    0.816  target2         1224ms  "I don't like to think"
           c901f5d5-caa5-47d4-bdf1-c3b1b9f05daf  rev 1  — 18% shorter than its text implies
    0.816  target1         2040ms  "I feel better today than last night"
           0b3c5545-4119-470a-84ba-cfa24b8e5bee  rev 1  — 18% shorter than its text implies
    0.816  target1         1224ms  "I don't like mistakes"
           ded791ca-d592-4bc1-9cfe-7904a9ced4a7  rev 1  — 18% shorter than its text implies
    0.817  target1         2160ms  "I want to speak English with you now."
           5ae7d294-7a66-4ee3-9fcb-5c79c8157dff  rev 1  — 18% shorter than its text implies
    0.817  target2         2160ms  "I'm going to try to explain something"
           64231601-88c6-4727-aa2f-9aceb2bd6760  rev 1  — 18% shorter than its text implies
    0.817  target1         2160ms  "I'm looking forward to learning today"
           27318c34-eec6-43f6-8748-c5b18eff8363  rev 1  — 18% shorter than its text implies
    0.817  target2         2568ms  "I'm trying to say something as soon as I can"
           51fb35b8-e660-4952-bf52-38c0c536b1b8  rev 1  — 18% shorter than its text implies
    0.817  target1         2568ms  "I'm starting to speak better than last night"
           46413097-2faf-490c-80e2-d4c5dbea5110  rev 1  — 18% shorter than its text implies
    0.818  target2         1344ms  "I want to come back now"
           18e8a0be-a4cf-4948-85f7-7626c26099e6  rev 1  — 18% shorter than its text implies
    0.818  target1         1344ms  "did you want something?"
           a3ee870e-4d01-4fb3-85a5-969225019bdd  rev 1  — 18% shorter than its text implies
    0.818  target1         1752ms  "have you been learning better?"
           9c682909-59e9-44a3-8e5b-670ca32b5b6d  rev 1  — 18% shorter than its text implies
    0.819  target1         2808ms  "It's useful to start talking as soon as you can."
           02826d25-775a-47b8-acab-28d0ed50fff0  rev 1  — 18% shorter than its text implies
    0.819  target1         1872ms  "I want to say something with you"
           c6169eea-1577-4c2b-9b72-862b8ab9d72e  rev 1  — 18% shorter than its text implies
    0.819  target1         1872ms  "I wouldn't like to say something"
           573b7db5-c1a4-41e7-8120-d33c4cd7e410  rev 1  — 18% shorter than its text implies
    0.819  target1         1872ms  "do you speak what the answer is?"
           66da8d3c-1f48-4045-97e5-7bba078a2a49  rev 1  — 18% shorter than its text implies
    0.819  target1         1872ms  "to show me something it's useful"
           d14829e0-bbfd-4c7e-889f-ea45752c52b9  rev 1  — 18% shorter than its text implies
    0.819  target2         1872ms  "have you been learning how long?"
           7abf01c5-4f69-480d-b680-96afd9733410  rev 1  — 18% shorter than its text implies
     0.82  target2         2400ms  "I'm going to practise speaking in English"
           03174051-b914-4322-a245-15f38f0ef7ca  rev 1  — 18% shorter than its text implies
     0.82  target2         1992ms  "I'm going to practise speaking now"
           10fbad9d-7ea8-4396-8fde-f082daf4c2af  rev 1  — 18% shorter than its text implies
     0.82  target2         1464ms  "to speak a little English"
           959312f9-dbe6-44ee-a75b-159954af0247  rev 1  — 18% shorter than its text implies
     0.82  target2         1992ms  "I want to speak the whole sentence"
           14c2cb74-ec33-4d26-8db6-306e19a5726c  rev 1  — 18% shorter than its text implies
     0.82  target1         2400ms  "I wouldn't like to say the whole sentence"
           c3fe4033-a2cd-410c-ab0b-40aa3baaf437  rev 1  — 18% shorter than its text implies
     0.82  target2         1464ms  "he wants to speak with me"
           5fb408c4-6737-40e8-ab7e-3491cae602b6  rev 1  — 18% shorter than its text implies
     0.82  target1         1464ms  "do you want to come back?"
           8d56a684-73f9-401a-8cbf-3492adf3347e  rev 1  — 18% shorter than its text implies
     0.82  target2         2400ms  "I want to find out what the answer is now"
           5ea07dd4-bdd6-485e-9303-b97573d9afbc  rev 1  — 18% shorter than its text implies
     0.82  target1         1464ms  "but he wants to come back"
           7eba1116-1e11-47c4-869f-3a0f8209c12e  rev 1  — 18% shorter than its text implies
     0.82  target2         1464ms  "but he wants to come back"
           a5607c4e-7f20-4947-9501-acea1c9c2bea  rev 1  — 18% shorter than its text implies
     0.82  target2         1464ms  "to come back this evening"
           c27df0bf-eb87-4a37-814b-bcceb1113d2b  rev 1  — 18% shorter than its text implies
     0.82  target2         2400ms  "I'm going to start talking with you today"
           39132d59-2ba2-41d1-ba39-0c4d440e5c50  rev 1  — 18% shorter than its text implies
     0.82  target2         1464ms  "do you want to interrupt?"
           bbc0cdbf-ef9f-443c-ac18-409d0fc15f8f  rev 1  — 18% shorter than its text implies
     0.82  target1         1992ms  "but I'm starting to feel tired now"
           e02748b2-56eb-4559-8db5-024122dec76f  rev 1  — 18% shorter than its text implies
     0.82  target2         1464ms  "because I wasn't thinking"
           6464c50e-670b-42ba-8117-926a6a8508c9  rev 1  — 18% shorter than its text implies
     0.82  target2         1992ms  "if you don't want to, I don't care"
           4fe92fa8-d7cf-48ee-8456-8b4e3782fe17  rev 1  — 18% shorter than its text implies
    0.821  target2         1584ms  "I want to say something now"
           286e180f-7923-4a4b-8775-6f2cf4afff58  rev 1  — 18% shorter than its text implies
    0.821  target1         1584ms  "I'm trying to say something"
           89439857-3c00-4052-8d54-afa200d63d27  rev 1  — 18% shorter than its text implies
    0.821  target2         2112ms  "he wants to come back at six o'clock"
           a237b498-9dd7-46b6-8d25-62a3df109053  rev 1  — 18% shorter than its text implies
    0.821  target1         1584ms  "why don't you want to meet?"
           79045c7c-b243-4f78-b213-0ee22e9bb3bb  rev 1  — 18% shorter than its text implies
    0.821  target2         1584ms  "you wanted to say something"
           b00727c8-12ab-4a8d-9a06-4635974cc9cb  rev 1  — 18% shorter than its text implies
    0.821  target1         1584ms  "I've been learning about it"
           8f1c415c-a606-4f24-a0fe-79e696297b1a  rev 1  — 18% shorter than its text implies
    0.821  target2         1584ms  "I'm starting to feel better"
           e0e57240-8c9d-4aa5-8913-350bff330f2b  rev 1  — 18% shorter than its text implies
    0.821  target1         1584ms  "I wasn't thinking carefully"
           731adbbb-9e95-4883-8758-713504b0b7b9  rev 1  — 18% shorter than its text implies
    0.821  target2         1584ms  "I'm not sure it's like this"
           341289a7-5f4d-4dc6-920e-8eb4f6cd136e  rev 1  — 18% shorter than its text implies
    0.822  target2         2232ms  "do you want to speak English later on?"
           a9c2c4d0-525a-4c54-b4d5-1d0f325f8adc  rev 1  — 18% shorter than its text implies
    0.822  target1         2232ms  "I'm going to try to explain everything"
           7685b835-ba1f-4fe6-8ef4-69c077c8bf79  rev 1  — 18% shorter than its text implies
    0.823  target1         2352ms  "I wanted to ask you something yesterday."
           8be84d65-d130-4448-9f5b-b8c27e0d4719  rev 1  — 18% shorter than its text implies
    0.823  target2         1704ms  "do you speak English with me?"
           0d9d5bf3-81ec-491b-8ce8-2aafd2e592c2  rev 1  — 18% shorter than its text implies
    0.823  target1         1704ms  "do you speak English with me?"
           572c97a5-e52d-4adf-b983-9e60eba9f39f  rev 1  — 18% shorter than its text implies
    0.823  target2         1176ms  "do you want to meet?"
           bd69d73a-f71f-4227-a85c-b4bc517be201  rev 1  — 18% shorter than its text implies
    0.823  target2         1704ms  "to speak English this evening"
           fbd3d871-9c46-45b7-aced-eea88dca4285  rev 1  — 18% shorter than its text implies
    0.823  target1         1704ms  "why are you learning English?"
           51d7baea-8908-4be1-aace-9c26b8330263  rev 1  — 18% shorter than its text implies
    0.823  target2         1704ms  "he wants to come back quickly"
           638697da-af49-46e2-98ea-9962041f8d4a  rev 1  — 18% shorter than its text implies
    0.823  target2         1704ms  "I'm not sure are you learning"
           90e73438-8c9b-4c6f-a4e8-7779d9b2b4d8  rev 1  — 18% shorter than its text implies
    0.823  target1         1704ms  "because he wants to come back"
           c4d313b2-fe73-4de6-b3c3-b94394a35e45  rev 1  — 18% shorter than its text implies
    0.823  target1         1704ms  "I don't like to say something"
           629b298d-64cf-412d-8d57-058f42b50d39  rev 1  — 18% shorter than its text implies
    0.823  target2         1176ms  "you wanted something"
           b8d41b0f-00f1-40e4-ae63-783d8e9a61bc  rev 1  — 18% shorter than its text implies
    0.823  target2         1704ms  "he wants to show me something"
           d13d1929-d3e7-4cf9-ab8a-020f02041c13  rev 1  — 18% shorter than its text implies
    0.823  target1         1176ms  "to meet this morning"
           17ef3028-8c41-4bc3-a597-fac7d77df416  rev 1  — 18% shorter than its text implies
    0.823  target1         1704ms  "I feel better than last night"
           2910d79b-c443-4e2f-b168-dd0f9f5c92a7  rev 1  — 18% shorter than its text implies
    0.823  target2         1704ms  "I want to learn at the moment"
           cf30fe2c-834d-4651-b5ad-4ccc17b59845  rev 1  — 18% shorter than its text implies
    0.824  target2         1824ms  "how to say something in English"
           85a083c6-a472-4692-b5ae-a102dc9b05d2  rev 1  — 18% shorter than its text implies
    0.824  target2         1824ms  "I want to speak English quickly"
           b0880312-72ae-4b0a-8f86-357e55830055  rev 1  — 18% shorter than its text implies
    0.824  target2         1824ms  "I'm going to start talking soon"
           84178909-2b48-4303-9afd-d4df463bd5d4  rev 1  — 18% shorter than its text implies
    0.824  target1         1824ms  "I speak very well at the moment"
           4e43230b-fcb6-449f-bf99-2ea8ffb830c8  rev 1  — 18% shorter than its text implies
    0.824  target1         1824ms  "he wants to improve his English"
           3187e8f1-4a10-4997-bd42-eb66d22b1f4f  rev 1  — 18% shorter than its text implies
    0.824  target1         1824ms  "to speak as quickly as possible"
           4745cc96-a76a-4400-9c05-2162932d510e  rev 1  — 18% shorter than its text implies
    0.825  target2         1296ms  "what's going to happen"
           e367423a-4642-483f-ab81-4b01b5be9ae3  rev 1  — 18% shorter than its text implies
    0.825  target1         1296ms  "have you been learning"
           f4d83e49-d04a-4194-afcc-688335818e4c  rev 1  — 18% shorter than its text implies
    0.825  target1         1944ms  "what's going to happen something?"
           ec68c221-ea3a-4999-a3a7-067067b0372a  rev 1  — 18% shorter than its text implies
    0.825  target2         1296ms  "she doesn't want to go"
           d3cfc81c-3f17-4410-bea0-2fb59b9ee5d6  rev 1  — 18% shorter than its text implies
    0.825  target2         1944ms  "she doesn't want to read anything"
           ef19afaa-b230-4a7c-b1d9-0c41d5a11a5a  rev 1  — 18% shorter than its text implies
    0.825  target2         1944ms  "I think that you can speak better"
           de8f9254-e8f9-4349-8d4b-dab3e7978cc5  rev 1  — 18% shorter than its text implies
    0.826  target2         2184ms  "I want to speak English with you now."
           167d7bc6-f208-4eec-9988-93059265983e  rev 1  — 17% shorter than its text implies
    0.826  target1         2184ms  "We don't want to interrupt the story."
           186c62dc-da31-4b0a-9fae-e49fa310ddff  rev 1  — 17% shorter than its text implies
    0.826  target2         2064ms  "do you want to meet at six o'clock?"
           972eb49d-f180-4a50-9c04-5a7b303d1d4e  rev 1  — 17% shorter than its text implies
    0.826  target1         1416ms  "I like to speak with you"
           c0a9259d-d3ca-4f67-9c43-e2f06f66b2df  rev 1  — 17% shorter than its text implies
    0.826  target2         2064ms  "to start talking as soon as you can"
           58ae8534-f467-4478-a215-ddabc1529a2f  rev 1  — 17% shorter than its text implies
    0.826  target1         1416ms  "I think that it's useful"
           f19b5a3c-68fe-418a-a4c8-56069db8d6a0  rev 1  — 17% shorter than its text implies
    0.826  target1         2064ms  "I don't worry about making mistakes"
           f796c4d5-8475-4f6d-8e8a-3ba725869de5  rev 1  — 17% shorter than its text implies
    0.827  target2         1536ms  "I'd like to speak with you"
           c977f6ca-4de5-41ce-ac14-06f7775bfe31  rev 1  — 17% shorter than its text implies
    0.827  target2         1536ms  "we don't want to interrupt"
           341cf7f4-d46f-4301-8457-d3e5ce7d5d24  rev 1  — 17% shorter than its text implies
    0.827  target2         1536ms  "I want you to say anything"
           d280a163-cca0-470a-bc19-c1444c2dcf30  rev 1  — 17% shorter than its text implies
    0.827  target2         2304ms  "she doesn't want to read this afternoon"
           fb3b4a82-1f5c-4550-9e10-9ac930a64c30  rev 1  — 17% shorter than its text implies
    0.827  target2         2304ms  "I started to learn something last month"
           c2e2dc8d-e2e3-4b02-916e-b440c2877481  rev 1  — 17% shorter than its text implies
    0.828  target1         2424ms  "I want to say something with someone else"
           32aa6497-6ae9-47c2-be8f-802ed194bfce  rev 1  — 17% shorter than its text implies
    0.828  target1         1656ms  "I'd like to be able to speak"
           2c3b05cc-df6b-4cc0-819a-ae729c851c58  rev 1  — 17% shorter than its text implies
    0.828  target1         2424ms  "I want to start to speak as soon as I can"
           178e86e8-2bac-4740-a02e-22bb013305ef  rev 1  — 17% shorter than its text implies
    0.828  target2         1656ms  "it's a good thing, something"
           925bbb10-db22-4249-8d9e-47a7b50c6b22  rev 1  — 17% shorter than its text implies
    0.829  target2         1776ms  "How do you feel at the moment?"
           64bfef19-a541-45bf-b5d0-0febb182724c  rev 1  — 17% shorter than its text implies
    0.829  target2         1776ms  "I'm not sure if I can remember"
           eaf6cb3b-fce8-415f-a992-2240cd0683a0  rev 1  — 17% shorter than its text implies
    0.829  target1         1776ms  "do you speak a little English?"
           e67484ab-95d1-4b7b-8c6b-1acaffffdbf3  rev 1  — 17% shorter than its text implies
    0.829  target2         3552ms  "why people don't want to be quiet when other people a
           df4c49fd-b013-4286-9faa-d55cf0e2994f  rev 1  — 17% shorter than its text implies
     0.83  target1         2016ms  "you want to learn his name quickly"
           67813450-548c-49d1-9ed8-7bfc75809847  rev 1  — 17% shorter than its text implies
     0.83  target2         2904ms  "I'm going to practise speaking with someone else."
           94ab17b9-4c3d-4806-8cbe-2c0f69204856  rev 1  — 17% shorter than its text implies
     0.83  target2         3024ms  "I want to meet people who speak English but not now"
           8cd25f67-924f-4378-93bb-002a43b126e7  rev 1  — 17% shorter than its text implies
    0.831  target1         1128ms  "and I want to speak"
           bfa28958-dc6b-48b2-825c-d237fb53d057  rev 1  — 17% shorter than its text implies
    0.832  target1         2496ms  "I'd like to speak English after you finish"
           c13c3b90-333a-41ec-a57e-32a38fdc476e  rev 1  — 17% shorter than its text implies
    0.832  target2         1248ms  "do you like to think?"
           4198fe2e-2ebd-4176-9691-e854fdaef8ba  rev 1  — 17% shorter than its text implies
    0.833  target1         1368ms  "I want to learn tonight"
           3a831ac4-4771-49bf-93bf-e3de0d18b050  rev 1  — 17% shorter than its text implies
    0.833  target2         1368ms  "did you want something?"
           77e04858-3994-4ef6-b552-87435858ba1d  rev 1  — 17% shorter than its text implies
    0.833  target1         1488ms  "he doesn't want something"
           5ed25e8f-9347-47e4-b830-8ce7ca9a5c3b  rev 1  — 17% shorter than its text implies
    0.833  target1         1368ms  "he doesn't want to meet"
           8f903dbe-4838-4d4e-a5f4-dc23afdce8ac  rev 1  — 17% shorter than its text implies
    0.833  target1         2976ms  "I've been learning very carefully for about a week"
           0ab02c0e-6edc-4904-8468-d8525f8e0618  rev 1  — 17% shorter than its text implies
    0.833  target1         1368ms  "if you know what I mean"
           e2cb057f-f813-47e8-aee5-3e2833dc8cef  rev 1  — 17% shorter than its text implies
    0.834  target1         1728ms  "I speak a little English now."
           1908df47-5f94-422f-afce-9602d1482cab  rev 1  — 17% shorter than its text implies
    0.834  target2         1728ms  "I speak a little English now."
           a8e92461-7841-45f7-9228-0186535aeb33  rev 1  — 17% shorter than its text implies
    0.834  target1         1608ms  "to be able to speak English"
           3bebc267-1b49-45ee-badd-23db9f317dcb  rev 1  — 17% shorter than its text implies
    0.834  target2         1608ms  "to learn with everyone else"
           294f8b8f-980b-4267-9e49-5ffef019af30  rev 1  — 17% shorter than its text implies
    0.834  target2         1728ms  "but I don't want to come back"
           6d289e9b-3343-4a2e-bcb7-f77105c38277  rev 1  — 17% shorter than its text implies
    0.834  target1         1728ms  "she wants to stop talking now"
           60d115f6-601b-4e16-91a5-591e6ceea884  rev 1  — 17% shorter than its text implies
    0.834  target1         1608ms  "you want to remember a word"
           bbb4fad1-f90b-47ca-9516-33febb60c78b  rev 1  — 17% shorter than its text implies
    0.834  target2         1608ms  "to speak as soon as you can"
           85f0fe9f-20f7-4547-bedb-05c4009c2ebc  rev 1  — 17% shorter than its text implies
    0.834  target1         1608ms  "I've been learning with you"
           65264338-5ffe-45d8-a2d4-47845cf5cb46  rev 1  — 17% shorter than its text implies
    0.834  target1         3576ms  "I want to speak better but I'm trying to improve my s
           53592654-a206-4864-ab7d-d8fbf0b85a67  rev 1  — 17% shorter than its text implies
    0.835  target2         2208ms  "I want to find out what the answer is"
           408d79dc-4c7f-4d1d-b036-e0732b27b2ad  rev 1  — 16% shorter than its text implies
    0.835  target1         2208ms  "I want to start to speak more English"
           d3a01b7a-e1b7-4a1c-8c9e-e0479ea88d1c  rev 1  — 16% shorter than its text implies
    0.835  target1         2088ms  "I'm going to start talking tomorrow"
           eda9df93-f9a1-4013-9107-023af30fd7ec  rev 1  — 16% shorter than its text implies
    0.835  target1         1848ms  "I want you to help this evening"
           92cbad84-560e-4d63-b0f3-c7b8bb8912b4  rev 1  — 17% shorter than its text implies
    0.835  target1         1848ms  "you wanted to show me something"
           df5987fe-9fe3-4c8e-86da-0f8aec6a8776  rev 1  — 17% shorter than its text implies
    0.836  target2         2328ms  "I want to meet people who speak English"
           43763418-5636-4eeb-9970-3f00680a9f12  rev 1  — 16% shorter than its text implies
     0.84  target1         1800ms  "How do you feel at the moment?"
           ab5be9c8-bf73-452e-bc08-45923e000d9e  rev 1  — 16% shorter than its text implies
     0.84  target2         2880ms  "she doesn't want to read anything this afternoon"
           ffc4a9ce-e1e7-4d57-bfb4-4450fb8b47a5  rev 1  — 16% shorter than its text implies
     0.84  target2         1920ms  "I want to speak English with you"
           467e4058-1807-4dd4-9bb3-cd588cf74831  rev 1  — 16% shorter than its text implies
     0.84  target1         1920ms  "I want to speak English with you"
           f3ce0929-6dc4-4f81-9293-d1d8301b9485  rev 1  — 16% shorter than its text implies
     0.84  target1         2160ms  "I want to learn something in English"
           9e29f8f2-3420-474e-9643-35b4ae453d36  rev 1  — 16% shorter than its text implies
     0.84  target2         2400ms  "I'm going to try to explain with you now"
           e5a12bfc-84db-48ae-b632-af1f93855e36  rev 1  — 16% shorter than its text implies
     0.84  target1         1560ms  "I'd like to speak with you"
           0905f5a3-c487-41fb-b089-ba0a127841fe  rev 1  — 16% shorter than its text implies
     0.84  target2         1920ms  "I'd like to be able to speak now"
           6a6abd29-118c-4d72-9633-1d75b3bd3ce0  rev 1  — 16% shorter than its text implies
     0.84  target1         2040ms  "I'd like to be able to speak today"
           aad0ddec-2e4b-44bc-9758-38221db1e616  rev 1  — 16% shorter than its text implies
     0.84  target1         1080ms  "I'd like something"
           d0287f98-6de1-4e2a-92e2-d764398b6ee1  rev 1  — 16% shorter than its text implies
     0.84  target1         1560ms  "I'd like to speak tomorrow"
           0b2b4497-2d46-4f8b-b9a4-9107d99747be  rev 1  — 16% shorter than its text implies
     0.84  target2         2040ms  "what's going to happen in English?"
           405e17aa-bd91-434d-9eb6-1f7271ac6cf0  rev 1  — 16% shorter than its text implies
     0.84  target1         1320ms  "do you speak tomorrow?"
           ed768150-7ead-4bc3-b277-eba23990eafb  rev 1  — 16% shorter than its text implies
     0.84  target2         1680ms  "she wants to learn something"
           b1894d85-fe69-4ad4-b0ac-fcd6b6215356  rev 1  — 16% shorter than its text implies
     0.84  target1          960ms  "to meet with you"
           11204a94-5a7b-4857-9e64-862449851b19  rev 1  — 16% shorter than its text implies
     0.84  target2         1560ms  "because she wants to speak"
           32e4da12-5c3b-4546-b9b4-f879125ba732  rev 1  — 16% shorter than its text implies
     0.84  target2         1560ms  "you want to learn his name"
           594ccbd2-2986-4c8c-92cb-e84b1162767d  rev 1  — 16% shorter than its text implies
     0.84  target1         2280ms  "I'm looking forward to speaking better"
           23bdac1b-9aed-4644-bb36-60867874105f  rev 1  — 16% shorter than its text implies
     0.84  target1         2640ms  "I'm trying to say something as soon as I can"
           e162dc45-eec2-44f2-a0e1-8b3dd65ad311  rev 1  — 16% shorter than its text implies
     0.84  target2         1320ms  "did you want to speak?"
           05affeb6-9830-4628-a50c-19f210f28ceb  rev 1  — 16% shorter than its text implies
     0.84  target2         1440ms  "did you want to show me?"
           282d50dd-3ac6-467c-9fcf-d665b0c511e1  rev 1  — 16% shorter than its text implies
     0.84  target1         1440ms  "to show me something now"
           92fc796c-191c-443b-b4f2-3839c3780a70  rev 1  — 16% shorter than its text implies
     0.84  target2         1440ms  "he doesn't want to speak"
           7cec8a67-a173-44cd-adc5-09df3087e1c8  rev 1  — 16% shorter than its text implies
     0.84  target2         1800ms  "other people who speak English"
           85302ff4-6c25-4b55-8275-395f532062c9  rev 1  — 16% shorter than its text implies
     0.84  target1         1920ms  "I started to say something today"
           116a85c4-678f-4eb4-96dc-cc92af431fdc  rev 1  — 16% shorter than its text implies
     0.84  target2         1440ms  "he doesn't want to think"
           8d7ed381-1575-4888-9fbe-d7186d444187  rev 1  — 16% shorter than its text implies
     0.84  target1         1440ms  "she doesn't want to read"
           a71b51f9-53ba-4d53-b7c3-42f6c923832a  rev 1  — 16% shorter than its text implies
     0.84  target1         1680ms  "do you want to say anything?"
           e47fb53b-b48a-4638-a429-5f1811722425  rev 1  — 16% shorter than its text implies
     0.84  target2         1200ms  "to meet this morning"
           f3e5cd07-9bed-4143-ae90-310e7069aad6  rev 1  — 16% shorter than its text implies
     0.84  target2         1440ms  "I was thinking carefully"
           655e2136-62ed-4c37-bcc0-dd00e3ee111e  rev 1  — 16% shorter than its text implies
     0.84  target2         1200ms  "do you want to know?"
           b8cd97c4-5e47-48e8-a3e8-433517c244ef  rev 1  — 16% shorter than its text implies
     0.84  target1         2040ms  "it's like this because it's useful"
           77500dc9-dfbd-4778-8d6e-794c1e3e1189  rev 1  — 16% shorter than its text implies
     0.84  target2          720ms  "it's a thing"
           ad97dcd2-20a2-4999-b3a7-8c788206a838  rev 1  — 16% shorter than its text implies
     0.84  target1         1320ms  "do you want to finish?"
           5d208e52-e887-4c91-90ed-63f13f429980  rev 1  — 16% shorter than its text implies
    0.844  target1         2472ms  "I'm going to practise speaking in English"
           48f27edd-5b81-4489-a337-62073f47e129  rev 1  — 16% shorter than its text implies
    0.844  target1         2472ms  "I want to feel better as soon as possible"
           dd3131b8-7c1a-44ed-b8e8-c36f96cfdab8  rev 1  — 16% shorter than its text implies
    0.844  target2         2712ms  "I'm going to try to explain but I don't worry"
           874c86e8-19d0-4257-9dd2-f3a4247f22a2  rev 1  — 16% shorter than its text implies
    0.844  target2         2712ms  "I want to speak better as quickly as possible"
           d7179b98-c952-4fb8-bfc8-8439a89651c0  rev 1  — 16% shorter than its text implies
    0.845  target1         1992ms  "But I don't want to stop talking."
           87d9142b-aaae-4c40-82c6-3720a9c41a62  rev 1  — 15% shorter than its text implies
    0.845  target2         2232ms  "I'm looking forward to learning today"
           0be28ac4-a31f-4b82-8aab-3b2ef0e1d798  rev 1  — 16% shorter than its text implies
    0.845  target2         2112ms  "to speak when other people are here"
           d1e50d54-3f60-4bd9-96f2-f563929bf29c  rev 1  — 16% shorter than its text implies
    0.845  target2         1872ms  "I want you to show me something"
           eaee0373-3b3f-4580-898c-cb417c436720  rev 1  — 15% shorter than its text implies
    0.845  target2         1992ms  "to interrupt the story, something"
           0b41206d-0d55-46c3-9d37-6322ca59598a  rev 1  — 15% shorter than its text implies
    0.845  target2         2112ms  "I don't want to interrupt the story"
           1d86f843-379c-41ae-aee6-2a06c6c0eee0  rev 1  — 16% shorter than its text implies
    0.845  target2         1872ms  "to speak as quickly as possible"
           c5e75aea-0a35-40e8-b583-3f72346bab23  rev 1  — 15% shorter than its text implies
    0.846  target1         1632ms  "I want to speak English now"
           2b52287d-20d9-46e2-a07a-2e1d99f1dba7  rev 1  — 15% shorter than its text implies
    0.846  target1         1632ms  "do you speak English today?"
           eb9d2a97-ba52-4951-b67c-4092e11ec58d  rev 1  — 15% shorter than its text implies
    0.846  target1         1632ms  "he wants to come back today"
           03e8dbcc-1fb5-4547-bf20-79f196311e30  rev 1  — 15% shorter than its text implies
    0.846  target2         1752ms  "I don't want to say something"
           3dd68ec3-1b56-4339-b45e-3731a02ad86e  rev 1  — 15% shorter than its text implies
    0.846  target1         1632ms  "you wanted to say something"
           2c33e852-d9c2-45cc-a075-ee15e7dffde8  rev 1  — 15% shorter than its text implies
    0.846  target1         1632ms  "why have you been learning?"
           010ad9c1-59d3-4ae8-9b2c-83459f269d81  rev 1  — 15% shorter than its text implies
    0.846  target2         3144ms  "when other people are here, I don't want to be quiet"
           137a4adb-f39a-4cdb-a6f2-463be2d55a2e  rev 1  — 15% shorter than its text implies
    0.846  target2         1632ms  "he wants to know everything"
           17766329-3835-422c-aa20-184931082aee  rev 1  — 15% shorter than its text implies
    0.847  target2         2904ms  "It's useful to start talking as soon as you can."
           6fdb82ef-7381-4ee3-9d13-c4d7144a8ba4  rev 1  — 15% shorter than its text implies
    0.847  target1         1512ms  "do you speak English now?"
           9091e560-ce4d-463a-b480-d1d9a7d2f884  rev 1  — 15% shorter than its text implies
    0.847  target2         1512ms  "you want to speak English"
           2f8995e6-c02b-40e8-a00b-bd55e61beed2  rev 1  — 15% shorter than its text implies
    0.847  target1         1392ms  "because I want to learn"
           64b3c6ad-0bb2-4ec6-a488-d3f5d39ee988  rev 1  — 15% shorter than its text implies
    0.847  target2         1392ms  "before I have to go now"
           2e444b8f-6145-4055-ac57-72f16772ad87  rev 1  — 15% shorter than its text implies
    0.847  target1         1512ms  "she doesn't want to speak"
           89c0ab8b-797c-4e82-8a5e-27b8b6585f37  rev 1  — 15% shorter than its text implies
    0.847  target1         2784ms  "he doesn't want to say anything this afternoon"
           ba98963f-e82f-436e-842b-7afba19c1fe9  rev 1  — 15% shorter than its text implies
    0.847  target2         1512ms  "I want to think carefully"
           466c3bd7-5a1a-4830-8538-0991adf74ec9  rev 1  — 15% shorter than its text implies
    0.847  target2         1392ms  "I was thinking about it"
           ca359549-f9dd-4377-ac80-cf8dce3d18aa  rev 1  — 15% shorter than its text implies
    0.848  target2         2544ms  "I'd like to say something after you finish"
           9b057973-110f-4760-9db5-e963c4e0b5cb  rev 1  — 15% shorter than its text implies
    0.848  target2         1272ms  "to speak this evening"
           6cc71d63-bd06-42f7-b4f6-4d270ce6c38c  rev 1  — 15% shorter than its text implies
    0.848  target2         1272ms  "are you learning now?"
           7396b895-604f-4ad4-b267-b0c042ef077c  rev 1  — 15% shorter than its text implies
    0.848  target2         2424ms  "I can start speaking better with someone"
           63157ec9-7300-436f-97b5-7345e9c291dd  rev 1  — 15% shorter than its text implies
    0.848  target2         1272ms  "he doesn't want to go"
           aba9a177-4474-4f8f-918e-3ee68c822dbe  rev 1  — 15% shorter than its text implies
    0.848  target1         1272ms  "he doesn't want to go"
           f7ec0af5-42e8-44d3-aef5-ad0529a4b893  rev 1  — 15% shorter than its text implies
    0.849  target2         2184ms  "I'm going to start talking more soon"
           1ed3dd34-e79e-45d2-bb04-e0b1f7da43c0  rev 1  — 15% shorter than its text implies
    0.849  target1         2184ms  "You wanted to speak with me tonight."
           8fe52280-1c66-46a8-acd7-beb2acfc0c20  rev 1  — 15% shorter than its text implies
    0.849  target1         2304ms  "I wouldn't like to say something today"
           07a73b1c-8794-4384-b171-b0266f4483d4  rev 1  — 15% shorter than its text implies
    0.849  target1         2184ms  "I'm not sure if I can remember today"
           7a77c573-0d45-48f1-92f1-3c5bb85202fe  rev 1  — 15% shorter than its text implies
    0.849  target1         2184ms  "to be able to speak after you finish"
           af35d453-c6d2-4465-9856-9d72e3826d46  rev 1  — 15% shorter than its text implies
    0.849  target2         2184ms  "what's going to happen, I'm not sure"
           47a3c120-e85b-485f-8d4f-db1d9d6319fa  rev 1  — 15% shorter than its text implies
    0.849  target2         2184ms  "he doesn't like taking too much time"
           994cf812-b5ba-454b-9d2d-e204ec46f2df  rev 1  — 15% shorter than its text implies
    0.849  target1         2184ms  "he doesn't like taking too much time"
           d38caf08-6e7f-4bda-9116-c2cc1f2dbcb3  rev 1  — 15% shorter than its text implies
    0.849  target1         2184ms  "when other people are here something"
           38b64cd4-7095-48c8-acc5-1cbf11d59523  rev 1  — 15% shorter than its text implies
    0.849  target2         2184ms  "I was thinking about it this morning"
           164a56d3-5596-4d54-b68a-caf2036f817d  rev 1  — 15% shorter than its text implies
    0.849  target2         2304ms  "I want to learn as quickly as possible"
           c565f199-29b1-4704-9eef-155e219cda05  rev 1  — 15% shorter than its text implies
     0.85  target1         2064ms  "how to speak as often as possible."
           1d11d806-7315-4370-8f24-df6b51e81005  rev 1  — 15% shorter than its text implies
     0.85  target2         2064ms  "want to learn as often as possible"
           d435d24e-9320-4c58-9db7-9450e1d96c48  rev 1  — 15% shorter than its text implies
     0.85  target2         2064ms  "I'd like to be able to speak today"
           9d1d2262-efc7-45e0-99fa-38dc1704d991  rev 1  — 15% shorter than its text implies
     0.85  target2         2064ms  "I want to think about it carefully"
           effabcbb-89ac-4ad2-a28c-f63ac964c944  rev 1  — 15% shorter than its text implies
     0.85  target2         1032ms  "to know something"
           9133250f-79c9-4633-9cb6-62787ac96d2c  rev 1  — 15% shorter than its text implies
     0.85  target1         2064ms  "if you don't want to, I don't care"
           fcdbdc66-75ad-4f62-b922-4cc17255fb15  rev 1  — 15% shorter than its text implies

queue -> docs/audio-repair-2026-08-06/estate/eng_for_urd-seeds50-tails.json  (feed it straight to `propose --targets`)

This is an ORDERING, not a verdict. Nothing here has been judged broken.

[Azure TTS] Closing connection pool (0 total connections)...
