[dotenv@17.2.3] injecting env (22) from .env -- tip: 🔐 prevent committing .env to code: https://dotenvx.com/precommit

scoped to seeds 1-50: 3787 clip(s) referenced
tail check ON — one S3 fetch and one decode per clip, 8 at a time; this is not instant.
[dotenv@17.2.3] injecting env (0) from .env -- tip: ⚙️  enable debug logging with { debug: true }
[language-code-service] Loaded 488 language codes from CSV
[language-code-service] TTS configured: 104 Azure, 75 ElevenLabs, 79 Google
[language-code-service] Legacy mappings: 93 total (95 from CSV)
  measured 250/3787 (29.3/s, ~2m left)     measured 500/3787 (38.0/s, ~1m left)     measured 750/3787 (41.9/s, ~1m left)     measured 1000/3787 (44.0/s, ~1m left)     measured 1250/3787 (45.3/s, ~1m left)     measured 1500/3787 (46.1/s, ~1m left)     measured 1750/3787 (46.5/s, ~1m left)     measured 2000/3787 (47.1/s, ~1m left)     measured 2250/3787 (47.7/s, ~1m left)     measured 2500/3787 (48.0/s, ~0m left)     measured 2750/3787 (48.1/s, ~0m left)     measured 3000/3787 (48.3/s, ~0m left)     measured 3250/3787 (48.5/s, ~0m left)     measured 3500/3787 (48.7/s, ~0m left)     measured 3750/3787 (48.9/s, ~0m left)   

audio-repair queue — eng_for_ben
detector: duration-vs-expected
  Unmeasured against human-labelled ground truth. Orders the queue only — it never passes audio. The tail-defect detector it replaces measured ~9% precision by ear (2026-08-05).
detector: tail-integrity
  Recall 3/3 against the only human-labelled ground truth that exists (Tom, deu_for_eng, 2026-08-05) — three clips is far too few for a precision figure, and none is claimed. Like-for-like control: fresh renders of the same 93 texts through the same voices moved the median release 20ms -> 115ms, and 92 of 93 stopped tripping this check, so the flags are not an artefact of which phoneme a word ends on. That says the shipped clips are anomalous; it does NOT say a human hears all 93 as damaged. Orders the queue only; it never passes audio.
  measured 3787 clip(s); 0 could not be measured

1355 clip(s) worth a human's ears (886 by duration, 660 by tail); showing 1355, worst first.

     10ms  known           1056ms  "ভুল করা নিয়ে চিন্তা করা"
           44bfd175-7dc8-4f79-b174-f0a6f067f3c4  rev 1  — ends abruptly — 10ms from full speech level to silence (natural endings measure ~80ms); and speaks 25.8 chars/sec against a 15.2 baseline
     15ms  known           1776ms  "আমি আজ যতটা পারি চেষ্টা করতে চাই।"
           13b40893-1fb4-4cf0-968b-6b646773f567  rev 1  — ends abruptly — 15ms from full speech level to silence (natural endings measure ~80ms); and speaks 19.9 chars/sec against a 15.2 baseline
     10ms  known           3504ms  "গত মাসে আমি ব্যাপারটা সাবধানে ভাবতে শুরু করেছিলাম।"
           8a0e3116-fde3-480f-8d33-1a1e9f6bfd7e  rev 1  — ends abruptly — 10ms from full speech level to silence (natural endings measure ~80ms)
     10ms  presentation    4968ms  "ইংরেজিে — 'সারাদিন' — যেমন — 'তুমি কি সারাদিন ইংরেজিত
           2506705b-9f3c-42c5-9c55-d005e8e8ff73  rev 1  — ends abruptly — 10ms from full speech level to silence (natural endings measure ~80ms)
     15ms  known            696ms  "পছন্দ করতাম"
           8f77c9d1-0a8f-480d-a5b6-4da8a06c615f  rev 1  — ends abruptly — 15ms from full speech level to silence (natural endings measure ~80ms); and speaks 19 chars/sec against a 15.2 baseline
     15ms  known            744ms  "সে জানতে চায়"
           d1b7b800-c621-4d40-bf0f-734e4cd62ecb  rev 1  — ends abruptly — 15ms from full speech level to silence (natural endings measure ~80ms); and speaks 20.6 chars/sec against a 15.2 baseline
     10ms  known           1080ms  "যেকোনো কিছু"
           0eb519b5-85ae-42ae-b86c-ed12e2408e11  rev 1  — ends abruptly — 10ms from full speech level to silence (natural endings measure ~80ms)
     10ms  known           1536ms  "প্রায় এক সপ্তাহ ধরে"
           6dd20a02-0d95-4540-89ed-eb6e383e8168  rev 1  — ends abruptly — 10ms from full speech level to silence (natural endings measure ~80ms)
     10ms  presentation    2472ms  "ইংরেজিে — 'ভালো লাগে না' — যেমন — '' — হয়:"
           f3c9598f-df82-4244-9067-499a6ecde6bc  rev 1  — ends abruptly — 10ms from full speech level to silence (natural endings measure ~80ms)
     10ms  presentation    2376ms  "ইংরেজিে — 'চিন্তা করা' — যেমন — '' — হয়:"
           61c0736e-c91f-4516-bf61-0312832e097b  rev 1  — ends abruptly — 10ms from full speech level to silence (natural endings measure ~80ms)
     15ms  known            912ms  "ইংরেজি শেখা চাই।"
           ab572d4b-6790-4f08-a88e-0cb1995dfbe0  rev 1  — ends abruptly — 15ms from full speech level to silence (natural endings measure ~80ms); and speaks 20.3 chars/sec against a 15.2 baseline
     10ms  known           1128ms  "একটা ভালো জিনিস"
           b4549dc2-3bc0-4b09-8d63-38251560170e  rev 1  — ends abruptly — 10ms from full speech level to silence (natural endings measure ~80ms)
     10ms  known           1512ms  "কীভাবে কথা বলতে হয়?"
           b90cfa66-d1bd-4341-84b8-526afa42e92b  rev 1  — ends abruptly — 10ms from full speech level to silence (natural endings measure ~80ms)
     10ms  known           2712ms  "ইংরেজিতে একটা শব্দ বলার চেষ্টা করছি"
           0f2e07e6-42af-4613-9e94-7a4a2c7563c2  rev 1  — ends abruptly — 10ms from full speech level to silence (natural endings measure ~80ms)
     15ms  known           1032ms  "বলার চেষ্টা করছি।"
           de3e0553-49e9-4388-81e1-7c97ba7ffe37  rev 1  — ends abruptly — 15ms from full speech level to silence (natural endings measure ~80ms); and speaks 18.9 chars/sec against a 15.2 baseline
     15ms  known            984ms  "ইংরেজিতে শিখতে চাই।"
           e3d0aa0b-ad9c-447d-ac00-c8376d3b6f8b  rev 1  — ends abruptly — 15ms from full speech level to silence (natural endings measure ~80ms); and speaks 21.8 chars/sec against a 15.2 baseline
     15ms  known           1704ms  "আমার মানে বোঝানোর চেষ্টা করছি।"
           62a9b147-fed2-43f5-b546-dac2f028635a  rev 1  — ends abruptly — 15ms from full speech level to silence (natural endings measure ~80ms); and speaks 18.9 chars/sec against a 15.2 baseline
     15ms  known           1176ms  "ইংরেজিতে চেষ্টা করতে যাচ্ছি।"
           f15c27e2-485f-49de-8bbc-ad893c0b6e22  rev 1  — ends abruptly — 15ms from full speech level to silence (natural endings measure ~80ms); and speaks 26.2 chars/sec against a 15.2 baseline
     15ms  known           1008ms  "কাল কিছু শিখতে চাই।"
           27880b60-ca36-4cf7-96e5-a1ba07b2613e  rev 1  — ends abruptly — 15ms from full speech level to silence (natural endings measure ~80ms); and speaks 21.6 chars/sec against a 15.2 baseline
     15ms  known            912ms  "কিছু মনে রাখতে চাই।"
           2a39e82a-e575-450c-b628-bc6a8e6db742  rev 1  — ends abruptly — 15ms from full speech level to silence (natural endings measure ~80ms); and speaks 24.2 chars/sec against a 15.2 baseline
     10ms  known           2784ms  "কাল অন্য কারো সাথে কথা বলার চেষ্টা করব।"
           43d88805-9c88-4284-b41f-cb58ca7a1366  rev 1  — ends abruptly — 10ms from full speech level to silence (natural endings measure ~80ms)
     15ms  known            888ms  "কাল কিছু শিখতে যাচ্ছি"
           a0543d96-371b-4ab5-a056-52d9982b49a7  rev 1  — ends abruptly — 15ms from full speech level to silence (natural endings measure ~80ms); and speaks 26.9 chars/sec against a 15.2 baseline
     15ms  known           1200ms  "আমি কাল চেষ্টা করতে চাই।"
           e3d4c6c6-27bd-4eb7-908c-fd38d75f1fee  rev 1  — ends abruptly — 15ms from full speech level to silence (natural endings measure ~80ms); and speaks 22.2 chars/sec against a 15.2 baseline
     15ms  known           1104ms  "আর ইংরেজি শিখতে চাই"
           47709525-1373-472a-859e-4d53a069663a  rev 1  — ends abruptly — 15ms from full speech level to silence (natural endings measure ~80ms); and speaks 19.3 chars/sec against a 15.2 baseline
     10ms  known           1512ms  "তুমি কি ইংরেজিতে বলো?"
           e525ad1f-3aad-4496-b0d0-4cb79a60de9a  rev 1  — ends abruptly — 10ms from full speech level to silence (natural endings measure ~80ms)
     15ms  known           1584ms  "সে ইংরেজিতে কিছু জানতে চায়।"
           18b8000b-6d1e-4b55-975f-0f8e785ec70b  rev 1  — ends abruptly — 15ms from full speech level to silence (natural endings measure ~80ms); and speaks 19.1 chars/sec against a 15.2 baseline
     15ms  known           1200ms  "আমি পরে চেষ্টা করতে চাই।"
           ae565216-4155-4a3d-933d-57ce1d6972ea  rev 1  — ends abruptly — 15ms from full speech level to silence (natural endings measure ~80ms); and speaks 22.2 chars/sec against a 15.2 baseline
     15ms  known           1344ms  "সে সবার সাথে জানতে চায়।"
           be6f12ed-97aa-4db4-a223-6d9ee50e999a  rev 1  — ends abruptly — 15ms from full speech level to silence (natural endings measure ~80ms); and speaks 19.4 chars/sec against a 15.2 baseline
     15ms  known            984ms  "তার নাম জানতে চাও"
           48119405-4d40-4fe1-a451-91fa63217dba  rev 1  — ends abruptly — 15ms from full speech level to silence (natural endings measure ~80ms); and speaks 19.5 chars/sec against a 15.2 baseline
     15ms  known            960ms  "কিন্তু চাই না আজ"
           5db305a7-91cf-4663-934c-289282cfa47d  rev 1  — ends abruptly — 15ms from full speech level to silence (natural endings measure ~80ms); and speaks 18.7 chars/sec against a 15.2 baseline
     15ms  known           1536ms  "আমরা এই সন্ধ্যায় দেখা করতে চাই।"
           8c83e238-ad97-4626-944f-aa98be7773c5  rev 1  — ends abruptly — 15ms from full speech level to silence (natural endings measure ~80ms); and speaks 22.6 chars/sec against a 15.2 baseline
     15ms  known           1152ms  "কারণ আমি শুরু করতে চাই।"
           cf7029d4-9c2a-4fc8-8959-565d42ba6876  rev 1  — ends abruptly — 15ms from full speech level to silence (natural endings measure ~80ms); and speaks 22.3 chars/sec against a 15.2 baseline
     10ms  known            648ms  "লাগে"
           1daff45d-5a58-4e52-b808-feeaff11a8a2  rev 1  — ends abruptly — 10ms from full speech level to silence (natural endings measure ~80ms)
     15ms  known           1920ms  "যাওয়ার আগে তোমার সাথে দেখা করতে চাই।"
           55f16db7-e5d0-4e7c-b271-26efce276aff  rev 1  — ends abruptly — 15ms from full speech level to silence (natural endings measure ~80ms); and speaks 20.5 chars/sec against a 15.2 baseline
     15ms  known           1848ms  "তুমি কি যাওয়ার আগে সাহায্য করতে চাও?"
           d3d620ed-031d-46f1-9ca5-ef0afbe44a18  rev 1  — ends abruptly — 15ms from full speech level to silence (natural endings measure ~80ms); and speaks 21.3 chars/sec against a 15.2 baseline
     10ms  known           1104ms  "যত তাড়াতাড়ি"
           eff21e83-f7de-4d2a-879e-92a7917dbaa3  rev 1  — ends abruptly — 10ms from full speech level to silence (natural endings measure ~80ms)
     15ms  known           1200ms  "কতদিন ধরে শিখতে চাও?"
           66dd4c61-8080-4b1f-9137-75ca040b344d  rev 1  — ends abruptly — 15ms from full speech level to silence (natural endings measure ~80ms); and speaks 18.3 chars/sec against a 15.2 baseline
     15ms  known           1512ms  "তুমি সকালে কেমন অনুভব করছ?"
           0f22fae9-1aa8-41fe-bd29-7565759356ae  rev 1  — ends abruptly — 15ms from full speech level to silence (natural endings measure ~80ms); and speaks 18.6 chars/sec against a 15.2 baseline
     15ms  known           1920ms  "গত মাসে জিজ্ঞেস করতে শুরু করেছিলাম।"
           13130c48-b4ec-4f77-a01f-8b66a91447ce  rev 1  — ends abruptly — 15ms from full speech level to silence (natural endings measure ~80ms); and speaks 19.3 chars/sec against a 15.2 baseline
     15ms  known           1224ms  "আজ সকালে দেখা করতে চাই।"
           7e7fc215-9bc8-402f-8ccb-4f1c7b5a1a0f  rev 1  — ends abruptly — 15ms from full speech level to silence (natural endings measure ~80ms); and speaks 20.7 chars/sec against a 15.2 baseline
     10ms  known           1704ms  "কিন্তু আমি একটু ক্লান্ত।"
           c7762159-2550-4cc8-8108-72a646371028  rev 1  — ends abruptly — 10ms from full speech level to silence (natural endings measure ~80ms)
     10ms  known           1992ms  "জিজ্ঞেস করতে শুরু করেছিলাম।"
           fc4ca0c7-e286-42b2-a6e8-c3807eb1c23f  rev 1  — ends abruptly — 10ms from full speech level to silence (natural endings measure ~80ms)
     15ms  known           1320ms  "আমি মনে রাখতে শুরু করছি"
           cdb2a8cf-188a-4358-89e6-2908023ce750  rev 1  — ends abruptly — 15ms from full speech level to silence (natural endings measure ~80ms); and speaks 19 chars/sec against a 15.2 baseline
     10ms  known           1248ms  "কারণ এটা ভালো"
           095d9a5f-9980-4dfe-9aa3-78525e6dc7c2  rev 1  — ends abruptly — 10ms from full speech level to silence (natural endings measure ~80ms)
     15ms  known           1440ms  "আমি ভুল করা বন্ধ করতে যাচ্ছি"
           9845303f-00d5-4da7-a62c-9dd9e0c12beb  rev 1  — ends abruptly — 15ms from full speech level to silence (natural endings measure ~80ms); and speaks 21.1 chars/sec against a 15.2 baseline
     15ms  known           1320ms  "বা আমার আরো ভালো করতে হবে"
           b0ca437c-a38e-4b75-8096-1e1aad193353  rev 1  — ends abruptly — 15ms from full speech level to silence (natural endings measure ~80ms); and speaks 20.9 chars/sec against a 15.2 baseline
     15ms  known           1272ms  "আমি সব কিছু শিখতে চাই"
           e1122995-3bae-4501-bf9e-6af88115a116  rev 1  — ends abruptly — 15ms from full speech level to silence (natural endings measure ~80ms); and speaks 18.4 chars/sec against a 15.2 baseline
     15ms  known           4824ms  "আমার মনে হচ্ছে আমি প্রায় যাওয়ার জন্য তৈরি, এই অনুভূ
           0a6ab082-1a3f-4f7e-bd40-9239f8bfd939  rev 1  — ends abruptly — 15ms from full speech level to silence (natural endings measure ~80ms)
     15ms  known            720ms  "ইংরেজিতে"
           0f6f5daf-66f4-47a4-96a3-8e1987a41abb  rev 1  — ends abruptly — 15ms from full speech level to silence (natural endings measure ~80ms)
     15ms  presentation    3600ms  "ইংরেজিে — 'শেখা' — যেমন — 'ইংরেজি শেখা চাই।' — হয়:"
           1dc0df19-fe8c-42ea-ae2b-3af2b1412293  rev 1  — ends abruptly — 15ms from full speech level to silence (natural endings measure ~80ms)
     20ms  known           1704ms  "ইংরেজিতে কিছু কীভাবে বলতে হয়।"
           2f6dad69-e980-43e3-ba7a-ceaefadb449a  rev 1  — ends abruptly — 20ms from full speech level to silence (natural endings measure ~80ms); and speaks 19 chars/sec against a 15.2 baseline
     20ms  known           1944ms  "আমি একটা শব্দ মনে করার চেষ্টা করছি।"
           3f7a450b-0f60-413f-b9b8-074f39c01ed7  rev 1  — ends abruptly — 20ms from full speech level to silence (natural endings measure ~80ms); and speaks 19.4 chars/sec against a 15.2 baseline
     15ms  known           4728ms  "কারণ আমি এমন মানুষদের সাথে দেখা করতে চাই যারা ইংরেজিত
           6b012d11-a248-47dd-b1c7-9cde0bdfd56f  rev 1  — ends abruptly — 15ms from full speech level to silence (natural endings measure ~80ms)
     15ms  known           1344ms  "আমি শেখার চেষ্টা করছি।"
           77700b67-f1f6-4aac-acde-9c20bae8235e  rev 1  — ends abruptly — 15ms from full speech level to silence (natural endings measure ~80ms)
     15ms  known           3432ms  "আমি গতকাল রাতের চেয়ে ভালো অনুভব করতে শুরু করছিলাম।"
           8c8efc21-646c-417c-98f5-f506b3c7006c  rev 1  — ends abruptly — 15ms from full speech level to silence (natural endings measure ~80ms)
     15ms  known            768ms  "ইংরেজি"
           ab50a6ff-ba7e-4773-b716-4877a525333d  rev 1  — ends abruptly — 15ms from full speech level to silence (natural endings measure ~80ms)
     15ms  known           3240ms  "কারণ আমি মনে করি ভুল করা একটা ভালো জিনিস।"
           ac6907af-2867-4ad6-b69b-8ac90e91feb9  rev 1  — ends abruptly — 15ms from full speech level to silence (natural endings measure ~80ms)
     15ms  known           2736ms  "যতটা সম্ভব ঘন ঘন কথা বলা শেখা।"
           b29fbd6a-85cb-4674-8a16-e39bb3ef0357  rev 1  — ends abruptly — 15ms from full speech level to silence (natural endings measure ~80ms)
     15ms  presentation    3768ms  "ইংরেজিে — 'কীভাবে' — যেমন — 'কীভাবে শিখতে হয়?' — হয়
           b2acf5a1-609f-4fb6-8e6c-c1f655c87d23  rev 1  — ends abruptly — 15ms from full speech level to silence (natural endings measure ~80ms)
     15ms  known           1896ms  "সে জানতে চায় উত্তরটা কী।"
           cc59f33b-285b-43d3-8ad8-6c10e9819544  rev 1  — ends abruptly — 15ms from full speech level to silence (natural endings measure ~80ms)
     15ms  known           3504ms  "যত তাড়াতাড়ি সম্ভব কথা বলা শুরু করা উপকারী।"
           cc786ea1-dc07-4ee9-9daf-9f2a6ca060c5  rev 1  — ends abruptly — 15ms from full speech level to silence (natural endings measure ~80ms)
     20ms  known           1584ms  "তুমি তার নাম দ্রুত শিখতে চাও।"
           f567d5f6-1660-4511-945f-f64ef3275049  rev 1  — ends abruptly — 20ms from full speech level to silence (natural endings measure ~80ms); and speaks 19.9 chars/sec against a 15.2 baseline
     15ms  known            480ms  "কিন্তু"
           0456e880-5e99-49b6-bd3a-a51c59c891e2  rev 1  — ends abruptly — 15ms from full speech level to silence (natural endings measure ~80ms)
     15ms  presentation    3864ms  "ইংরেজিে — 'কিন্তু' — যেমন — 'কিন্তু সে ফিরে আসতে চায়
           171940f5-d960-4ee3-b4fc-384193bf7f18  rev 1  — ends abruptly — 15ms from full speech level to silence (natural endings measure ~80ms)
     15ms  presentation    4968ms  "ইংরেজিে — 'বোঝানো' — যেমন — 'এখন বোঝানোর চেষ্টা করতে 
           201622c3-aa42-4516-bf7f-76cd899151fe  rev 1  — ends abruptly — 15ms from full speech level to silence (natural endings measure ~80ms)
     15ms  known            936ms  "আমার সাথে"
           5cfe62ee-5750-4c78-b054-193d1ee67bb9  rev 1  — ends abruptly — 15ms from full speech level to silence (natural endings measure ~80ms)
     15ms  known            840ms  "খুব ভালো"
           a4baec92-f608-4f6c-83d4-ba9f5d22af2e  rev 1  — ends abruptly — 15ms from full speech level to silence (natural endings measure ~80ms)
     15ms  presentation    4512ms  "ইংরেজিে — 'একটা শব্দ' — যেমন — 'একটা শব্দ মনে রাখতে য
           c00f394d-cc3b-4e91-bd66-30537c9ea725  rev 1  — ends abruptly — 15ms from full speech level to silence (natural endings measure ~80ms)
     15ms  presentation    4152ms  "ইংরেজিে — 'খুব ভালো' — যেমন — 'তুমি খুব ভালো ইংরেজি ক
           d47897fd-83e9-4cb3-b7da-ea5322a32351  rev 1  — ends abruptly — 15ms from full speech level to silence (natural endings measure ~80ms)
     20ms  known            480ms  "মনে করা"
           eca59d21-8d1e-427e-9cba-ccc326399ea0  rev 1  — ends abruptly — 20ms from full speech level to silence (natural endings measure ~80ms); and speaks 19.2 chars/sec against a 15.2 baseline
     15ms  presentation    2280ms  "ইংরেজিে — 'আমরা চাই' — যেমন — '' — হয়:"
           ecba2b07-b537-4966-b50f-985609692102  rev 1  — ends abruptly — 15ms from full speech level to silence (natural endings measure ~80ms)
     15ms  known            888ms  "বাধা দেওয়া"
           07bae2b8-900f-4dcf-9e50-e8bba95b2b60  rev 1  — ends abruptly — 15ms from full speech level to silence (natural endings measure ~80ms)
     15ms  known           1632ms  "প্রায় যাওয়ার জন্য তৈরি"
           0ec9fb9d-cddd-4a03-9b38-ce70d30bfb24  rev 1  — ends abruptly — 15ms from full speech level to silence (natural endings measure ~80ms)
     15ms  presentation    3888ms  "ইংরেজিে — 'চেয়েছিলাম' — যেমন — 'কিছু বলতে চেয়েছিলাম
           275e63dc-a03e-4b9e-b8de-3ccb13e565e1  rev 1  — ends abruptly — 15ms from full speech level to silence (natural endings measure ~80ms)
     20ms  known            720ms  "সাহায্য করা"
           29ece06a-78ef-4d53-abce-6f943693349b  rev 1  — ends abruptly — 20ms from full speech level to silence (natural endings measure ~80ms); and speaks 18.3 chars/sec against a 15.2 baseline
     15ms  presentation    3000ms  "ইংরেজিে — 'যত তাড়াতাড়ি পারি' — যেমন — '' — হয়:"
           3560c4e0-f870-4009-b6c2-6348a166346c  rev 1  — ends abruptly — 15ms from full speech level to silence (natural endings measure ~80ms)
     20ms  known            840ms  "যত তাড়াতাড়ি পারি"
           3939620c-a791-4cd3-9ab3-bd26fbe585a0  rev 1  — ends abruptly — 20ms from full speech level to silence (natural endings measure ~80ms); and speaks 24.8 chars/sec against a 15.2 baseline
     15ms  presentation    2400ms  "ইংরেজিে — 'অনুভূতি' — যেমন — '' — হয়:"
           3a5de382-101b-48f8-bb63-2263d989cf01  rev 1  — ends abruptly — 15ms from full speech level to silence (natural endings measure ~80ms)
     15ms  presentation    2568ms  "ইংরেজিে — 'সে চায় না' — যেমন — '' — হয়:"
           4c499274-b441-49b9-b518-c7ff5feb8e6d  rev 1  — ends abruptly — 15ms from full speech level to silence (natural endings measure ~80ms)
     15ms  presentation    2808ms  "ইংরেজিে — 'ভালো লাগে' — যেমন — '' — হয়:"
           c0c73904-0363-4e2b-91c2-73403b32f021  rev 1  — ends abruptly — 15ms from full speech level to silence (natural endings measure ~80ms)
     15ms  known           1512ms  "যত তাড়াতাড়ি সম্ভব"
           c3bf285c-51cf-4a8a-b902-a557a15822d3  rev 1  — ends abruptly — 15ms from full speech level to silence (natural endings measure ~80ms)
     15ms  known            864ms  "অপেক্ষায় আছি"
           c8cef97e-5093-403e-9e6e-39eca85dcbca  rev 1  — ends abruptly — 15ms from full speech level to silence (natural endings measure ~80ms)
     15ms  known            720ms  "এই মুহূর্তে"
           e1d1fa49-fa8a-4a9a-aa86-cfe015f6d305  rev 1  — ends abruptly — 15ms from full speech level to silence (natural endings measure ~80ms)
     15ms  presentation    3264ms  "ইংরেজিে — 'প্রায় এক সপ্তাহ ধরে' — যেমন — '' — হয়:"
           eb6bf2d3-04f9-4776-80a1-e9579af1bb9c  rev 1  — ends abruptly — 15ms from full speech level to silence (natural endings measure ~80ms)
     15ms  known            840ms  "আরো ভালো"
           edcf28cb-557f-46bc-956a-6ead55c014ed  rev 1  — ends abruptly — 15ms from full speech level to silence (natural endings measure ~80ms)
     15ms  presentation    4440ms  "ইংরেজিে — 'জানা' — যেমন — 'আমার সব কিছু জানার দরকার ন
           0861aae9-19d3-4a61-8caf-49879f64ba67  rev 1  — ends abruptly — 15ms from full speech level to silence (natural endings measure ~80ms)
     20ms  known           1008ms  "আমি কথা বলতে চাই।"
           10de5f07-938d-45e1-882f-2958d9066fad  rev 1  — ends abruptly — 20ms from full speech level to silence (natural endings measure ~80ms); and speaks 19.5 chars/sec against a 15.2 baseline
     15ms  known           2232ms  "যদি তুমি জানো আমি কী বলছি"
           3d217955-679c-4518-a697-f1bf1e2b8c3c  rev 1  — ends abruptly — 15ms from full speech level to silence (natural endings measure ~80ms)
     15ms  known            936ms  "নিয়ে ভাবা"
           42ce4be5-7cf4-4c0b-8244-0cb4d8a1970b  rev 1  — ends abruptly — 15ms from full speech level to silence (natural endings measure ~80ms)
     20ms  known           1248ms  "এখন শেখার চেষ্টা করছি।"
           868d0ef7-9b62-4b4a-8a7e-624b76d81577  rev 1  — ends abruptly — 20ms from full speech level to silence (natural endings measure ~80ms); and speaks 19.5 chars/sec against a 15.2 baseline
     15ms  presentation    4416ms  "ইংরেজিে — 'সব কিছু' — যেমন — 'আমার সব কিছু জানার দরকা
           8cfbb4e4-00a7-4fb7-a675-9009ed9408a8  rev 1  — ends abruptly — 15ms from full speech level to silence (natural endings measure ~80ms)
     15ms  known            960ms  "দরকার নেই"
           969d6267-a876-4150-9b8a-b303c9e21d87  rev 1  — ends abruptly — 15ms from full speech level to silence (natural endings measure ~80ms)
     20ms  known           1704ms  "আমি ইংরেজি শেখার চেষ্টা করছি।"
           c406aa2b-2408-40a9-9dc7-e23f67828daa  rev 1  — ends abruptly — 20ms from full speech level to silence (natural endings measure ~80ms); and speaks 18.3 chars/sec against a 15.2 baseline
     20ms  known           1176ms  "কথা বলার চেষ্টা করছি।"
           c4e06dff-d0b0-403d-9832-5b3a691a7fd6  rev 1  — ends abruptly — 20ms from full speech level to silence (natural endings measure ~80ms); and speaks 20.1 chars/sec against a 15.2 baseline
     15ms  known            864ms  "করতে হবে"
           e0720254-4d72-4ce8-a202-440efea091be  rev 1  — ends abruptly — 15ms from full speech level to silence (natural endings measure ~80ms)
     20ms  known            528ms  "শুরু করছি"
           e802d75e-52b3-4014-8a59-ece536fad030  rev 1  — ends abruptly — 20ms from full speech level to silence (natural endings measure ~80ms); and speaks 22.8 chars/sec against a 15.2 baseline
     15ms  presentation    4152ms  "ইংরেজিে — 'শেষ করা' — যেমন — 'আমি শেষ করার চেষ্টা করছ
           f701baf5-51ab-4ac4-a0a6-6061d855be59  rev 1  — ends abruptly — 15ms from full speech level to silence (natural endings measure ~80ms)
     20ms  known            840ms  "কথা বলা চেষ্টা করতে"
           9ccc729d-02f6-4db9-8eac-209ef64e4837  rev 1  — ends abruptly — 20ms from full speech level to silence (natural endings measure ~80ms); and speaks 26.8 chars/sec against a 15.2 baseline
     15ms  known           1584ms  "কথা বলা অভ্যাস করতে চাই"
           9eca04e0-ac1f-4933-9df1-c13bccdf968c  rev 1  — ends abruptly — 15ms from full speech level to silence (natural endings measure ~80ms)
     20ms  known            720ms  "কিছু বলতে যাচ্ছি।"
           a2f6726d-12aa-4ca5-be80-8505fb186a81  rev 1  — ends abruptly — 20ms from full speech level to silence (natural endings measure ~80ms); and speaks 28.1 chars/sec against a 15.2 baseline
     15ms  known           2064ms  "অন্য কারো সাথে অভ্যাস করতে"
           c470b7fa-c52d-48cb-8ace-80d59a5a3362  rev 1  — ends abruptly — 15ms from full speech level to silence (natural endings measure ~80ms)
     20ms  known           1344ms  "একটা শব্দ মনে রাখতে যাচ্ছি।"
           d5311e94-ad31-43f1-b8f7-c2439a82ea14  rev 1  — ends abruptly — 20ms from full speech level to silence (natural endings measure ~80ms); and speaks 22.1 chars/sec against a 15.2 baseline
     20ms  known           1800ms  "ইংরেজিতে মনে রাখার চেষ্টা করছি।"
           e2f42b75-a670-4568-8627-53cc56aa26c6  rev 1  — ends abruptly — 20ms from full speech level to silence (natural endings measure ~80ms); and speaks 18.5 chars/sec against a 15.2 baseline
     20ms  known           1824ms  "তোমার সাথে মনে রাখার চেষ্টা করছি।"
           e3b2aabb-52bb-449a-89f4-7f723ef76c4e  rev 1  — ends abruptly — 20ms from full speech level to silence (natural endings measure ~80ms); and speaks 19.3 chars/sec against a 15.2 baseline
     15ms  known           1560ms  "কিছু মনে করার চেষ্টা করছি।"
           e4705475-9be6-4325-8d44-03265a56f556  rev 1  — ends abruptly — 15ms from full speech level to silence (natural endings measure ~80ms)
     20ms  known           1656ms  "তোমার সাথে আমার মানে বোঝাতে চাই।"
           08aeebef-9a17-44e3-9561-81cba438d673  rev 1  — ends abruptly — 20ms from full speech level to silence (natural endings measure ~80ms); and speaks 21 chars/sec against a 15.2 baseline
     15ms  known            912ms  "আজ কিছু শিখতে"
           1aca6750-4fb9-45b0-b6c4-811b5d3875e7  rev 1  — ends abruptly — 15ms from full speech level to silence (natural endings measure ~80ms)
     20ms  known           1032ms  "এখন চেষ্টা করতে চাই।"
           5298f54e-c7e4-4acc-a8a5-c5ced87d3904  rev 1  — ends abruptly — 20ms from full speech level to silence (natural endings measure ~80ms); and speaks 22.2 chars/sec against a 15.2 baseline
     15ms  known            648ms  "বলতে"
           6d3fdbfa-5c7f-4059-a1dd-519e55dfc704  rev 1  — ends abruptly — 15ms from full speech level to silence (natural endings measure ~80ms)
     20ms  known            936ms  "আমি একটু শিখতে চাই।"
           7e8acb2a-1dd5-489c-b03b-8d247c09644a  rev 1  — ends abruptly — 20ms from full speech level to silence (natural endings measure ~80ms); and speaks 23.2 chars/sec against a 15.2 baseline
     20ms  known           1704ms  "আমার মানে বোঝানোর চেষ্টা করতে"
           912a7c88-8a2f-4419-8b39-db2aa3ecc588  rev 1  — ends abruptly — 20ms from full speech level to silence (natural endings measure ~80ms); and speaks 18.5 chars/sec against a 15.2 baseline
     20ms  known           1800ms  "তোমার সাথে বোঝানোর চেষ্টা করতে চাই।"
           ced87e12-61a9-478c-8876-47eda8ec0248  rev 1  — ends abruptly — 20ms from full speech level to silence (natural endings measure ~80ms); and speaks 21 chars/sec against a 15.2 baseline
     15ms  known           1536ms  "বোঝানোর চেষ্টা করতে"
           fa026e29-84fc-4e82-af86-34d6dea2495c  rev 1  — ends abruptly — 15ms from full speech level to silence (natural endings measure ~80ms)
     15ms  known           1560ms  "ইংরেজি বলতে পছন্দ করতাম।"
           04e55c69-59b4-471b-8194-b1f8d7b0e3f2  rev 1  — ends abruptly — 15ms from full speech level to silence (natural endings measure ~80ms)
     20ms  known            672ms  "মনে রাখতে চাই"
           1dc9698e-e61e-438a-ba87-caab765afd8f  rev 1  — ends abruptly — 20ms from full speech level to silence (natural endings measure ~80ms); and speaks 24.1 chars/sec against a 15.2 baseline
     20ms  known           1512ms  "আমি মনে রাখার চেষ্টা করছি।"
           61c59b1e-0191-4baf-87c4-4e8d0df7b18d  rev 1  — ends abruptly — 20ms from full speech level to silence (natural endings measure ~80ms); and speaks 18.6 chars/sec against a 15.2 baseline
     15ms  known           1800ms  "কিছু শিখতে পছন্দ করতাম।"
           6f7d5935-3778-49b3-b1c6-1b9e0c89ed60  rev 1  — ends abruptly — 15ms from full speech level to silence (natural endings measure ~80ms)
     15ms  known           1848ms  "যতটা পারি বলতে পারা শিখতে চাই।"
           b4ba7abc-2dc5-4875-ba00-873c40013533  rev 1  — ends abruptly — 15ms from full speech level to silence (natural endings measure ~80ms)
     15ms  known           1824ms  "এখন অনুমান করার চেষ্টা করছি।"
           c63eae8f-c3cd-4a5a-b58b-93ad9c1cdc7c  rev 1  — ends abruptly — 15ms from full speech level to silence (natural endings measure ~80ms)
     20ms  known           1968ms  "তোমার সাথে বলতে পারতে পছন্দ করতাম।"
           d75e1a78-e510-4dc8-a93f-9e25ed7ef06d  rev 1  — ends abruptly — 20ms from full speech level to silence (natural endings measure ~80ms); and speaks 18.5 chars/sec against a 15.2 baseline
     15ms  known           1992ms  "তুমি এখন খুব ভালো কথা বলো।"
           6f8696e4-14cd-4860-947a-0ea7803398c7  rev 1  — ends abruptly — 15ms from full speech level to silence (natural endings measure ~80ms)
     20ms  known           2208ms  "তুমি কি আমার সাথে কথা বলার চেষ্টা করতে পারো?"
           78c47899-f245-4339-8a01-7c62dbdcefc8  rev 1  — ends abruptly — 20ms from full speech level to silence (natural endings measure ~80ms); and speaks 21 chars/sec against a 15.2 baseline
     15ms  known           1392ms  "তুমি ইংরেজিতে বলো"
           7d941bc0-33a1-48ac-86b2-42a97f6f3258  rev 1  — ends abruptly — 15ms from full speech level to silence (natural endings measure ~80ms)
     15ms  known            552ms  "দিন"
           903687d9-8ac6-44f7-a27f-35027e72559e  rev 1  — ends abruptly — 15ms from full speech level to silence (natural endings measure ~80ms)
     15ms  known           2016ms  "খুব ভালো ইংরেজি বলার চেষ্টা করছি।"
           ab396fd7-8029-4942-9c4a-bbe50affdee7  rev 1  — ends abruptly — 15ms from full speech level to silence (natural endings measure ~80ms)
     20ms  known           1416ms  "খুব ভালো ইংরেজি শিখতে চাই"
           eb973c6c-be5e-4bd5-85f2-fe7d7e2c5f55  rev 1  — ends abruptly — 20ms from full speech level to silence (natural endings measure ~80ms); and speaks 19.3 chars/sec against a 15.2 baseline
     20ms  known           1224ms  "উত্তরটা কী জানতে চাই"
           0dafda7a-26d0-46ec-9b47-8ca2243eecc0  rev 1  — ends abruptly — 20ms from full speech level to silence (natural endings measure ~80ms); and speaks 18.3 chars/sec against a 15.2 baseline
     20ms  known           1080ms  "সে পরে জানতে চায়।"
           16e50773-aefd-4e23-aeba-a10045743bc8  rev 1  — ends abruptly — 20ms from full speech level to silence (natural endings measure ~80ms); and speaks 18.9 chars/sec against a 15.2 baseline
     15ms  known           2472ms  "সবার সাথে কাল কথা বলতে পছন্দ করতাম।"
           544e7ebf-8937-4089-828a-c60edb16abc5  rev 1  — ends abruptly — 15ms from full speech level to silence (natural endings measure ~80ms)
     15ms  known            648ms  "সবার"
           5b72e5a3-4f6b-47f1-94c0-ad7a7422ef24  rev 1  — ends abruptly — 15ms from full speech level to silence (natural endings measure ~80ms)
     20ms  known           1464ms  "সে তোমার সাথে দেখা করতে চায়।"
           83b1f5ed-ec59-4cf8-8be3-e0ef3cd03aa9  rev 1  — ends abruptly — 20ms from full speech level to silence (natural endings measure ~80ms); and speaks 21.8 chars/sec against a 15.2 baseline
     20ms  known           1224ms  "আমরা ইংরেজি শিখতে চাই।"
           9d085d55-71ef-4375-a14d-5729aaec9efb  rev 1  — ends abruptly — 20ms from full speech level to silence (natural endings measure ~80ms); and speaks 20 chars/sec against a 15.2 baseline
     20ms  known            768ms  "পরে দেখা করতে চাই।"
           ecee0685-6ea7-4bed-bd42-5955571eca10  rev 1  — ends abruptly — 20ms from full speech level to silence (natural endings measure ~80ms); and speaks 27.7 chars/sec against a 15.2 baseline
     20ms  known           1848ms  "এই সন্ধ্যায় চেষ্টা করতে যাচ্ছি।"
           0cbc0c75-4829-4ce5-ac70-5a7410e9c76a  rev 1  — ends abruptly — 20ms from full speech level to silence (natural endings measure ~80ms); and speaks 18.4 chars/sec against a 15.2 baseline
     20ms  known           1416ms  "সে তার নাম মনে রাখতে চায়।"
           1288849c-4217-4a06-8e29-3eeaab98422e  rev 1  — ends abruptly — 20ms from full speech level to silence (natural endings measure ~80ms); and speaks 20.2 chars/sec against a 15.2 baseline
     20ms  known           1200ms  "তুমি ইংরেজি শিখতে চাও"
           6948960f-91bb-4165-bb6e-eec0f68e486a  rev 1  — ends abruptly — 20ms from full speech level to silence (natural endings measure ~80ms); and speaks 19.5 chars/sec against a 15.2 baseline
     15ms  known           2376ms  "ছয়টায় সবার সাথে দেখা করতে পছন্দ করতাম।"
           844a705c-84a2-4a9b-9257-85a5e6dfa3b5  rev 1  — ends abruptly — 15ms from full speech level to silence (natural endings measure ~80ms)
     15ms  known           3000ms  "এই সন্ধ্যায় সবার সাথে দেখা করতে পছন্দ করতাম।"
           adf744b4-98d7-481a-ac36-12f48b0fbc50  rev 1  — ends abruptly — 15ms from full speech level to silence (natural endings measure ~80ms)
     15ms  known           1536ms  "আমি ফিরে আসতে চাই না।"
           c3976a44-bc91-4e4b-9a88-7bab7e0d60b9  rev 1  — ends abruptly — 15ms from full speech level to silence (natural endings measure ~80ms)
     15ms  known           2952ms  "কথা বলতে থাকা থামাতে চাই না এই সন্ধ্যায়।"
           c64e7ca8-e3d2-4e6a-a3f2-25002bf93843  rev 1  — ends abruptly — 15ms from full speech level to silence (natural endings measure ~80ms)
     20ms  known           1608ms  "এই সন্ধ্যায় ছয়টায় দেখা করতে"
           d2edab5d-52ed-49a8-a3c1-ccffd65ac646  rev 1  — ends abruptly — 20ms from full speech level to silence (natural endings measure ~80ms); and speaks 20.3 chars/sec against a 15.2 baseline
     20ms  known           1056ms  "আমরা দ্রুত দেখা করতে চাই।"
           dcb16b7f-2e38-4117-bf04-9d619a11e446  rev 1  — ends abruptly — 20ms from full speech level to silence (natural endings measure ~80ms); and speaks 27 chars/sec against a 15.2 baseline
     20ms  known           1584ms  "তুমি দ্রুত তার নাম শিখতে চাও।"
           1c879fb4-199f-4c48-8aed-470b16c87e43  rev 1  — ends abruptly — 20ms from full speech level to silence (natural endings measure ~80ms); and speaks 20 chars/sec against a 15.2 baseline
     20ms  known           1272ms  "সহজে কথা বলতে থাকতে চাই"
           20d17a2c-64ae-4f05-8e88-1b68d0e08219  rev 1  — ends abruptly — 20ms from full speech level to silence (natural endings measure ~80ms); and speaks 20.1 chars/sec against a 15.2 baseline
     20ms  known           1008ms  "কারণ আমি শিখতে চাই"
           33361553-e77a-4e0f-b35a-750fad9a39ef  rev 1  — ends abruptly — 20ms from full speech level to silence (natural endings measure ~80ms); and speaks 20.3 chars/sec against a 15.2 baseline
     20ms  known           2064ms  "আমরা শীঘ্রই সবার সাথে দেখা করতে চাই।"
           3656c6fb-17c2-492b-a9f1-48438d5a794c  rev 1  — ends abruptly — 20ms from full speech level to silence (natural endings measure ~80ms); and speaks 18.5 chars/sec against a 15.2 baseline
     15ms  known           3360ms  "কারণ আমি যারা ইংরেজিতে কথা বলে তাদের সাথে দেখা করতে চ
           3d966374-6995-4b21-bad5-022dba3dac2e  rev 1  — ends abruptly — 15ms from full speech level to silence (natural endings measure ~80ms)
     20ms  known           1344ms  "আমি ওর নাম মনে রাখতে চাই।"
           412c87b6-efe6-4abc-9526-c3898748a5b2  rev 1  — ends abruptly — 20ms from full speech level to silence (natural endings measure ~80ms); and speaks 20.4 chars/sec against a 15.2 baseline
     20ms  known           1128ms  "কারণ তুমি দ্রুত শিখতে চাও।"
           4636aa17-fb56-41cf-aefc-ade83ff30594  rev 1  — ends abruptly — 20ms from full speech level to silence (natural endings measure ~80ms); and speaks 26.1 chars/sec against a 15.2 baseline
     15ms  known           2040ms  "কেন তুমি পরে ফিরে আসতে চাও?"
           47f3de0a-493c-45b8-8f59-91b513c71547  rev 1  — ends abruptly — 15ms from full speech level to silence (natural endings measure ~80ms)
     20ms  known           1968ms  "আমি শীঘ্রই আরো বেশি শুরু করতে যাচ্ছি।"
           dfd2063f-393f-429d-b609-6543e2e5afe5  rev 1  — ends abruptly — 20ms from full speech level to silence (natural endings measure ~80ms); and speaks 20 chars/sec against a 15.2 baseline
     20ms  known           1608ms  "তুমি কি সবাইকে সাহায্য করতে চাও?"
           19844668-f9e2-4f4a-a391-e4d8affd9962  rev 1  — ends abruptly — 20ms from full speech level to silence (natural endings measure ~80ms); and speaks 21.7 chars/sec against a 15.2 baseline
     15ms  known           2952ms  "অনুভূতি প্রায় যাওয়ার জন্য তৈরি ভালো লাগে"
           45943fbc-09de-4b8e-9258-4d0db8e21af4  rev 1  — ends abruptly — 15ms from full speech level to silence (natural endings measure ~80ms)
     20ms  known           1464ms  "যাওয়ার আগে কিছু শিখতে চাই।"
           48a9e378-1cf1-443b-a2a7-a3e5b563c337  rev 1  — ends abruptly — 20ms from full speech level to silence (natural endings measure ~80ms); and speaks 20.1 chars/sec against a 15.2 baseline
     15ms  known           2880ms  "যাওয়ার আগে শীঘ্রই সাহায্য করতে পছন্দ করতাম।"
           4dcb9639-4936-4151-930d-564af53dbcde  rev 1  — ends abruptly — 15ms from full speech level to silence (natural endings measure ~80ms)
     20ms  known           1296ms  "কারণ আমি সাহায্য করতে চাই।"
           4e840f54-a681-4135-bdbc-6bab04f09bdd  rev 1  — ends abruptly — 20ms from full speech level to silence (natural endings measure ~80ms); and speaks 22.3 chars/sec against a 15.2 baseline
     20ms  known           1512ms  "তুমি কি আমাকে সাহায্য করতে চাও?"
           66a131bb-c24b-48cf-8be1-aacc7d589b5d  rev 1  — ends abruptly — 20ms from full speech level to silence (natural endings measure ~80ms); and speaks 22.1 chars/sec against a 15.2 baseline
     15ms  known           1896ms  "আমি প্রায় যাওয়ার জন্য তৈরি।"
           7707ef42-1bc1-47f1-97e0-4976effc16e2  rev 1  — ends abruptly — 15ms from full speech level to silence (natural endings measure ~80ms)
     15ms  known           2232ms  "এই অনুভূতি ভালো লাগে সবার সাথে।"
           9d16200a-69c0-4471-8db7-62bee022795d  rev 1  — ends abruptly — 15ms from full speech level to silence (natural endings measure ~80ms)
     15ms  known            648ms  "সাহায্য"
           a2f642d1-8d90-4dff-9145-54c5b38ee574  rev 1  — ends abruptly — 15ms from full speech level to silence (natural endings measure ~80ms)
     15ms  known            672ms  "যাওয়ার"
           b124c13f-037a-4b70-acb2-101d725a566a  rev 1  — ends abruptly — 15ms from full speech level to silence (natural endings measure ~80ms)
     20ms  known           1416ms  "আমি তোমাকে সাহায্য করতে চাই।"
           bf060805-b3b5-4264-82a5-59901711c13c  rev 1  — ends abruptly — 20ms from full speech level to silence (natural endings measure ~80ms); and speaks 21.8 chars/sec against a 15.2 baseline
     15ms  known           2064ms  "কারণ এখন থামাতে ভালো লাগে না।"
           d6841984-9a76-4417-bfd6-b3ee2da33f25  rev 1  — ends abruptly — 15ms from full speech level to silence (natural endings measure ~80ms)
     15ms  known            984ms  "অনেক বেশি"
           298031fb-7c74-431b-b6c6-487acd3d1d18  rev 1  — ends abruptly — 15ms from full speech level to silence (natural endings measure ~80ms)
     15ms  known           1992ms  "আরো ভালো ইংরেজি বলার চেষ্টা করছি"
           2f8aa8c8-7afe-4c3b-96f5-157fd1ee9cb3  rev 1  — ends abruptly — 15ms from full speech level to silence (natural endings measure ~80ms)
     20ms  known           1920ms  "যত তাড়াতাড়ি পারি দেখা করতে চাই।"
           4161d0bd-b86d-4c36-b2bc-26cb644a64e9  rev 1  — ends abruptly — 20ms from full speech level to silence (natural endings measure ~80ms); and speaks 18.4 chars/sec against a 15.2 baseline
     15ms  known           2976ms  "যত তাড়াতাড়ি পারি ইংরেজি শেখা উপকারী"
           4e532212-3790-45b2-b467-9d8f0b3891cb  rev 1  — ends abruptly — 15ms from full speech level to silence (natural endings measure ~80ms)
     15ms  known           1536ms  "উত্তর দিতে চেয়েছিলাম।"
           74581b66-d146-4aec-90c3-624db44b6f96  rev 1  — ends abruptly — 15ms from full speech level to silence (natural endings measure ~80ms)
     15ms  known           1824ms  "দ্রুত উত্তর দিতে পছন্দ করি।"
           88854e7e-f1be-4e2a-b9e8-19b95bccef12  rev 1  — ends abruptly — 15ms from full speech level to silence (natural endings measure ~80ms)
     15ms  known           1680ms  "আরো ভালো শেখা উপকারী"
           892c9253-2cbb-485b-b77b-e9b0d43c4d6f  rev 1  — ends abruptly — 15ms from full speech level to silence (natural endings measure ~80ms)
     15ms  known           2592ms  "যত তাড়াতাড়ি সম্ভব ইংরেজি বলা উপকারী"
           a1283e5a-3642-4577-9cf1-17bf6d1e25dc  rev 1  — ends abruptly — 15ms from full speech level to silence (natural endings measure ~80ms)
     20ms  known           1464ms  "যাওয়ার আগে উত্তর দিতে চাই।"
           a5974c5b-7d14-4eea-8318-6e6e55fa11b2  rev 1  — ends abruptly — 20ms from full speech level to silence (natural endings measure ~80ms); and speaks 20 chars/sec against a 15.2 baseline
     15ms  known           2400ms  "যত তাড়াতাড়ি সম্ভব ইংরেজি শেখা উপকারী।"
           b0c2cb2b-ad87-47c9-8070-46834d512034  rev 1  — ends abruptly — 15ms from full speech level to silence (natural endings measure ~80ms)
     15ms  known           1656ms  "কথা বলতে থাকা উপকারী"
           b62f96ff-ecc0-447b-a76d-d87978e033dd  rev 1  — ends abruptly — 15ms from full speech level to silence (natural endings measure ~80ms)
     15ms  known            638ms  "যত"
           e322e0d9-591c-43b5-8df8-ca64bc0f5674  rev 1  — ends abruptly — 15ms from full speech level to silence (natural endings measure ~80ms)
     15ms  known           2736ms  "অনেক বেশি সময় নেওয়া ভালো লাগে না কারণ।"
           f784a8f2-bd93-4c10-999e-88d323e9ed89  rev 1  — ends abruptly — 15ms from full speech level to silence (natural endings measure ~80ms)
     20ms  known           1896ms  "আরো ভালো কথা বলার জন্য অপেক্ষায় আছি"
           f99f2d22-6e30-4f86-a2ea-467896768fff  rev 1  — ends abruptly — 20ms from full speech level to silence (natural endings measure ~80ms); and speaks 20.3 chars/sec against a 15.2 baseline
     15ms  known           1944ms  "আমি ইংরেজি শিখতে চেয়েছিলাম।"
           fb87a182-972f-41f6-a96c-8f86355a12b3  rev 1  — ends abruptly — 15ms from full speech level to silence (natural endings measure ~80ms)
     20ms  known           1200ms  "তোমাকে কিছু দেখাতে চাই।"
           283badf9-2ec4-4402-b532-f94d45f6bc28  rev 1  — ends abruptly — 20ms from full speech level to silence (natural endings measure ~80ms); and speaks 21.2 chars/sec against a 15.2 baseline
     20ms  known            960ms  "কিছু জিজ্ঞেস করতে চাই।"
           6c48f4dd-28d5-44aa-9178-68772f097f6a  rev 1  — ends abruptly — 20ms from full speech level to silence (natural endings measure ~80ms); and speaks 26.5 chars/sec against a 15.2 baseline
     15ms  known           1512ms  "কতদিন ধরে ইংরেজি"
           6dc43a93-3cb0-423e-bd87-4ed7451caee0  rev 1  — ends abruptly — 15ms from full speech level to silence (natural endings measure ~80ms)
     15ms  known           2232ms  "তুমি গতকাল উত্তর দিতে চেয়েছিলে।"
           86556941-8735-4f04-ae21-7a77e8810f4b  rev 1  — ends abruptly — 15ms from full speech level to silence (natural endings measure ~80ms)
     20ms  known           1488ms  "যত তাড়াতাড়ি পারি দেখাতে চাই।"
           b4f25cb2-815b-4398-aec0-268779247f0e  rev 1  — ends abruptly — 20ms from full speech level to silence (natural endings measure ~80ms); and speaks 22.1 chars/sec against a 15.2 baseline
     15ms  known           1848ms  "আজ রাতে দেখাতে চেয়েছিলাম"
           d0a83bb7-2331-449f-9cd6-cb9f60062276  rev 1  — ends abruptly — 15ms from full speech level to silence (natural endings measure ~80ms)
     15ms  known           2136ms  "তুমি আজ রাতে দেখা করতে চেয়েছিলে"
           d14f68a1-ac0f-418d-99ab-217d34150ffc  rev 1  — ends abruptly — 15ms from full speech level to silence (natural endings measure ~80ms)
     15ms  known           2640ms  "গতকাল সবার সাথে দেখা করতে চেয়েছিলাম।"
           d2e53cfe-ac7b-4209-b6d6-531feab7f013  rev 1  — ends abruptly — 15ms from full speech level to silence (natural endings measure ~80ms)
     20ms  known           2040ms  "তুমি আজ রাতে ইংরেজি বলতে চেয়েছিলে।"
           d6233cee-1cb1-4b78-9892-5716ed57b344  rev 1  — ends abruptly — 20ms from full speech level to silence (natural endings measure ~80ms); and speaks 18.4 chars/sec against a 15.2 baseline
     15ms  known           2232ms  "গতকাল ইংরেজি বলতে চেয়েছিলাম"
           e2d40465-97b6-406b-82d5-5e9a09f39fd3  rev 1  — ends abruptly — 15ms from full speech level to silence (natural endings measure ~80ms)
     15ms  known           2496ms  "আমি গতকাল ইংরেজি শিখতে চেয়েছিলাম।"
           ea5f4ca1-84d9-4e51-99c4-9c5e76a736ce  rev 1  — ends abruptly — 15ms from full speech level to silence (natural endings measure ~80ms)
     20ms  known           1872ms  "তুমি আমার সাথে কথা বলতে চেয়েছিলে।"
           ef271dcd-4244-4f0e-ad9f-838e35c77976  rev 1  — ends abruptly — 20ms from full speech level to silence (natural endings measure ~80ms); and speaks 19.6 chars/sec against a 15.2 baseline
     15ms  known           2520ms  "গতকাল শেখার চেষ্টা করতে চেয়েছিলাম।"
           ff2a67aa-4997-42a7-82ed-b512cc98ec93  rev 1  — ends abruptly — 15ms from full speech level to silence (natural endings measure ~80ms)
     20ms  known           1368ms  "আজ বিকেলে কিছু শিখতে চাই"
           005a2c9c-59d8-41b8-90cd-999df228a59b  rev 1  — ends abruptly — 20ms from full speech level to silence (natural endings measure ~80ms); and speaks 19.3 chars/sec against a 15.2 baseline
     20ms  known            864ms  "আমি পড়তে চাই।"
           1c6d1391-e41e-4196-9bf6-5516556acb11  rev 1  — ends abruptly — 20ms from full speech level to silence (natural endings measure ~80ms); and speaks 19.2 chars/sec against a 15.2 baseline
     15ms  known           1296ms  "বাধা দিতে চাই না"
           40d998a8-b90b-420c-ae8a-cf70c4f0c0d9  rev 1  — ends abruptly — 15ms from full speech level to silence (natural endings measure ~80ms)
     20ms  known           1152ms  "যেকোনো কিছু শিখতে চাই"
           9cae8b6c-c817-4684-ba10-b91ae0ae96d4  rev 1  — ends abruptly — 20ms from full speech level to silence (natural endings measure ~80ms); and speaks 20.3 chars/sec against a 15.2 baseline
     20ms  known            996ms  "তুমি কি পড়তে চাও?"
           a636180f-3611-4c30-b1c9-884e02d8051a  rev 1  — ends abruptly — 20ms from full speech level to silence (natural endings measure ~80ms); and speaks 20.5 chars/sec against a 15.2 baseline
     15ms  known           2592ms  "অন্য মানুষ থাকলে চুপ থাকতে ভালো লাগে না।"
           d6fdd3ad-30e6-4ab0-86c0-aafd331f387a  rev 1  — ends abruptly — 15ms from full speech level to silence (natural endings measure ~80ms)
     15ms  known           1704ms  "কারণ ভাবতে ভালো লাগে না।"
           06d99a26-f41c-4fdf-9165-659f250e27da  rev 1  — ends abruptly — 15ms from full speech level to silence (natural endings measure ~80ms)
     15ms  known           1152ms  "অনুভব করছ"
           2c5d36d2-dd0b-4604-82d8-c5403f0e7d73  rev 1  — ends abruptly — 15ms from full speech level to silence (natural endings measure ~80ms)
     20ms  known           2160ms  "আজ বিকেলে ব্যাপারটা সাবধানে ভাবতে চাই।"
           44ec7dcd-5eed-4247-8c1e-82cf66370005  rev 1  — ends abruptly — 20ms from full speech level to silence (natural endings measure ~80ms); and speaks 18.6 chars/sec against a 15.2 baseline
     15ms  known           2184ms  "আজ সকালে শিখতে শুরু করেছিলাম।"
           82feb428-077c-41ee-9e5a-ff96e5cc4086  rev 1  — ends abruptly — 15ms from full speech level to silence (natural endings measure ~80ms)
     20ms  known           1896ms  "তুমি একটু ক্লান্ত কেমন অনুভব করছ?"
           8306540a-e648-4477-b5a7-05f1a4075239  rev 1  — ends abruptly — 20ms from full speech level to silence (natural endings measure ~80ms); and speaks 18.5 chars/sec against a 15.2 baseline
     15ms  target1         1440ms  "how do you feel tired"
           8fee6315-b35e-4f07-a906-5d333cef187c  rev 1  — ends abruptly — 15ms from full speech level to silence (natural endings measure ~80ms)
     15ms  known           2208ms  "আমি ইংরেজি বলতে শুরু করেছিলাম।"
           a8058d6b-cd04-43fd-9978-c431610286b5  rev 1  — ends abruptly — 15ms from full speech level to silence (natural endings measure ~80ms)
     15ms  known           2736ms  "প্রায় এক সপ্তাহ ধরে কতদিন ধরে শিখছি।"
           ad656c5d-a262-403e-a440-fd2fe3e388fb  rev 1  — ends abruptly — 15ms from full speech level to silence (natural endings measure ~80ms)
     15ms  known           2424ms  "প্রায় এক সপ্তাহ ধরে তোমার সাথে শিখছি।"
           c42ce6e6-35c7-4dd9-976c-71c6f973eaef  rev 1  — ends abruptly — 15ms from full speech level to silence (natural endings measure ~80ms)
     15ms  known            960ms  "একটু ক্লান্ত"
           dece703a-d75f-45cb-a3ec-a2f87e1a50da  rev 1  — ends abruptly — 15ms from full speech level to silence (natural endings measure ~80ms)
     20ms  known           1872ms  "আমি কাল ব্যাপারটা সাবধানে ভাবতে চাই।"
           fd12954b-f0ec-4baf-83fc-1520e8f3a206  rev 1  — ends abruptly — 20ms from full speech level to silence (natural endings measure ~80ms); and speaks 20.5 chars/sec against a 15.2 baseline
     15ms  known           2784ms  "আমি ঠিকঠাক অনুভব করতে শুরু করছিলাম"
           0a2eceff-7286-400c-9707-cd02a1b2a996  rev 1  — ends abruptly — 15ms from full speech level to silence (natural endings measure ~80ms)
     20ms  known           1632ms  "আমি শেখার কথা নিয়ে ভাবতে চাই"
           3118d6ee-b573-468f-aec7-a0886e8145dc  rev 1  — ends abruptly — 20ms from full speech level to silence (natural endings measure ~80ms); and speaks 19.2 chars/sec against a 15.2 baseline
     20ms  known           1008ms  "এর চেয়ে ক্লান্ত"
           39ec2544-3009-45f0-8b89-3bad50cc56a0  rev 1  — ends abruptly — 20ms from full speech level to silence (natural endings measure ~80ms); and speaks 18.3 chars/sec against a 15.2 baseline
     20ms  known           1104ms  "আমি শেখা শুরু করছি"
           402ddc1b-8c0b-42f6-a8d9-0ddf1c8811a8  rev 1  — ends abruptly — 20ms from full speech level to silence (natural endings measure ~80ms); and speaks 18.5 chars/sec against a 15.2 baseline
     15ms  known           1464ms  "গতকাল রাতে ভালো"
           573f0e2d-7431-4954-ba72-c31ca4ba92a4  rev 1  — ends abruptly — 15ms from full speech level to silence (natural endings measure ~80ms)
     15ms  known           1848ms  "ভালো অনুভব করতে শুরু করছি"
           67e8f234-08f9-454e-aea9-8980afc3edeb  rev 1  — ends abruptly — 15ms from full speech level to silence (natural endings measure ~80ms)
     15ms  known           1560ms  "শেখা শুরু করছিলাম"
           75eb1281-8e76-41a8-883d-d981db1e32cb  rev 1  — ends abruptly — 15ms from full speech level to silence (natural endings measure ~80ms)
     15ms  known           1512ms  "আমি ইংরেজি বলা শুরু করছি"
           f034cab0-09de-4125-80bc-55529381e056  rev 1  — ends abruptly — 15ms from full speech level to silence (natural endings measure ~80ms)
     20ms  known            552ms  "মুহূর্তে"
           f7b71ec4-e3c8-412c-8801-7bec9319a1a4  rev 1  — ends abruptly — 20ms from full speech level to silence (natural endings measure ~80ms); and speaks 18.4 chars/sec against a 15.2 baseline
     15ms  known           2232ms  "আমার সব কিছু মনে রাখার দরকার নেই"
           409d0f33-a07c-4e43-9464-f07fa82e91fb  rev 1  — ends abruptly — 15ms from full speech level to silence (natural endings measure ~80ms)
     20ms  known           1464ms  "তুমি কি ভুল করা নিয়ে চিন্তা করো?"
           55a740ed-7369-4638-9b64-e4ae473c1de9  rev 1  — ends abruptly — 20ms from full speech level to silence (natural endings measure ~80ms); and speaks 24.5 chars/sec against a 15.2 baseline
     15ms  known           1608ms  "বা উন্নতি করতে হবে"
           593185bf-4a7f-4e7c-8bbd-e70cb5d326bf  rev 1  — ends abruptly — 15ms from full speech level to silence (natural endings measure ~80ms)
     15ms  known           1536ms  "তুমি কি সব কিছু জানতে চাও?"
           5c5d67a8-231a-4fc8-80f9-1ed1675f80bb  rev 1  — ends abruptly — 15ms from full speech level to silence (natural endings measure ~80ms)
     15ms  known           2352ms  "আমার এখনই শুরু করার দরকার নেই"
           604921a3-10df-4cec-aef4-5e77f6aed394  rev 1  — ends abruptly — 15ms from full speech level to silence (natural endings measure ~80ms)
     15ms  known           2256ms  "বা আমার উন্নতি করতে হবে কিনা"
           6fa7243d-c3e7-443c-90c6-349cf3463b3a  rev 1  — ends abruptly — 15ms from full speech level to silence (natural endings measure ~80ms)
     15ms  known           2136ms  "আমার সব কিছু জানার দরকার নেই"
           b00855cf-e36a-41d7-966e-a95d388b4650  rev 1  — ends abruptly — 15ms from full speech level to silence (natural endings measure ~80ms)
     15ms  known           2208ms  "তোমার সব কিছু শেখার দরকার নেই"
           b4c79a97-1499-4f67-beeb-4700f3fa9dc0  rev 1  — ends abruptly — 15ms from full speech level to silence (natural endings measure ~80ms)
     20ms  known           1416ms  "সব কিছু নিয়ে চিন্তা করা"
           bd9c674b-2f64-45f4-9227-a2a12e95b285  rev 1  — ends abruptly — 20ms from full speech level to silence (natural endings measure ~80ms); and speaks 18.7 chars/sec against a 15.2 baseline
     20ms  known           1536ms  "আমি ইংরেজি উন্নতি করতে চাই"
           c0226a41-50df-42ef-9c21-c3be80c31b1a  rev 1  — ends abruptly — 20ms from full speech level to silence (natural endings measure ~80ms); and speaks 18.6 chars/sec against a 15.2 baseline
     15ms  known           2112ms  "বা ইংরেজি উন্নতি করতে হবে"
           c42f82e8-4dea-4f70-9f5b-adada095fb68  rev 1  — ends abruptly — 15ms from full speech level to silence (natural endings measure ~80ms)
     15ms  known           1560ms  "বা অভ্যাস করতে হবে"
           fd07af4f-3f49-4a41-a5db-2d4ad44f8d76  rev 1  — ends abruptly — 15ms from full speech level to silence (natural endings measure ~80ms)
     15ms  known           2520ms  "এটা একটা ভালো জিনিস উন্নতি করতে"
           1b0c8394-adc9-4fb0-8920-19fc2465bc52  rev 1  — ends abruptly — 15ms from full speech level to silence (natural endings measure ~80ms)
     15ms  known            720ms  "সম্ভব"
           af739e70-d9c3-42d4-91c0-ec866b87f77d  rev 1  — ends abruptly — 15ms from full speech level to silence (natural endings measure ~80ms)
     15ms  known           2760ms  "আমি মনে করি যে আমার উন্নতি করতে হবে"
           c9644a85-4dc7-4c06-b932-b9aa87c9c81d  rev 1  — ends abruptly — 15ms from full speech level to silence (natural endings measure ~80ms)
     20ms  known           1560ms  "আমি ভুল করতে চেষ্টা করছি না"
           f15c5906-38a0-422e-be13-f7e87168c20c  rev 1  — ends abruptly — 20ms from full speech level to silence (natural endings measure ~80ms); and speaks 18.8 chars/sec against a 15.2 baseline
     20ms  known           4440ms  "যত তাড়াতাড়ি সম্ভব আরো ভালো কথা বলার জন্য আমি অপেক্ষ
           22151f72-617c-449d-9826-3c3edababa09  rev 1  — ends abruptly — 20ms from full speech level to silence (natural endings measure ~80ms)
     25ms  known           2040ms  "আমরা আজ সন্ধ্যায় ছয়টায় দেখা করতে চাই।"
           29cf941b-ee1b-49c1-b9ff-c5f3df1541c2  rev 1  — ends abruptly — 25ms from full speech level to silence (natural endings measure ~80ms); and speaks 21.1 chars/sec against a 15.2 baseline
     25ms  known            456ms  "চেষ্টা করছি"
           32a367ad-80c0-4375-809e-261c6ae580fa  rev 1  — ends abruptly — 25ms from full speech level to silence (natural endings measure ~80ms); and speaks 33.3 chars/sec against a 15.2 baseline
     20ms  known           4584ms  "আমি ঠিকঠাক অনুভব করছি, কিন্তু আমি ক্লান্ত অনুভব করতে 
           8d4ee97c-c91b-464c-88d1-b592b2b685ee  rev 1  — ends abruptly — 20ms from full speech level to silence (natural endings measure ~80ms)
     20ms  known           2592ms  "আমাকে যাওয়ার আগে তুমি কি আমাকে সাহায্য করবে?"
           9e54cdff-f309-4fa3-a629-503e744e3d4b  rev 1  — ends abruptly — 20ms from full speech level to silence (natural endings measure ~80ms)
     20ms  known           2376ms  "ভুল করা নিয়ে আমার কোনো পরোয়া নেই।"
           d4e204e4-6f1e-4456-8737-01030f2b7a77  rev 1  — ends abruptly — 20ms from full speech level to silence (natural endings measure ~80ms)
     20ms  known            744ms  "কথা বলতে"
           fc7e606f-1108-4f6d-827c-3a41ee2881aa  rev 1  — ends abruptly — 20ms from full speech level to silence (natural endings measure ~80ms)
     20ms  known            696ms  "তোমার সাথে"
           fe2c37ef-102d-47eb-bfff-d7894f43ab67  rev 1  — ends abruptly — 20ms from full speech level to silence (natural endings measure ~80ms)
     20ms  known            864ms  "কথা বলতে থাকা"
           2acdfdce-2429-426f-9d5a-d65a449cf10b  rev 1  — ends abruptly — 20ms from full speech level to silence (natural endings measure ~80ms)
     20ms  known            672ms  "তুমি শিখছ"
           5d4cf08b-fa48-4505-a595-1c44597a3a7c  rev 1  — ends abruptly — 20ms from full speech level to silence (natural endings measure ~80ms)
     20ms  presentation    2568ms  "ইংরেজিে — 'তুমি শিখছ' — যেমন — '' — হয়:"
           76247ae8-c3f1-4d8e-85c9-902c23b9f64b  rev 1  — ends abruptly — 20ms from full speech level to silence (natural endings measure ~80ms)
     20ms  known            960ms  "সবার সাথে"
           be1f170a-7780-4b3d-96ea-16a09ea1f8e9  rev 1  — ends abruptly — 20ms from full speech level to silence (natural endings measure ~80ms)
     25ms  known            504ms  "সে চায়"
           c5364fe6-8149-480e-8b32-29c94ce85b49  rev 1  — ends abruptly — 25ms from full speech level to silence (natural endings measure ~80ms); and speaks 21.2 chars/sec against a 15.2 baseline
     20ms  presentation    2544ms  "ইংরেজিে — 'অনুভব করা' — যেমন — '' — হয়:"
           039538cc-c4a9-465c-900e-765a74ab18e6  rev 1  — ends abruptly — 20ms from full speech level to silence (natural endings measure ~80ms)
     20ms  presentation    2400ms  "ইংরেজিে — 'জিজ্ঞেস করা' — যেমন — '' — হয়:"
           31158cf7-786a-46e9-a7ec-a3bf6c9675c3  rev 1  — ends abruptly — 20ms from full speech level to silence (natural endings measure ~80ms)
     20ms  presentation    5328ms  "ইংরেজিে — 'একটা ভালো জিনিস' — যেমন — 'কারণ আমি মনে কর
           04c24bf9-db15-4d23-a4e1-b6d60a70ccf7  rev 1  — ends abruptly — 20ms from full speech level to silence (natural endings measure ~80ms)
     20ms  known           2232ms  "যতটা সম্ভব ঘন ঘন শিখতে চাই।"
           20050bc5-795c-4570-83a9-27b53d0ced37  rev 1  — ends abruptly — 20ms from full speech level to silence (natural endings measure ~80ms)
     20ms  known           2928ms  "তোমার সাথে যতটা সম্ভব ঘন ঘন কথা বলতে চাই।"
           2afe74c4-72a9-48a5-88f0-32266deadb36  rev 1  — ends abruptly — 20ms from full speech level to silence (natural endings measure ~80ms)
     20ms  known           1464ms  "আমি ইংরেজি কথা বলতে চাই।"
           67ebf4f9-2f49-4391-870e-2612e7ba13a7  rev 1  — ends abruptly — 20ms from full speech level to silence (natural endings measure ~80ms)
     20ms  presentation    3888ms  "ইংরেজিে — 'যদি তুমি জানো আমি কী বলছি' — যেমন — '' — হ
           8b34eb59-0be9-4beb-a234-a3fc4531b07c  rev 1  — ends abruptly — 20ms from full speech level to silence (natural endings measure ~80ms)
     25ms  known           1488ms  "তোমার সাথে কিছু বলতে চাই।"
           29d28f1e-9c1f-460f-9420-6a51824a7874  rev 1  — ends abruptly — 25ms from full speech level to silence (natural endings measure ~80ms); and speaks 18.5 chars/sec against a 15.2 baseline
     25ms  known           1632ms  "ইংরেজি মনে রাখার চেষ্টা করছি"
           35f06404-f3a2-4345-a206-ad6fb95053ea  rev 1  — ends abruptly — 25ms from full speech level to silence (natural endings measure ~80ms); and speaks 18.7 chars/sec against a 15.2 baseline
     25ms  known            696ms  "কথা বলতে যাচ্ছি"
           50e0e92b-1693-4015-ace9-37d6561e6dc8  rev 1  — ends abruptly — 25ms from full speech level to silence (natural endings measure ~80ms); and speaks 25.9 chars/sec against a 15.2 baseline
     25ms  known            720ms  "কিছু বলতে চাই।"
           78776c14-d61d-407f-90c9-5c05cf978993  rev 1  — ends abruptly — 25ms from full speech level to silence (natural endings measure ~80ms); and speaks 23.5 chars/sec against a 15.2 baseline
     25ms  known           1680ms  "অন্য কারো সাথে কথা বলতে যাচ্ছি।"
           912eb044-9076-45de-a468-33163f43d2b5  rev 1  — ends abruptly — 25ms from full speech level to silence (natural endings measure ~80ms); and speaks 20.1 chars/sec against a 15.2 baseline
     20ms  known           1488ms  "অভ্যাস করার চেষ্টা করছি।"
           da70cfe9-1fa1-4ca3-98c4-66ca371de34b  rev 1  — ends abruptly — 20ms from full speech level to silence (natural endings measure ~80ms)
     25ms  known            672ms  "কিছু শিখতে"
           e018c566-a0f8-4f92-b06d-e6ba5aba5674  rev 1  — ends abruptly — 25ms from full speech level to silence (natural endings measure ~80ms); and speaks 18.3 chars/sec against a 15.2 baseline
     20ms  known           2208ms  "কীভাবে ইংরেজিতে কিছু বলতে হয়?"
           e7e88b25-46f2-4606-8b61-dfc6d4310411  rev 1  — ends abruptly — 20ms from full speech level to silence (natural endings measure ~80ms)
     25ms  known            840ms  "এখন বলতে চাই।"
           fa512ab4-89fe-4294-b589-29bd47d3b403  rev 1  — ends abruptly — 25ms from full speech level to silence (natural endings measure ~80ms); and speaks 18.3 chars/sec against a 15.2 baseline
     20ms  known           1680ms  "যতটা পারি ইংরেজি শিখতে চাই।"
           0f4a7c5e-1f34-48aa-9c5b-f1c898291313  rev 1  — ends abruptly — 20ms from full speech level to silence (natural endings measure ~80ms)
     25ms  known           1512ms  "আমি একটু ইংরেজি বলতে পারি।"
           11ab4c07-070b-49d9-a88a-37284f3c2f67  rev 1  — ends abruptly — 25ms from full speech level to silence (natural endings measure ~80ms); and speaks 18.8 chars/sec against a 15.2 baseline
     20ms  known           1824ms  "আজ যতটা পারি ইংরেজি শিখতে চাই।"
           35da3c63-73e0-41ff-91d6-7bd447bb4528  rev 1  — ends abruptly — 20ms from full speech level to silence (natural endings measure ~80ms)
     20ms  known           1536ms  "কথা বলার চেষ্টা করতে চাই।"
           3f9a5ba3-4c9e-42ac-986f-c872c850cc80  rev 1  — ends abruptly — 20ms from full speech level to silence (natural endings measure ~80ms)
     25ms  known           1584ms  "তোমার সাথে ইংরেজি বলতে পারি।"
           56c49fa9-3550-4529-ae46-e09826ea2fb6  rev 1  — ends abruptly — 25ms from full speech level to silence (natural endings measure ~80ms); and speaks 19.2 chars/sec against a 15.2 baseline
     20ms  known           1776ms  "একটু ইংরেজি বলার চেষ্টা করছি।"
           73966f67-550d-4d56-a4ba-110839556f87  rev 1  — ends abruptly — 20ms from full speech level to silence (natural endings measure ~80ms)
     20ms  known           1992ms  "আমি যতটা পারি ইংরেজি বলতে চাই।"
           7e996c30-a24a-4220-8e0d-cf3b79345292  rev 1  — ends abruptly — 20ms from full speech level to silence (natural endings measure ~80ms)
     25ms  known           1392ms  "আমি আজ চেষ্টা করতে চাই।"
           8b5d23f3-c15e-4a4b-8b8e-6f97bc25315f  rev 1  — ends abruptly — 25ms from full speech level to silence (natural endings measure ~80ms); and speaks 18.3 chars/sec against a 15.2 baseline
     25ms  known            744ms  "একটু বলতে পারি"
           94f6fefc-494c-4f66-b11f-a379dec08dc8  rev 1  — ends abruptly — 25ms from full speech level to silence (natural endings measure ~80ms); and speaks 23 chars/sec against a 15.2 baseline
     20ms  known           2904ms  "নিশ্চিত না যে তোমার সাথে বলতে পারব কিনা।"
           a754e68f-e7a2-4fcb-8032-c3ea12dcc8be  rev 1  — ends abruptly — 20ms from full speech level to silence (natural endings measure ~80ms)
     25ms  known           1368ms  "কিছু বোঝানোর চেষ্টা করছি।"
           cb8dfcf8-a3f8-4870-adce-fe687bd95346  rev 1  — ends abruptly — 25ms from full speech level to silence (natural endings measure ~80ms); and speaks 20.2 chars/sec against a 15.2 baseline
     25ms  known           1680ms  "ইংরেজিতে বোঝানোর চেষ্টা করছি।"
           d11eff63-16f0-4215-be2c-ad05ffaae0a3  rev 1  — ends abruptly — 25ms from full speech level to silence (natural endings measure ~80ms); and speaks 18.5 chars/sec against a 15.2 baseline
     20ms  known           1608ms  "আমি এখন ইংরেজি বলতে পারি।"
           dd970b78-3d8b-4b47-ab3c-4becf77b5617  rev 1  — ends abruptly — 20ms from full speech level to silence (natural endings measure ~80ms)
     25ms  known           1680ms  "তোমার সাথে একটু কথা বলতে চাই।"
           df59dee7-ad13-4c9a-b020-cf535cb4d6f8  rev 1  — ends abruptly — 25ms from full speech level to silence (natural endings measure ~80ms); and speaks 18.8 chars/sec against a 15.2 baseline
     25ms  known           1872ms  "তোমার কাছে মনে রাখার চেষ্টা করছি।"
           10052f5d-8b49-4e94-bcc4-e472584e97af  rev 1  — ends abruptly — 25ms from full speech level to silence (natural endings measure ~80ms); and speaks 19 chars/sec against a 15.2 baseline
     20ms  known           1824ms  "আজ চেষ্টা করতে পছন্দ করতাম।"
           133c214f-4081-402c-8068-434640b86271  rev 1  — ends abruptly — 20ms from full speech level to silence (natural endings measure ~80ms)
     20ms  known            600ms  "বাক্যটা"
           187489af-f550-4773-90bb-0c0a62949619  rev 1  — ends abruptly — 20ms from full speech level to silence (natural endings measure ~80ms)
     25ms  known           1080ms  "ইংরেজিতে বলতে পারা"
           262ccc5c-8b8c-4e00-8730-21ad980db5bc  rev 1  — ends abruptly — 25ms from full speech level to silence (natural endings measure ~80ms); and speaks 18.9 chars/sec against a 15.2 baseline
     20ms  known           1608ms  "আমি কথা বলতে পছন্দ করতাম।"
           311ad0d5-f20b-4ef4-a7f4-d8060236344b  rev 1  — ends abruptly — 20ms from full speech level to silence (natural endings measure ~80ms)
     20ms  known           2280ms  "কাল তোমার সাথে কথা বলতে পছন্দ করতাম।"
           3c25ebe1-e3b0-4e0d-bdbc-a080f44cf85e  rev 1  — ends abruptly — 20ms from full speech level to silence (natural endings measure ~80ms)
     20ms  known           1992ms  "আজ মনে রাখার চেষ্টা করতে যাচ্ছি।"
           419d021c-4251-4d0d-9fb8-6bcce5f8b190  rev 1  — ends abruptly — 20ms from full speech level to silence (natural endings measure ~80ms)
     25ms  known           1032ms  "কাল ইংরেজি অভ্যাস করা"
           53bb3884-5762-4bbe-ab33-afe13d55f8af  rev 1  — ends abruptly — 25ms from full speech level to silence (natural endings measure ~80ms); and speaks 23 chars/sec against a 15.2 baseline
     20ms  known           1872ms  "আমি বলতে পারতে পছন্দ করতাম।"
           a116c91a-8f34-49d9-847f-a7dc8a9aa912  rev 1  — ends abruptly — 20ms from full speech level to silence (natural endings measure ~80ms)
     25ms  known            792ms  "এখন বলতে পারা"
           b4bd8f5a-b853-40d3-ba0b-faace4a81ce2  rev 1  — ends abruptly — 25ms from full speech level to silence (natural endings measure ~80ms); and speaks 19.4 chars/sec against a 15.2 baseline
     20ms  known           1728ms  "কিছু অনুমান করার চেষ্টা করছি।"
           bf150446-54da-4f64-81e6-7be0c02f30fb  rev 1  — ends abruptly — 20ms from full speech level to silence (natural endings measure ~80ms)
     20ms  known           2016ms  "তোমার সাথে কথা বলতে পছন্দ করতাম"
           d636e228-f86e-494f-8389-c3c0cbdf4113  rev 1  — ends abruptly — 20ms from full speech level to silence (natural endings measure ~80ms)
     20ms  known           1968ms  "আমি অনুমান করতে চাইতাম না।"
           dbddc2b2-de29-4311-9351-fe1a8c310a47  rev 1  — ends abruptly — 20ms from full speech level to silence (natural endings measure ~80ms)
     20ms  known           1080ms  "তুমি ভালো বলো"
           0c0387a8-8d82-47ba-80e8-2250f4a34aa1  rev 1  — ends abruptly — 20ms from full speech level to silence (natural endings measure ~80ms)
     20ms  known           1344ms  "তুমি ইংরেজি বলতে"
           13f64ab7-25ac-443b-8f91-260fd4d0c989  rev 1  — ends abruptly — 20ms from full speech level to silence (natural endings measure ~80ms)
     20ms  target2         1272ms  "do you speak all day?"
           1d86be82-59f3-48fd-92f2-277f6f2574e6  rev 1  — ends abruptly — 20ms from full speech level to silence (natural endings measure ~80ms)
     20ms  known           2808ms  "তোমার সাথে খুব ভালো ইংরেজি বলতে পছন্দ করতাম।"
           29849537-01f7-439f-8a6a-5ae59f684913  rev 1  — ends abruptly — 20ms from full speech level to silence (natural endings measure ~80ms)
     20ms  known           1488ms  "কী হবে বলতে পছন্দ করতাম।"
           2a8fc486-e5be-494c-aeb6-8b4be91154d6  rev 1  — ends abruptly — 20ms from full speech level to silence (natural endings measure ~80ms)
     20ms  known           1392ms  "কী হবে তা নিশ্চিত না।"
           32073701-8f04-4026-8a1e-8dd9422d3961  rev 1  — ends abruptly — 20ms from full speech level to silence (natural endings measure ~80ms)
     20ms  known           2184ms  "খুব ভালো ইংরেজি বলতে পছন্দ করতাম"
           5535df80-4297-4283-a8e7-9f9486368625  rev 1  — ends abruptly — 20ms from full speech level to silence (natural endings measure ~80ms)
     25ms  known           1104ms  "আর আমি চেষ্টা করতে চাই।"
           6d0b179b-f8dc-4434-ad96-869540cb3837  rev 1  — ends abruptly — 25ms from full speech level to silence (natural endings measure ~80ms); and speaks 23.5 chars/sec against a 15.2 baseline
     20ms  known           2256ms  "আর সারাদিন ইংরেজি শেখার চেষ্টা করছি।"
           6e41e630-52fe-49b8-8350-04367761ca37  rev 1  — ends abruptly — 20ms from full speech level to silence (natural endings measure ~80ms)
     20ms  known           2448ms  "তুমি কি আমার সাথে এখন ইংরেজি বলতে চাও?"
           8c5b6636-ded6-42d7-9f44-ead87a8e40db  rev 1  — ends abruptly — 20ms from full speech level to silence (natural endings measure ~80ms)
     20ms  known           2160ms  "খুব ভালো কথা বলা শেখার চেষ্টা করছি"
           a1f490de-0cd8-486b-8127-24f2f7345241  rev 1  — ends abruptly — 20ms from full speech level to silence (natural endings measure ~80ms)
     20ms  known           1272ms  "তুমি ইংরেজি বলো।"
           af712d5d-9464-4a33-a009-66930d547509  rev 1  — ends abruptly — 20ms from full speech level to silence (natural endings measure ~80ms)
     20ms  known           1560ms  "আমার সাথে ইংরেজি বলতে"
           e68cdf78-db98-442c-9b9b-29183d7e1809  rev 1  — ends abruptly — 20ms from full speech level to silence (natural endings measure ~80ms)
     20ms  known           2448ms  "আর কাল কথা বলার অভ্যাস করতে যাচ্ছি।"
           f8ad0f05-7973-4b39-a95e-22bc6a99e14a  rev 1  — ends abruptly — 20ms from full speech level to silence (natural endings measure ~80ms)
     20ms  known           2280ms  "সে কাল ইংরেজি অভ্যাস করতে চায়।"
           00a70066-cc34-4079-86a5-a3dd8b345a47  rev 1  — ends abruptly — 20ms from full speech level to silence (natural endings measure ~80ms)
     20ms  known           1416ms  "সে আজ ফিরে আসতে চায়।"
           05dba122-fb2b-4624-bd63-41133576b325  rev 1  — ends abruptly — 20ms from full speech level to silence (natural endings measure ~80ms)
     20ms  known           1680ms  "উত্তরটা কী বলতে পছন্দ করতাম।"
           09870018-f4c1-4622-ae1b-8ef5f0eac10a  rev 1  — ends abruptly — 20ms from full speech level to silence (natural endings measure ~80ms)
     20ms  known           1800ms  "আমরা সবার সাথে কথা বলতে চাই।"
           1f31f34a-9bd7-40b2-a894-40477c5da0d2  rev 1  — ends abruptly — 20ms from full speech level to silence (natural endings measure ~80ms)
     25ms  known           1104ms  "এই সন্ধ্যায় দেখা করতে"
           378c9faf-d3e7-41af-a5dc-cd9b6df200d1  rev 1  — ends abruptly — 25ms from full speech level to silence (natural endings measure ~80ms); and speaks 22.6 chars/sec against a 15.2 baseline
     20ms  known           2232ms  "সবার সাথে অভ্যাস করতে পছন্দ করতাম।"
           65c5670a-74b7-4d74-9841-fb2e6b3b2ce0  rev 1  — ends abruptly — 20ms from full speech level to silence (natural endings measure ~80ms)
     25ms  known           1392ms  "তোমার সাথে ফিরে আসতে চাই।"
           74766549-883c-42f6-9427-e91e5698cf5a  rev 1  — ends abruptly — 25ms from full speech level to silence (natural endings measure ~80ms); and speaks 19.8 chars/sec against a 15.2 baseline
     20ms  known           2088ms  "সে পরে সবার সাথে ইংরেজি বলতে চায়।"
           7906d051-4cc2-4589-8c80-c78df18dd946  rev 1  — ends abruptly — 20ms from full speech level to silence (natural endings measure ~80ms)
     20ms  known           2616ms  "পরে তোমার সাথে ইংরেজি শিখতে পছন্দ করতাম"
           8308ceea-5029-467f-be98-27ab82ca07f5  rev 1  — ends abruptly — 20ms from full speech level to silence (natural endings measure ~80ms)
     20ms  known           1104ms  "আজ দেখা করতে চাই।"
           99038cda-1e4c-4aa2-9215-ede08e5b9616  rev 1  — ends abruptly — 20ms from full speech level to silence (natural endings measure ~80ms)
     20ms  known           1608ms  "সে আজ চেষ্টা করতে চায়।"
           a3d03faf-c0a0-4038-ae61-49f6b2bab183  rev 1  — ends abruptly — 20ms from full speech level to silence (natural endings measure ~80ms)
     20ms  known           1344ms  "উত্তরটা কী নিশ্চিত না"
           a49b2904-7e03-4556-81b3-c27e9acd0140  rev 1  — ends abruptly — 20ms from full speech level to silence (natural endings measure ~80ms)
     25ms  known           1296ms  "আমরা কাল ফিরে আসতে চাই"
           b870469e-cfd0-470e-88eb-f01c6f21bbc6  rev 1  — ends abruptly — 25ms from full speech level to silence (natural endings measure ~80ms); and speaks 18.7 chars/sec against a 15.2 baseline
     20ms  known           1968ms  "সে সবার সাথে ইংরেজি শিখতে চায়।"
           c8354b9c-3600-4da1-9315-3c7dc262b118  rev 1  — ends abruptly — 20ms from full speech level to silence (natural endings measure ~80ms)
     25ms  known           1008ms  "কাল ফিরে আসতে চাই।"
           d05cdb13-cb13-4b2b-889b-6848730c5929  rev 1  — ends abruptly — 25ms from full speech level to silence (natural endings measure ~80ms); and speaks 20.5 chars/sec against a 15.2 baseline
     20ms  known            552ms  "জানতে"
           d8698816-31bd-4857-a6e6-8ef638272586  rev 1  — ends abruptly — 20ms from full speech level to silence (natural endings measure ~80ms)
     20ms  known           1560ms  "কাল দেখা করতে পছন্দ করতাম।"
           ebeabaa2-63f1-48e7-9830-13b8c72ef980  rev 1  — ends abruptly — 20ms from full speech level to silence (natural endings measure ~80ms)
     25ms  known           1512ms  "তুমি কি তার নাম জানতে চাও?"
           45265aa1-60e1-4b85-8c39-03d8813f207b  rev 1  — ends abruptly — 25ms from full speech level to silence (natural endings measure ~80ms); and speaks 18.7 chars/sec against a 15.2 baseline
     25ms  known           1224ms  "কিন্তু ইংরেজি শিখতে চাই"
           6e909eff-51a9-49f6-a01a-516f15d4b587  rev 1  — ends abruptly — 25ms from full speech level to silence (natural endings measure ~80ms); and speaks 20.9 chars/sec against a 15.2 baseline
     20ms  known           2328ms  "কাল ছয়টায় ইংরেজি অভ্যাস করতে চাই।"
           9162d73c-d199-4bda-b631-b9f36be3fc84  rev 1  — ends abruptly — 20ms from full speech level to silence (natural endings measure ~80ms)
     25ms  known           1344ms  "আমি ইংরেজি বলতে চাই না।"
           9b8ca68d-8b5d-410b-8624-6f9fe877ae97  rev 1  — ends abruptly — 25ms from full speech level to silence (natural endings measure ~80ms); and speaks 19 chars/sec against a 15.2 baseline
     20ms  known           2232ms  "কিন্তু আমি যতটা পারি চেষ্টা করতে চাই।"
           d0b6865d-a5e4-4786-a5ea-b669f6524a82  rev 1  — ends abruptly — 20ms from full speech level to silence (natural endings measure ~80ms)
     20ms  known           3000ms  "যারা ইংরেজিতে কথা বলে তাদের সাথে দেখা করতে"
           15b69e59-0bbb-4d88-951f-d5980947c748  rev 1  — ends abruptly — 20ms from full speech level to silence (natural endings measure ~80ms)
     20ms  known           1920ms  "শীঘ্রই দেখা করতে পছন্দ করতাম"
           21da0ac8-55cb-40c6-893b-eae31e7beadd  rev 1  — ends abruptly — 20ms from full speech level to silence (natural endings measure ~80ms)
     20ms  known           2520ms  "কেন তুমি অন্য কারো সাথে অভ্যাস করতে চাও?"
           26de7e47-abbb-4779-9bad-faa24c2d3fbf  rev 1  — ends abruptly — 20ms from full speech level to silence (natural endings measure ~80ms)
     20ms  known           3024ms  "আমি যারা ইংরেজিতে কথা বলে তাদের সাথে দেখা করতে চাই।"
           37684232-559f-4b4f-93c0-df95d6f4e26b  rev 1  — ends abruptly — 20ms from full speech level to silence (natural endings measure ~80ms)
     20ms  known           1416ms  "কথা বলতে থাকা শুরু করতে"
           5b3dac36-91e3-4f62-9ffd-e271cd80ea71  rev 1  — ends abruptly — 20ms from full speech level to silence (natural endings measure ~80ms)
     25ms  known           1008ms  "ওর নাম দ্রুত শিখতে চাই।"
           671ba172-05b4-4711-a081-e114e80c5fe8  rev 1  — ends abruptly — 25ms from full speech level to silence (natural endings measure ~80ms); and speaks 26.3 chars/sec against a 15.2 baseline
     20ms  known           2088ms  "ওর নাম দ্রুত শিখতে পছন্দ করতাম"
           6a2e7d74-c2b1-40e3-952f-c9114fdae59c  rev 1  — ends abruptly — 20ms from full speech level to silence (natural endings measure ~80ms)
     20ms  known           1344ms  "কেন তুমি এখন শিখছ?"
           6ad68d3c-1404-467f-bdbb-a96cb9168b29  rev 1  — ends abruptly — 20ms from full speech level to silence (natural endings measure ~80ms)
     20ms  known           2640ms  "কারণ যারা ইংরেজিতে কথা বলে তাদের সাথে"
           70507901-c11b-41b3-b640-2e03f8874579  rev 1  — ends abruptly — 20ms from full speech level to silence (natural endings measure ~80ms)
     20ms  known           1320ms  "তুমি কি তার নাম শিখছ?"
           779f5ae7-ab41-4bab-8417-d5ca1ce7504e  rev 1  — ends abruptly — 20ms from full speech level to silence (natural endings measure ~80ms)
     20ms  known           1392ms  "কেন তুমি ওর নাম শিখছ?"
           7c8c473e-64a6-49fd-849f-85cc0e242c2a  rev 1  — ends abruptly — 20ms from full speech level to silence (natural endings measure ~80ms)
     25ms  known           1512ms  "কথা বলতে থাকা শুরু করতে চাই।"
           7ca53fd5-7d63-4b75-944c-64e288582a6f  rev 1  — ends abruptly — 25ms from full speech level to silence (natural endings measure ~80ms); and speaks 20.2 chars/sec against a 15.2 baseline
     20ms  known           2928ms  "আমি শীঘ্রই আরো বেশি কথা বলতে থাকা শুরু করব।"
           89cb5433-29e6-4669-a010-9fb44a015955  rev 1  — ends abruptly — 20ms from full speech level to silence (natural endings measure ~80ms)
     20ms  known           1488ms  "কারণ আমি দেখা করতে চাই"
           8c512e45-59e6-44d6-a35e-0196a98dad00  rev 1  — ends abruptly — 20ms from full speech level to silence (natural endings measure ~80ms)
     20ms  known           1584ms  "কারণ আমি ইংরেজি শিখতে চাই।"
           ab23a75f-963d-4645-b744-5801d9fcebff  rev 1  — ends abruptly — 20ms from full speech level to silence (natural endings measure ~80ms)
     20ms  known           1464ms  "আরো বেশি ইংরেজি শিখতে"
           f0d45e93-3480-4a46-8cc6-09ab48bfd4f0  rev 1  — ends abruptly — 20ms from full speech level to silence (natural endings measure ~80ms)
     20ms  known           1584ms  "দ্রুত তার নাম জানতে চাও"
           f713c6fd-5370-443b-9932-0f70730e7ed1  rev 1  — ends abruptly — 20ms from full speech level to silence (natural endings measure ~80ms)
     25ms  known           1272ms  "তুমি কি সহজে শিখতে চাও?"
           f8c2ad4e-825e-4d9e-aa3a-6f0902020e22  rev 1  — ends abruptly — 25ms from full speech level to silence (natural endings measure ~80ms); and speaks 20.3 chars/sec against a 15.2 baseline
     25ms  known           1152ms  "যাওয়ার আগে দেখা করতে"
           67c47ed5-6288-4a20-b907-ff5cecf7d6ec  rev 1  — ends abruptly — 25ms from full speech level to silence (natural endings measure ~80ms); and speaks 20.4 chars/sec against a 15.2 baseline
     20ms  known           2400ms  "ইংরেজি শিখতে সাহায্য করতে পছন্দ করতাম"
           90c1df5b-e829-4038-a4ba-3cdf6dd3c8e3  rev 1  — ends abruptly — 20ms from full speech level to silence (natural endings measure ~80ms)
     20ms  known           1608ms  "আজ শুরু করতে পারব না"
           9ae1fdb8-064e-4ec0-b99a-d2d8babc69b4  rev 1  — ends abruptly — 20ms from full speech level to silence (natural endings measure ~80ms)
     20ms  known           1512ms  "যাওয়ার আগে সাহায্য করতে"
           a23fd0cb-18c6-46d7-b866-0375720757f7  rev 1  — ends abruptly — 20ms from full speech level to silence (natural endings measure ~80ms)
     20ms  known           1416ms  "সহজে ইংরেজি শিখতে চাই"
           aa92e5b0-fe4f-4c16-8de4-a7320aef408b  rev 1  — ends abruptly — 20ms from full speech level to silence (natural endings measure ~80ms)
     20ms  known           1440ms  "কারণ আমি সহজে শিখতে চাই।"
           ff5fcb96-72f8-4c37-a99c-b5666a9db9f6  rev 1  — ends abruptly — 20ms from full speech level to silence (natural endings measure ~80ms)
     20ms  known           2568ms  "আরো ভালো কথা বলার জন্য অপেক্ষায় আছি কাল।"
           045f98e6-2a49-4bf3-a801-2ddd1d5919f6  rev 1  — ends abruptly — 20ms from full speech level to silence (natural endings measure ~80ms)
     20ms  known            648ms  "সময়"
           0522a153-a0dd-4e7a-9c97-4fbd009ca3ca  rev 1  — ends abruptly — 20ms from full speech level to silence (natural endings measure ~80ms)
     25ms  known           1560ms  "যত তাড়াতাড়ি পারি শিখতে চাই।"
           0724b2d8-ea04-40da-a394-fed5ffb6075b  rev 1  — ends abruptly — 25ms from full speech level to silence (natural endings measure ~80ms); and speaks 20.4 chars/sec against a 15.2 baseline
     20ms  known           3960ms  "যত তাড়াতাড়ি পারি আরো ভালো ইংরেজি শেখার জন্য অপেক্ষা
           07633804-f90f-4af3-bef0-f639a10dcdd6  rev 1  — ends abruptly — 20ms from full speech level to silence (natural endings measure ~80ms)
     20ms  known           3648ms  "যত তাড়াতাড়ি সম্ভব আরো ভালো বলার জন্য অপেক্ষায় আছি।
           15c75cd4-a38e-4324-957d-08836e490554  rev 1  — ends abruptly — 20ms from full speech level to silence (natural endings measure ~80ms)
     20ms  known           2832ms  "যত তাড়াতাড়ি পারি শেখার জন্য অপেক্ষায় আছি।"
           1f4d4cc4-cbc4-4cb1-aeb0-63c713b9f283  rev 1  — ends abruptly — 20ms from full speech level to silence (natural endings measure ~80ms)
     20ms  known           2640ms  "এখন অনেক বেশি সময় নেওয়া ভালো লাগে না"
           3b96d176-7a8d-49fd-99d6-f48981a164e8  rev 1  — ends abruptly — 20ms from full speech level to silence (natural endings measure ~80ms)
     20ms  known           2400ms  "কারণ যত তাড়াতাড়ি পারি শুরু করা উপকারী।"
           61bde580-43fc-4bab-8b9b-d506e97746bb  rev 1  — ends abruptly — 20ms from full speech level to silence (natural endings measure ~80ms)
     20ms  known           2712ms  "সারাদিন অনেক বেশি সময় নেওয়া ভালো লাগে না।"
           784ceef6-7068-441f-a6b3-f485c15d81c4  rev 1  — ends abruptly — 20ms from full speech level to silence (natural endings measure ~80ms)
     20ms  known           1944ms  "আরো ভালো শেখা উপকারী এখন।"
           78e4792c-8c1b-4281-8695-69ee84950b11  rev 1  — ends abruptly — 20ms from full speech level to silence (natural endings measure ~80ms)
     20ms  known           1248ms  "ইংরেজি শেখা উপকারী"
           89e0454b-aae8-45f3-bfd8-05583cd2b32d  rev 1  — ends abruptly — 20ms from full speech level to silence (natural endings measure ~80ms)
     20ms  known           2832ms  "আরো ভালো ইংরেজি শেখার জন্য অপেক্ষায় আছি।"
           b3b069f1-f2e5-4835-a8e8-e31f38cf2c9e  rev 1  — ends abruptly — 20ms from full speech level to silence (natural endings measure ~80ms)
     20ms  known           2856ms  "কারণ অনেক বেশি সময় নেওয়া শুরু করতে চাই না।"
           bc53bf96-419b-4b5f-b7d2-5441904d9deb  rev 1  — ends abruptly — 20ms from full speech level to silence (natural endings measure ~80ms)
     20ms  known           3312ms  "তোমার সাথে অনেক বেশি কথা বলার জন্য অপেক্ষায় আছি।"
           e6dc1775-8a12-4a07-ba5a-bea4325c6fc7  rev 1  — ends abruptly — 20ms from full speech level to silence (natural endings measure ~80ms)
     20ms  known           2112ms  "ইংরেজি শেখার জন্য অপেক্ষায় আছি"
           f51cbdd1-3d34-4383-8b42-9a64ea16aa4c  rev 1  — ends abruptly — 20ms from full speech level to silence (natural endings measure ~80ms)
     25ms  known           1224ms  "শীঘ্রই জিজ্ঞেস করতে চাই।"
           2015cc72-c22a-43f8-bb00-577a0e0b63ae  rev 1  — ends abruptly — 25ms from full speech level to silence (natural endings measure ~80ms); and speaks 22 chars/sec against a 15.2 baseline
     20ms  known           2184ms  "তুমি সবার সাথে দেখা করতে চেয়েছিলে।"
           296aa57e-daa4-425a-be73-f2c975af79d3  rev 1  — ends abruptly — 20ms from full speech level to silence (natural endings measure ~80ms)
     20ms  known           1944ms  "আজ রাতে দেখা করতে চেয়েছিলাম"
           32b38a84-590b-4245-b3cf-cf8f62af0a4e  rev 1  — ends abruptly — 20ms from full speech level to silence (natural endings measure ~80ms)
     20ms  known           1824ms  "যাওয়ার আগে জিজ্ঞেস করতে চাই।"
           343d9779-1dfe-4b21-ad3e-a963d71e1dd3  rev 1  — ends abruptly — 20ms from full speech level to silence (natural endings measure ~80ms)
     25ms  known           1536ms  "তুমি ইংরেজি বলতে চেয়েছিলে"
           bc00cb4e-7add-49f7-a0d9-ff641e8e051a  rev 1  — ends abruptly — 25ms from full speech level to silence (natural endings measure ~80ms); and speaks 18.5 chars/sec against a 15.2 baseline
     20ms  known           2232ms  "তোমাকে কিছু জিজ্ঞেস করতে চেয়েছিলাম"
           dae54336-7dfc-4eeb-93c6-0abff62c5d99  rev 1  — ends abruptly — 20ms from full speech level to silence (natural endings measure ~80ms)
     20ms  known           2112ms  "কাল তোমাকে কিছু জিজ্ঞেস করতে চাই।"
           e5c76c29-3281-4efa-9737-cd1b8a9dc61e  rev 1  — ends abruptly — 20ms from full speech level to silence (natural endings measure ~80ms)
     20ms  known           1944ms  "আজ রাতে শেখার অপেক্ষায় আছি"
           eea970a4-797b-412e-b397-6e8126277975  rev 1  — ends abruptly — 20ms from full speech level to silence (natural endings measure ~80ms)
     20ms  known           1920ms  "আজ বিকেলে চুপ থাকতে চাই না।"
           7a2aeeed-6d9d-4618-8e8c-42f21d127b1c  rev 1  — ends abruptly — 20ms from full speech level to silence (natural endings measure ~80ms)
     20ms  known           1824ms  "গল্পটা পড়তে অপেক্ষায় আছি।"
           97196db4-145f-43d8-b150-1f18f4ca3d94  rev 1  — ends abruptly — 20ms from full speech level to silence (natural endings measure ~80ms)
     25ms  known           1416ms  "আজ বিকেলে দ্রুত শিখতে চাই।"
           baf1f83d-f21e-41ef-8b0a-8509fd211fda  rev 1  — ends abruptly — 25ms from full speech level to silence (natural endings measure ~80ms); and speaks 20.2 chars/sec against a 15.2 baseline
     20ms  known           1680ms  "সে চুপ থাকতে চায় না এখন"
           c162bdc4-de74-4e96-bff0-c6a39dc87f54  rev 1  — ends abruptly — 20ms from full speech level to silence (natural endings measure ~80ms)
     25ms  known           1536ms  "আজ বিকেলে ইংরেজি বলতে চাই।"
           ccb070ca-9630-4bee-8f09-a4ce1034e47f  rev 1  — ends abruptly — 25ms from full speech level to silence (natural endings measure ~80ms); and speaks 18.4 chars/sec against a 15.2 baseline
     20ms  known           1656ms  "মেয়েটি দেখা করতে চায় না।"
           cfcf53a2-1cd0-4e24-92e1-555674d123f9  rev 1  — ends abruptly — 20ms from full speech level to silence (natural endings measure ~80ms)
     20ms  known           1296ms  "আমি তোমার সাথে শিখছি।"
           18252c09-5109-4a3d-8973-e433b3dbbb77  rev 1  — ends abruptly — 20ms from full speech level to silence (natural endings measure ~80ms)
     20ms  known           2832ms  "গত মাসে ব্যাপারটা সাবধানে ভাবতে চেয়েছিলাম"
           18a2118a-bc68-4316-a4b7-1b3d5e750b85  rev 1  — ends abruptly — 20ms from full speech level to silence (natural endings measure ~80ms)
     20ms  known           2280ms  "প্রায় এক সপ্তাহ ধরে তার নাম শিখছি।"
           2f17b684-fef3-4b66-a237-f5a850d7803f  rev 1  — ends abruptly — 20ms from full speech level to silence (natural endings measure ~80ms)
     20ms  known           2544ms  "প্রায় এক সপ্তাহ ধরে সবার সাথে শিখছি"
           33e995c4-70dc-4ae7-8146-9fbc27f64fb6  rev 1  — ends abruptly — 20ms from full speech level to silence (natural endings measure ~80ms)
     20ms  known           1968ms  "তুমি কি ক্লান্ত কেমন অনুভব করছ?"
           4ed7c805-c372-4263-a38c-82b87cfdd9eb  rev 1  — ends abruptly — 20ms from full speech level to silence (natural endings measure ~80ms)
     20ms  known           1752ms  "তুমি আজ রাতে কেমন অনুভব করছ?"
           76477592-9af8-4f50-ae88-4de32beed995  rev 1  — ends abruptly — 20ms from full speech level to silence (natural endings measure ~80ms)
     20ms  known           1224ms  "আমি ইংরেজি শিখছি।"
           8700e45b-2fee-40c1-b309-32a38b5e5965  rev 1  — ends abruptly — 20ms from full speech level to silence (natural endings measure ~80ms)
     20ms  known           1920ms  "শীঘ্রই ভাবতে শুরু করতে যাচ্ছি।"
           b4342331-d7ab-4b4e-b13f-3aa1a4f4f8dc  rev 1  — ends abruptly — 20ms from full speech level to silence (natural endings measure ~80ms)
     20ms  known           1032ms  "আমি দ্রুত শিখছি।"
           c5bd4c24-df52-47bd-a339-7eeb8ecaa012  rev 1  — ends abruptly — 20ms from full speech level to silence (natural endings measure ~80ms)
     20ms  known           1800ms  "উত্তর দিতে শুরু করেছিলাম।"
           ca589c09-6fa7-4f79-8025-ebb03126ae15  rev 1  — ends abruptly — 20ms from full speech level to silence (natural endings measure ~80ms)
     20ms  known           1584ms  "এই মুহূর্তে ইংরেজি শিখছি।"
           0f7733bb-ce6a-4175-b5cf-92096e628023  rev 1  — ends abruptly — 20ms from full speech level to silence (natural endings measure ~80ms)
     20ms  known           2112ms  "আমি অভ্যাস করা শুরু করছিলাম"
           158a7fb2-8762-4fbd-8b93-2014af890ba0  rev 1  — ends abruptly — 20ms from full speech level to silence (natural endings measure ~80ms)
     20ms  known           1608ms  "এই মুহূর্তে একটু ক্লান্ত।"
           1a629ca5-b642-4a3e-9414-f21dfdc4f277  rev 1  — ends abruptly — 20ms from full speech level to silence (natural endings measure ~80ms)
     20ms  known           1368ms  "সব কিছু ঠিকঠাক"
           2559bd1c-3d35-4f79-b675-5b5302b0ee9b  rev 1  — ends abruptly — 20ms from full speech level to silence (natural endings measure ~80ms)
     20ms  known           1920ms  "আমি মনে রাখতে শুরু করছিলাম"
           299c5909-75a9-4186-b18a-99663b10bb40  rev 1  — ends abruptly — 20ms from full speech level to silence (natural endings measure ~80ms)
     20ms  known           2016ms  "এই মুহূর্তে কিছু জিজ্ঞেস করতে চাই।"
           33fdf133-7ae5-4999-b7bb-10162f2eb2ca  rev 1  — ends abruptly — 20ms from full speech level to silence (natural endings measure ~80ms)
     20ms  known           2088ms  "আমি ইংরেজি বলা শুরু করছিলাম"
           48526d3f-e875-4cce-a777-e3aa3707e0db  rev 1  — ends abruptly — 20ms from full speech level to silence (natural endings measure ~80ms)
     20ms  known           2088ms  "গতকাল রাতের চেয়ে ভালো অনুভব করছি"
           4feeeaf5-8f7b-4d76-806e-0dc474723639  rev 1  — ends abruptly — 20ms from full speech level to silence (natural endings measure ~80ms)
     20ms  known           2400ms  "এই মুহূর্তে আজ বিকেলে কেমন অনুভব করছ?"
           5048877f-a7c9-4030-9509-d9ae5671ee6e  rev 1  — ends abruptly — 20ms from full speech level to silence (natural endings measure ~80ms)
     20ms  known           2352ms  "ভালো অনুভব করতে শুরু করছিলাম"
           55469282-1b79-43e0-94b2-aab42a22ce38  rev 1  — ends abruptly — 20ms from full speech level to silence (natural endings measure ~80ms)
     20ms  known           2520ms  "আমি এখন গতকালের চেয়ে ভালো অনুভব করছি"
           68cc7d2b-7a15-4012-a8b1-6b6a80e8240b  rev 1  — ends abruptly — 20ms from full speech level to silence (natural endings measure ~80ms)
     20ms  known           2424ms  "আমি গতকাল রাতের মতো ক্লান্ত অনুভব করছি"
           6d4c36f5-b676-488f-9a6e-838ef58d2e8f  rev 1  — ends abruptly — 20ms from full speech level to silence (natural endings measure ~80ms)
     25ms  known           1320ms  "আমি উত্তর নিয়ে ভাবতে চাই"
           74ef8f77-725b-423c-b310-ff6a4f87d895  rev 1  — ends abruptly — 25ms from full speech level to silence (natural endings measure ~80ms); and speaks 20.8 chars/sec against a 15.2 baseline
     20ms  known           1464ms  "এটা নিয়ে ভাবছিলাম না"
           97070997-4be3-4ecb-8661-b251e2d47d3e  rev 1  — ends abruptly — 20ms from full speech level to silence (natural endings measure ~80ms)
     20ms  known           1656ms  "গতকাল রাতের চেয়ে ভালো"
           978c4d1f-7414-41e0-9e19-29a3f8e57177  rev 1  — ends abruptly — 20ms from full speech level to silence (natural endings measure ~80ms)
     25ms  known           1368ms  "আমি ইংরেজি নিয়ে ভাবতে চাই"
           b9a4b52b-c7b7-4a88-850b-dd21d35d079d  rev 1  — ends abruptly — 25ms from full speech level to silence (natural endings measure ~80ms); and speaks 21.1 chars/sec against a 15.2 baseline
     25ms  known           1368ms  "তুমি কি ভালো অনুভব করছো?"
           e8c133a8-24ee-489a-874a-abadd9829446  rev 1  — ends abruptly — 25ms from full speech level to silence (natural endings measure ~80ms); and speaks 19.4 chars/sec against a 15.2 baseline
     25ms  known           1272ms  "আমি ভালো অনুভব করতে চাই"
           011850b2-23fa-479e-9620-70c3794301ae  rev 1  — ends abruptly — 25ms from full speech level to silence (natural endings measure ~80ms); and speaks 20.1 chars/sec against a 15.2 baseline
     20ms  known           2448ms  "আমি কীভাবে উত্তর দিতে হয় তা জানতে চাই"
           1ab0cf23-fef5-484a-b7d6-069021c32575  rev 1  — ends abruptly — 20ms from full speech level to silence (natural endings measure ~80ms)
     20ms  known           1440ms  "আমি সব কিছু জানতে চাই"
           210daf11-c688-4e99-8fff-e61cf02b24de  rev 1  — ends abruptly — 20ms from full speech level to silence (natural endings measure ~80ms)
     20ms  known           2136ms  "আমি ভুল করা বন্ধ করার চেষ্টা করছি"
           4e879f26-7ed9-4d29-83cc-236ef773cb20  rev 1  — ends abruptly — 20ms from full speech level to silence (natural endings measure ~80ms)
     20ms  known           1248ms  "আমি ইংরেজি জানতে চাই"
           860a2423-f969-47d3-852a-4c85214e73f6  rev 1  — ends abruptly — 20ms from full speech level to silence (natural endings measure ~80ms)
     20ms  known           1968ms  "আমি কীভাবে বলতে হয় তা জানতে চাই"
           918c1381-77e0-42f2-b5bf-872175576d25  rev 1  — ends abruptly — 20ms from full speech level to silence (natural endings measure ~80ms)
     25ms  known           1176ms  "আমি আরো উন্নতি করতে চাই"
           d72fe940-6e27-409a-8830-3cb472b2f278  rev 1  — ends abruptly — 25ms from full speech level to silence (natural endings measure ~80ms); and speaks 22.1 chars/sec against a 15.2 baseline
     20ms  known           2016ms  "আমি সব কিছু মনে রাখার চেষ্টা করছি"
           e0e7404e-4d1a-4490-ac96-78880a75d49d  rev 1  — ends abruptly — 20ms from full speech level to silence (natural endings measure ~80ms)
     20ms  known           1176ms  "ভুল করা শুরু করা"
           e2f6b63f-57d2-4c45-bc80-7deb023440a8  rev 1  — ends abruptly — 20ms from full speech level to silence (natural endings measure ~80ms)
     20ms  known           1056ms  "ইংরেজি উন্নতি করা"
           fa752472-36d2-4ad9-aafe-6fcb509a9b31  rev 1  — ends abruptly — 20ms from full speech level to silence (natural endings measure ~80ms)
     20ms  known           1944ms  "আমি ভুল করতে পছন্দ করি না"
           79cac1be-d0aa-4547-bf72-4cbad3c50c56  rev 1  — ends abruptly — 20ms from full speech level to silence (natural endings measure ~80ms)
     20ms  known           1752ms  "মনে করি যে এটা ভালো"
           7f0d2597-2a7a-4679-a7a0-38c5b434fb13  rev 1  — ends abruptly — 20ms from full speech level to silence (natural endings measure ~80ms)
     25ms  known           1008ms  "তুমি কি শেষ করতে চাও?"
           84021e0b-dc36-4fc3-8527-368cbc462949  rev 1  — ends abruptly — 25ms from full speech level to silence (natural endings measure ~80ms); and speaks 24.6 chars/sec against a 15.2 baseline
     25ms  known           1128ms  "আমি এখন শেষ করতে চাই"
           c86611c1-a9df-4688-a529-b96b54e95ef0  rev 1  — ends abruptly — 25ms from full speech level to silence (natural endings measure ~80ms); and speaks 20.1 chars/sec against a 15.2 baseline
     20ms  known            672ms  "যদি"
           cecc40cf-d38c-4df2-980d-f6a62f34c15d  rev 1  — ends abruptly — 20ms from full speech level to silence (natural endings measure ~80ms)
     20ms  known           1440ms  "তুমি কি এরকম করতে পারো?"
           dbf4a5b0-80ed-4d55-b181-0802a0127842  rev 1  — ends abruptly — 20ms from full speech level to silence (natural endings measure ~80ms)
     25ms  known           1920ms  "সে পরে সবার সাথে ফিরে আসতে চায়।"
           421ca8ed-1596-47f7-ad3e-03193a5d6c02  rev 1  — ends abruptly — 25ms from full speech level to silence (natural endings measure ~80ms)
     25ms  known           2208ms  "আমার সব কিছু জানার দরকার নেই।"
           58777f86-fa8b-448f-b8c1-774af88ea0f6  rev 1  — ends abruptly — 25ms from full speech level to silence (natural endings measure ~80ms)
     25ms  known           2424ms  "আমি শীঘ্রই আরো বেশি কথা বলা শুরু করব।"
           64005c44-fe5a-47c7-b212-00497676e7d0  rev 1  — ends abruptly — 25ms from full speech level to silence (natural endings measure ~80ms)
     25ms  presentation    4992ms  "ইংরেজিে — 'উত্তরটা কী' — যেমন — 'উত্তরটা কী বলার চেষ্
           2e99af55-1395-484e-a32e-a4054121e533  rev 1  — ends abruptly — 25ms from full speech level to silence (natural endings measure ~80ms)
     25ms  presentation    6696ms  "ইংরেজিে — 'তুমি শেষ করার পরে' — যেমন — 'তুমি শেষ করার
           4b432a95-6dc0-4640-b2e4-80611dc5e8b7  rev 1  — ends abruptly — 25ms from full speech level to silence (natural endings measure ~80ms)
     30ms  known            624ms  "পুরো বাক্যটা"
           5508a645-85c6-4e04-9003-a07e893720f6  rev 1  — ends abruptly — 30ms from full speech level to silence (natural endings measure ~80ms); and speaks 24.7 chars/sec against a 15.2 baseline
     25ms  presentation    5496ms  "ইংরেজিে — 'আজ' — যেমন — 'আজ ইংরেজিতে কথা বলার অভ্যাস 
           59bbdd70-4db8-412b-a3cb-d00875090ea2  rev 1  — ends abruptly — 25ms from full speech level to silence (natural endings measure ~80ms)
     25ms  known            476ms  "আর"
           59db90fb-bd96-4946-b0db-0c9d4fbe8679  rev 1  — ends abruptly — 25ms from full speech level to silence (natural endings measure ~80ms)
     30ms  known            600ms  "বলতে পারি"
           7159adb0-0b84-442a-8751-87c11b6659b8  rev 1  — ends abruptly — 30ms from full speech level to silence (natural endings measure ~80ms); and speaks 19.6 chars/sec against a 15.2 baseline
     25ms  known           1080ms  "অন্য কারো সাথে"
           7e238df4-6120-45b7-b03f-deee11bef8b7  rev 1  — ends abruptly — 25ms from full speech level to silence (natural endings measure ~80ms)
     25ms  known            792ms  "তুমি বলো"
           a3c713b8-bca1-4952-bc85-a30f40b4c08e  rev 1  — ends abruptly — 25ms from full speech level to silence (natural endings measure ~80ms)
     25ms  presentation    4272ms  "ইংরেজিে — 'ওর নাম' — যেমন — 'ওর নাম দ্রুত শিখতে চাই।'
           b3e22adc-81ba-486c-a14e-eb2bc4df9f52  rev 1  — ends abruptly — 25ms from full speech level to silence (natural endings measure ~80ms)
     25ms  presentation    6216ms  "ইংরেজিে — 'আমার সাথে' — যেমন — 'আর আমি চাই তুমি কাল আ
           f9122261-9a9b-4be4-a5ea-0c5720420fbb  rev 1  — ends abruptly — 25ms from full speech level to silence (natural endings measure ~80ms)
     25ms  target1          840ms  "this evening"
           fd4f624e-6f83-4bd3-a06e-8f8cc73fcef7  rev 1  — ends abruptly — 25ms from full speech level to silence (natural endings measure ~80ms)
     25ms  presentation    4560ms  "ইংরেজিে — 'বাধা দেওয়া' — যেমন — 'কারণ বাধা দেওয়া ভা
           15b6b8a2-5cd5-4bd6-a762-d99d3ae93b84  rev 1  — ends abruptly — 25ms from full speech level to silence (natural endings measure ~80ms)
     25ms  presentation    2112ms  "ইংরেজিে — 'পড়া' — যেমন — '' — হয়:"
           8f365e4c-80b1-4bae-82e0-c939c6e5d1bb  rev 1  — ends abruptly — 25ms from full speech level to silence (natural endings measure ~80ms)
     30ms  known            696ms  "জিজ্ঞেস করা"
           b227c480-64e4-43f3-a2b6-4a6640d2a4e6  rev 1  — ends abruptly — 30ms from full speech level to silence (natural endings measure ~80ms); and speaks 19.6 chars/sec against a 15.2 baseline
     25ms  presentation    3504ms  "ইংরেজিে — 'আরো ভালো' — যেমন — '' — হয়:"
           e2738bb7-e282-47ad-9c79-461798282c00  rev 1  — ends abruptly — 25ms from full speech level to silence (natural endings measure ~80ms)
     30ms  presentation    4152ms  "ইংরেজিে — 'যেকোনো কিছু' — যেমন — 'আমি যেকোনো কিছু জিজ
           f342695a-c2d0-4a92-a1c5-13007b3373cd  rev 1  — ends abruptly — 30ms from full speech level to silence (natural endings measure ~80ms); and speaks 18.6 chars/sec against a 15.4 baseline
     25ms  known           2688ms  "কীভাবে যতটা সম্ভব ঘন ঘন কথা বলতে হয়?"
           192eca5b-20c7-4a9e-97a1-2b363b5fddd0  rev 1  — ends abruptly — 25ms from full speech level to silence (natural endings measure ~80ms)
     25ms  known           1896ms  "আমি এখন ইংরেজি কথা বলতে চাই।"
           1eefc324-f8f6-4d87-aa8c-07a122bbb5ab  rev 1  — ends abruptly — 25ms from full speech level to silence (natural endings measure ~80ms)
     25ms  known            576ms  "শেষ করা"
           5eb86862-cdf7-4efe-a39f-7fb2b33a9b6e  rev 1  — ends abruptly — 25ms from full speech level to silence (natural endings measure ~80ms)
     25ms  known           1752ms  "আমি তোমার সাথে কথা বলতে চাই।"
           728ebebc-5f1e-4aa0-bb2a-63904c956245  rev 1  — ends abruptly — 25ms from full speech level to silence (natural endings measure ~80ms)
     25ms  known           1752ms  "এখন তোমার সাথে কথা বলতে চাই।"
           b487925d-2b16-49be-9876-30e6eea61121  rev 1  — ends abruptly — 25ms from full speech level to silence (natural endings measure ~80ms)
     25ms  known           1728ms  "তোমার সাথে অভ্যাস করতে চাই।"
           1f22b6ba-08cd-4353-8f4f-254f801736cf  rev 1  — ends abruptly — 25ms from full speech level to silence (natural endings measure ~80ms)
     25ms  known           1128ms  "আমি কিছু বলতে চাই।"
           36775620-5262-498a-89ba-83ee7587f0eb  rev 1  — ends abruptly — 25ms from full speech level to silence (natural endings measure ~80ms)
     25ms  known           1200ms  "অভ্যাস করতে যাচ্ছি"
           44ac2bff-41b5-44aa-a9c1-19792f21f2a8  rev 1  — ends abruptly — 25ms from full speech level to silence (natural endings measure ~80ms)
     30ms  known           1152ms  "একটা শব্দ বলতে চাই।"
           6566e3fb-c7a8-483e-81a6-a306a9df0e95  rev 1  — ends abruptly — 30ms from full speech level to silence (natural endings measure ~80ms); and speaks 18.5 chars/sec against a 15.2 baseline
     25ms  known           1920ms  "আমি ইংরেজি অভ্যাস করতে যাচ্ছি।"
           68b0439b-6f51-4bd6-b148-9d2370b5ecc2  rev 1  — ends abruptly — 25ms from full speech level to silence (natural endings measure ~80ms)
     30ms  known           1176ms  "আমি ইংরেজি বলতে যাচ্ছি।"
           8565a1d5-18f5-4524-b888-cf20d6211448  rev 1  — ends abruptly — 30ms from full speech level to silence (natural endings measure ~80ms); and speaks 22.3 chars/sec against a 15.2 baseline
     25ms  known           1416ms  "ইংরেজিতে কথা বলতে চাই"
           9531fbfc-bbca-4c84-98c2-57068e52e39a  rev 1  — ends abruptly — 25ms from full speech level to silence (natural endings measure ~80ms)
     25ms  known           1368ms  "ইংরেজিতে কিছু বলতে"
           b53ab63b-9fb2-4c36-a45f-d26820689652  rev 1  — ends abruptly — 25ms from full speech level to silence (natural endings measure ~80ms)
     25ms  known           1704ms  "কীভাবে ইংরেজি বলতে হয়?"
           dac35dfb-72af-43b2-9244-6f42b8dfeece  rev 1  — ends abruptly — 25ms from full speech level to silence (natural endings measure ~80ms)
     25ms  known           1512ms  "ইংরেজি অভ্যাস করতে চাই"
           fe9771ea-3689-4b48-b3cd-67f943895e63  rev 1  — ends abruptly — 25ms from full speech level to silence (natural endings measure ~80ms)
     25ms  known           2352ms  "যতটা পারি ইংরেজি অভ্যাস করতে চাই"
           036c0353-83ff-488b-90c2-1112bc987a25  rev 1  — ends abruptly — 25ms from full speech level to silence (natural endings measure ~80ms)
     25ms  known            550ms  "যতটা"
           3b7c4c13-e5bc-4201-a0bd-97d6c91c26ca  rev 1  — ends abruptly — 25ms from full speech level to silence (natural endings measure ~80ms)
     25ms  known           2328ms  "ইংরেজিতে বোঝানোর চেষ্টা করতে যাচ্ছি"
           57ef1331-31fb-4471-8d6b-8e0166dce309  rev 1  — ends abruptly — 25ms from full speech level to silence (natural endings measure ~80ms)
     25ms  known           1824ms  "যতটা পারি চেষ্টা করতে"
           60223a98-95f8-4765-a4a0-f5ac9b95f8bb  rev 1  — ends abruptly — 25ms from full speech level to silence (natural endings measure ~80ms)
     25ms  known           1824ms  "আজ তোমার সাথে কথা বলতে চাই।"
           7be6308e-8254-41d2-a5d2-a4dde01507c5  rev 1  — ends abruptly — 25ms from full speech level to silence (natural endings measure ~80ms)
     25ms  known           1824ms  "আমি এখন একটু ইংরেজি বলতে পারি।"
           dd976de3-bc48-4a2b-b243-42fae66efc3f  rev 1  — ends abruptly — 25ms from full speech level to silence (natural endings measure ~80ms)
     25ms  known           1872ms  "ইংরেজিতে কিছু বলতে পছন্দ করতাম।"
           0156e4e6-3387-456e-b255-f84bf4f286e6  rev 1  — ends abruptly — 25ms from full speech level to silence (natural endings measure ~80ms)
     25ms  known           1032ms  "চাইতাম না বলতে"
           1cb7bd0b-0749-4480-8e21-9335d31bc721  rev 1  — ends abruptly — 25ms from full speech level to silence (natural endings measure ~80ms)
     25ms  known           2184ms  "পুরো বাক্যটা বলার চেষ্টা করছি।"
           56b2e341-62a7-4312-a5a0-7903b000168b  rev 1  — ends abruptly — 25ms from full speech level to silence (natural endings measure ~80ms)
     25ms  known           2256ms  "তোমার সাথে মনে রাখার চেষ্টা করতে চাই"
           58e604e1-b3d2-4a97-89c0-028529caf2f2  rev 1  — ends abruptly — 25ms from full speech level to silence (natural endings measure ~80ms)
     25ms  known           1896ms  "তুমি শেষ করার পরে কিছু বলতে চাই।"
           62d0e12f-cb25-4d12-8eb7-54213bbf5097  rev 1  — ends abruptly — 25ms from full speech level to silence (natural endings measure ~80ms)
     25ms  known           1032ms  "চাইতাম না শিখতে"
           96beb158-60b2-45ec-8eb6-64730a46045e  rev 1  — ends abruptly — 25ms from full speech level to silence (natural endings measure ~80ms)
     25ms  known           2880ms  "আমি তুমি শেষ করার পরে বলতে পারতে পছন্দ করতাম।"
           b35fcd8e-8294-4d0c-b86f-4eb1fa38e5f7  rev 1  — ends abruptly — 25ms from full speech level to silence (natural endings measure ~80ms)
     25ms  known           2352ms  "আমি ইংরেজিতে বলতে পারতে পছন্দ করতাম।"
           bcc937d5-2306-4de0-a396-3b137c5fb610  rev 1  — ends abruptly — 25ms from full speech level to silence (natural endings measure ~80ms)
     25ms  known           2064ms  "এখন ইংরেজি শিখতে পছন্দ করতাম"
           dc3690f8-1561-4466-8706-d01f313c4b39  rev 1  — ends abruptly — 25ms from full speech level to silence (natural endings measure ~80ms)
     25ms  known           2304ms  "তোমার সাথে অনুমান করতে পছন্দ করতাম না।"
           f42f7bad-c1fe-49bb-ab59-dbe8f8cfb311  rev 1  — ends abruptly — 25ms from full speech level to silence (natural endings measure ~80ms)
     25ms  known           1848ms  "কাল কী হবে তা বলার চেষ্টা করছি।"
           48863c61-d861-4592-ab55-a4b9df805ea9  rev 1  — ends abruptly — 25ms from full speech level to silence (natural endings measure ~80ms)
     25ms  known           2232ms  "আর কাল অন্য কারো সাথে কথা বলতে যাচ্ছি"
           4974352b-1ae3-4fd3-80c2-4c5b86806b2b  rev 1  — ends abruptly — 25ms from full speech level to silence (natural endings measure ~80ms)
     25ms  known           1944ms  "আর তোমার সাথে শিখতে পছন্দ করতাম।"
           5682a10b-7c4d-4c63-96f6-857691ca97f2  rev 1  — ends abruptly — 25ms from full speech level to silence (natural endings measure ~80ms)
     25ms  known           2544ms  "তুমি কি আমার সাথে সারাদিন ইংরেজি বলো?"
           5959b4e5-a8bd-4f5b-8035-8235167d0108  rev 1  — ends abruptly — 25ms from full speech level to silence (natural endings measure ~80ms)
     25ms  known           1488ms  "কাল কী হবে তা নিশ্চিত না"
           72d2a959-9834-4faa-8251-0ad95ae37a40  rev 1  — ends abruptly — 25ms from full speech level to silence (natural endings measure ~80ms)
     25ms  known           2712ms  "তোমার সাথে সারাদিন ইংরেজি বলতে পছন্দ করতাম।"
           d7bbac20-1445-431a-9e99-2b592c26da16  rev 1  — ends abruptly — 25ms from full speech level to silence (natural endings measure ~80ms)
     30ms  known           1680ms  "কী হবে তা আজ বলার চেষ্টা করছি"
           df8145dd-fa36-4fab-9b82-1198fa3feefa  rev 1  — ends abruptly — 30ms from full speech level to silence (natural endings measure ~80ms); and speaks 18.9 chars/sec against a 15.2 baseline
     25ms  known           2184ms  "সারাদিন ইংরেজি অভ্যাস করতে চাই"
           f2049ff9-9a4b-41f5-ac26-2b5ec6d12388  rev 1  — ends abruptly — 25ms from full speech level to silence (natural endings measure ~80ms)
     25ms  known           1992ms  "সবার সাথে দেখা করতে পছন্দ করতাম"
           04010f89-6572-433c-8af1-ebca128ab8ea  rev 1  — ends abruptly — 25ms from full speech level to silence (natural endings measure ~80ms)
     25ms  known           1680ms  "পরে সবার সাথে ফিরে আসতে চাই"
           3dd1e611-be0f-40fd-aed2-60c0f8c35c57  rev 1  — ends abruptly — 25ms from full speech level to silence (natural endings measure ~80ms)
     25ms  known           1392ms  "সে ইংরেজিতে জানতে চায়"
           49da8bd3-4049-4293-9646-de02536fbf8f  rev 1  — ends abruptly — 25ms from full speech level to silence (natural endings measure ~80ms)
     25ms  known           1656ms  "কাল ফিরে আসতে পছন্দ করতাম"
           635c7ced-1b9d-45e0-b94d-9cabac24e59b  rev 1  — ends abruptly — 25ms from full speech level to silence (natural endings measure ~80ms)
     25ms  known           1728ms  "সে সবার সাথে ফিরে আসতে চায়"
           b2f65ce6-a3b6-443f-8038-75f815ea9f7a  rev 1  — ends abruptly — 25ms from full speech level to silence (natural endings measure ~80ms)
     25ms  known           1176ms  "সে কাল জানতে চায়।"
           b884848e-82d1-402d-b65b-b6178595a6e9  rev 1  — ends abruptly — 25ms from full speech level to silence (natural endings measure ~80ms)
     30ms  known           1152ms  "সে ইংরেজি শিখতে চায়।"
           ef333981-c5c7-4624-811f-238ca108a0ac  rev 1  — ends abruptly — 30ms from full speech level to silence (natural endings measure ~80ms); and speaks 20.6 chars/sec against a 15.2 baseline
     25ms  known           1200ms  "সে ইংরেজি বলতে চায়"
           fc9472f9-e8c3-4b45-aef0-490e86606c32  rev 1  — ends abruptly — 25ms from full speech level to silence (natural endings measure ~80ms)
     30ms  known            888ms  "পরে থামাতে চাই।"
           1127b677-94ca-411c-a83d-187882a591eb  rev 1  — ends abruptly — 30ms from full speech level to silence (natural endings measure ~80ms); and speaks 20 chars/sec against a 15.2 baseline
     25ms  known           2616ms  "কিন্তু আমি কথা বলতে থাকা থামাতে চাই না।"
           60216590-6f0a-44fa-bb64-c132d9d5aec7  rev 1  — ends abruptly — 25ms from full speech level to silence (natural endings measure ~80ms)
     25ms  known           1728ms  "তুমি সারাদিন ইংরেজি বলতে চাও।"
           666a28ca-8bc3-4785-be30-aab670e919e3  rev 1  — ends abruptly — 25ms from full speech level to silence (natural endings measure ~80ms)
     25ms  known           1344ms  "তুমি ইংরেজি বলতে চাও।"
           776df856-626a-4c24-bf24-1bb8a6e05e35  rev 1  — ends abruptly — 25ms from full speech level to silence (natural endings measure ~80ms)
     25ms  known           1944ms  "ছয়টায় তোমার সাথে দেখা করতে চাই।"
           9ef59e0f-963d-4661-a65d-79e2447f1a4c  rev 1  — ends abruptly — 25ms from full speech level to silence (natural endings measure ~80ms)
     30ms  known           2064ms  "কিন্তু সে খুব ভালো ইংরেজি বলতে চায়।"
           a5e487ca-8371-4222-bfbc-7778b9e99041  rev 1  — ends abruptly — 30ms from full speech level to silence (natural endings measure ~80ms); and speaks 18.6 chars/sec against a 15.2 baseline
     30ms  known           1368ms  "আমি তার নাম মনে রাখতে চাই।"
           b3a4733a-a7a7-41c0-b8af-8e4e0572d3ff  rev 1  — ends abruptly — 30ms from full speech level to silence (natural endings measure ~80ms); and speaks 20.8 chars/sec against a 15.2 baseline
     25ms  known           2136ms  "কথা বলতে থাকা থামাতে চাই না আজ"
           c12179c2-3890-453b-9ebd-d2bb22385c96  rev 1  — ends abruptly — 25ms from full speech level to silence (natural endings measure ~80ms)
     25ms  known           1776ms  "তুমি সবার সাথে দেখা করতে চাও।"
           dd2e37ea-d17a-4815-aa08-a7e2cc6a51e6  rev 1  — ends abruptly — 25ms from full speech level to silence (natural endings measure ~80ms)
     25ms  known           1488ms  "আরো বেশি দ্রুত বলতে"
           1a2608c1-c8fa-42a8-8b70-8f1d54fe2344  rev 1  — ends abruptly — 25ms from full speech level to silence (natural endings measure ~80ms)
     25ms  known           1416ms  "তুমি কি ওর নাম শিখছ?"
           1e042d1c-2d20-43a7-8ff4-ad90fe595303  rev 1  — ends abruptly — 25ms from full speech level to silence (natural endings measure ~80ms)
     25ms  known           3624ms  "আমরা যারা ইংরেজিতে কথা বলে তাদের সাথে দেখা করতে চাই।"
           7288f96c-5a6e-4fcd-8643-3ba181160651  rev 1  — ends abruptly — 25ms from full speech level to silence (natural endings measure ~80ms)
     25ms  known           1416ms  "কেন তার নাম জানতে চাও?"
           764d1e87-02fb-4486-b044-93c79c5ea126  rev 1  — ends abruptly — 25ms from full speech level to silence (natural endings measure ~80ms)
     25ms  known           1752ms  "কিন্তু শীঘ্রই ফিরে আসতে চাই।"
           7d2972c8-0e8c-4798-bb34-36ea7775f0a8  rev 1  — ends abruptly — 25ms from full speech level to silence (natural endings measure ~80ms)
     25ms  known           2976ms  "সে যারা ইংরেজিতে কথা বলে তাদের সাথে দেখা করতে চায়।"
           863803f4-8591-48b9-9263-7f3657e973a5  rev 1  — ends abruptly — 25ms from full speech level to silence (natural endings measure ~80ms)
     25ms  known           1752ms  "আমি সহজে ইংরেজি বলতে চাই।"
           919a97ca-5f86-4b15-9d4f-56388226c2c7  rev 1  — ends abruptly — 25ms from full speech level to silence (natural endings measure ~80ms)
     25ms  known           1848ms  "আমি আরো বেশি ইংরেজি বলতে চাই।"
           cbcf19ca-a58f-4057-ac9e-aadb3401e855  rev 1  — ends abruptly — 25ms from full speech level to silence (natural endings measure ~80ms)
     30ms  known           1704ms  "কারণ আমি আরো বেশি দ্রুত শিখতে চাই।"
           d829df53-e084-4013-b8d6-aa0f0e8bca52  rev 1  — ends abruptly — 30ms from full speech level to silence (natural endings measure ~80ms); and speaks 21.7 chars/sec against a 15.2 baseline
     30ms  known            696ms  "তুমি দ্রুত শিখছ"
           f303b2ac-9aeb-420f-8d58-f85e6d2a745f  rev 1  — ends abruptly — 30ms from full speech level to silence (natural endings measure ~80ms); and speaks 27.5 chars/sec against a 15.2 baseline
     25ms  known           2376ms  "যাওয়ার আগে ইংরেজি অভ্যাস করতে চাই।"
           0a4a7346-32fb-4fe7-b555-40f9d94cdacb  rev 1  — ends abruptly — 25ms from full speech level to silence (natural endings measure ~80ms)
     25ms  known           2088ms  "যাওয়ার আগে দেখা করতে ভালো লাগে।"
           0ad4a3bc-9f13-4990-9323-44c2a725fc05  rev 1  — ends abruptly — 25ms from full speech level to silence (natural endings measure ~80ms)
     25ms  known           2496ms  "তুমি কি যাওয়ার আগে সাহায্য করতে যাবে?"
           8168e005-b58d-457e-b6cf-f45514ec9fbc  rev 1  — ends abruptly — 25ms from full speech level to silence (natural endings measure ~80ms)
     25ms  known           1896ms  "যাওয়ার আগে থামাতে ভালো লাগে না।"
           a3c7d280-c968-4e16-90d3-6e23f9398971  rev 1  — ends abruptly — 25ms from full speech level to silence (natural endings measure ~80ms)
     25ms  known           1608ms  "সে আমাকে সাহায্য করতে চায়।"
           d9edf263-67d3-4a6b-9e19-1b3ba7eea750  rev 1  — ends abruptly — 25ms from full speech level to silence (natural endings measure ~80ms)
     30ms  known           1104ms  "সহজে মনে রাখতে চাই।"
           e7444cd3-2bed-46a0-9a4f-7f8ea02079ba  rev 1  — ends abruptly — 30ms from full speech level to silence (natural endings measure ~80ms); and speaks 19.8 chars/sec against a 15.2 baseline
     25ms  known           2160ms  "যত তাড়াতাড়ি সম্ভব শেখা উপকারী"
           2f67ae7d-c632-41c1-8e3e-fb9dd83f716e  rev 1  — ends abruptly — 25ms from full speech level to silence (natural endings measure ~80ms)
     25ms  known           2136ms  "আরো বেশি শেখার জন্য অপেক্ষায় আছি"
           4ecb3f71-56bf-4a2d-a22e-f0c023e54249  rev 1  — ends abruptly — 25ms from full speech level to silence (natural endings measure ~80ms)
     25ms  known           3216ms  "যত তাড়াতাড়ি সম্ভব কথা বলতে থাকা শুরু করা উপকারী।"
           5256490b-5ee8-4355-9417-a0bd049f32bf  rev 1  — ends abruptly — 25ms from full speech level to silence (natural endings measure ~80ms)
     25ms  known           1656ms  "কারণ আরো ভালো বলা উপকারী।"
           87462b57-5d39-4a34-a118-63ef81de9369  rev 1  — ends abruptly — 25ms from full speech level to silence (natural endings measure ~80ms)
     30ms  known           1968ms  "যত তাড়াতাড়ি সম্ভব শুরু করা উপকারী।"
           b396fd99-9848-43bf-9dda-98c84ae3d5c5  rev 1  — ends abruptly — 30ms from full speech level to silence (natural endings measure ~80ms); and speaks 19.7 chars/sec against a 15.2 baseline
     25ms  known           1992ms  "ইংরেজি বলার জন্য অপেক্ষায় আছি।"
           beeb3e16-8346-4f47-bd8e-89d384fb66c7  rev 1  — ends abruptly — 25ms from full speech level to silence (natural endings measure ~80ms)
     25ms  known           2376ms  "যত তাড়াতাড়ি সম্ভব দেখা করা উপকারী।"
           f2f70752-9a6b-4905-a0d4-9f2dd61f86cf  rev 1  — ends abruptly — 25ms from full speech level to silence (natural endings measure ~80ms)
     25ms  known           1416ms  "আজ রাতে দেখা করতে চাই।"
           0e58cc33-90e8-47f3-830f-0b8265370b42  rev 1  — ends abruptly — 25ms from full speech level to silence (natural endings measure ~80ms)
     30ms  known           1656ms  "জিজ্ঞেস করার আগে দেখাতে চাই।"
           643aa218-5580-4706-9b62-776ed9ccf9ed  rev 1  — ends abruptly — 30ms from full speech level to silence (natural endings measure ~80ms); and speaks 18.3 chars/sec against a 15.2 baseline
     25ms  known           1968ms  "গতকাল কিছু বলতে চেয়েছিলাম।"
           d6ea0ffc-d8dc-4587-a0b7-83149f58887a  rev 1  — ends abruptly — 25ms from full speech level to silence (natural endings measure ~80ms)
     25ms  known           2400ms  "অন্য মানুষ থাকলে কথা বলতে ভালো লাগে।"
           18a6a12a-e612-4b2a-97fd-d97991510367  rev 1  — ends abruptly — 25ms from full speech level to silence (natural endings measure ~80ms)
     25ms  known           1128ms  "গল্পটা পড়তে চাই"
           37ae3d56-12ef-46e6-9375-eab21d91b854  rev 1  — ends abruptly — 25ms from full speech level to silence (natural endings measure ~80ms)
     30ms  known           1896ms  "আমি যেকোনো কিছু জিজ্ঞেস করতে চাই।"
           49052ba8-51cb-4b0c-9af9-b45e750ca01a  rev 1  — ends abruptly — 30ms from full speech level to silence (natural endings measure ~80ms); and speaks 18.9 chars/sec against a 15.2 baseline
     25ms  known           1152ms  "মেয়েটি"
           64099c00-4ff0-4d73-bdd8-f46b65edc4b3  rev 1  — ends abruptly — 25ms from full speech level to silence (natural endings measure ~80ms)
     25ms  known           2064ms  "আজ বিকেলে কিছু জিজ্ঞেস করতে চাই।"
           64c2acea-9efb-45a7-8f31-e6f62ca47ec0  rev 1  — ends abruptly — 25ms from full speech level to silence (natural endings measure ~80ms)
     25ms  known           2328ms  "অন্য মানুষ থাকলে দ্রুত উত্তর দিতে চাই।"
           acb51ae5-9a9e-4f39-8e64-8f9fbd1fae61  rev 1  — ends abruptly — 25ms from full speech level to silence (natural endings measure ~80ms)
     25ms  known            504ms  "গল্প"
           be57b57a-65f6-45b0-a692-e40c21e1403c  rev 1  — ends abruptly — 25ms from full speech level to silence (natural endings measure ~80ms)
     25ms  known           1248ms  "যেকোনো কিছু বলতে চাও"
           fb636a3b-bd36-4e35-8375-a35bd24dd4b7  rev 1  — ends abruptly — 25ms from full speech level to silence (natural endings measure ~80ms)
     25ms  known           3048ms  "গত মাসে ইংরেজি অভ্যাস করতে শুরু করেছিলাম।"
           026a2027-7c34-455d-b052-8268241c1d90  rev 1  — ends abruptly — 25ms from full speech level to silence (natural endings measure ~80ms)
     30ms  known           1104ms  "আমি তার নাম শিখছি।"
           23832913-c5c5-4562-bc24-447abacc3ab2  rev 1  — ends abruptly — 30ms from full speech level to silence (natural endings measure ~80ms); and speaks 18.8 chars/sec against a 15.2 baseline
     25ms  known           1704ms  "আজ সকালে ইংরেজি বলতে চাই।"
           3f08b7ae-44a2-4960-b196-1a002b24aaa3  rev 1  — ends abruptly — 25ms from full speech level to silence (natural endings measure ~80ms)
     30ms  known           1824ms  "ব্যাপারটা সাবধানে উত্তর দিতে চাই"
           5e44b1cd-c37a-4f4d-b378-511899f0cf54  rev 1  — ends abruptly — 30ms from full speech level to silence (natural endings measure ~80ms); and speaks 19 chars/sec against a 15.2 baseline
     25ms  known           2136ms  "তুমি আজ সন্ধ্যায় কেমন অনুভব করছ?"
           76dd2c33-c01c-4b41-84a9-ca4c88542586  rev 1  — ends abruptly — 25ms from full speech level to silence (natural endings measure ~80ms)
     25ms  known           1608ms  "তোমার সাথে কেমন অনুভব করছ?"
           9e85af76-c708-4c86-82d4-29b8fb7206ca  rev 1  — ends abruptly — 25ms from full speech level to silence (natural endings measure ~80ms)
     25ms  known           1848ms  "ব্যাপারটা সাবধানে ভাবতে চাই"
           b6a573c0-32d5-4b92-a98d-307f8b65c3ac  rev 1  — ends abruptly — 25ms from full speech level to silence (natural endings measure ~80ms)
     30ms  known           1656ms  "আজ সকালে কিছু জিজ্ঞেস করতে চাই।"
           cd9742a4-ef06-4512-92fe-d65e64acd088  rev 1  — ends abruptly — 30ms from full speech level to silence (natural endings measure ~80ms); and speaks 20.4 chars/sec against a 15.2 baseline
     25ms  known           1224ms  "আমি সারাদিন শিখছি"
           d5469b2a-15c2-4059-8e9f-c11f8b8baa73  rev 1  — ends abruptly — 25ms from full speech level to silence (natural endings measure ~80ms)
     25ms  known           1920ms  "আমি সকালের চেয়ে ভালো অনুভব করছি"
           17b1064d-8f7b-4af4-9598-ba5bc37e21d4  rev 1  — ends abruptly — 25ms from full speech level to silence (natural endings measure ~80ms)
     25ms  known           1488ms  "আমি অভ্যাস করা শুরু করছি"
           48a19fd6-fbb4-4fe0-bbfc-df13647cce2c  rev 1  — ends abruptly — 25ms from full speech level to silence (natural endings measure ~80ms)
     25ms  known           1776ms  "ক্লান্ত অনুভব করতে শুরু করছি"
           4be72d83-8510-4bf3-89f3-3e84f884a8ff  rev 1  — ends abruptly — 25ms from full speech level to silence (natural endings measure ~80ms)
     25ms  known           2544ms  "আমি গতকাল রাতের মতো শেখার চেষ্টা করছি"
           58d0190c-cdc6-424e-aafb-730b6dd2e230  rev 1  — ends abruptly — 25ms from full speech level to silence (natural endings measure ~80ms)
     25ms  known           2568ms  "আমি গতকাল রাতে ইংরেজি বলার চেষ্টা করছি"
           5c9d812b-bf19-479c-b985-e6fa5f8f8f38  rev 1  — ends abruptly — 25ms from full speech level to silence (natural endings measure ~80ms)
     25ms  known           1992ms  "তুমি এই মুহূর্তে কেমন অনুভব করছ?"
           858cca74-fa0f-4538-9cf2-bce37a43a651  rev 1  — ends abruptly — 25ms from full speech level to silence (natural endings measure ~80ms)
     25ms  known           2448ms  "আমি ঠিকঠাক কিন্তু একটু ক্লান্ত"
           86961c1f-51c8-4569-880e-1023348cf7df  rev 1  — ends abruptly — 25ms from full speech level to silence (natural endings measure ~80ms)
     25ms  known           1656ms  "আমি সকালে ভালো অনুভব করছি"
           a665dae1-2887-463e-baf5-d57e6b90f04c  rev 1  — ends abruptly — 25ms from full speech level to silence (natural endings measure ~80ms)
     25ms  known           1872ms  "এখন তুমি কি ক্লান্ত অনুভব করছো?"
           beeae2f9-964e-44aa-807e-31c6dbf46d02  rev 1  — ends abruptly — 25ms from full speech level to silence (natural endings measure ~80ms)
     25ms  known           1200ms  "ক্লান্ত অনুভব করা"
           cca02616-c97f-4316-9945-a8c1ad2b3224  rev 1  — ends abruptly — 25ms from full speech level to silence (natural endings measure ~80ms)
     25ms  known           2280ms  "আমি ঠিকঠাক অনুভব করতে শুরু করছি"
           f4a1b307-c3a0-456e-8679-8eec9651b36b  rev 1  — ends abruptly — 25ms from full speech level to silence (natural endings measure ~80ms)
     25ms  known           1704ms  "আমি উন্নতি করার চেষ্টা করছি"
           3112cd90-0a0f-43bb-bce6-612e7c04d99a  rev 1  — ends abruptly — 25ms from full speech level to silence (natural endings measure ~80ms)
     25ms  known           1272ms  "ভুল করা বন্ধ করা"
           48c42f70-4111-42a2-b242-2e8d487d64a5  rev 1  — ends abruptly — 25ms from full speech level to silence (natural endings measure ~80ms)
     25ms  known           2064ms  "তুমি কি ভুল করা পছন্দ করো?"
           4dab8cbc-aec5-4320-a970-0480ccc8be96  rev 1  — ends abruptly — 25ms from full speech level to silence (natural endings measure ~80ms)
     25ms  known           1824ms  "আমি সব কিছু বলার চেষ্টা করছি"
           53ac67c0-f188-4a84-b6db-ff004bd3842a  rev 1  — ends abruptly — 25ms from full speech level to silence (natural endings measure ~80ms)
     25ms  known           2400ms  "আমার এখন উন্নতি করার দরকার নেই"
           902c9a16-9563-4fb3-af97-c8e9d35671b9  rev 1  — ends abruptly — 25ms from full speech level to silence (natural endings measure ~80ms)
     25ms  known           1416ms  "উন্নতি করার চেষ্টা করা"
           a68e3079-9a48-462d-8e8c-f30d936f959a  rev 1  — ends abruptly — 25ms from full speech level to silence (natural endings measure ~80ms)
     25ms  known            984ms  "এখন শেষ করা"
           1be803d9-120d-4d63-9493-1021d8ee6ef5  rev 1  — ends abruptly — 25ms from full speech level to silence (natural endings measure ~80ms)
     25ms  known           1464ms  "আমি এরকম কথা বলতে চাই"
           44a32aac-75d4-467e-8dca-7463d492fc03  rev 1  — ends abruptly — 25ms from full speech level to silence (natural endings measure ~80ms)
     30ms  known           2064ms  "তুমি কি যত দ্রুত সম্ভব শেষ করতে চাও?"
           5139266e-c357-481e-b1cc-582dba810344  rev 1  — ends abruptly — 30ms from full speech level to silence (natural endings measure ~80ms); and speaks 18.9 chars/sec against a 15.2 baseline
     25ms  known           2160ms  "আমি যত দ্রুত সম্ভব কথা বলতে চাই"
           5387f691-f7bb-41ad-ad76-eaf3749e02d8  rev 1  — ends abruptly — 25ms from full speech level to silence (natural endings measure ~80ms)
     25ms  known           2256ms  "এটা একটা ভালো জিনিস শেখার জন্য"
           7f933be1-23e8-4f86-9f3d-6c5d11ef4f2d  rev 1  — ends abruptly — 25ms from full speech level to silence (natural endings measure ~80ms)
     25ms  known           2976ms  "আমি শিখছি, যদি তুমি জানো আমি কী বলছি"
           881f60d1-e7e0-4c3c-84fe-e6b9d857cca2  rev 1  — ends abruptly — 25ms from full speech level to silence (natural endings measure ~80ms)
     25ms  known           2400ms  "তুমি কি ইংরেজি শেখার বিষয়ে পরোয়া করো?"
           b07af42d-afd8-4a35-a5f0-72ca2f6c73a5  rev 1  — ends abruptly — 25ms from full speech level to silence (natural endings measure ~80ms)
     25ms  known           1704ms  "যত দ্রুত সম্ভব শেষ করা"
           d19587a1-a843-4afc-867d-f752cca3a66b  rev 1  — ends abruptly — 25ms from full speech level to silence (natural endings measure ~80ms)
     25ms  known           1536ms  "তুমি কি এরকম অনুভব করছো?"
           d26440f2-1c28-4ce4-9483-996ae1ab0a2a  rev 1  — ends abruptly — 25ms from full speech level to silence (natural endings measure ~80ms)
     25ms  known           2136ms  "আমি যত দ্রুত সম্ভব উন্নতি করতে চাই"
           d67f3abd-e6ab-4c7f-98a1-8fdafab10322  rev 1  — ends abruptly — 25ms from full speech level to silence (natural endings measure ~80ms)
     25ms  known           3264ms  "আমি ইংরেজি বলতে চাই, যদি তুমি জানো আমি কী বলছি"
           ec05c62c-cd27-4fdc-8cdf-e06675d12041  rev 1  — ends abruptly — 25ms from full speech level to silence (natural endings measure ~80ms)
     30ms  known           2064ms  "তুমি কতদিন ধরে ইংরেজি শিখছ?"
           4f0a4c87-d16f-4b04-a1ec-3194b8875591  rev 1  — ends abruptly — 30ms from full speech level to silence (natural endings measure ~80ms)
     30ms  known            768ms  "আমি চাই"
           6b79bdd3-551b-48ea-9295-ae2c37bbbe48  rev 1  — ends abruptly — 30ms from full speech level to silence (natural endings measure ~80ms)
     30ms  known           1488ms  "তুমি তার নাম কেন শিখছ?"
           a456cb0d-6630-473f-b3f5-2e2507a0803a  rev 1  — ends abruptly — 30ms from full speech level to silence (natural endings measure ~80ms)
     30ms  known           3144ms  "আমি অন্য কারো সাথে কথা বলার অভ্যাস করতে যাচ্ছি।"
           a6650dcd-6453-46f8-954f-f9239bef4129  rev 1  — ends abruptly — 30ms from full speech level to silence (natural endings measure ~80ms)
     30ms  known           2040ms  "আমি এখন একটু ইংরেজি কথা বলতে পারি।"
           c3e0a425-4338-4c85-9015-2e2250bedcee  rev 1  — ends abruptly — 30ms from full speech level to silence (natural endings measure ~80ms)
     30ms  presentation    4632ms  "ইংরেজিে — 'ইংরেজিতে' — যেমন — 'এখন ইংরেজিতে কিছু বলতে
           d03bf50f-3a90-408f-b036-f4fe675b8b41  rev 1  — ends abruptly — 30ms from full speech level to silence (natural endings measure ~80ms)
     30ms  known           2280ms  "কিন্তু আজ সকালে আমি একটু ক্লান্ত।"
           d335ae81-0409-432b-85af-dc891be45da9  rev 1  — ends abruptly — 30ms from full speech level to silence (natural endings measure ~80ms)
     30ms  presentation    2688ms  "ইংরেজিে — 'চেষ্টা করা' — যেমন — '' — হয়:"
           72dba5a0-fccd-4644-a71f-8e6fad531302  rev 1  — ends abruptly — 30ms from full speech level to silence (natural endings measure ~80ms)
     30ms  known            720ms  "তুমি বলতে"
           908538ac-c693-4c21-a9f5-ac82ed2c7455  rev 1  — ends abruptly — 30ms from full speech level to silence (natural endings measure ~80ms)
     30ms  presentation    5640ms  "ইংরেজিে — 'সবার সাথে' — যেমন — 'সবার সাথে অভ্যাস করতে
           9959e450-23c3-4459-912b-996dd937e690  rev 1  — ends abruptly — 30ms from full speech level to silence (natural endings measure ~80ms)
     30ms  presentation    5016ms  "ইংরেজিে — 'পছন্দ করতাম' — যেমন — 'আমি কথা বলতে পছন্দ 
           c21c0e8c-11b5-409a-a57a-336897d902ed  rev 1  — ends abruptly — 30ms from full speech level to silence (natural endings measure ~80ms)
     30ms  known           1032ms  "তুমি কি বলো"
           ea2a3b7f-f2c5-4efb-a4a2-ee15afdd1366  rev 1  — ends abruptly — 30ms from full speech level to silence (natural endings measure ~80ms)
     30ms  presentation    3600ms  "ইংরেজিে — 'গল্পটা' — যেমন — 'আমরা গল্পটা থামাতে চাই ন
           421464cb-c95e-4d9d-9369-16afaabbc470  rev 1  — ends abruptly — 30ms from full speech level to silence (natural endings measure ~80ms)
     30ms  presentation    2160ms  "ইংরেজিে — 'উপকারী' — যেমন — '' — হয়:"
           5f9131d5-21af-49fd-af66-132c470bc259  rev 1  — ends abruptly — 30ms from full speech level to silence (natural endings measure ~80ms)
     30ms  presentation    4824ms  "ইংরেজিে — 'গতকাল' — যেমন — 'গতকাল তোমার সাথে কথা বলতে
           7ebeeafa-6f76-4336-8dff-297e63c00268  rev 1  — ends abruptly — 30ms from full speech level to silence (natural endings measure ~80ms)
     30ms  known            600ms  "কারণ"
           915b37d5-b36f-485e-afda-d3a9cbc49953  rev 1  — ends abruptly — 30ms from full speech level to silence (natural endings measure ~80ms)
     30ms  presentation    3336ms  "ইংরেজিে — 'যত তাড়াতাড়ি সম্ভব' — যেমন — '' — হয়:"
           9673645d-12c2-496c-a0fc-62e2ea37ad0f  rev 1  — ends abruptly — 30ms from full speech level to silence (natural endings measure ~80ms)
     30ms  presentation    3360ms  "ইংরেজিে — 'তুমি শিখছিলে' — যেমন — '' — হয়:"
           b9852c7b-b278-45d0-b74c-68eb6802ba1c  rev 1  — ends abruptly — 30ms from full speech level to silence (natural endings measure ~80ms)
     30ms  presentation    2424ms  "ইংরেজিে — 'আরো বেশি' — যেমন — '' — হয়:"
           be60955b-1de5-4935-a4ba-db42df8008ee  rev 1  — ends abruptly — 30ms from full speech level to silence (natural endings measure ~80ms)
     30ms  known            912ms  "আজ বিকেলে"
           f4ab10c1-f9da-4764-88ce-5a3136b6e25b  rev 1  — ends abruptly — 30ms from full speech level to silence (natural endings measure ~80ms)
     30ms  known           1080ms  "কেমন অনুভব করছ"
           ff6d0ab5-136b-4d6f-9106-a9f004fc69f7  rev 1  — ends abruptly — 30ms from full speech level to silence (natural endings measure ~80ms)
     30ms  known           1512ms  "আমি এখন কথা বলতে চাই।"
           2e2aa6f5-2c71-4dfc-b9b6-61a305f5b6a3  rev 1  — ends abruptly — 30ms from full speech level to silence (natural endings measure ~80ms)
     30ms  known           1176ms  "এখন ইংরেজি চাই।"
           92382fc9-7130-41d9-8f37-caf42513dac2  rev 1  — ends abruptly — 30ms from full speech level to silence (natural endings measure ~80ms)
     30ms  known           1728ms  "আমি তোমার সাথে ইংরেজি চাই।"
           cbb45775-5aea-4c67-803c-5e2510b6d4d9  rev 1  — ends abruptly — 30ms from full speech level to silence (natural endings measure ~80ms)
     30ms  known           3192ms  "আমি অন্য কারো সাথে কথা বলা অভ্যাস করতে যাচ্ছি।"
           1fa7481f-378f-45c3-88b8-27a0600bf4a5  rev 1  — ends abruptly — 30ms from full speech level to silence (natural endings measure ~80ms)
     30ms  known           1128ms  "আমি শিখতে যাচ্ছি।"
           5fdf7574-90d1-46c6-9617-a2769ec0bd9f  rev 1  — ends abruptly — 30ms from full speech level to silence (natural endings measure ~80ms)
     30ms  known           1776ms  "তোমার সাথে একটা শব্দ বলতে চাই।"
           a163ad77-fb85-4b02-8c8c-2a8ae1d0ae41  rev 1  — ends abruptly — 30ms from full speech level to silence (natural endings measure ~80ms)
     30ms  known           1632ms  "অন্য কারো সাথে কথা বলতে"
           a54aa0f6-e126-4ced-87e0-743e6b14e24d  rev 1  — ends abruptly — 30ms from full speech level to silence (natural endings measure ~80ms)
     30ms  known           2016ms  "এখন বোঝানোর চেষ্টা করতে যাচ্ছি।"
           21620a29-b265-4a19-b077-e45ff008bd6e  rev 1  — ends abruptly — 30ms from full speech level to silence (natural endings measure ~80ms)
     30ms  known            576ms  "আমার"
           3f1c9f20-ff7a-4401-8790-b253df55c7a3  rev 1  — ends abruptly — 30ms from full speech level to silence (natural endings measure ~80ms)
     30ms  known           2352ms  "আমি যতটা পারি চেষ্টা করতে চাই।"
           5ea3c09d-6a21-4a47-8fbd-7efb8107b1e3  rev 1  — ends abruptly — 30ms from full speech level to silence (natural endings measure ~80ms)
     30ms  known           1992ms  "আজ কথা বলা অভ্যাস করতে যাচ্ছি।"
           7e7d9f73-2306-4ac8-a062-7642bfc508e6  rev 1  — ends abruptly — 30ms from full speech level to silence (natural endings measure ~80ms)
     30ms  known           2016ms  "আমি নিশ্চিত না কীভাবে শিখব।"
           81dc3394-f26e-4242-ba27-251c0bd4c1ca  rev 1  — ends abruptly — 30ms from full speech level to silence (natural endings measure ~80ms)
     30ms  known           1824ms  "এখন একটু অভ্যাস করতে চাই।"
           c6f27607-2b0a-4a9e-9cb5-dce2efdd0efd  rev 1  — ends abruptly — 30ms from full speech level to silence (natural endings measure ~80ms)
     30ms  known           2328ms  "আমি নিশ্চিত না যে বলতে পারব কিনা।"
           d066a542-dec0-451e-8953-8049ce628302  rev 1  — ends abruptly — 30ms from full speech level to silence (natural endings measure ~80ms)
     30ms  target1          624ms  "my"
           f02f9b84-a51b-43de-aa5d-152954d87815  rev 1  — ends abruptly — 30ms from full speech level to silence (natural endings measure ~80ms)
     30ms  known           1848ms  "নিশ্চিত না কীভাবে বোঝাতে হয়।"
           fa266254-15af-4d95-987b-a491f863c797  rev 1  — ends abruptly — 30ms from full speech level to silence (natural endings measure ~80ms)
     30ms  known           1608ms  "কাল তোমার সাথে কথা বলতে"
           871b001d-0cb2-4e54-affd-5cae667f58cc  rev 1  — ends abruptly — 30ms from full speech level to silence (natural endings measure ~80ms)
     30ms  known           1224ms  "পুরো বাক্যটা বলতে"
           8dd72e7c-ea9d-476d-9dc1-9b0b72318d87  rev 1  — ends abruptly — 30ms from full speech level to silence (natural endings measure ~80ms)
     30ms  known           1824ms  "আমি চেষ্টা করতে চাইতাম না।"
           a36ba2cf-cdf1-4f26-8b14-57f2267899ff  rev 1  — ends abruptly — 30ms from full speech level to silence (natural endings measure ~80ms)
     30ms  known           2640ms  "তুমি শেষ করার পরে কথা বলতে পছন্দ করতাম।"
           dcb23aa9-120c-4af6-8f8d-7abeabef03a4  rev 1  — ends abruptly — 30ms from full speech level to silence (natural endings measure ~80ms)
     30ms  known           2136ms  "আর সারাদিন কথা বলার অভ্যাস করতে চাই"
           3e0f5806-8b48-434d-bb0f-365fddd19a07  rev 1  — ends abruptly — 30ms from full speech level to silence (natural endings measure ~80ms)
     30ms  known           2616ms  "আমি চাই তুমি খুব ভালো ইংরেজি বলতে।"
           48e99741-1d7d-4ad5-b3e0-5110f570bceb  rev 1  — ends abruptly — 30ms from full speech level to silence (natural endings measure ~80ms)
     30ms  known           2040ms  "তুমি কি খুব ভালো ইংরেজি বলো?"
           5aa0fcda-488e-4602-abc5-8a15eb94a2cf  rev 1  — ends abruptly — 30ms from full speech level to silence (natural endings measure ~80ms)
     30ms  known           2016ms  "তুমি খুব ভালো ইংরেজি বলো।"
           7e72db00-de86-41a0-9dc1-d78070071890  rev 1  — ends abruptly — 30ms from full speech level to silence (natural endings measure ~80ms)
     30ms  known           2064ms  "তুমি অন্য কারো সাথে ইংরেজি বলো।"
           ed7f0fa3-65fb-427b-a821-108f21ce8be5  rev 1  — ends abruptly — 30ms from full speech level to silence (natural endings measure ~80ms)
     30ms  known           1848ms  "আমি সবার সাথে ইংরেজি বলতে চাই।"
           35797621-ec68-41c7-8a9a-1164ee8f5563  rev 1  — ends abruptly — 30ms from full speech level to silence (natural endings measure ~80ms)
     30ms  known           1848ms  "আমরা সারাদিন ইংরেজি বলতে চাই।"
           6055e106-dd30-43b7-932e-ee7deed6171b  rev 1  — ends abruptly — 30ms from full speech level to silence (natural endings measure ~80ms)
     30ms  known           1872ms  "আমরা খুব ভালো ইংরেজি বলতে চাই।"
           aad207ba-65ae-46f4-9640-fc52ae096258  rev 1  — ends abruptly — 30ms from full speech level to silence (natural endings measure ~80ms)
     30ms  known           1464ms  "উত্তরটা কী নিশ্চিত না।"
           e95724c2-7dde-4eb2-80c0-cf66dec39ada  rev 1  — ends abruptly — 30ms from full speech level to silence (natural endings measure ~80ms)
     30ms  known           2184ms  "এই সন্ধ্যায় তোমার সাথে কথা বলতে চাই।"
           17f65a4d-02bb-4fd3-a042-ad2cc2e5f800  rev 1  — ends abruptly — 30ms from full speech level to silence (natural endings measure ~80ms)
     30ms  known            888ms  "চাই না বলতে"
           85d688df-a387-4619-a36c-0b943fc84778  rev 1  — ends abruptly — 30ms from full speech level to silence (natural endings measure ~80ms)
     30ms  known           2592ms  "শীঘ্রই আরো বেশি কথা বলতে থাকা শুরু করতে"
           2d2fab43-3254-4e07-ad87-f078d0eee5aa  rev 1  — ends abruptly — 30ms from full speech level to silence (natural endings measure ~80ms)
     30ms  known           1608ms  "কারণ আমি ইংরেজি বলতে চাই"
           2eb2fd6a-f655-4ca8-b0a1-5fbe4558178b  rev 1  — ends abruptly — 30ms from full speech level to silence (natural endings measure ~80ms)
     30ms  known           1608ms  "তুমি কি ওর নাম জানতে চাও?"
           61866697-e472-4797-a18c-4d329678b8fa  rev 1  — ends abruptly — 30ms from full speech level to silence (natural endings measure ~80ms)
     30ms  known           2328ms  "শীঘ্রই আরো বেশি ইংরেজি বলার"
           8c69946d-4d88-458d-bc76-ec2e7c6d1ac4  rev 1  — ends abruptly — 30ms from full speech level to silence (natural endings measure ~80ms)
     30ms  known           1176ms  "ওর নাম মনে রাখতে"
           a513ccf2-2afa-485c-a3e1-81a6d1bda898  rev 1  — ends abruptly — 30ms from full speech level to silence (natural endings measure ~80ms)
     30ms  known           1536ms  "শীঘ্রই দেখা করতে যাচ্ছি।"
           ebf2debd-2802-44a3-b149-e0c006e0e8f9  rev 1  — ends abruptly — 30ms from full speech level to silence (natural endings measure ~80ms)
     30ms  known            864ms  "কথা বলে"
           f180cd47-5a9a-49e1-a1b3-e80d21294108  rev 1  — ends abruptly — 30ms from full speech level to silence (natural endings measure ~80ms)
     30ms  known           2088ms  "সারাদিন ইংরেজি বলতে ভালো লাগে।"
           1b80979d-2b55-4ee2-822d-22cf0efd384b  rev 1  — ends abruptly — 30ms from full speech level to silence (natural endings measure ~80ms)
     30ms  known           1728ms  "তুমি কি সাহায্য করতে যাবে?"
           a01daffc-abbb-4862-ac08-593f7c767714  rev 1  — ends abruptly — 30ms from full speech level to silence (natural endings measure ~80ms)
     30ms  known           1680ms  "প্রায় যাওয়ার জন্য তৈরি এখন"
           ab3aa909-4a68-4bff-8a05-e88bc01851ee  rev 1  — ends abruptly — 30ms from full speech level to silence (natural endings measure ~80ms)
     30ms  known           2616ms  "সহজে দেখা করতে পারব কিনা নিশ্চিত না"
           bd2c18da-ef00-4052-9e73-ede008b35af9  rev 1  — ends abruptly — 30ms from full speech level to silence (natural endings measure ~80ms)
     30ms  known           2256ms  "কারণ দ্রুত উত্তর দিতে ভালো লাগে।"
           08789375-3a1e-4c84-b81b-61bb164097e0  rev 1  — ends abruptly — 30ms from full speech level to silence (natural endings measure ~80ms)
     30ms  known           1440ms  "শীঘ্রই শুরু করা উপকারী।"
           338bf562-04d2-4f94-8436-4f40672a6ec3  rev 1  — ends abruptly — 30ms from full speech level to silence (natural endings measure ~80ms)
     30ms  known           2232ms  "দ্রুত শেখার জন্য অপেক্ষায় আছি।"
           6ee870b5-d151-4dc7-8ce6-65d80e0ce3a9  rev 1  — ends abruptly — 30ms from full speech level to silence (natural endings measure ~80ms)
     30ms  known           1392ms  "কিছু বলতে চেয়েছিলাম।"
           8ee47615-c2fa-4795-b4e3-ef686a257c58  rev 1  — ends abruptly — 30ms from full speech level to silence (natural endings measure ~80ms)
     30ms  known           2616ms  "শীঘ্রই অনেক বেশি শিখতে অপেক্ষায় আছি।"
           c4fbf1f3-3535-46b6-9d57-5748f238843d  rev 1  — ends abruptly — 30ms from full speech level to silence (natural endings measure ~80ms)
     30ms  known           1824ms  "কতদিন ধরে ইংরেজি বলতে চাও?"
           382dc4a7-f0a3-4d4a-86fb-9c6ea08a196b  rev 1  — ends abruptly — 30ms from full speech level to silence (natural endings measure ~80ms)
     30ms  known           1608ms  "কারণ সে থামাতে চায় না।"
           a97cccb0-fea5-4dd7-beb5-b7056ac55c25  rev 1  — ends abruptly — 30ms from full speech level to silence (natural endings measure ~80ms)
     30ms  known           2232ms  "তুমি কি কিছু জিজ্ঞেস করতে চেয়েছিলে?"
           df804ef9-0954-484e-8423-b422b2e5f3cb  rev 1  — ends abruptly — 30ms from full speech level to silence (natural endings measure ~80ms)
     30ms  known           1824ms  "শিখতে শুরু করেছিলাম গতকাল।"
           0e91c8d9-fa03-446f-8872-c9c247d69264  rev 1  — ends abruptly — 30ms from full speech level to silence (natural endings measure ~80ms)
     30ms  known           2088ms  "অন্য মানুষ থাকলে ইংরেজি বলতে চাই।"
           5ea566e0-e7c5-4838-8ea7-d4d45e662294  rev 1  — ends abruptly — 30ms from full speech level to silence (natural endings measure ~80ms)
     30ms  known           1992ms  "মেয়েটি ইংরেজি বলতে চায় না আজ।"
           d9dc2580-8dcc-47a4-a4d0-7211ba2156ed  rev 1  — ends abruptly — 30ms from full speech level to silence (natural endings measure ~80ms)
     30ms  known           2232ms  "সে আজ রাতে চুপ থাকতে চায় না।"
           dff8211e-fe18-4c9a-b7e0-e198e8098fb6  rev 1  — ends abruptly — 30ms from full speech level to silence (natural endings measure ~80ms)
     30ms  known           1032ms  "আমি এখন শিখছি।"
           31e670a0-8f78-4f8a-b335-ea8af88a2994  rev 1  — ends abruptly — 30ms from full speech level to silence (natural endings measure ~80ms)
     30ms  known           2352ms  "প্রায় এক সপ্তাহ ধরে ইংরেজি শিখছি"
           65c23e33-cdfe-4be6-aefb-cd794d7a8830  rev 1  — ends abruptly — 30ms from full speech level to silence (natural endings measure ~80ms)
     30ms  known            984ms  "আমি ঠিকঠাক"
           1aca306c-2b65-4fb2-bd1e-87e52dae3644  rev 1  — ends abruptly — 30ms from full speech level to silence (natural endings measure ~80ms)
     30ms  known           2136ms  "আমি গতকালের চেয়ে ভালো অনুভব করছি"
           5229f915-3559-4cec-b7fa-b35df6e50cc5  rev 1  — ends abruptly — 30ms from full speech level to silence (natural endings measure ~80ms)
     30ms  known           2400ms  "আমি কীভাবে উত্তর দেব তা নিয়ে ভাবতে চাই"
           df56be75-f75c-41d4-99be-dff275f9b6c6  rev 1  — ends abruptly — 30ms from full speech level to silence (natural endings measure ~80ms)
     30ms  known           2376ms  "তুমি কি গতকালের চেয়ে ভালো অনুভব করছো?"
           f8e92782-77ff-4cd0-9543-2a62a1caf41c  rev 1  — ends abruptly — 30ms from full speech level to silence (natural endings measure ~80ms)
     30ms  known           1704ms  "আমার উন্নতি করতে হবে"
           81b33129-d5d6-4be3-a111-e2cea1fdacc2  rev 1  — ends abruptly — 30ms from full speech level to silence (natural endings measure ~80ms)
     30ms  known           2088ms  "আমার ইংরেজি উন্নতি করতে হবে"
           a3aa99dc-79e1-4e52-b2a6-404351e28095  rev 1  — ends abruptly — 30ms from full speech level to silence (natural endings measure ~80ms)
     30ms  known           1104ms  "আমি আরো জানতে চাই"
           a9a5afc6-0a3f-421c-b4b1-0a422a50d691  rev 1  — ends abruptly — 30ms from full speech level to silence (natural endings measure ~80ms)
     30ms  known           1224ms  "সব কিছু মনে রাখা"
           ed698bff-7099-4fd5-b48e-76c7bef062de  rev 1  — ends abruptly — 30ms from full speech level to silence (natural endings measure ~80ms)
     30ms  known           3984ms  "আমি একটা ভালো জিনিস করতে চাই, যদি তুমি জানো আমি কী বল
           0f694b03-a677-41a1-810a-3608bcabd256  rev 1  — ends abruptly — 30ms from full speech level to silence (natural endings measure ~80ms)
     30ms  known           1296ms  "শেখা নিয়ে পরোয়া করা"
           2f7227ea-9de3-4969-889a-6948eed8214b  rev 1  — ends abruptly — 30ms from full speech level to silence (natural endings measure ~80ms)
     30ms  known           1800ms  "আমি শেখার বিষয়ে পরোয়া করি"
           3670a735-d918-42bb-9fe8-2a7cd13b7160  rev 1  — ends abruptly — 30ms from full speech level to silence (natural endings measure ~80ms)
     30ms  known           1536ms  "এটা একটা ভালো জিনিস করতে"
           369e40f6-f20b-4233-828d-0f7549eaf87a  rev 1  — ends abruptly — 30ms from full speech level to silence (natural endings measure ~80ms)
     30ms  known           2808ms  "আমি কীভাবে কথা বলতে হয় তা নিয়ে পরোয়া করি"
           3c45a7d6-7187-4b45-b30f-a5eca5fa5039  rev 1  — ends abruptly — 30ms from full speech level to silence (natural endings measure ~80ms)
     30ms  known           2784ms  "এটা ভালো, যদি তুমি জানো আমি কী বলছি"
           48a448b6-8a87-482a-aea1-5766a49bdcab  rev 1  — ends abruptly — 30ms from full speech level to silence (natural endings measure ~80ms)
     30ms  known           3408ms  "এটা একটা ভালো জিনিস, যদি তুমি জানো আমি কী বলছি"
           8eb55e8f-b3c0-4e28-817f-f8cc777b1544  rev 1  — ends abruptly — 30ms from full speech level to silence (natural endings measure ~80ms)
     30ms  known           2400ms  "তুমি কি মনে করো এটা একটা ভালো জিনিস?"
           b1fee584-04aa-4b1f-a761-bc89ede040bd  rev 1  — ends abruptly — 30ms from full speech level to silence (natural endings measure ~80ms)
    0.619  target1         1944ms  "because I'm not going to be able to remember"
           3f6f8f3d-0bcb-4702-8b7a-a34af723aafb  rev 1  — 38% shorter than its text implies
    0.629  target2         1392ms  "did you want to show something?"
           28caad11-749c-4d37-9196-cce8276ecb5c  rev 1  — 37% shorter than its text implies
     0.64  target1         1464ms  "are you going to come back soon?"
           a74de8a4-6bad-4861-952f-1015effa4bea  rev 1  — 36% shorter than its text implies
     0.64  known            960ms  "তুমি কি ভুল করতে চাও?"
           f29f442b-3347-4e93-a30a-697ec97b3830  rev 1  — 36% shorter than its text implies
    0.643  known           1608ms  "ইংরেজি বলতে পারা শেখার চেষ্টা করছি।"
           143a7abe-e82b-46a9-b279-14ef27e9bc20  rev 1  — 36% shorter than its text implies
    0.649  target2         2040ms  "I'm not sure what's going to happen tomorrow"
           a0e8c57c-82ac-491e-bb77-00891885b530  rev 1  — 35% shorter than its text implies
    0.652  target2         1584ms  "you don't need to learn everything"
           64c1b607-bcee-4fb6-9a19-eb5ccf6bc1a4  rev 1  — 35% shorter than its text implies
    0.658  target1         2208ms  "I wouldn't like to guess what's going to happen"
           f04ccb7e-e0f6-449b-adae-75d77af53850  rev 1  — 34% shorter than its text implies
    0.661  target1         1464ms  "because he doesn't want to stop"
           a32e268c-14cc-415f-8e1c-6eaada9fb2a2  rev 1  — 34% shorter than its text implies
    0.661  target2         1512ms  "how long have you been learning?"
           c216df26-eb70-4fa6-b549-a50320f86704  rev 1  — 34% shorter than its text implies
    0.672  known           1584ms  "ইংরেজিতে কথা বলা অভ্যাস করতে চাই।"
           ec8cd473-f0f2-4c54-b616-b34357962123  rev 1  — 33% shorter than its text implies
    0.672  known            720ms  "আমি নিশ্চিত না।"
           4391faef-fac5-43ca-9289-12898f104c3f  rev 1  — 33% shorter than its text implies
    0.672  known           1344ms  "উত্তরটা কী বলার চেষ্টা করছি।"
           c616b4b7-f983-4ea6-b4a2-22004c945d4a  rev 1  — 33% shorter than its text implies
    0.672  target1         1728ms  "are you going to learn more English?"
           8e469480-647f-48c1-b70f-29305e0aec27  rev 1  — 33% shorter than its text implies
    0.672  target2         1824ms  "because I think that it's a good thing"
           4195ec92-0467-4043-b1ce-44b59723ca2a  rev 1  — 33% shorter than its text implies
     0.68  target1         2088ms  "I've been learning English for about a week"
           0f5209df-2e99-4383-9ea7-5b1a2679660a  rev 1  — 32% shorter than its text implies
    0.682  known           1608ms  "সারাদিন ইংরেজি শেখার চেষ্টা করছি।"
           b23e4398-a614-4dd1-9a32-a2c9f7d2e26b  rev 1  — 32% shorter than its text implies
    0.683  known           1464ms  "ইংরেজিতে কথা বলার চেষ্টা করছি।"
           8c640de3-d79e-4112-8329-da7481e8c4e5  rev 1  — 32% shorter than its text implies
    0.683  known           1512ms  "সবার সাথে কথা বলার চেষ্টা করছি।"
           83420bef-fb8e-4f75-8a33-6dc2a43c5b24  rev 1  — 32% shorter than its text implies
    0.686  target2         1176ms  "you want to say anything"
           a45b2c4d-0cfe-45a4-a110-7ee29a642b1f  rev 1  — 31% shorter than its text implies
    0.689  target1         1920ms  "do you want to say anything in English?"
           616be6b4-e8a4-445f-b782-c51e087ef1b1  rev 1  — 31% shorter than its text implies
    0.691  target1         2568ms  "I don't want to interrupt when other people are here"
           902d6026-1280-4324-8d7d-836ecf271464  rev 1  — 31% shorter than its text implies
    0.692  target2         1680ms  "Did you want to show me something?"
           8cd7c990-bf46-49dd-997c-302df1a37e64  rev 1  — 31% shorter than its text implies
    0.694  target2         1488ms  "have you been learning English"
           6f1f66c9-de94-4ec0-994f-cb4a7d06ea66  rev 1  — 31% shorter than its text implies
    0.695  target1         2184ms  "I'm not going to be able to remember easily."
           5193e029-f988-4c21-9711-0ae3432350a7  rev 1  — 31% shorter than its text implies
    0.696  target2         2784ms  "I wouldn't like to guess what's going to happen tomor
           0870e987-13a4-4424-b898-8bb2e5dcb74e  rev 1  — 30% shorter than its text implies
    0.697  target2         1992ms  "How long have you been learning English?"
           37950833-60cf-4007-bb15-3c5d8fe04f56  rev 1  — 30% shorter than its text implies
    0.697  target1         1344ms  "I'm trying to say something"
           c7833498-f0a4-441e-bb27-0d127c203a78  rev 1  — 30% shorter than its text implies
    0.697  target1         1992ms  "do you want to practise English with me?"
           226bbd98-7801-41ca-86e1-5f175c8d55bf  rev 1  — 30% shorter than its text implies
    0.698  target1         1944ms  "she doesn't want to read this afternoon"
           152b2f88-0007-45e2-98e9-150f2e806a76  rev 1  — 30% shorter than its text implies
    0.699  target2         1848ms  "I'd like to be able to speak with you"
           44076b8f-784e-4dcd-be00-cd0b3853036a  rev 1  — 30% shorter than its text implies
    0.699  target1         1248ms  "because it's a good thing"
           44dd07fa-4ad6-44b8-81d2-9b5981a4f6ee  rev 1  — 30% shorter than its text implies
    0.702  target1         1704ms  "Did you want to show me something?"
           5606c7bf-6081-4bca-bee2-e60a2a648432  rev 1  — 30% shorter than its text implies
    0.703  target1         2712ms  "he doesn't want to be quiet when other people are her
           dc19a659-48e7-4292-b96c-2d1496a062e2  rev 1  — 30% shorter than its text implies
    0.703  known           2160ms  "আমি অন্য কারো সাথে কথা বলা অভ্যাস করতে চাই।"
           b389b118-2156-4875-b24c-24a48b01df44  rev 1  — 30% shorter than its text implies
    0.703  target1         2760ms  "I'm looking forward to learning more as soon as you c
           6613192a-baef-4b4a-bfb5-e0377e11f79e  rev 1  — 30% shorter than its text implies
    0.705  target2         1560ms  "do you think it's a good thing?"
           5a2e5c15-a8ed-47ab-a593-9b37408eb9a1  rev 1  — 30% shorter than its text implies
    0.706  target1         2016ms  "I've been learning English at the moment"
           822e2df4-0c93-4f08-bdf8-4d92ce7a7cf3  rev 1  — 29% shorter than its text implies
    0.707  target2         2424ms  "I'd like to meet with everyone else this evening"
           b14c9564-17e3-4895-842f-763f655de53b  rev 1  — 29% shorter than its text implies
    0.707  target2         1464ms  "do you want to help everyone?"
           29eea55c-2982-4d63-aea4-9b22ccc16356  rev 1  — 29% shorter than its text implies
    0.707  target1         1464ms  "because I don't like to think"
           53d77eb7-acca-44b7-b1f5-2205bb17ce69  rev 1  — 29% shorter than its text implies
    0.708  target1         1872ms  "We don't want to interrupt the story."
           515a62be-55d6-4faa-b625-d423ce775198  rev 1  — 29% shorter than its text implies
    0.708  target1         1416ms  "do you think that it's good?"
           4368e276-c11d-49fa-ba47-4be200fe7e61  rev 1  — 29% shorter than its text implies
    0.709  target2         1368ms  "are you going to meet soon?"
           ba6de4fd-74c6-4159-b242-d8d61b16fadb  rev 1  — 29% shorter than its text implies
    0.709  target1         1368ms  "have you been learning now?"
           0a855ec0-fbdd-490e-9384-43a5bb720c59  rev 1  — 29% shorter than its text implies
     0.71  target2         2232ms  "because I'm not going to be able to remember"
           f70a5ecd-8555-4833-b4c8-b1e9265e2917  rev 1  — 29% shorter than its text implies
    0.711  target2         2184ms  "and I'm going to practise speaking tomorrow"
           9183868a-1a1e-427e-b576-fbb437d559cc  rev 1  — 29% shorter than its text implies
    0.711  target1         1320ms  "you wanted to meet tonight"
           8a93c9f8-1b64-47ca-88e6-94b6a05dcbb1  rev 1  — 29% shorter than its text implies
    0.712  known           1272ms  "কিন্তু সে ফিরে আসতে চায়।"
           9e46cfa7-5c1a-4e57-a7c6-52e3358aaf0c  rev 1  — 29% shorter than its text implies
    0.712  target2         2592ms  "I don't want to be quiet when other people are here"
           23a1f70b-d208-4ccb-ab15-5aabad030d92  rev 1  — 29% shorter than its text implies
    0.714  target1         2856ms  "I wouldn't like to guess what's going to happen tomor
           dd430fdd-df3c-4006-a976-6fca136f880a  rev 1  — 29% shorter than its text implies
    0.715  target1         1584ms  "have you been learning with me?"
           794143a0-40fa-4d72-851b-00562316181d  rev 1  — 28% shorter than its text implies
    0.715  known           1584ms  "তুমি কি ইংরেজি নিয়ে ভাবতে চাও?"
           44b6993b-5997-4016-9813-1f066d938f5b  rev 1  — 28% shorter than its text implies
    0.715  target1         1584ms  "do you want to know everything?"
           de871504-d522-4e79-a238-8c94746dc8f0  rev 1  — 28% shorter than its text implies
    0.716  presentation    2352ms  "ইংরেজিে — 'মেয়েটি চায় না' — যেমন — '' — হয়:"
           0d48e06d-4b3f-4ce9-941e-bddf1294a32f  rev 1  — 28% shorter than its text implies
    0.716  target2         1176ms  "if you know what I mean"
           15c716e6-286e-46aa-b309-425a63b22cae  rev 1  — 28% shorter than its text implies
    0.716  known           1176ms  "তুমি তার নাম শিখতে চাও।"
           65da1225-3cbb-4521-a7b5-c087fa3ab97d  rev 1  — 28% shorter than its text implies
    0.716  target1         1176ms  "you don't want to stop?"
           7906fdc8-d62d-4189-961b-56eb1861aa9b  rev 1  — 28% shorter than its text implies
    0.716  target2         1176ms  "you don't want to stop?"
           c47da4f5-3be1-4f70-bde2-a4ca59dda2b7  rev 1  — 28% shorter than its text implies
    0.717  target2         1536ms  "I'd like to come back tomorrow"
           60b54c99-1659-4720-b4c1-0f99cd42ac51  rev 1  — 28% shorter than its text implies
    0.717  target1         2304ms  "do you want to meet people who speak English?"
           f04a2ece-3e71-49a3-8d66-a317b08a892e  rev 1  — 28% shorter than its text implies
    0.717  target2         2304ms  "I'm looking forward to speaking more with you"
           11c7d872-d995-41a0-8d15-af6ad2895c76  rev 1  — 28% shorter than its text implies
    0.717  target1         1536ms  "have you been learning English"
           c27cc86a-1ff0-4c9d-b806-7309909d469d  rev 1  — 28% shorter than its text implies
    0.717  target1         1896ms  "have you been learning English today?"
           fc7f0ecf-05fe-45b2-9fe3-7fb86555c1ef  rev 1  — 28% shorter than its text implies
    0.718  target1         1488ms  "how do you feel this evening?"
           1a7590a8-f62d-487d-a7bb-1695aa5dfd8a  rev 1  — 28% shorter than its text implies
    0.718  target1         1128ms  "do you want to finish?"
           e4f26920-3e2b-4e41-ae18-2b0525e27db0  rev 1  — 28% shorter than its text implies
    0.719  target2         2208ms  "I'm going to practise with someone else now"
           8d9c894b-57a9-494a-8934-9d222c662eae  rev 1  — 28% shorter than its text implies
     0.72  target1         2160ms  "I wouldn't like to speak with someone else"
           db670836-8d78-40dd-9170-ad8462f9d445  rev 1  — 28% shorter than its text implies
     0.72  target1         2160ms  "how long did you want to speak in English?"
           1c4ef1c7-8857-4432-a6f7-33fe0ec6f3c1  rev 1  — 28% shorter than its text implies
     0.72  target2         1440ms  "do you think that it's good?"
           26a11c95-6f38-4fa3-aedf-de8e9b41e4ae  rev 1  — 28% shorter than its text implies
    0.721  target1         2472ms  "I'd like to meet with everyone else this evening"
           e023bd56-52aa-4106-b308-848a52c4b943  rev 1  — 28% shorter than its text implies
    0.723  target1         2376ms  "why do you want to practise with someone else?"
           9b0f2aaf-f4a6-48be-894a-d8e6a5d3d035  rev 1  — 28% shorter than its text implies
    0.725  target1         1656ms  "I want to say something with you"
           58cdfff6-52cd-4038-a700-e0cc248a5c5b  rev 1  — 28% shorter than its text implies
    0.726  target1         1920ms  "I'm going to learn something tomorrow"
           94a2e7df-015d-456e-a4c8-f2da39380b7b  rev 1  — 27% shorter than its text implies
    0.726  target1         1608ms  "he doesn't want to stop talking"
           82221bd0-8ef8-4e87-ab0f-319dc66fca5c  rev 1  — 27% shorter than its text implies
    0.726  target2         1608ms  "do you want to know everything?"
           b8980682-133c-4cf3-8448-efc8336d58e2  rev 1  — 27% shorter than its text implies
    0.726  target2         2592ms  "I want to do a good thing, if you know what I mean"
           8fe9b528-ee6c-430e-be4d-e6027dc8300d  rev 1  — 27% shorter than its text implies
    0.727  target1         2544ms  "I want to think about it carefully this afternoon"
           c18d0e08-4a0e-4945-b806-54a67dcb17d1  rev 1  — 27% shorter than its text implies
    0.728  target2         2184ms  "it's a good thing, if you know what I mean"
           67ae0872-70fb-428c-b822-d200b767878d  rev 1  — 27% shorter than its text implies
    0.729  target2         2448ms  "I wouldn't like to guess what's going to happen"
           d5637357-284f-46e5-8546-ca041c053123  rev 1  — 27% shorter than its text implies
     0.73  target1         1824ms  "I'd like to speak with you tomorrow"
           c944af9f-9d04-4e63-9050-1b3d76746197  rev 1  — 27% shorter than its text implies
     0.73  known           1200ms  "তুমি পরে ফিরে আসতে চাও।"
           10bc9dbd-ca21-4759-80a1-484191325b8c  rev 1  — 27% shorter than its text implies
     0.73  target2         1200ms  "do you want to help me?"
           b93028bd-bdf0-4b5e-8d19-0bbfd56dc08b  rev 1  — 27% shorter than its text implies
     0.73  target1         1512ms  "how do you feel this morning?"
           0af62344-5c1f-49ed-b12f-5f1431ce4bbd  rev 1  — 27% shorter than its text implies
    0.731  target2         2088ms  "do you want to practise English with me?"
           c5ebf208-88da-4c73-9d0b-1665c35b4359  rev 1  — 27% shorter than its text implies
    0.733  target2         2304ms  "I'm not going to be able to remember easily."
           322aaf92-3655-4248-b8e0-e7ffe1d2b165  rev 1  — 27% shorter than its text implies
    0.733  target2         1728ms  "you want to speak English all day"
           9d8caea8-ba27-49ff-949f-1dce923d3cbf  rev 1  — 27% shorter than its text implies
    0.733  target1         1728ms  "because you want to learn quickly"
           e55680ac-e48d-4753-a449-b8f0cbf6d9d6  rev 1  — 27% shorter than its text implies
    0.733  known           1728ms  "আরো বেশি ইংরেজি বলার চেষ্টা করছি।"
           ed828533-efa8-4287-af66-7b85372f60be  rev 1  — 27% shorter than its text implies
    0.734  target1         1416ms  "but you don't want to stop?"
           47382e17-a38b-42c0-8aa4-5c5eae5da71d  rev 1  — 27% shorter than its text implies
    0.734  target2         1416ms  "have you been learning now?"
           d90fbbaf-d18e-4a5d-a4ef-d3e8064ce250  rev 1  — 27% shorter than its text implies
    0.734  target1         1992ms  "because I think that it's a good thing"
           0e825c22-a192-4d1f-acbc-5b85d7d1a575  rev 1  — 27% shorter than its text implies
    0.736  target2         1104ms  "do you want to think?"
           4cf61a61-8394-40ee-a287-8eb3bc22b125  rev 1  — 26% shorter than its text implies
    0.737  target2         1368ms  "I'd like to speak with you"
           202f44c9-ab4e-41b2-89db-bdb3ea0548c0  rev 1  — 26% shorter than its text implies
    0.737  target2         1368ms  "to speak with you tomorrow"
           59515d16-b6f3-4970-92ac-8033589699b3  rev 1  — 26% shorter than its text implies
    0.737  target1         1632ms  "have you been learning all day?"
           c053ca64-9482-40ed-9f2a-698dbe3b7ec4  rev 1  — 26% shorter than its text implies
    0.739  target1         2376ms  "I was starting to feel better than last night"
           abbe79d7-d34b-4789-88fe-305a16f80c23  rev 1  — 26% shorter than its text implies
    0.739  target2         1584ms  "I want to speak with you today"
           32fc870d-04ee-4a32-9f5c-4c6f9a524a0b  rev 1  — 26% shorter than its text implies
    0.739  target2         1584ms  "and I'd like to learn with you"
           3aaa5f15-0a52-4901-9a86-d52f32fa3491  rev 1  — 26% shorter than its text implies
    0.739  target1         1584ms  "she wants to find out with you"
           2d60ddf1-5d7c-40c0-af27-3f16e2a611ac  rev 1  — 26% shorter than its text implies
    0.739  target1         1584ms  "I'd like to come back tomorrow"
           cb2dbb4c-c960-4056-bf9b-c57ddda604e6  rev 1  — 26% shorter than its text implies
    0.739  target1         1584ms  "you want to come back later on"
           34d1110d-1445-4b82-a707-a5113471fe9e  rev 1  — 26% shorter than its text implies
    0.739  target2         1584ms  "you want to come back tomorrow"
           5477b4fb-58aa-4535-815d-7f3ce8c3b0fc  rev 1  — 26% shorter than its text implies
    0.739  target1         1848ms  "not going to be able to start today"
           6f733489-a346-43a1-9931-0529cac0667f  rev 1  — 26% shorter than its text implies
    0.739  target2         1584ms  "how long do you want to learn?"
           df95aba1-69c6-4265-8b41-b669cfc074e9  rev 1  — 26% shorter than its text implies
    0.741  target1         2592ms  "and I'm going to speak with someone else tomorrow"
           493e820c-c41a-4807-b071-13b2bddd5a2b  rev 1  — 26% shorter than its text implies
    0.741  target2         2592ms  "I'm trying to say what's going to happen tomorrow"
           7bba9bb9-ad95-4767-97dd-f60664b240d6  rev 1  — 26% shorter than its text implies
    0.741  target1         2064ms  "do you speak English with someone else?"
           bb64c0c5-9b5d-4d84-b4d9-f33da28407a1  rev 1  — 26% shorter than its text implies
    0.741  target1         2064ms  "I don't want to be quiet this afternoon"
           ccadecca-581e-46fa-8eb0-0958e45f23d9  rev 1  — 26% shorter than its text implies
    0.742  target1         1536ms  "because he wants to come back"
           bd90e350-0c3a-4c1f-a1a4-68c8dc65ca37  rev 1  — 26% shorter than its text implies
    0.742  target1         1536ms  "did you want to meet tonight?"
           ad66b638-4ed3-47af-8a23-f847434747f0  rev 1  — 26% shorter than its text implies
    0.743  known           1008ms  "কথা বলা অভ্যাস করতে"
           667c1858-11d0-462f-9611-4bd56b875361  rev 1  — 26% shorter than its text implies
    0.743  target1         2016ms  "I'm going to practise English tomorrow"
           94cefee5-9a6f-48fb-a2f9-a5a13e4a4e1a  rev 1  — 26% shorter than its text implies
    0.743  target2         1752ms  "I wouldn't like to learn with you"
           c95645a7-1c3f-4811-9980-8e16470b7160  rev 1  — 26% shorter than its text implies
    0.743  target1         2016ms  "how long do you want to speak English?"
           7ec602f0-2c5a-412b-9370-8b01f8ee5358  rev 1  — 26% shorter than its text implies
    0.743  target1         1752ms  "because I don't like to interrupt"
           529d99ee-a708-4568-a995-00cfac37feeb  rev 1  — 26% shorter than its text implies
    0.744  target2         2232ms  "how long did you want to speak in English?"
           0cb2633e-2b26-414f-a530-958d7880caf7  rev 1  — 26% shorter than its text implies
    0.744  target2         1488ms  "do you want to know English?"
           931eeec0-6963-4145-8c85-edce5b212e69  rev 1  — 26% shorter than its text implies
    0.745  target2         1968ms  "We don't want to interrupt the story."
           d018ed6f-1939-403d-9669-ee81971b7704  rev 1  — 26% shorter than its text implies
    0.745  target1         1704ms  "because I like to answer quickly"
           389b3878-d53b-49f6-a41f-01644f8180bf  rev 1  — 25% shorter than its text implies
    0.745  target1         1704ms  "how long have you been learning?"
           6c8eb968-0666-4964-a4fe-346f782b2a1d  rev 1  — 25% shorter than its text implies
    0.745  target2         1968ms  "have you been learning English today?"
           f8cd107b-ec3d-4f57-baa4-a0188a3d44c0  rev 1  — 26% shorter than its text implies
    0.746  target2         2184ms  "I don't want to stop talking this evening"
           182a9aec-c801-488f-a4de-372787f8ccd9  rev 1  — 25% shorter than its text implies
    0.746  target1         2184ms  "I don't want to stop talking this evening"
           e0d5b571-13f3-40f4-95d4-6e4044e35307  rev 1  — 25% shorter than its text implies
    0.747  target1         1440ms  "I'm going to speak with you"
           4881bb49-ac60-410d-9b6d-9c4f788e3122  rev 1  — 25% shorter than its text implies
    0.747  target2         2400ms  "do you want to finish as quickly as possible?"
           82b4d6b5-197d-4df1-a71b-043d2253bf60  rev 1  — 25% shorter than its text implies
    0.747  target1         3096ms  "I think that you don't need to worry about making mis
           dff83881-47b4-41c8-9e01-b66782ec8497  rev 1  — 25% shorter than its text implies
    0.748  target2         1176ms  "what's going to happen"
           5d7ed5d4-397b-4e31-9ab0-ccaf39f0bab0  rev 1  — 25% shorter than its text implies
    0.748  target2         1656ms  "I'm trying to remember with you"
           5e96aa18-93d2-4601-881e-7d90518b2a27  rev 1  — 25% shorter than its text implies
    0.748  target1         2136ms  "did you want to speak English yesterday?"
           325d19f6-ce05-429e-90e7-b688652c0f87  rev 1  — 25% shorter than its text implies
    0.748  target2         2136ms  "I've been learning English at the moment"
           e713b2b9-30b4-4d7c-8fa0-5b62d6a64fc6  rev 1  — 25% shorter than its text implies
     0.75  target1         1608ms  "to be able to speak in English"
           1ad5a9d8-f7f4-4b24-a056-159e3c73ff60  rev 1  — 25% shorter than its text implies
    0.751  target2         1824ms  "I'm going to try to speak a little"
           55966f82-07a9-4a4b-9db0-5949e33d9dc9  rev 1  — 25% shorter than its text implies
    0.751  target2         1824ms  "it's good, if you know what I mean"
           6327c544-8bfa-4973-8b72-9a3135941f9c  rev 1  — 25% shorter than its text implies
    0.752  target2         2472ms  "I'm looking forward to learning better English"
           3f6bdb90-e603-43b3-a029-cde4d4e4eb0a  rev 1  — 25% shorter than its text implies
    0.752  target2         2040ms  "I'm looking forward to speaking better"
           c03dcf8d-6b50-454c-8d14-34f47ee37aba  rev 1  — 25% shorter than its text implies
    0.753  target2         1560ms  "I'd like to learn English now"
           7684f072-10bb-4de8-bcfd-fbf7303a09ef  rev 1  — 25% shorter than its text implies
    0.753  target2         1560ms  "I'm trying to guess something"
           c67fca12-8b4e-430d-92eb-601b0933ea9b  rev 1  — 25% shorter than its text implies
    0.753  target2         1344ms  "but he wants to come back"
           e549c36d-0bad-4081-ad95-d05c9fbfb9f0  rev 1  — 25% shorter than its text implies
    0.753  target1         1776ms  "do you want to find out her name?"
           2eb5745a-5de4-48f0-99e5-bea5e2a9dec3  rev 1  — 25% shorter than its text implies
    0.753  target1         1560ms  "do you want to help everyone?"
           d24b6759-242a-44bd-bfdf-1d3e9f5e3724  rev 1  — 25% shorter than its text implies
    0.753  target2         2904ms  "I've been learning with everyone else for about a wee
           04f2fe3f-8e77-4b05-82e7-5632bcf99f0d  rev 1  — 25% shorter than its text implies
    0.753  target1         1344ms  "to think about the answer"
           94725e39-1a8d-4fca-8344-d6197b865189  rev 1  — 25% shorter than its text implies
    0.754  target1         2424ms  "I'm not sure if I can speak with someone else"
           be03c340-a82f-44f1-a848-28c7debaa0b9  rev 1  — 25% shorter than its text implies
    0.754  target2         2640ms  "and I'm going to speak with someone else tomorrow"
           db71ed5d-e398-4b11-835f-c586fcce0712  rev 1  — 25% shorter than its text implies
    0.754  target1         2424ms  "I'm looking forward to speaking more with you"
           e962ac64-cc5b-4ed8-9b32-4810ba15d8ed  rev 1  — 25% shorter than its text implies
    0.756  target1         1944ms  "I want to speak English with you now"
           be5820cc-d7b7-4fe5-a817-271dffd6675b  rev 1  — 24% shorter than its text implies
    0.756  target1         2376ms  "I want to practise English with someone else"
           4e00d076-00e7-465f-9488-aba4436aecf1  rev 1  — 24% shorter than its text implies
    0.756  target2         1944ms  "I'm not sure if I can speak with you"
           3098569d-78b3-47d6-be18-2531e50d8d7d  rev 1  — 24% shorter than its text implies
    0.756  known           1296ms  "সে দ্রুত ফিরে আসতে চায়।"
           285aa50e-1559-4b6b-bfab-190d405031bb  rev 1  — 24% shorter than its text implies
    0.756  target1         1512ms  "do you want to learn easily?"
           57b65546-49c8-4228-8045-83fedc4db150  rev 1  — 24% shorter than its text implies
    0.756  target2         1944ms  "I'm looking forward to learning more"
           533c9eb5-c0bd-4ed3-af39-7940d0cab07d  rev 1  — 24% shorter than its text implies
    0.756  target2         2376ms  "I've been learning her name for about a week"
           82791bd7-99b0-4637-b56a-db7ea5e7c927  rev 1  — 24% shorter than its text implies
    0.756  target2         2376ms  "I've been learning with you for about a week"
           e2564ee4-939f-4c76-80ae-280ddbe2ff47  rev 1  — 24% shorter than its text implies
    0.756  target1         2376ms  "I wasn't thinking about how to say something"
           6b82c058-88e6-44dd-bedc-eae2b1cde741  rev 1  — 24% shorter than its text implies
    0.756  target1         1512ms  "do you want to know English?"
           b8a452ac-116b-4213-985c-e2a3526883fe  rev 1  — 24% shorter than its text implies
    0.756  known           1080ms  "আমি মনে করি এটা এরকম"
           2ca2b1e5-dcce-4158-ba63-28041950f1b7  rev 1  — 24% shorter than its text implies
    0.758  target1         2328ms  "and I'm going to practise speaking tomorrow"
           ce150cd6-d65b-46bc-ba07-349a785a2298  rev 1  — 24% shorter than its text implies
    0.758  target2         1896ms  "because it's useful to speak better"
           565861d1-afd5-404e-ab5d-a754d54fbaf1  rev 1  — 24% shorter than its text implies
    0.758  target1         2328ms  "how do you feel this morning at the moment?"
           e3594dd8-b075-4358-8a0c-0b45b84b6ccb  rev 1  — 24% shorter than its text implies
    0.758  target1         2544ms  "I think that it's a good thing to make mistakes"
           276faece-5112-489f-bdc8-a94f52539142  rev 1  — 24% shorter than its text implies
    0.759  target2         2928ms  "he doesn't want to be quiet when other people are her
           c2ea6dca-af70-478d-a05f-6585199c93fc  rev 1  — 24% shorter than its text implies
    0.759  target2         1464ms  "I'm going to speak with you"
           063af9fb-6abd-4d54-91da-ad183f2a9d00  rev 1  — 24% shorter than its text implies
    0.759  target1         1464ms  "I want to practise with you"
           68e2c4e0-cb50-4dc2-96e5-42a383ca9004  rev 1  — 24% shorter than its text implies
    0.759  target2         1680ms  "to guess what's going to happen"
           bf588bae-9c7e-48dd-93d0-78399d9360c0  rev 1  — 24% shorter than its text implies
    0.759  target1         1680ms  "did you want to show something?"
           b89e5a4d-067a-4a31-af03-6673d7121c6e  rev 1  — 24% shorter than its text implies
     0.76  target1         1248ms  "have you been learning?"
           8493be7c-f5a3-433e-8001-5c2944417282  rev 1  — 24% shorter than its text implies
     0.76  target2         2280ms  "she wants to find out something in English"
           493da5fc-ac96-4e85-a291-4fe4a40b2b84  rev 1  — 24% shorter than its text implies
     0.76  target1         1248ms  "do you want to help me?"
           c2a032e6-e35c-4412-8c58-4ab795812385  rev 1  — 24% shorter than its text implies
     0.76  target1         2064ms  "I'm looking forward to speaking better"
           cb885eef-3178-4b0d-b57e-db11dbc7b9bf  rev 1  — 24% shorter than its text implies
    0.762  known           1416ms  "এখন মনে রাখার চেষ্টা করছি।"
           f29402df-05ea-45e4-98e4-6baf3c5437d3  rev 1  — 24% shorter than its text implies
    0.762  target2         1416ms  "she wants to meet with you"
           8f6ad238-7470-4cab-9fcf-86f78d2ef4da  rev 1  — 24% shorter than its text implies
    0.762  target1         1416ms  "we don't want to interrupt"
           81093bc2-c1a0-49bb-8af0-816a74123312  rev 1  — 24% shorter than its text implies
    0.763  target1         2616ms  "I'm going to practise speaking with someone else"
           b2d2a93c-fb5e-4022-b6d5-bd0f56642a6b  rev 1  — 24% shorter than its text implies
    0.763  target2         2016ms  "I want to speak with you this evening"
           26911879-8b84-4397-b643-de7e7a9dfdd1  rev 1  — 24% shorter than its text implies
    0.763  target2         2016ms  "but I don't want to stop this evening"
           612caa05-177a-45dc-84bd-e9d721986170  rev 1  — 24% shorter than its text implies
    0.764  target1         2184ms  "But I don't worry about making mistakes."
           7abdcb9d-885a-41c6-93b6-f18f34b874eb  rev 1  — 24% shorter than its text implies
    0.764  target1         2184ms  "How long have you been learning English?"
           a00c4bae-511d-4507-937c-1914612380bc  rev 1  — 24% shorter than its text implies
    0.764  target1         2184ms  "I want to say something after you finish"
           ab95459f-5a92-4e61-95f3-e9cd33246411  rev 1  — 24% shorter than its text implies
    0.764  known           1200ms  "ছয়টায় ফিরে আসতে চাই।"
           44e5a784-6340-445e-b34c-f8c68456fce3  rev 1  — 24% shorter than its text implies
    0.764  known           1200ms  "তুমি কাল ফিরে আসতে চাও"
           f5f7cc23-eeb0-4a71-bb80-71c6f5127c15  rev 1  — 24% shorter than its text implies
    0.764  target1         2184ms  "we want to meet people who speak English"
           b2fc66e8-5b56-4b55-b52a-1eea9c4be274  rev 1  — 24% shorter than its text implies
    0.764  target1         2184ms  "I want to learn something this afternoon"
           06eb2350-21b3-4ac6-a547-73d1b31201ed  rev 1  — 24% shorter than its text implies
    0.764  target2         2784ms  "I want to answer quickly when other people are here"
           2ab4a4d2-abb2-4e3d-9176-e5c0d0831bc3  rev 1  — 24% shorter than its text implies
    0.764  target2         2184ms  "I'm looking forward to learning anything"
           53dc88d9-fce0-46f1-8bc3-7913111b8b9c  rev 1  — 24% shorter than its text implies
    0.764  target2         2400ms  "I wasn't thinking about how to say something"
           e6700950-01af-4470-bbc9-016c3b9b01fe  rev 1  — 24% shorter than its text implies
    0.765  target1         2568ms  "I'm going to practise speaking in English today"
           e266543f-42a0-480b-9e75-56c5a113c7d0  rev 1  — 24% shorter than its text implies
    0.765  target2         1584ms  "he wants to come back with me"
           01e407d5-a5cf-4077-b7e0-e3d2db504e94  rev 1  — 24% shorter than its text implies
    0.765  known            984ms  "আমি ফিরে আসতে চাই।"
           619f9191-8a92-49d6-bf7e-dcde16b9dbd3  rev 1  — 23% shorter than its text implies
    0.765  target2         1584ms  "I'm going to try this evening"
           ec766426-5624-4961-82cf-70af391a3ced  rev 1  — 24% shorter than its text implies
    0.765  target1         1968ms  "because I want to learn more quickly"
           3293b7b3-ab05-40e4-9e2c-ad0f7d425e1c  rev 1  — 23% shorter than its text implies
    0.765  target2         1584ms  "because I don't like to think"
           2fd75f43-3cd3-4e73-840f-0c1de0019083  rev 1  — 24% shorter than its text implies
    0.765  target2         1584ms  "how do you feel this morning?"
           c7893d94-9116-49ac-8383-8792f67f2c8f  rev 1  — 24% shorter than its text implies
    0.765  target1         1584ms  "I've been learning in English"
           ca24e496-98c0-4e4e-ade9-e929781de55c  rev 1  — 24% shorter than its text implies
    0.766  target1         2352ms  "I'm going to practise with someone else now"
           2715e89a-46d0-480f-83c0-3cc9a520dd9f  rev 1  — 23% shorter than its text implies
    0.766  target2         2352ms  "I've been learning English for about a week"
           50ce4482-3729-4a88-83d4-7c2591f964c7  rev 1  — 23% shorter than its text implies
    0.767  target1         2136ms  "I'd like to practise with everyone else"
           c444ecb2-b314-47b1-a90c-a5e4e25d3b38  rev 1  — 23% shorter than its text implies
    0.768  target2         2688ms  "I'm not sure if I can remember the whole sentence"
           0fce1437-e2e7-43c4-8e83-4b4eac4898c0  rev 1  — 23% shorter than its text implies
    0.768  target2         1920ms  "but I'm a little tired this morning"
           5c31555e-ac40-4de1-ae4b-df7af3b7b99e  rev 1  — 23% shorter than its text implies
    0.768  target2         1920ms  "I'm not sure what's going to happen"
           0b504ac3-0284-4288-9360-783561e7ce77  rev 1  — 23% shorter than its text implies
    0.768  target2         1920ms  "you speak English with someone else"
           be1bd384-5b78-4bd8-a02d-b7a7afd70c7d  rev 1  — 23% shorter than its text implies
    0.768  known           1920ms  "ব্যাপারটা সাবধানে জিজ্ঞেস করতে চাই।"
           6a03767f-37eb-4378-a7d5-fad7ee167179  rev 1  — 23% shorter than its text implies
    0.768  target1         1536ms  "a little tired at the moment"
           3b5f435b-21b4-4c35-a0d1-85a97c3c4457  rev 1  — 23% shorter than its text implies
    0.768  target1         2304ms  "it's a good thing, if you know what I mean"
           911c602c-751a-4817-a7a0-3da49e920dfe  rev 1  — 23% shorter than its text implies
    0.769  target1         2088ms  "I'm going to practise as hard as I can"
           3c8c53e9-4a33-46c9-9ad2-096f5eb5c88e  rev 1  — 23% shorter than its text implies
    0.769  target2         2088ms  "why do you want to come back later on?"
           02c0f4c9-ab24-4469-9731-e69be2838b11  rev 1  — 23% shorter than its text implies
    0.769  target1         2088ms  "I'm not going to be able to start soon"
           e12ea679-1680-468c-a350-124bbed8e671  rev 1  — 23% shorter than its text implies
     0.77  presentation    2256ms  "ইংরেজিে — 'পরোয়া করা' — যেমন — '' — হয়:"
           eb62ccc3-5c93-4513-9a30-86ce84c77e50  rev 1  — 23% shorter than its text implies
     0.77  target2         2256ms  "do you want to speak English with me now?"
           67c2f060-5fa2-4479-be6a-a071643792b2  rev 1  — 23% shorter than its text implies
     0.77  target2         1704ms  "are you going to help tomorrow?"
           5c338ef3-033d-45c5-820e-119340895a82  rev 1  — 23% shorter than its text implies
     0.77  target2         1704ms  "have you been learning with me?"
           22119e05-bf5e-4914-b74e-48ba02ce0fcd  rev 1  — 23% shorter than its text implies
     0.77  target1         1704ms  "did you want to show yesterday?"
           7b9be825-be9c-4ce5-8bdc-15ddb9410718  rev 1  — 23% shorter than its text implies
     0.77  target2         1704ms  "we don't want to stop the story"
           fe27ee68-0239-4377-9f12-d3f8d1c7d956  rev 1  — 23% shorter than its text implies
     0.77  target1         3024ms  "I've been learning to practise English for about a we
           0da34189-1730-4f85-aadf-107d6847566a  rev 1  — 23% shorter than its text implies
    0.771  target1         2424ms  "I'm not sure what's going to happen tomorrow"
           2f4b7eca-a398-45be-a05e-dc8d08b42fa1  rev 1  — 23% shorter than its text implies
    0.771  target1         2808ms  "I don't like to be quiet when other people are here"
           da22fc4e-96a8-4117-9f0a-613ff2f07dd8  rev 1  — 23% shorter than its text implies
    0.772  target1         2592ms  "I'm not trying to finish as quickly as possible"
           51db83bc-c96d-448b-918f-cd5bff80f9b6  rev 1  — 23% shorter than its text implies
    0.772  target1         2040ms  "I'd like to be able to speak with you"
           ca7eb5fe-b326-4e81-a4d9-5c049c55b328  rev 1  — 23% shorter than its text implies
    0.772  target1         1488ms  "I'm not going to be able to"
           4532772b-9ad5-4087-a978-3565433b21fd  rev 1  — 23% shorter than its text implies
    0.773  known           2208ms  "আমার সাথে সারাদিন ইংরেজি বলার চেষ্টা করছ"
           787a6997-9056-403c-8ce5-024cb6bbb00e  rev 1  — 23% shorter than its text implies
    0.773  target1         2928ms  "he wants to speak English with everyone else later on
           a3d3b2dd-82e3-4969-88ea-d92e54d1a49e  rev 1  — 23% shorter than its text implies
    0.774  target2         1272ms  "I want to say something"
           3a9dad9f-a695-4adc-a832-8a4e9803c81a  rev 1  — 23% shorter than its text implies
    0.774  target1         1824ms  "I wouldn't like to guess tomorrow"
           8520974a-ef57-4dde-8c04-2b0d339ec55f  rev 1  — 23% shorter than its text implies
    0.774  target2         1824ms  "but I don't want to stop later on"
           a831cb6a-b1e2-4187-8314-68adab0f3781  rev 1  — 23% shorter than its text implies
    0.774  target1         1824ms  "why do you want to learn quickly?"
           2bb56780-d0ae-45b6-b971-bd57829b777a  rev 1  — 23% shorter than its text implies
    0.774  target1         2544ms  "I'm looking forward to learning better English"
           24136920-5860-4ddf-88d5-b4e399262162  rev 1  — 23% shorter than its text implies
    0.774  target2         1824ms  "she doesn't want to read anything"
           568e1aa2-30ee-47f5-b300-99eb921028c3  rev 1  — 23% shorter than its text implies
    0.774  target1         1824ms  "she doesn't want to read anything"
           9504830c-e8e8-4f22-8342-30a873d0b6f3  rev 1  — 23% shorter than its text implies
    0.774  target1         2376ms  "I want to think about it carefully tomorrow"
           61f017d9-1933-41ca-bea1-a3d11d868ce5  rev 1  — 23% shorter than its text implies
    0.775  target2         1992ms  "You wanted to speak with me tonight."
           475429d1-0499-47a4-80b4-637a0ffc3888  rev 1  — 23% shorter than its text implies
    0.775  target1         2160ms  "I'm looking forward to learning English"
           f01c2ca5-33fc-4362-bb5c-46fcea68f962  rev 1  — 22% shorter than its text implies
    0.775  target1         1440ms  "I feel better this morning"
           12fb6c3a-a106-4fef-9d54-914641a6c83f  rev 1  — 22% shorter than its text implies
    0.776  target2         1608ms  "I'm going to practise English"
           13f3b6a7-131c-4bd6-b281-074095af2165  rev 1  — 22% shorter than its text implies
    0.776  target1         1608ms  "I'm trying to guess something"
           7509a14a-007d-4b44-b31e-b044d92ab430  rev 1  — 22% shorter than its text implies
    0.776  target2         2328ms  "I'm going to practise English this evening"
           05c9095a-ef26-4f87-b5e2-055ee2bfe6fc  rev 1  — 22% shorter than its text implies
    0.776  target2         1608ms  "you want to find out his name"
           d7c351e5-7a2f-49d6-aa61-57a86139837d  rev 1  — 22% shorter than its text implies
    0.776  target2         3048ms  "I'm looking forward to learning more as soon as you c
           10a120f4-1087-463b-806c-73396828186f  rev 1  — 22% shorter than its text implies
    0.777  target1         1776ms  "I'm trying to remember something"
           3553ef9e-0fcb-4677-9842-d141f759c4ca  rev 1  — 22% shorter than its text implies
    0.777  target1         2496ms  "I want to practise speaking with someone else"
           546668e7-d194-4a12-847c-666343b160c1  rev 1  — 22% shorter than its text implies
    0.777  target1         2496ms  "how do you feel this afternoon at the moment?"
           04364688-8ee9-4975-9d59-58321090df53  rev 1  — 22% shorter than its text implies
    0.777  target2         2664ms  "I want to speak English, if you know what I mean"
           b10247b6-fbfe-4613-a0c3-694c94b087d0  rev 1  — 22% shorter than its text implies
    0.778  target1         1944ms  "do you want to think about English?"
           4153b0e4-71a1-4b9d-9dea-3a9170e026c2  rev 1  — 22% shorter than its text implies
    0.779  target2         2616ms  "I'm going to practise speaking in English today"
           b98eadcf-bfc9-46fc-9dce-0d4794951f08  rev 1  — 22% shorter than its text implies
    0.779  target2         2616ms  "I want to come back with everyone else later on"
           92ba8033-5444-47a3-be7c-2186784c8d83  rev 1  — 22% shorter than its text implies
    0.779  target2         2616ms  "I'm not going to be able to speak English today"
           54fbc2ee-6030-460b-bb38-cb0ba9ca9bac  rev 1  — 22% shorter than its text implies
    0.779  target1         3504ms  "I'm looking forward to learning better English as soo
           575a6ef7-2ff8-4069-ba86-0bc5b9b4ee9a  rev 1  — 22% shorter than its text implies
    0.779  target1         2448ms  "I've been learning her name for about a week"
           a1da5572-bc95-44d0-8ca0-95a1e0ec8c71  rev 1  — 22% shorter than its text implies
     0.78  target1         1392ms  "I'm going to practise now"
           b538fa8f-1dae-4e34-b1ee-9041fdb3efcb  rev 1  — 22% shorter than its text implies
     0.78  target2         1728ms  "I want to practise a little now"
           cca0cbc4-1aab-4f22-b904-4bf99f18da30  rev 1  — 22% shorter than its text implies
     0.78  target1         1728ms  "to guess what's going to happen"
           f8c99400-b177-4e44-b295-8e3d116e1aa7  rev 1  — 22% shorter than its text implies
     0.78  target1         1392ms  "are you learning quickly?"
           027684c1-62e2-4e3e-a21c-467613a436a3  rev 1  — 22% shorter than its text implies
     0.78  target2         1392ms  "are you learning quickly?"
           31f887ab-4074-46a1-ae8f-a8136d6eebc0  rev 1  — 22% shorter than its text implies
     0.78  target2         1728ms  "why don't you want to stop now?"
           a9c84c94-1f11-4b49-9c25-39a47cbb2415  rev 1  — 22% shorter than its text implies
     0.78  target1         1728ms  "because I like speaking English"
           161f25fe-5341-4ace-8440-fe99b3c9b764  rev 1  — 22% shorter than its text implies
     0.78  target2         1560ms  "I want to show you something"
           653c7038-dbf9-4bd6-b36a-3737974d581c  rev 1  — 22% shorter than its text implies
     0.78  target2         1392ms  "I think it's a good thing"
           fad83cb0-53cb-4d02-90bf-888e26f04b47  rev 1  — 22% shorter than its text implies
    0.781  presentation    4800ms  "ইংরেজিে — 'ব্যাপারটা সাবধানে' — যেমন — 'আজ বিকেলে ব্য
           98a3a645-e493-45f2-8f2e-3ce8ad3161c8  rev 1  — 22% shorter than its text implies
    0.781  target1         2064ms  "I want to remember the whole sentence"
           2feebe1a-dd6a-4e85-9499-9c6d97936dae  rev 1  — 22% shorter than its text implies
    0.781  target1         2064ms  "I don't want to stop speaking English"
           33cf660d-4265-4e59-a928-a0801b9a5e0d  rev 1  — 22% shorter than its text implies
    0.781  target1         1896ms  "do you want to speak English soon?"
           d4836e8a-b7d8-44eb-a264-0967d8506903  rev 1  — 22% shorter than its text implies
    0.781  target1         1896ms  "she doesn't want to read something"
           01f1e80a-fa2a-4c93-a3de-bb2519739bfa  rev 1  — 22% shorter than its text implies
    0.781  target1         2400ms  "I'm trying to finish as quickly as possible"
           99aa5452-0cbc-48bc-a6c3-df8af3eb1ff9  rev 1  — 22% shorter than its text implies
    0.781  target1         2064ms  "I'm learning, if you know what I mean"
           df9f78d6-90b3-4304-9f46-5866631f9029  rev 1  — 22% shorter than its text implies
    0.782  target2         2736ms  "I want to think about it carefully this afternoon"
           53cdea47-755b-49cd-b68d-95699823ac0f  rev 1  — 22% shorter than its text implies
    0.784  target2         1848ms  "I want to speak a little with you"
           3ab80c42-5318-4a0a-aa61-1bfa3273062c  rev 1  — 22% shorter than its text implies
    0.784  target1         2184ms  "and I'm trying to learn English all day"
           c77fc49a-203b-4616-b892-76f79234ac0b  rev 1  — 22% shorter than its text implies
    0.784  target2         2184ms  "I'd like to practise with everyone else"
           fefbd94f-7fe5-4439-a8d8-d4e6ec27b27b  rev 1  — 22% shorter than its text implies
    0.784  known           1344ms  "কিন্তু পরে ফিরে আসতে চাই"
           64d5f1a2-1581-4d80-a122-b2783d0e66cd  rev 1  — 22% shorter than its text implies
    0.784  target2         1680ms  "you want to come back later on"
           db69c39e-c4ef-4c76-8fd6-91894d167646  rev 1  — 22% shorter than its text implies
    0.784  target1         2352ms  "are you going to help before I have to go?"
           21606fb9-c1c4-4eca-b715-fc656807ce34  rev 1  — 22% shorter than its text implies
    0.784  target1         1512ms  "because I like this feeling"
           7f7fce4b-b8fe-44f3-a6f2-b783168aff54  rev 1  — 22% shorter than its text implies
    0.784  target2         2520ms  "I want to learn something before I have to go"
           9f468183-5242-427b-8bd3-ad0a8aab947c  rev 1  — 22% shorter than its text implies
    0.784  target1         2184ms  "I'm looking forward to learning quickly"
           0b3c0473-407e-4f29-81c3-8e087e544c89  rev 1  — 22% shorter than its text implies
    0.784  target2         2184ms  "I'm looking forward to learning quickly"
           d93c7241-c632-44fc-948b-570ee3297b14  rev 1  — 22% shorter than its text implies
    0.784  target2         2184ms  "I'm looking forward to learning tonight"
           5821acf5-8ec4-460f-95a5-f27322366da2  rev 1  — 22% shorter than its text implies
    0.784  target1         1680ms  "how long did you want to meet?"
           7db236ed-d3ba-4729-bf92-a5b8e40ca639  rev 1  — 22% shorter than its text implies
    0.784  target2         2184ms  "she doesn't want to speak English today"
           89db6ac7-21a0-4556-b00e-9b6529495427  rev 1  — 22% shorter than its text implies
    0.784  target2         1512ms  "I want to meet this morning"
           fa4bc5f3-1239-488a-9aed-1d50aa5df5d7  rev 1  — 22% shorter than its text implies
    0.786  target1         2640ms  "I'm looking forward to speaking better tomorrow"
           32bf3f10-2434-47c6-9336-621d98b2f330  rev 1  — 21% shorter than its text implies
    0.786  target2         2640ms  "I'm looking forward to speaking better tomorrow"
           8e507498-b593-4734-98b0-cbd2cfbe34bc  rev 1  — 21% shorter than its text implies
    0.786  target1         2808ms  "I want to speak English when other people are here"
           95b7ea5d-c91b-4fa5-a0f2-255f36998412  rev 1  — 21% shorter than its text implies
    0.787  target2         2472ms  "I don't like taking too much time to answer."
           70b18e62-cd67-483a-ad2a-432ee7d22329  rev 1  — 21% shorter than its text implies
    0.787  target1         2136ms  "I'm trying to speak the whole sentence"
           ba8fbd81-3023-4a87-b677-7c802fe6472b  rev 1  — 21% shorter than its text implies
    0.787  target2         1968ms  "to meet at six o'clock this evening"
           084c2c73-f632-4aa8-b69b-7f73ea750267  rev 1  — 21% shorter than its text implies
    0.787  target1         2136ms  "he doesn't want to speak English today"
           4e5688f8-5391-4db8-a198-34e682d46d08  rev 1  — 21% shorter than its text implies
    0.788  target2         1632ms  "to practise with someone else"
           4abf2ef5-cb3f-4cd0-b889-9ce39d3459d8  rev 1  — 21% shorter than its text implies
    0.788  target1         1464ms  "I'm going to say something"
           5d416f5c-86d1-4986-9f3e-92f304f22449  rev 1  — 21% shorter than its text implies
    0.788  target1         1464ms  "I'd like to speak with you"
           62bc292d-3b4d-46cc-bcef-a579516161f7  rev 1  — 21% shorter than its text implies
    0.788  target1         1464ms  "she wants to meet with you"
           20e2ac46-6f07-4817-8500-6f9d0ab622d2  rev 1  — 21% shorter than its text implies
    0.788  target2         1632ms  "I wanted to ask you something"
           d9206e0b-344a-4f7e-a345-45ef67d7ad07  rev 1  — 21% shorter than its text implies
    0.788  target2         1464ms  "I've been learning quickly"
           6abe5f4b-2bee-4e41-84a3-7e1d5d461bd7  rev 1  — 21% shorter than its text implies
    0.788  target1         1632ms  "I was starting to feel better"
           926c0408-6932-470a-a4a8-2e52836c5482  rev 1  — 21% shorter than its text implies
    0.788  target1         1464ms  "wasn't thinking about this"
           bd4b020b-0110-40db-932f-3daef68d28ff  rev 1  — 21% shorter than its text implies
    0.789  target2         1296ms  "have you been learning?"
           75c7ed07-3df9-4639-9744-da94e2f2b4b0  rev 1  — 21% shorter than its text implies
    0.789  target2         2592ms  "I'm trying to speak with someone else tomorrow"
           30b9d58c-e0ef-45e5-8260-f8edb4c1c630  rev 1  — 21% shorter than its text implies
    0.789  target1         2592ms  "I'm not sure if I can speak the whole sentence"
           98bb539d-e30a-4c80-b351-6245cfb03de4  rev 1  — 21% shorter than its text implies
    0.789  target1         2760ms  "I'm trying to say what's going to happen tomorrow"
           d67bffca-6873-4fb1-929b-46b028eb066e  rev 1  — 21% shorter than its text implies
    0.789  target2         2592ms  "why do you want to practise with someone else?"
           ca46337d-9f55-4f46-9ce7-ecd00469d7d1  rev 1  — 21% shorter than its text implies
    0.789  target2         2424ms  "I want to think about it carefully tomorrow"
           483bbbbf-9e34-4a50-bc77-8eac3f89c560  rev 1  — 21% shorter than its text implies
    0.789  target2         2424ms  "I'm trying to finish as quickly as possible"
           db414175-1813-4ee0-ac01-3ae4c2a8b19a  rev 1  — 21% shorter than its text implies
     0.79  target1         2088ms  "I wasn't thinking about how to answer"
           fd9287a3-1f27-4472-8d29-2625bd50628a  rev 1  — 21% shorter than its text implies
     0.79  target1         2088ms  "but I don't want to stop this evening"
           a2b8436f-6963-4d5c-9512-e2594a5e0451  rev 1  — 21% shorter than its text implies
    0.791  target1         2544ms  "I'd like to be able to speak after you finish"
           3b3c9a44-8383-4947-afad-2329e8f362fd  rev 1  — 21% shorter than its text implies
    0.791  target1         1752ms  "I'm trying to explain something"
           5a7af15a-5b00-408f-b0e0-e0ca51fafaf5  rev 1  — 21% shorter than its text implies
    0.791  target2         2544ms  "I'm not sure if I can speak with someone else"
           637f08fa-466b-41c0-a41f-4cf295a915dc  rev 1  — 21% shorter than its text implies
    0.791  target1         1920ms  "I want to learn something tomorrow"
           70bcb205-0960-4265-b434-6f02bb273a9b  rev 1  — 21% shorter than its text implies
    0.791  target2         2544ms  "I'd like to speak with everyone else tomorrow"
           41b62e06-e365-41dd-b82f-6fb20d7e362a  rev 1  — 21% shorter than its text implies
    0.791  target2         1752ms  "I'm not sure what the answer is"
           9cc0b7f5-7351-4e4f-b0e1-06639edbedca  rev 1  — 21% shorter than its text implies
    0.791  target2         1920ms  "I don't want to stop talking today"
           18537bc1-5cc9-43ac-a7f5-eeaf8d5b86b6  rev 1  — 21% shorter than its text implies
    0.791  target1         1752ms  "are you going to help tomorrow?"
           a0789990-baeb-4808-84f2-7e329b80af1b  rev 1  — 21% shorter than its text implies
    0.791  target2         2544ms  "I wanted to meet with everyone else yesterday"
           7ac4cb40-f447-4242-8616-e566b71114b7  rev 1  — 21% shorter than its text implies
    0.791  target2         1752ms  "have you been learning all day?"
           cddb111a-0a3b-4385-ba8d-17e699ca7f85  rev 1  — 21% shorter than its text implies
    0.791  target1         2880ms  "I want to answer quickly when other people are here"
           a15e944d-4bdb-44b4-bd0f-b8266cc2b19c  rev 1  — 21% shorter than its text implies
    0.791  target2         2544ms  "how do you feel this afternoon at the moment?"
           0c430901-b168-44b9-94e0-5cab5aa17702  rev 1  — 21% shorter than its text implies
    0.791  target1         1920ms  "you don't need to learn everything"
           722e5630-f79e-49ab-86a8-345ada018dd2  rev 1  — 21% shorter than its text implies
    0.791  target1         2544ms  "do you want to finish as quickly as possible?"
           9481999d-1949-4786-a7ee-61a3b2a68481  rev 1  — 21% shorter than its text implies
    0.792  target2         3168ms  "Because I think that it's a good thing to make mistak
           8d6ba398-892f-4135-a522-900e4708a965  rev 1  — 21% shorter than its text implies
    0.792  target1         1584ms  "I want to remember something"
           15344f18-27ab-4340-9bd8-7d928b4880a9  rev 1  — 21% shorter than its text implies
    0.792  target1         1584ms  "to be able to speak with you"
           8211daba-ef54-4aab-b4bc-5297817ca513  rev 1  — 21% shorter than its text implies
    0.792  target2         1584ms  "I'd like to be able to speak"
           ccbe8332-4b50-47cd-bd3e-3a79daf64839  rev 1  — 21% shorter than its text implies
    0.792  target2         1584ms  "but we want to meet tomorrow"
           178f3b04-354d-4e69-9936-8329d59db138  rev 1  — 21% shorter than its text implies
    0.792  target1         2376ms  "I'm going to practise English this evening"
           970568b9-f14c-4cca-8008-8f8acf16132e  rev 1  — 21% shorter than its text implies
    0.792  target2         1584ms  "we want to meet this evening"
           ed263904-d29d-4402-a953-9fa73ed79ab3  rev 1  — 21% shorter than its text implies
    0.792  target1         1584ms  "she doesn't want to be quiet"
           e086c5d5-a59d-4d6a-872b-76dd5d78c515  rev 1  — 21% shorter than its text implies
    0.792  target1         1584ms  "I'm trying to say everything"
           a9c7c277-c4bc-4a17-9cf1-f7949d814982  rev 1  — 21% shorter than its text implies
    0.792  target1         1584ms  "think that it's a good thing"
           dde1fef4-7ae9-4e1f-8ebc-2bd259d835e5  rev 1  — 21% shorter than its text implies
    0.793  target1         2040ms  "I'm going to speak with someone else"
           6ec42696-ef49-4e02-80af-22e2380a6399  rev 1  — 21% shorter than its text implies
    0.793  target1         2040ms  "I'm not sure if I can speak with you"
           c2e240aa-2dd2-47d9-973e-117f4d6a122f  rev 1  — 21% shorter than its text implies
    0.793  target2         2208ms  "and I'm trying to learn English all day"
           bba5726c-dd33-4649-a9ae-d9d604a7f806  rev 1  — 21% shorter than its text implies
    0.793  target1         2208ms  "not going to be able to remember easily"
           a24e1674-d5a8-4004-a6a5-653060db344f  rev 1  — 21% shorter than its text implies
    0.793  target2         1416ms  "I wanted to meet with you"
           a7929c58-af8a-4f4e-8618-98d744c6f524  rev 1  — 21% shorter than its text implies
    0.793  target2         2040ms  "I wanted to speak with you yesterday"
           4c863765-c338-463f-b866-5625823e45cc  rev 1  — 21% shorter than its text implies
    0.793  target2         1416ms  "it's a good thing to make"
           15acb5fa-7472-401b-a81f-4d100127c9d3  rev 1  — 21% shorter than its text implies
    0.794  target1         1248ms  "what's going to happen"
           66563c11-391a-4316-a61a-b7b3863a7d7b  rev 1  — 21% shorter than its text implies
    0.794  target1         1872ms  "I wouldn't like to learn with you"
           f5eb57bf-1f3d-496e-8e4b-5376fdfb2cab  rev 1  — 21% shorter than its text implies
    0.794  target1         2496ms  "he wants to learn English with everyone else"
           079b1c2f-3ef5-4729-89e8-ff9623c6255e  rev 1  — 21% shorter than its text implies
    0.794  target1         1872ms  "but I don't want to learn English"
           f67ffb6a-6216-4b68-b4e5-a96a824119af  rev 1  — 21% shorter than its text implies
    0.794  target2         1248ms  "are you going to help?"
           8924cd76-47e6-488f-806c-185ad7dd7602  rev 1  — 21% shorter than its text implies
    0.794  target2         2664ms  "I wanted to think about it carefully last month"
           edeb687a-fde8-4e38-94f0-f27d4a65574a  rev 1  — 21% shorter than its text implies
    0.795  target2         1704ms  "how do you feel at the moment?"
           03d887bb-a95f-4d2f-bfd4-a757cbf676c6  rev 1  — 20% shorter than its text implies
    0.795  target1         1704ms  "I'm going to practise speaking"
           eb667725-c6db-47ef-a835-e6de708461ba  rev 1  — 20% shorter than its text implies
    0.795  target1         2328ms  "I wouldn't like to guess after you finish"
           9cf5d7a5-1920-41dc-9310-079f814e1229  rev 1  — 21% shorter than its text implies
    0.795  target2         1704ms  "he wants to come back later on"
           8c930de8-3973-41ec-a369-ca40d917c1e9  rev 1  — 20% shorter than its text implies
    0.795  target1         1704ms  "I want to think about learning"
           484742db-ed7f-4abd-a08d-25203acb7788  rev 1  — 20% shorter than its text implies
    0.795  target2         1704ms  "I don't worry about everything"
           6d1b17f4-cbd3-404c-b5f6-18f16a9971b9  rev 1  — 20% shorter than its text implies
    0.796  target2         1536ms  "I'd like to learn something"
           9b0fb35e-fc5a-455c-9e7a-5de006166b59  rev 1  — 20% shorter than its text implies
    0.796  target1         1536ms  "I've been learning with you"
           9e770c86-1cee-45ca-8c37-b5d06448f6b0  rev 1  — 20% shorter than its text implies
    0.796  target2         1536ms  "I've been learning with you"
           a1c383a2-fac6-468e-95ee-a6feb92e1eeb  rev 1  — 20% shorter than its text implies
    0.796  target1         3072ms  "I've been learning with everyone else for about a wee
           cfdaf289-eddd-4059-befc-59161c473e8e  rev 1  — 20% shorter than its text implies
    0.796  target2         1536ms  "I'm starting to feel better"
           69efa6a7-17cb-4293-911c-2f4a4482124c  rev 1  — 20% shorter than its text implies
    0.797  target2         1992ms  "I've been learning for about a week"
           64f6c765-1016-47f6-8f96-7912d81695c6  rev 1  — 20% shorter than its text implies
    0.797  presentation    2448ms  "ইংরেজিে — 'তুমি কি যাবে' — যেমন — '' — হয়:"
           929e7616-f875-4390-af91-55a46bb0024f  rev 1  — 20% shorter than its text implies
    0.798  target2         2736ms  "I started to think about it carefully last month"
           06c85b9f-008b-4666-b043-a4ef065861bc  rev 1  — 20% shorter than its text implies
    0.798  target1         1824ms  "how to say something in English?"
           6bc73c84-87f4-400e-8c26-b72cdf4a2ac6  rev 1  — 20% shorter than its text implies
    0.798  target1         1368ms  "to learn something today"
           e397bc9b-a928-4a32-a7dd-85165a0dab07  rev 1  — 20% shorter than its text implies
    0.798  target1         1824ms  "but I don't want to say his name"
           9311a36b-d011-4a9d-b89c-bbd090a3b0c9  rev 1  — 20% shorter than its text implies
    0.798  target2         2280ms  "I'm going to start speaking English soon"
           3503134b-8a5d-4002-91de-28a6ebd16581  rev 1  — 20% shorter than its text implies
    0.798  target1         1824ms  "because she doesn't want to stop"
           3f940841-c981-4539-9819-71186b8f97b5  rev 1  — 20% shorter than its text implies
    0.798  target1         1824ms  "he doesn't want to speak English"
           66f09b21-5043-4d4c-890f-3fcd63726e42  rev 1  — 20% shorter than its text implies
    0.798  target1         1824ms  "she doesn't want to stop talking"
           a60f35c9-d53f-4715-acb8-5075b33304b9  rev 1  — 20% shorter than its text implies
    0.798  target1         1824ms  "wasn't thinking about the answer"
           e345ee28-03b9-4a16-86b3-6e3efb645c09  rev 1  — 20% shorter than its text implies
    0.799  target1         1656ms  "he wants to come back quickly"
           578f0b91-1a14-4e03-960b-f906939e7f26  rev 1  — 20% shorter than its text implies
    0.799  target1         1656ms  "why do you want to speak now?"
           932de185-cca3-4b15-ad10-154d5434cbab  rev 1  — 20% shorter than its text implies
    0.799  target2         2568ms  "do you want to meet people who speak English?"
           b01cf00f-2f8c-4267-ac2a-5d78d392b844  rev 1  — 20% shorter than its text implies
    0.799  target1         1656ms  "how long did you want to ask?"
           3f1d079c-1623-4ed6-8817-3596188fad83  rev 1  — 20% shorter than its text implies
    0.799  target2         2112ms  "I'm learning, if you know what I mean"
           aaf170ca-83ca-4b4e-bc22-d882ae11697c  rev 1  — 20% shorter than its text implies
      0.8  target1         1944ms  "I'm going to practise speaking now"
           7c62b01e-337c-472d-b8bb-0a943475cac9  rev 1  — 20% shorter than its text implies
      0.8  known           1944ms  "অন্য কারো সাথে কথা বলা অভ্যাস করতে"
           d3dcf241-435c-4a76-9c46-d700c71e2048  rev 1  — 20% shorter than its text implies
      0.8  target1         1944ms  "I'm going to try to speak a little"
           471a5fe8-b6d8-4da8-84f7-5124e098f517  rev 1  — 20% shorter than its text implies
      0.8  target1         1200ms  "are you learning now?"
           28dab788-7355-4aae-b827-94a23adb3b90  rev 1  — 20% shorter than its text implies
      0.8  target1         2856ms  "because I don't want to start taking too much time"
           ef599b27-4e08-411a-9f4e-c1026cec8b48  rev 1  — 20% shorter than its text implies
      0.8  target2         3144ms  "I've been learning to practise English for about a we
           cc149db8-7022-417b-ac0e-ab6fb74902a4  rev 1  — 20% shorter than its text implies
    0.801  target2         2688ms  "because it's useful to start as soon as you can"
           78e60232-b0fb-44ec-85e1-740a160af1c9  rev 1  — 20% shorter than its text implies
    0.802  target1         1776ms  "I don't need to know everything"
           71c6b1e8-7e51-46bc-9e9d-cb71513ae321  rev 1  — 20% shorter than its text implies
    0.802  target2         1776ms  "I'm trying to explain something"
           bff800b9-6fef-465c-b5db-4dcf8b73fa4d  rev 1  — 20% shorter than its text implies
    0.802  target1         1776ms  "to come back with everyone else"
           12867e2e-6259-471c-93ba-8b2a968fe222  rev 1  — 20% shorter than its text implies
    0.802  target2         3264ms  "I'm looking forward to speaking better as soon as you
           55c27818-7ae0-4c01-a655-eafd6ea0e324  rev 1  — 20% shorter than its text implies
    0.802  target1         1776ms  "he doesn't want to be quiet now"
           261e77d6-a8e0-457e-aaf4-ae7b3849172f  rev 1  — 20% shorter than its text implies
    0.802  target1         1776ms  "how do you feel this afternoon?"
           641051f9-f2d2-4f08-88f0-b392646f801c  rev 1  — 20% shorter than its text implies
    0.803  target1         1320ms  "not going to be able to"
           b844bb7d-1b78-4f30-9652-6f893859ae0c  rev 1  — 20% shorter than its text implies
    0.803  target2         2064ms  "I'm going to speak with someone else"
           f5a33ada-3407-4e35-9a7e-1863bf807407  rev 1  — 20% shorter than its text implies
    0.803  target2         2064ms  "I'd like to say something in English"
           36d1cb8a-39e1-4b63-9289-92a017c03d4e  rev 1  — 20% shorter than its text implies
    0.803  target2         2064ms  "because I want to learn more quickly"
           ef67b5e9-9d9c-45af-a4bf-9a8920414b05  rev 1  — 20% shorter than its text implies
    0.803  target1         2064ms  "I'm looking forward to learning more"
           0398caeb-f0bb-458b-9e42-abd77f635eb2  rev 1  — 20% shorter than its text implies
    0.803  target1         1320ms  "he doesn't want to meet"
           14a9512c-c5f4-46e8-9958-705771001d40  rev 1  — 20% shorter than its text implies
    0.803  known           2064ms  "এই মুহূর্তে তোমার সাথে কথা বলতে চাই।"
           27300de0-1068-4701-8d81-99ee3200a1f9  rev 1  — 20% shorter than its text implies
    0.804  target1         1896ms  "But I don't want to stop talking."
           e4e0fac5-7993-47a5-af2e-f85084435d28  rev 1  — 20% shorter than its text implies
    0.804  target1         1896ms  "I want to learn with someone else"
           8fc3c406-dc24-40d4-a533-415c36390878  rev 1  — 20% shorter than its text implies
    0.804  target2         1896ms  "I wouldn't like to guess tomorrow"
           25a5b845-96ce-43f0-8b89-f69bf7560f79  rev 1  — 20% shorter than its text implies
    0.804  target1         1896ms  "do you want to find out his name?"
           54513de0-ab74-4164-83b6-f0b975475967  rev 1  — 20% shorter than its text implies
    0.804  known           1608ms  "তুমি দ্রুত ইংরেজি শিখতে চাও।"
           e9f68d02-67c8-400c-9a2a-75854195243b  rev 1  — 20% shorter than its text implies
    0.804  target2         1608ms  "because I don't want to stop"
           0fe5d66a-4810-474e-b6ab-869a01b81d03  rev 1  — 20% shorter than its text implies
    0.804  target2         1896ms  "because you want to learn quickly"
           3c16ac08-8301-4805-b14e-639db9f9c1f8  rev 1  — 20% shorter than its text implies
    0.805  target1         2184ms  "I want to say something in English now"
           2175f1c1-96d3-4f9d-a6bc-1aacb1fa3c4e  rev 1  — 20% shorter than its text implies
    0.805  target1         2184ms  "I want to explain what I mean with you"
           598e211d-0862-4153-8d1c-171ec801db98  rev 1  — 20% shorter than its text implies
    0.805  target2         2184ms  "I want to explain what I mean with you"
           7f89bd3f-5766-4ba6-ac07-94ad7ce5c1c4  rev 1  — 20% shorter than its text implies
    0.805  target2         3624ms  "I'm looking forward to learning better English as soo
           93952ba3-1de8-4a6e-9b06-efd883534d50  rev 1  — 19% shorter than its text implies
    0.805  target2         2184ms  "how long do you want to speak English?"
           f5ad5e3d-e6f1-4b10-8ed2-a9f48a304244  rev 1  — 20% shorter than its text implies
    0.805  target1         2760ms  "I want to speak English, if you know what I mean"
           3210400c-a371-47cd-8d5a-e41052993918  rev 1  — 19% shorter than its text implies
    0.806  target1         1440ms  "I want to learn something"
           1f19e0e4-8fbe-4ac3-b35e-6b9e8df56139  rev 1  — 19% shorter than its text implies
    0.806  target1         2304ms  "he wants to come back with everyone else"
           3569e26f-6b5a-4a19-9766-1f49292180d6  rev 1  — 19% shorter than its text implies
    0.806  target1         1152ms  "to meet this evening"
           e37d8702-8416-47a5-ab07-d5da7f2e0aea  rev 1  — 19% shorter than its text implies
    0.806  target2         2304ms  "do you want to help before I have to go?"
           d687a3c2-fcc7-4838-9778-00315e0f7e06  rev 1  — 19% shorter than its text implies
    0.806  target2         1728ms  "did you want to ask something?"
           1636e3d3-20b2-4c98-88a1-9ca4e5e2c48b  rev 1  — 19% shorter than its text implies
    0.806  target1         2304ms  "I'm looking forward to learning anything"
           bd003848-5723-42c6-b772-bd2ecd609d0f  rev 1  — 19% shorter than its text implies
    0.806  known            864ms  "দ্রুত ভাবতে চাই"
           f0407e5c-6eeb-4260-835c-6b020a17a660  rev 1  — 19% shorter than its text implies
    0.808  target2         1848ms  "I'm trying to remember something"
           9b3dcced-9835-46da-9235-5cb9c8bc7be2  rev 1  — 19% shorter than its text implies
    0.808  target2         2424ms  "I wouldn't like to speak with someone else"
           ea8609e7-d7df-4f5b-88db-7da07aca6b3e  rev 1  — 19% shorter than its text implies
    0.808  target1         2136ms  "he wants to practise English tomorrow"
           b50bf5a6-432f-468d-91ff-cfb27d290324  rev 1  — 19% shorter than its text implies
    0.808  target1         1848ms  "to practise English this evening"
           7d90b81f-dba0-453e-985f-1050d0309e3b  rev 1  — 19% shorter than its text implies
    0.808  target2         1848ms  "are you going to come back soon?"
           92358084-d485-46cf-886e-e8205a5fba9b  rev 1  — 19% shorter than its text implies
    0.808  known           2712ms  "যাওয়ার আগে প্রায় যাওয়ার জন্য তৈরি ভালো লাগে।"
           b38fc400-0714-4232-aa25-1ba01cbf549f  rev 1  — 19% shorter than its text implies
    0.808  target1         1848ms  "I'm going to start to think soon"
           4aa40692-e057-4408-95b4-4de765da6ad5  rev 1  — 19% shorter than its text implies
    0.808  target2         1848ms  "I want to ask about it carefully"
           ee18cf49-e98a-42c3-a4fd-68fb8ce9303c  rev 1  — 19% shorter than its text implies
    0.809  target2         2544ms  "I want to practise English with someone else"
           9155a3ea-d5f5-49d2-8a80-bcd86557732a  rev 1  — 19% shorter than its text implies
    0.809  target2         1560ms  "I'm trying to say something"
           ef007ffa-03cd-4ea4-a5a3-2fc634190a85  rev 1  — 19% shorter than its text implies
    0.809  target1         1560ms  "he wants to come back today"
           67b21d0c-1a6c-4138-b1cf-a2029af816a7  rev 1  — 19% shorter than its text implies
    0.809  target1         2544ms  "I don't want to be quiet before I have to go"
           5c724f8e-4eb7-44df-8ab2-be1ef6feff31  rev 1  — 19% shorter than its text implies
     0.81  presentation    2256ms  "ইংরেজিে — 'চুপ থাকা' — যেমন — '' — হয়:"
           fee9d6f2-fe39-4fcd-9fd3-6dfb6515fa34  rev 1  — 19% shorter than its text implies
     0.81  known            984ms  "সে ফিরে আসতে চায়"
           4779c048-55cb-4493-8a60-dfd8426d4a12  rev 1  — 19% shorter than its text implies
     0.81  target2         1968ms  "I wanted to speak with you tonight"
           0f69e62e-784f-4b25-a6af-724d99fe7674  rev 1  — 19% shorter than its text implies
     0.81  target2         2256ms  "do you want to say anything in English?"
           1d4d819b-e813-4a01-be1f-5103df6e658d  rev 1  — 19% shorter than its text implies
    0.811  target2         3072ms  "I'm going to try to remember the whole sentence today
           1dd3cbea-c951-4e03-bd6e-79a03f1e2172  rev 1  — 19% shorter than its text implies
    0.811  target1         2664ms  "I'm trying to speak with someone else tomorrow"
           8fd065e7-cdda-4a35-817d-4be7de217a18  rev 1  — 19% shorter than its text implies
    0.811  target1         2376ms  "do you want to speak English with me now?"
           14d54d39-b83e-498a-99f8-9c3d4a1783db  rev 1  — 19% shorter than its text implies
    0.811  target2         1680ms  "can you try speaking with me?"
           1fb85fb5-46d5-42ed-bbd2-a4a99638165c  rev 1  — 19% shorter than its text implies
    0.811  target2         2664ms  "she wants to find out with everyone else today"
           6fc216bb-d80c-4287-ab9e-2e1ac8fb78fc  rev 1  — 19% shorter than its text implies
    0.811  target1         1680ms  "I don't like to speak English"
           35eb5fa9-03d1-4cf5-9e61-560f148fc0c8  rev 1  — 19% shorter than its text implies
    0.811  target1         2664ms  "I want to practise English before I have to go"
           f2a0febe-7e72-4d62-8c34-f35043912f9a  rev 1  — 19% shorter than its text implies
    0.811  target1         1680ms  "I wanted to ask you something"
           1d84e34b-0b39-4056-a5c1-47bc9f0b4c20  rev 1  — 19% shorter than its text implies
    0.811  target2         1680ms  "did you want to meet tonight?"
           eb7c1589-2128-48eb-b2cf-e847f86a6a7a  rev 1  — 19% shorter than its text implies
    0.811  target2         1680ms  "how do you feel this evening?"
           1d06ad0d-b2e4-4a69-ad7e-8b3fe9a6bee9  rev 1  — 19% shorter than its text implies
    0.812  target1         2784ms  "I started to think about it carefully last month"
           6f86eecf-d707-45ff-bcbe-a5a064b6b875  rev 1  — 19% shorter than its text implies
    0.813  target1         2904ms  "He wants to come back with everyone else later on."
           7a558d0b-2f78-4f66-b5a6-387747a35556  rev 1  — 19% shorter than its text implies
    0.813  presentation    2208ms  "ইংরেজিে — 'সে চায়' — যেমন — '' — হয়:"
           f8b025e3-e202-43b0-b76e-cc598e298a8d  rev 1  — 19% shorter than its text implies
    0.813  target1         2496ms  "to practise speaking as hard as I can today"
           99ed94a7-9199-4bd5-a0e6-f7b2a6f19d56  rev 1  — 19% shorter than its text implies
    0.813  target2         2904ms  "because I don't want to start taking too much time"
           eda1ddb6-7603-4dcb-9fd1-f26dea17680e  rev 1  — 19% shorter than its text implies
    0.813  target2         2208ms  "he doesn't want to speak English today"
           a4413e50-a8e8-459a-a946-793eb1240243  rev 1  — 19% shorter than its text implies
    0.813  target1         1800ms  "I feel better than this morning"
           b46ec064-0cf7-4c8e-bd2f-b61a40ea9529  rev 1  — 19% shorter than its text implies
    0.813  target1         2904ms  "I want to do a good thing, if you know what I mean"
           c75920a5-88c9-41fa-a26e-6ff0c741ff70  rev 1  — 19% shorter than its text implies
    0.814  target1         1512ms  "when other people are here"
           0b1bcf32-5832-45d5-9d43-ae3c15d9405b  rev 1  — 19% shorter than its text implies
    0.814  target1         2616ms  "it's useful to learn English as soon as I can"
           40071946-6528-4db0-8ec5-39de988a51c8  rev 1  — 19% shorter than its text implies
    0.814  target1         2616ms  "I wanted to meet with everyone else yesterday"
           77e94f47-c0c5-4399-8a66-1fa501173b2b  rev 1  — 19% shorter than its text implies
    0.814  target1         1512ms  "it's a good thing to learn"
           96707c99-a1b6-4a40-b1fb-248b95bec7d0  rev 1  — 19% shorter than its text implies
    0.815  target2         1920ms  "I want to learn with someone else"
           82a29792-8265-469d-a7e8-103a1474f628  rev 1  — 19% shorter than its text implies
    0.815  target1         1920ms  "I wouldn't like to guess with you"
           1076df6a-8133-40d5-befd-717e4b6b0775  rev 1  — 19% shorter than its text implies
    0.815  target1         2328ms  "she wants to find out with everyone else"
           4b55cbf6-cfaf-4066-b612-cd491f997d88  rev 1  — 19% shorter than its text implies
    0.815  target2         1920ms  "do you want to find out her name?"
           c59255ce-0b03-4337-8cd9-7d0e16a3f7aa  rev 1  — 19% shorter than its text implies
    0.815  known           2736ms  "প্রায় যাওয়ার জন্য তৈরি অনুভূতি ভালো লাগে এখন।"
           ffc5458b-4456-4235-a1b2-0a29f4a5f71f  rev 1  — 19% shorter than its text implies
    0.815  target1         1920ms  "she doesn't want to speak English"
           1b008f79-c59c-4b92-926a-256dc8f50d9e  rev 1  — 19% shorter than its text implies
    0.815  target2         2328ms  "I want to improve as quickly as possible"
           5b7abdb7-392a-40bc-b13b-84eeea4dbfb3  rev 1  — 19% shorter than its text implies
    0.816  target1         2040ms  "I don't care about making mistakes."
           af45719c-5fe7-4520-908b-db9c2e9400c9  rev 1  — 18% shorter than its text implies
    0.816  presentation    2040ms  "ইংরেজিে — 'ভাবা' — যেমন — '' — হয়:"
           14d956b9-47e6-4984-9f0a-ac074cdeaf8b  rev 1  — 18% shorter than its text implies
    0.816  presentation    4488ms  "ইংরেজিে — 'ভুল করা' — যেমন — 'কিন্তু আমি ভুল করা নিয়
           63e92fff-a066-4b5d-beb2-32af3e884948  rev 1  — 18% shorter than its text implies
    0.816  target2         1632ms  "to practise English tomorrow"
           f9dc40ac-bf69-42a3-a886-6efba3884a43  rev 1  — 18% shorter than its text implies
    0.816  target2         1632ms  "I want to read the story now"
           10cceb9d-2fa9-4f75-8b57-85eea8154e94  rev 1  — 18% shorter than its text implies
    0.816  target2         2040ms  "because he doesn't want to be quiet"
           20be4b3e-3f69-4d09-9291-c3f8df448173  rev 1  — 18% shorter than its text implies
    0.816  target1         1224ms  "do you want to think?"
           7e288d38-2fbd-4f2a-b1aa-7e9fc57d1450  rev 1  — 18% shorter than its text implies
    0.816  target2         1632ms  "I don't worry about learning"
           7a1feae2-b8c1-4e08-9a9d-b9bf29e20c62  rev 1  — 18% shorter than its text implies
    0.817  target2         2160ms  "I'm going to learn something tomorrow"
           4cae9a0e-7d04-4714-ad79-416eac28226b  rev 1  — 18% shorter than its text implies
    0.817  target1         2568ms  "I've been learning with you for about a week"
           2410804b-b433-480f-8fb6-402d14aa0a8a  rev 1  — 18% shorter than its text implies
    0.817  target1         2160ms  "I started to think about it carefully"
           297d6d27-d5f6-43ff-b5ad-701c43ba75a3  rev 1  — 18% shorter than its text implies
    0.818  target1         1752ms  "how do you feel at the moment?"
           ebf0254f-04ce-49d5-88fc-a332249331bf  rev 1  — 18% shorter than its text implies
    0.818  target2         2688ms  "I'm trying to say what's going to happen today"
           bc139780-98e4-4acf-89e4-dd82c8a3f8dc  rev 1  — 18% shorter than its text implies
    0.818  target1         2688ms  "she wants to find out with everyone else today"
           4a9f8328-8c85-42ce-8be9-92d341a110bf  rev 1  — 18% shorter than its text implies
    0.818  target2         1344ms  "I want to meet with you"
           dd5644cf-faf1-4036-960d-dc6d1d513035  rev 1  — 18% shorter than its text implies
    0.818  target1         2280ms  "I'm looking forward to learning tonight"
           4088619d-a1c2-4e1f-9249-75b5d1d771f2  rev 1  — 18% shorter than its text implies
    0.818  target2         1752ms  "how long did you want to meet?"
           af1509ec-316b-45a6-9b6a-442349f13ce6  rev 1  — 18% shorter than its text implies
    0.818  target2         1344ms  "I was starting to learn"
           efcc4ae2-3884-4054-9290-9789fe48437d  rev 1  — 18% shorter than its text implies
    0.818  target1         1344ms  "do you want to improve?"
           49cba611-ce7b-4e5f-9796-206c744e7286  rev 1  — 18% shorter than its text implies
    0.819  target1         1872ms  "because I don't like to be quiet"
           e42f86f4-8910-4cb2-99ec-a176967d6d1f  rev 1  — 18% shorter than its text implies
     0.82  target1         1992ms  "I'd like to speak after you finish"
           45748060-5a70-42fc-8210-97ad314a7c78  rev 1  — 18% shorter than its text implies
     0.82  target1         1464ms  "do you speak English now?"
           6a3b5e46-f5d4-469d-9378-52fd351bebad  rev 1  — 18% shorter than its text implies
     0.82  target1         1992ms  "I don't want to stop talking today"
           1b8a88c5-29cb-4b63-b2ff-8d9a983fd16b  rev 1  — 18% shorter than its text implies
     0.82  target1         1464ms  "but he wants to come back"
           b6594f62-3925-4a5b-9e95-0344527581f9  rev 1  — 18% shorter than its text implies
     0.82  target1         1464ms  "are you learning English?"
           7077f676-a412-47a3-8c95-b142defba427  rev 1  — 18% shorter than its text implies
     0.82  target2         1464ms  "are you learning English?"
           a8e02d63-af4b-4119-8fb1-5e2f071ae3e6  rev 1  — 18% shorter than its text implies
     0.82  target2         2400ms  "because I don't like taking too much time"
           1475b552-33bb-4e03-840e-11589eee514b  rev 1  — 18% shorter than its text implies
     0.82  target2         2520ms  "how do you feel this morning at the moment?"
           c8f0cb38-7255-4019-862c-c1532e64deef  rev 1  — 18% shorter than its text implies
     0.82  target2         1464ms  "because it's a good thing"
           ec4eab32-f4b9-43d2-a782-87709346f050  rev 1  — 18% shorter than its text implies
    0.821  target1         2640ms  "Are you going to help me before I have to go?"
           0759ea3d-d5dd-409f-ab0e-f56b809c7e01  rev 1  — 18% shorter than its text implies
    0.821  target2         2640ms  "I want to speak with you as often as possible"
           36f7dcf2-220d-420d-ad10-a9d13ef60f13  rev 1  — 18% shorter than its text implies
    0.821  target1         2640ms  "I'm going to try to explain what I mean today"
           d13111ce-8871-49cd-95ee-fd889911b8fe  rev 1  — 18% shorter than its text implies
    0.821  target1         2112ms  "I'd like to say something in English"
           d1491c2e-0c4f-4de0-92e9-eacb2a191365  rev 1  — 18% shorter than its text implies
    0.821  target1         2640ms  "I'd like to speak with everyone else tomorrow"
           45a2b036-3a37-4d8a-9c15-d4f78bdec30d  rev 1  — 18% shorter than its text implies
    0.821  target2         1584ms  "but you don't want to stop?"
           20c76c77-cba9-4c35-9c6d-7a74e0292348  rev 1  — 18% shorter than its text implies
    0.821  target2         1584ms  "because I like this feeling"
           3ca12a10-3270-4f37-98ed-46d0f1386382  rev 1  — 18% shorter than its text implies
    0.821  target1         1584ms  "are you going to meet soon?"
           54b31f70-3b3d-476f-8e94-face576bba3f  rev 1  — 18% shorter than its text implies
    0.821  target2         2112ms  "are you going to learn more English?"
           a0491fdc-13ff-40fa-ae8e-e0ebe226f4db  rev 1  — 18% shorter than its text implies
    0.821  target1         1584ms  "are you nearly ready to go?"
           a63949b0-ad63-49a3-a350-85ec0b9aa00b  rev 1  — 18% shorter than its text implies
    0.821  target2         1584ms  "you wanted to speak with me"
           6172f944-fda0-4c15-83d2-beabf1c29004  rev 1  — 18% shorter than its text implies
    0.821  target1         1584ms  "you wanted to speak with me"
           d6e20b0f-8169-4d50-ac88-d85b8bd13597  rev 1  — 18% shorter than its text implies
    0.821  target1         2112ms  "I want to ask something this morning"
           21a61d37-7060-497e-8d6b-7f0bcc9fef3c  rev 1  — 18% shorter than its text implies
    0.822  target2         2232ms  "I'm going to practise English tomorrow"
           da9402ba-5bce-44da-8693-ed2a42eb341f  rev 1  — 18% shorter than its text implies
    0.822  target1         2760ms  "it's useful to speak English as soon as you can"
           f5a3a252-e3b3-4f95-b252-118bd10d4d4c  rev 1  — 18% shorter than its text implies
    0.822  target2         2232ms  "she doesn't want to read anything else"
           1c32b779-f8b8-495c-951c-2445b5cfcfe4  rev 1  — 18% shorter than its text implies
    0.822  known           2232ms  "তুমি কি ইংরেজিতে যেকোনো কিছু বলতে চাও?"
           a6d65f76-d972-494a-ac7a-b1b81df5027e  rev 1  — 18% shorter than its text implies
    0.823  target1         1704ms  "we want to come back tomorrow"
           671b529d-2f15-40aa-b65e-8c25f4d9e8a8  rev 1  — 18% shorter than its text implies
    0.823  target1         1704ms  "I'm going to try this evening"
           58096e2e-3605-4f90-bc4e-188e76e2770a  rev 1  — 18% shorter than its text implies
    0.823  target1         1704ms  "I don't want to speak English"
           658bfc79-ef84-4685-a756-9ca1544b9123  rev 1  — 18% shorter than its text implies
    0.823  target1         1704ms  "I don't want to stop tomorrow"
           948d5814-ae3f-4e65-9351-7ce9be00e128  rev 1  — 18% shorter than its text implies
    0.823  target2         1704ms  "because he wants to come back"
           f610ec57-9bc8-4a10-ba68-7dc76e58cf05  rev 1  — 18% shorter than its text implies
    0.823  target1         1704ms  "do you want to make mistakes?"
           536c829e-df87-4c85-9061-2d2a27ab075b  rev 1  — 18% shorter than its text implies
    0.824  target1         1824ms  "I'm not sure if I can speak now"
           b15c22e8-58e5-4af1-a3bd-ff2dcbfc6334  rev 1  — 18% shorter than its text implies
    0.824  target2         1824ms  "I wouldn't like to try tomorrow"
           02a59e36-e279-4414-ab28-9a5c26db3c9e  rev 1  — 18% shorter than its text implies
    0.824  target2         1824ms  "do you speak English very well?"
           a35a2125-fadd-4441-8de2-7f3cdb43bd14  rev 1  — 18% shorter than its text implies
    0.824  target2         1824ms  "you don't want to stop talking?"
           43e7ab65-34e2-49cd-aa6c-45fda674842c  rev 1  — 18% shorter than its text implies
    0.824  target1         1824ms  "you don't want to stop talking?"
           923bfb69-9af4-4227-a057-10e3140aab8b  rev 1  — 18% shorter than its text implies
    0.824  target2         1824ms  "I'm going to speak English soon"
           2b7f19e2-39f6-4755-867f-d0226089cea4  rev 1  — 18% shorter than its text implies
    0.824  target1         1824ms  "how long did you want to speak?"
           02c803c8-4978-4aa7-a0c9-052eead5d537  rev 1  — 18% shorter than its text implies
    0.824  target2         3000ms  "I don't like to be quiet when other people are here"
           68dfcec3-be4b-4f81-93dc-3a83a72da4f0  rev 1  — 18% shorter than its text implies
    0.824  target1         1824ms  "do you think it's a good thing?"
           143ba10c-6c1f-4224-b865-0d2def8e2852  rev 1  — 18% shorter than its text implies
    0.825  known           1944ms  "আমি ভাবছিলাম না কীভাবে উত্তর দেব।"
           816cccf5-27ad-48a8-96d9-b7173f90456a  rev 1  — 18% shorter than its text implies
    0.825  target1         2592ms  "I don't like taking too much time to answer."
           d5935009-c491-42e9-b199-d3a77096db2e  rev 1  — 18% shorter than its text implies
    0.825  target2         1944ms  "I'm trying to remember in English"
           eebcd922-bd67-4b4d-93f8-f3c3a3265323  rev 1  — 18% shorter than its text implies
    0.825  target1         2592ms  "I'm going to practise speaking all day today"
           230737c8-5a2f-4ba0-9e10-c59964ed11a7  rev 1  — 18% shorter than its text implies
    0.825  target1         2592ms  "I want you to speak English with me tomorrow"
           73cbe5dc-08fe-4985-a520-9fff97766f1a  rev 1  — 18% shorter than its text implies
    0.825  known           1296ms  "সে পরে ফিরে আসতে চায়।"
           4044500f-4fb5-4bd6-8915-52983dc04666  rev 1  — 18% shorter than its text implies
    0.825  target2         1944ms  "do you want to find out his name?"
           ef6190d0-a34d-496b-a42d-67a2e421c593  rev 1  — 18% shorter than its text implies
    0.825  target2         1944ms  "why do you want to learn quickly?"
           6d9b014b-1d63-465e-a74f-7f0b29214f4f  rev 1  — 18% shorter than its text implies
    0.825  target2         1296ms  "because I want to help"
           a3bc6583-fcf9-4029-bd35-79b085358e2e  rev 1  — 18% shorter than its text implies
    0.825  known           1944ms  "যত তাড়াতাড়ি পারি ফিরে আসতে চাই।"
           c0ddd1e2-86e0-4976-89c0-0fbe78675a0d  rev 1  — 18% shorter than its text implies
    0.826  target1         2832ms  "she doesn't want to read anything this afternoon"
           c6156f0f-e6e2-490d-b984-61de27bb76e9  rev 1  — 17% shorter than its text implies
    0.826  target1         2064ms  "I'd like to meet with everyone else"
           2c0ac317-35ee-49dd-a713-a1baba4a2a51  rev 1  — 17% shorter than its text implies
    0.826  target2         2064ms  "I'd like to meet with everyone else"
           2d14f57b-7840-4e8f-a9ce-218b767663ed  rev 1  — 17% shorter than its text implies
    0.826  target2         2064ms  "I'm going to learn English later on"
           5c018931-0ea6-4550-a672-24bcee10298d  rev 1  — 17% shorter than its text implies
    0.826  target2         2064ms  "not going to be able to start today"
           511d5be2-d488-4673-a1fc-feaffec23a2d  rev 1  — 17% shorter than its text implies
    0.826  target1         2064ms  "because it's useful to speak better"
           3268497a-4b9b-49db-8782-c1efd972e90c  rev 1  — 17% shorter than its text implies
    0.826  target1         2064ms  "he doesn't want to be quiet tonight"
           2a29d144-edbf-4e8e-a987-93d95bcfb007  rev 1  — 17% shorter than its text implies
    0.826  target1         2064ms  "because he doesn't want to be quiet"
           3195796c-5228-4e58-8d25-d398ee773a94  rev 1  — 17% shorter than its text implies
    0.826  target1         1416ms  "she doesn't want to read"
           bb6999a4-08fb-4dc3-a9ae-cc199fb391e7  rev 1  — 17% shorter than its text implies
    0.826  target1         2184ms  "he doesn't want to come back later on"
           be8404d3-ca1f-48e6-b20d-efef9d3fe703  rev 1  — 17% shorter than its text implies
    0.826  target2         2184ms  "he doesn't want to come back later on"
           c9547a88-9c13-469b-b9b1-012f17cdadcc  rev 1  — 17% shorter than its text implies
    0.826  target1         1416ms  "she doesn't want to meet"
           ee8b7d3d-52bd-46d3-ae11-4968809d99d2  rev 1  — 17% shorter than its text implies
    0.826  target1         2064ms  "do you worry about making mistakes?"
           4c88e0e9-105a-4ff8-b245-ca386f2125f0  rev 1  — 17% shorter than its text implies
    0.826  target2         2064ms  "I don't need to remember everything"
           70a5cb4b-da48-426e-b17a-7ee393a713d3  rev 1  — 17% shorter than its text implies
    0.827  target2         1536ms  "I'm going to say something"
           9da7b63f-799c-447c-8712-181c53f82790  rev 1  — 17% shorter than its text implies
    0.827  target1         1536ms  "he wants to speak with you"
           c601b05d-c094-4399-a92c-8ed4b8b83f9a  rev 1  — 17% shorter than its text implies
    0.827  target2         2304ms  "I like this feeling before I have to go"
           8dc41f29-6055-429f-ae67-f1c2d186f018  rev 1  — 17% shorter than its text implies
    0.827  target2         2304ms  "not going to be able to remember easily"
           abcf981c-da1b-4702-a742-b183648912d8  rev 1  — 17% shorter than its text implies
    0.827  target1         2304ms  "I don't like to meet with everyone else"
           7a5a8f69-0aca-401e-992e-b4f863cc2835  rev 1  — 17% shorter than its text implies
    0.827  target2         2952ms  "I want to speak English when other people are here"
           8b3b8091-3e09-4c7a-877e-4befb923a2b9  rev 1  — 17% shorter than its text implies
    0.828  presentation    2544ms  "ইংরেজিে — 'উত্তর দেওয়া' — যেমন — '' — হয়:"
           4e23ca2e-8c74-4371-9284-c16c8ee14fe0  rev 1  — 17% shorter than its text implies
    0.828  target2         1656ms  "to be able to speak with you"
           ff6c6649-8d71-4dde-8389-9e46eedbcf1c  rev 1  — 17% shorter than its text implies
    0.828  target1         2544ms  "I'd like to learn English with you later on"
           adc10dea-430c-477d-ae0d-fd531ef7b58b  rev 1  — 17% shorter than its text implies
    0.828  target1         2424ms  "because I don't like taking too much time"
           56892991-930d-4837-84d3-4abdf057a2d1  rev 1  — 17% shorter than its text implies
    0.828  target1         1656ms  "I want to show you something"
           47467225-370a-47f4-8d60-b4c0d6da6b3a  rev 1  — 17% shorter than its text implies
    0.828  target2         1656ms  "a little tired at the moment"
           f5d6e647-bbda-4fd9-953e-ce8ce435f496  rev 1  — 17% shorter than its text implies
    0.829  target2         2664ms  "Are you going to help me before I have to go?"
           095f8135-2120-4fee-80cd-b50b87c7552e  rev 1  — 17% shorter than its text implies
    0.829  target2         2664ms  "I was starting to feel better than last night"
           b10641a5-329b-41e2-ad44-3082961ad721  rev 1  — 17% shorter than its text implies
    0.829  target2         2664ms  "I'd like to be able to speak after you finish"
           c6a6c60e-f43c-48f8-81ec-9c43a00363b4  rev 1  — 17% shorter than its text implies
    0.829  presentation    2664ms  "ইংরেজিে — 'তুমি চেয়েছিলে' — যেমন — '' — হয়:"
           084ef8df-c8a0-4241-8ff8-abbbb04d842e  rev 1  — 17% shorter than its text implies
    0.829  target2         1776ms  "I don't want to interrupt soon"
           2ddce640-f9f1-4997-9161-36508075296c  rev 1  — 17% shorter than its text implies
    0.829  target2         1776ms  "I want to read something today"
           c7b84b4b-03a6-49f2-b99e-db83d7884961  rev 1  — 17% shorter than its text implies
    0.829  target1         1776ms  "I'm not going to make mistakes"
           b491ce8a-b9cc-454c-a642-ece54d0481b1  rev 1  — 17% shorter than its text implies
     0.83  target1         2904ms  "And I want you to speak English with me tomorrow."
           a1c2b916-6d6e-4710-baed-80caa7fa0811  rev 1  — 17% shorter than its text implies
     0.83  target1         2904ms  "I'm not sure if I can remember the whole sentence"
           a3f417c9-db45-4a22-b167-0249d50065bb  rev 1  — 17% shorter than its text implies
     0.83  target2         1008ms  "to speak with you"
           3424a311-b57f-42d4-baa0-c92ab56abbad  rev 1  — 17% shorter than its text implies
     0.83  target2         2016ms  "I want to say something in English"
           d7870b1a-68c4-4ac6-bd11-9788f0e35902  rev 1  — 17% shorter than its text implies
     0.83  known           1896ms  "একটু বোঝানোর চেষ্টা করতে যাচ্ছি।"
           4a162bec-a948-4292-860a-95cef5232503  rev 1  — 17% shorter than its text implies
     0.83  target2         2016ms  "I'd like to say what the answer is"
           5fe7c50f-c077-42c3-9349-4b1bea82b9c6  rev 1  — 17% shorter than its text implies
     0.83  target1         2016ms  "I wanted to speak with you tonight"
           7f4d7e26-2d36-40cf-b731-c2bb4258ba87  rev 1  — 17% shorter than its text implies
     0.83  target1         2016ms  "do you feel better than yesterday?"
           289174b1-7104-4512-a8c4-72dd4b9fb3d6  rev 1  — 17% shorter than its text implies
     0.83  target2         1008ms  "do you feel good?"
           8994ac3b-fe34-4b95-b2c7-5bd3bd0d0458  rev 1  — 17% shorter than its text implies
    0.831  presentation    3264ms  "ইংরেজিে — 'প্রায় যাওয়ার জন্য তৈরি' — যেমন — '' — হয
           34e105cc-7efc-4427-af5c-7e677946d77c  rev 1  — 17% shorter than its text implies
    0.831  target1         2256ms  "to practise speaking with someone else"
           65382437-44b2-427d-b668-ac95a936be59  rev 1  — 17% shorter than its text implies
    0.831  target1         2256ms  "I'm not sure if I can speak in English"
           c3be4006-c676-4500-a015-b678413caac5  rev 1  — 17% shorter than its text implies
    0.831  target2         2256ms  "I'm trying to speak with everyone else"
           fdd43b89-0611-4b00-b0eb-71660ecbfcee  rev 1  — 17% shorter than its text implies
    0.831  target1         1128ms  "don't want to speak"
           4a01ed58-5fdc-4ced-9c59-7390f3f579aa  rev 1  — 17% shorter than its text implies
    0.831  target2         2256ms  "I want to ask something this afternoon"
           11341136-66fa-4415-ae9a-db8c647eb88a  rev 1  — 17% shorter than its text implies
    0.831  target1         2256ms  "I'm trying to practise like last night"
           ae03e1fd-bf8c-41a7-b464-3ffaba671ad5  rev 1  — 17% shorter than its text implies
    0.832  presentation    2496ms  "ইংরেজিে — 'যাওয়ার আগে' — যেমন — '' — হয়:"
           eb4214bd-40a8-47ee-8fec-2692eafd09d5  rev 1  — 17% shorter than its text implies
    0.832  target2         2376ms  "I want to speak as often as possible now"
           3fa73560-2f3c-4513-838c-9d0fa941893b  rev 1  — 17% shorter than its text implies
    0.832  target2         2496ms  "she wants to meet people who speak English"
           511aded4-63f4-47c1-81f3-28e9383b75bb  rev 1  — 17% shorter than its text implies
    0.832  target1         2376ms  "I don't like to stop before I have to go"
           a9428510-4b34-4ce3-a617-6b1f3ebd0641  rev 1  — 17% shorter than its text implies
    0.832  target2         2376ms  "I want to learn something this afternoon"
           fe5ea01e-06e2-43a6-95dc-788b37bde070  rev 1  — 17% shorter than its text implies
    0.832  target2         2616ms  "I've been learning how long for about a week"
           f5a8d4f1-ac7e-4b83-a4ae-256e5371371f  rev 1  — 17% shorter than its text implies
    0.833  target2         2856ms  "Because I want to meet people who speak English."
           611b0575-dd66-46b9-b45e-b6b678494f0f  rev 1  — 17% shorter than its text implies
    0.833  target1         1368ms  "if you know what I mean"
           0c357afe-7750-45a7-a1e6-a2ab2f61f622  rev 1  — 17% shorter than its text implies
    0.833  target1         1368ms  "I want to say something"
           8d53baa6-f9e3-43a8-96d5-444890cf3c33  rev 1  — 17% shorter than its text implies
    0.833  target2         1488ms  "I'm going to practise now"
           9365e0c4-a6a5-4df5-afe5-88ab0abb0e32  rev 1  — 17% shorter than its text implies
    0.833  target2         1368ms  "I'm trying to guess now"
           9d940bc4-9ee5-41d9-9e7f-bee865fd0136  rev 1  — 17% shorter than its text implies
    0.833  target2         2736ms  "I want to practise English before I have to go"
           daa0600f-7ff7-425a-ab65-52369eca9091  rev 1  — 17% shorter than its text implies
    0.833  target2         1488ms  "to think about the answer"
           5cc006d7-48e1-4ced-bff5-091c982e047b  rev 1  — 17% shorter than its text implies
    0.834  target1         3336ms  "Because I think that it's a good thing to make mistak
           25ca216d-c72e-449a-b5cb-0f30b9e07b09  rev 1  — 17% shorter than its text implies
    0.834  target1         1728ms  "to practise with someone else"
           40d7abdf-877c-4be5-94fb-65d8b214d2ad  rev 1  — 17% shorter than its text implies
    0.834  known           1728ms  "কাল সারাদিন ইংরেজি শিখতে চাই।"
           4dff3bcc-8b85-4b53-940b-fca131bce6a1  rev 1  — 17% shorter than its text implies
    0.834  target2         1608ms  "and I want to learn English"
           52d445e3-a5f4-4aa7-8add-1d89bd567edc  rev 1  — 17% shorter than its text implies
    0.834  target2         1728ms  "we want to come back later on"
           1ea9bcdd-8bd6-442d-a8ca-414e9bd2ba36  rev 1  — 17% shorter than its text implies
    0.834  known           1608ms  "কিন্তু আমি ইংরেজি বলতে চাই।"
           5f0d85bd-d258-432c-bf1d-60406004e87d  rev 1  — 17% shorter than its text implies
    0.834  target2         1608ms  "why don't you want to stop?"
           62d1131b-7116-403a-a7a1-b6e2d72b06c1  rev 1  — 17% shorter than its text implies
    0.834  target2         1728ms  "don't need to know everything"
           566917b6-2f46-4c8a-8f7a-1d3d036a8dfe  rev 1  — 17% shorter than its text implies
    0.835  target2         1848ms  "I don't need to know everything"
           c34d017c-9113-4fd2-a98a-54d6715030ac  rev 1  — 17% shorter than its text implies
    0.835  known           1848ms  "তোমার সাথে ইংরেজি কথা বলতে চাই।"
           b8e751ba-5379-4243-a0e1-fb198503d962  rev 1  — 17% shorter than its text implies
    0.835  target2         1848ms  "I'm going to say in English now"
           34394347-ed08-4231-a17b-515bcd77da90  rev 1  — 17% shorter than its text implies
    0.835  target2         1968ms  "I'm trying to explain what I mean"
           c2753c4f-116b-43c3-a55b-fad8036a11ba  rev 1  — 17% shorter than its text implies
    0.835  target1         1848ms  "he wants to learn English today"
           761343eb-37d1-49a2-aaf7-a26785cc43e6  rev 1  — 17% shorter than its text implies
    0.835  target1         2208ms  "I want to speak with you this evening"
           55862f25-ae40-4d2b-8e96-9ef7582003eb  rev 1  — 16% shorter than its text implies
    0.835  target2         1848ms  "but I want to meet this evening"
           928e5074-b186-425e-a9c0-1db2e4a32f6f  rev 1  — 17% shorter than its text implies
    0.835  target1         1848ms  "because I want to learn English"
           45d1f0ed-c942-4f09-b7e3-4f08dfd18f50  rev 1  — 17% shorter than its text implies
    0.835  target2         2208ms  "you wanted to meet with everyone else"
           10726de9-e858-43d6-bf65-82bbd3fae838  rev 1  — 16% shorter than its text implies
    0.835  target2         1848ms  "he doesn't want to stop talking"
           0792c165-028d-4c55-a513-7408cd4cb6d8  rev 1  — 17% shorter than its text implies
    0.835  target2         1848ms  "I feel better than this morning"
           86c19b50-d879-4ada-8601-5ef22df78cb3  rev 1  — 17% shorter than its text implies
    0.835  target1         2088ms  "I don't worry about making mistakes"
           4aae738d-9350-4a98-ad2c-f8c6d18f8e07  rev 1  — 16% shorter than its text implies
    0.836  target1         2688ms  "I want to learn something before I have to go"
           a951d4b9-22da-433f-b2cd-1959d8a10817  rev 1  — 16% shorter than its text implies
    0.836  target2         2328ms  "I don't like to meet with everyone else"
           877e848c-29c0-4015-8daf-9aeb8f82e68e  rev 1  — 16% shorter than its text implies
    0.836  target1         2808ms  "I wanted to think about it carefully last month"
           c909b3ca-81e8-4b40-a0a5-74938c919466  rev 1  — 16% shorter than its text implies
    0.836  target1         2568ms  "I wasn't thinking about learning last night"
           0bbb8bde-d3d3-44b8-816f-0cd2add4eff3  rev 1  — 16% shorter than its text implies
    0.836  target2         2448ms  "I want to practise as quickly as possible"
           cd255431-412f-4050-96d1-cf4d655be21b  rev 1  — 16% shorter than its text implies
    0.837  target2         2928ms  "And I want you to speak English with me tomorrow."
           ad0a126d-84d1-4c12-8cd1-666390dd84fd  rev 1  — 16% shorter than its text implies
     0.84  target2         2160ms  "I want to speak English with you now"
           086c0e9b-fc06-49a9-b2ad-7976975a9fd3  rev 1  — 16% shorter than its text implies
     0.84  target2         2040ms  "you want to learn his name quickly"
           e8ced908-ba95-4338-9b17-d057741b47c6  rev 1  — 16% shorter than its text implies
     0.84  target2         1680ms  "I want to speak with you now"
           c62654cd-2efc-4dc1-a96f-9ccc86ec4327  rev 1  — 16% shorter than its text implies
     0.84  target2         1440ms  "I speak English with you"
           821175f4-9ab0-42d1-9ff4-4c90cfd09f23  rev 1  — 16% shorter than its text implies
     0.84  known           1200ms  "তোমার সাথে বলতে পারা"
           ec31da6c-344e-467f-b476-c90266d5e23c  rev 1  — 16% shorter than its text implies
     0.84  target1         1800ms  "and I'd like to learn with you"
           3336f1d5-16c3-4c22-81ea-181b11416cd9  rev 1  — 16% shorter than its text implies
     0.84  target1         2400ms  "I want to learn English all day tomorrow"
           f97a39cb-5490-4353-9528-7124158815ec  rev 1  — 16% shorter than its text implies
     0.84  target2         2400ms  "she wants to find out with everyone else"
           61809c5e-7692-4ee3-beb6-4e627bb2f86a  rev 1  — 16% shorter than its text implies
     0.84  target2         1560ms  "he wants to speak with you"
           69ac65d3-60f2-4070-aeaa-8a8ada06b920  rev 1  — 16% shorter than its text implies
     0.84  target1         2520ms  "she wants to find out something in English"
           96b8e326-b43f-490e-bf68-89adab56bacf  rev 1  — 16% shorter than its text implies
     0.84  target1         1800ms  "you want to come back tomorrow"
           a90935f0-fdbb-49b6-baaa-5c2078044733  rev 1  — 16% shorter than its text implies
     0.84  known           1440ms  "কিন্তু থামাতে চাই না পরে"
           b6b537ed-14ac-4868-bacc-6aa71f56a3e8  rev 1  — 16% shorter than its text implies
     0.84  target2         2040ms  "do you want to speak English soon?"
           4be895d9-e018-40ac-a4ce-1b07fa493f90  rev 1  — 16% shorter than its text implies
     0.84  target1         2520ms  "she wants to meet people who speak English"
           82ee6d3b-ac3f-47ac-81a0-5ca2b8eec71d  rev 1  — 16% shorter than its text implies
     0.84  target1         2280ms  "why do you want to come back later on?"
           c2be6374-59c2-43bb-b43a-435fa5a15477  rev 1  — 16% shorter than its text implies
     0.84  known           1680ms  "যাওয়ার আগে দেখা করা উপকারী।"
           815b153d-71e9-4693-9110-12691ca08666  rev 1  — 16% shorter than its text implies
     0.84  target1         1800ms  "how long do you want to learn?"
           19bac8bb-764e-4a5e-9af3-4ad3f02777a0  rev 1  — 16% shorter than its text implies
     0.84  target2         2160ms  "I want to ask you something tomorrow"
           3200a925-42b6-48ef-b3f5-f3c82a0738a4  rev 1  — 16% shorter than its text implies
     0.84  target2         2400ms  "did you want to speak English yesterday?"
           b3a381c6-bee9-4cb5-874b-afa53df58ea8  rev 1  — 16% shorter than its text implies
     0.84  target1         1440ms  "you want to say anything"
           2b2c7497-3a28-4f09-b3ac-e58efdcd5fd0  rev 1  — 16% shorter than its text implies
     0.84  target2         2520ms  "I want to speak when other people are here"
           369cebf2-e5ba-48fd-a9b8-ad0211af8826  rev 1  — 16% shorter than its text implies
     0.84  target2         1920ms  "because she doesn't want to stop"
           6ee7d324-dc19-4476-8f21-cc185ff603cf  rev 1  — 16% shorter than its text implies
     0.84  target2         1920ms  "he doesn't want to speak English"
           7dd9a1f0-7764-4430-9fac-5a99f1503812  rev 1  — 16% shorter than its text implies
     0.84  target2         3120ms  "I don't want to interrupt when other people are here"
           d1e03005-b98b-4a35-8d0f-a199deeb9f69  rev 1  — 16% shorter than its text implies
     0.84  target2         2640ms  "I don't want to be quiet before I have to go"
           ef46995a-0eca-42a0-86b5-d569037853fa  rev 1  — 16% shorter than its text implies
     0.84  target2         2040ms  "I want to learn about it carefully"
           226bade1-5017-448e-b230-fef7875c7753  rev 1  — 16% shorter than its text implies
     0.84  target1         1560ms  "I've been learning English"
           30e737db-1e73-48f5-8bcd-735afe414452  rev 1  — 16% shorter than its text implies
     0.84  target1         2040ms  "I'm trying to stop making mistakes"
           3c8ff59e-e8d3-48d4-89b8-2b03b3f305a8  rev 1  — 16% shorter than its text implies
    0.843  target1         3192ms  "I like feeling nearly ready to go before I have to go
           365ea390-9762-4d83-99f9-d3d2dd54f3a2  rev 1  — 16% shorter than its text implies
    0.844  target1         2592ms  "we want to meet at six o'clock this evening"
           27154404-9de6-4300-938d-0b162accf721  rev 1  — 16% shorter than its text implies
    0.844  target2         2352ms  "I'm going to try to explain what I mean"
           67bc10ec-e85e-421d-bb3e-181cdfb96188  rev 1  — 16% shorter than its text implies
    0.844  target2         2832ms  "I'm not trying to finish as quickly as possible"
           9b5bd47d-643a-49c0-8c5b-e790509f2523  rev 1  — 16% shorter than its text implies
    0.844  target2         2592ms  "we want to meet at six o'clock this evening"
           fe390616-4bd5-4e07-900f-41d3dfc81c44  rev 1  — 16% shorter than its text implies
    0.844  target2         2472ms  "because I like feeling nearly ready to go"
           41236c7d-e718-417f-bc86-b911e88275c4  rev 1  — 16% shorter than its text implies
    0.844  target2         2352ms  "I'm looking forward to learning English"
           2e4f50f7-0db8-4009-8600-b7bd365b65d2  rev 1  — 16% shorter than its text implies
    0.844  target2         2352ms  "I don't want to be quiet this afternoon"
           84341301-a50b-4ed8-a841-9389b75a64e0  rev 1  — 16% shorter than its text implies
    0.845  target1         2112ms  "but I'm a little tired this morning"
           1362cbc3-2d34-4b41-8856-ce293ffaf2ce  rev 1  — 16% shorter than its text implies
    0.845  presentation    4104ms  "ইংরেজিে — 'করতে হবে' — যেমন — 'বা আমার উন্নতি করতে হব
           edf27ec2-41c5-4157-b06d-5c6554d4ae27  rev 1  — 16% shorter than its text implies
    0.845  target1         1872ms  "I'm trying to remember with you"
           0a5f6aea-bbde-4621-b8f6-1f41708b58fc  rev 1  — 15% shorter than its text implies
    0.845  target1         1872ms  "I'm not going to guess tomorrow"
           579d1308-0592-4b9e-8b5d-9b4e2fc6c946  rev 1  — 15% shorter than its text implies
    0.845  target2         2232ms  "do you want to speak English with me?"
           5e27f8f8-030c-47fe-845b-d54391951d1a  rev 1  — 16% shorter than its text implies
    0.845  target2         2112ms  "we want to speak with everyone else"
           a8decafc-bc7b-4a50-ad24-200c660ed581  rev 1  — 16% shorter than its text implies
    0.845  target2         2112ms  "I'd like to speak with you later on"
           f60ede6c-1943-4ead-9db0-ee3155817e72  rev 1  — 16% shorter than its text implies
    0.845  target1         2112ms  "you want to meet with everyone else"
           b3094f4e-bdd5-44a5-a851-a689037403d5  rev 1  — 16% shorter than its text implies
    0.845  target2         2232ms  "because with people who speak English"
           342a8792-6d66-424e-a5bb-6a8040608225  rev 1  — 16% shorter than its text implies
    0.845  target2         2112ms  "I wanted to say something yesterday"
           16baf1ed-c992-4949-899f-db1ec9d33db3  rev 1  — 16% shorter than its text implies
    0.845  target2         1872ms  "how do you feel this afternoon?"
           15539721-6625-4557-adf9-e6cfc4663fc8  rev 1  — 15% shorter than its text implies
    0.845  target1         1992ms  "I'm trying to remember everything"
           389e250c-39af-4982-9f16-640c51c910a8  rev 1  — 15% shorter than its text implies
    0.845  target1         2112ms  "do you care about learning English?"
           b38ac1f4-8b95-483a-bbc7-dccb318fb429  rev 1  — 16% shorter than its text implies
    0.846  target1         3384ms  "I'm looking forward to speaking better as soon as I c
           4796d53a-7ee8-4c46-8c5b-aeef47f2635a  rev 1  — 15% shorter than its text implies
    0.846  known           1632ms  "তোমার সাথে কথা বলতে যাচ্ছি।"
           68ade9df-dde7-43c9-978c-35be00721b7f  rev 1  — 15% shorter than its text implies
    0.846  target1         1632ms  "to speak the whole sentence"
           cbcf27e3-4be3-435f-aa97-489e20f25299  rev 1  — 15% shorter than its text implies
    0.846  target2         1632ms  "he wants to come back today"
           9a761cfa-cc7d-4d7c-85df-d5c40d8fcc93  rev 1  — 15% shorter than its text implies
    0.846  target1         1632ms  "why don't you want to stop?"
           708e39ca-391b-450e-b2ec-f28445acda0e  rev 1  — 15% shorter than its text implies
    0.847  presentation    2904ms  "ইংরেজিে — 'তুমি কি চেয়েছিলে' — যেমন — '' — হয়:"
           b751128b-9c0c-4485-847b-3424d8b7f3ae  rev 1  — 15% shorter than its text implies
    0.847  known           1392ms  "এখন কথা বলা অভ্যাস করতে"
           c638c40e-0cd6-4f97-a636-d16d88a11cc5  rev 1  — 15% shorter than its text implies
    0.847  known           1512ms  "কাল অনুমান করতে যাচ্ছি না"
           9b44d0e0-6d29-4a25-b3eb-ec47acc5d028  rev 1  — 15% shorter than its text implies
    0.847  target2         3024ms  "I'd like to meet with everyone else at six o'clock"
           dc1e6d48-6187-4320-b5d0-d97418840175  rev 1  — 15% shorter than its text implies
    0.847  known           2904ms  "প্রায় যাওয়ার জন্য তৈরি অনুভূতি কারণ ভালো লাগে।"
           71e95f37-d299-41c2-ac95-2b3acb695099  rev 1  — 15% shorter than its text implies
    0.848  target1         2664ms  "I'd like to speak English very well with you"
           24342825-83ed-4eac-8a99-1f5ee0584078  rev 1  — 15% shorter than its text implies
    0.848  target2         2424ms  "he wants to come back with everyone else"
           6193bbe9-40c6-4e35-afaf-b90c85aed6c1  rev 1  — 15% shorter than its text implies
    0.848  target2         2424ms  "because we want to speak English all day"
           35dedce3-4c12-403b-b8e5-2f26aa588901  rev 1  — 15% shorter than its text implies
    0.848  target2         2544ms  "are you going to help before I have to go?"
           6c4d6675-a979-4fd1-8f41-b648637ea2c3  rev 1  — 15% shorter than its text implies
    0.848  target1         2544ms  "I don't like taking too much time with you"
           ce23e6e0-c60d-4b5c-b508-a51e50821cf3  rev 1  — 15% shorter than its text implies
    0.848  target1         2424ms  "did you want to meet with everyone else?"
           9553c264-2819-4449-b724-daabee956312  rev 1  — 15% shorter than its text implies
    0.848  target1         2544ms  "I like to speak when other people are here"
           4db92c0b-07b0-4d56-8b2f-a5c74e544bcb  rev 1  — 15% shorter than its text implies
    0.848  target1         2544ms  "I want to improve, if you know what I mean"
           088d95be-76de-48f1-88c5-099d5301d256  rev 1  — 15% shorter than its text implies
    0.849  presentation    2304ms  "ইংরেজিে — 'পারব না' — যেমন — '' — হয়:"
           f0f55791-a273-43c1-8011-cf15398d4dff  rev 1  — 15% shorter than its text implies
    0.849  target1         2184ms  "I want to practise speaking with you"
           2d70dc73-a16c-44e4-8b81-7c074dcc3803  rev 1  — 15% shorter than its text implies
    0.849  target1         2184ms  "I want to practise with someone else"
           438c3056-c614-4b85-b524-4a75294ea109  rev 1  — 15% shorter than its text implies
    0.849  target2         2304ms  "to practise speaking with someone else"
           abc749e9-fd5d-4b36-ae63-5791b4cb1cc6  rev 1  — 15% shorter than its text implies
    0.849  target1         2304ms  "I want to practise speaking in English"
           b886edd4-a03a-4249-85cc-fdf1382ef8b9  rev 1  — 15% shorter than its text implies
    0.849  target2         2304ms  "I'd like to say what's going to happen"
           8ec6470c-ddf4-4a1e-afae-e103551674a1  rev 1  — 15% shorter than its text implies
    0.849  target1         2304ms  "I'd like to say what's going to happen"
           ec20c4d6-521a-4a22-aa9b-06479965905e  rev 1  — 15% shorter than its text implies
    0.849  target1         2304ms  "I'm trying to speak with everyone else"
           b6602835-9b4e-4109-ad88-a748a0c9cce9  rev 1  — 15% shorter than its text implies
    0.849  target2         1152ms  "don't want to speak"
           359aef46-8e1c-4fd6-85b0-8da240adc009  rev 1  — 15% shorter than its text implies
    0.849  target1         3456ms  "I'm looking forward to speaking better as soon as you
           344614f3-3a91-4ada-9cff-22e0540466ce  rev 1  — 15% shorter than its text implies
    0.849  target2         2304ms  "I want to speak English this afternoon"
           adf30cb4-d98d-4ae7-ad0c-8c767707f91a  rev 1  — 15% shorter than its text implies
    0.849  target2         2184ms  "I want to speak English this morning"
           6db58d55-8f5d-4d3c-bb99-9a866ebc6a45  rev 1  — 15% shorter than its text implies
    0.849  target2         2304ms  "I want to speak with you at the moment"
           4994f78b-30af-4f44-8b8f-e61864c07376  rev 1  — 15% shorter than its text implies
    0.849  target1         2304ms  "I want to speak as quickly as possible"
           95088014-ac29-4566-8f63-a62e9742f5ed  rev 1  — 15% shorter than its text implies
    0.849  target1         1152ms  "I'm going to finish"
           a463accf-2061-415f-ae3b-6a7f4c95f2b5  rev 1  — 15% shorter than its text implies
     0.85  target2         2064ms  "I want to learn something tomorrow"
           7205078b-c5bd-4276-9560-8c1c7194f001  rev 1  — 15% shorter than its text implies
     0.85  target1         2064ms  "I'd like to say what the answer is"
           74f82e55-e2bd-4f9d-9b73-45688853b51c  rev 1  — 15% shorter than its text implies
     0.85  target1         2064ms  "I like to meet before I have to go"
           05905c5e-157f-4751-abe0-6af156b8e975  rev 1  — 15% shorter than its text implies

queue -> docs/audio-repair-2026-08-06/estate/eng_for_ben-seeds50-tails.json  (feed it straight to `propose --targets`)

This is an ORDERING, not a verdict. Nothing here has been judged broken.

[Azure TTS] Closing connection pool (0 total connections)...
