[dotenv@17.2.3] injecting env (22) from .env -- tip: 🗂️ backup and recover secrets: https://dotenvx.com/ops

scoped to seeds 1-50: 3242 clip(s) referenced
tail check ON — one S3 fetch and one decode per clip, 8 at a time; this is not instant.
[dotenv@17.2.3] injecting env (0) from .env -- tip: 🔐 prevent committing .env to code: https://dotenvx.com/precommit
[language-code-service] Loaded 488 language codes from CSV
[language-code-service] TTS configured: 104 Azure, 75 ElevenLabs, 79 Google
[language-code-service] Legacy mappings: 93 total (95 from CSV)
  measured 250/3242 (21.2/s, ~2m left)     measured 500/3242 (23.9/s, ~2m left)     measured 750/3242 (24.7/s, ~2m left)     measured 1000/3242 (25.5/s, ~1m left)     measured 1250/3242 (25.9/s, ~1m left)     measured 1500/3242 (26.4/s, ~1m left)     measured 1750/3242 (26.9/s, ~1m left)     measured 2000/3242 (27.3/s, ~1m left)     measured 2250/3242 (27.5/s, ~1m left)     measured 2500/3242 (27.6/s, ~0m left)     measured 2750/3242 (27.7/s, ~0m left)     measured 3000/3242 (27.8/s, ~0m left)   

audio-repair queue — eng_for_tel
detector: duration-vs-expected
  Unmeasured against human-labelled ground truth. Orders the queue only — it never passes audio. The tail-defect detector it replaces measured ~9% precision by ear (2026-08-05).
detector: tail-integrity
  Recall 3/3 against the only human-labelled ground truth that exists (Tom, deu_for_eng, 2026-08-05) — three clips is far too few for a precision figure, and none is claimed. Like-for-like control: fresh renders of the same 93 texts through the same voices moved the median release 20ms -> 115ms, and 92 of 93 stopped tripping this check, so the flags are not an artefact of which phoneme a word ends on. That says the shipped clips are anomalous; it does NOT say a human hears all 93 as damaged. Orders the queue only; it never passes audio.
  measured 3242 clip(s); 0 could not be measured

1118 clip(s) worth a human's ears (1084 by duration, 108 by tail); showing 1118, worst first.

     15ms  target1         2208ms  "I was starting to feel better than last night."
           0a3ff3a5-e7c8-482c-982e-33e231120490  rev 1  — ends abruptly — 15ms from full speech level to silence (natural endings measure ~80ms); and speaks 22.1 chars/sec against a 18.4 baseline
     10ms  target1         2136ms  "I'm trying to remember the whole sentence"
           84a96403-626c-4306-9d8e-ffbeeb4ed1b0  rev 1  — ends abruptly — 10ms from full speech level to silence (natural endings measure ~80ms)
     10ms  target1         1656ms  "you speak English all day"
           58fb711e-7554-44d0-bec9-1f3e1c0e28f1  rev 1  — ends abruptly — 10ms from full speech level to silence (natural endings measure ~80ms)
     10ms  target1         1968ms  "he wants to come back at six o'clock"
           17e7e574-1e94-4596-a86d-4d8150c9ec31  rev 1  — ends abruptly — 10ms from full speech level to silence (natural endings measure ~80ms)
     10ms  target1         2016ms  "I started to think about it carefully"
           00a2dadc-24fd-4ed8-8034-919068eb08c7  rev 1  — ends abruptly — 10ms from full speech level to silence (natural endings measure ~80ms)
     10ms  target1         1824ms  "about it carefully last month"
           5c2119a8-be28-4612-9daf-3288d6aa1a2d  rev 1  — ends abruptly — 10ms from full speech level to silence (natural endings measure ~80ms)
     10ms  target1         1560ms  "I feel better than last night"
           dbdd6bee-6f2e-4771-85ef-723b2c3d9706  rev 1  — ends abruptly — 10ms from full speech level to silence (natural endings measure ~80ms)
     20ms  target1         2256ms  "I'm not sure if I can remember the whole sentence."
           e69c5fd8-bce6-426b-99ed-9bbfba43d3fe  rev 1  — ends abruptly — 20ms from full speech level to silence (natural endings measure ~80ms); and speaks 23.4 chars/sec against a 18.4 baseline
     15ms  target1         1704ms  "I'm trying to remember a word."
           efaab650-b0b3-4871-9234-095c2940f28f  rev 1  — ends abruptly — 15ms from full speech level to silence (natural endings measure ~80ms)
     15ms  target1         3048ms  "I'm looking forward to speaking better as soon as I c
           f0d6058c-4f30-4a2d-8c49-508fdbde1e86  rev 1  — ends abruptly — 15ms from full speech level to silence (natural endings measure ~80ms)
     15ms  target1          576ms  "to speak"
           0caa8a2d-5118-45bc-b246-7fc8b7cdd114  rev 1  — ends abruptly — 15ms from full speech level to silence (natural endings measure ~80ms)
     15ms  target1          504ms  "English"
           49d39070-765e-4420-a646-e58baf262cfc  rev 1  — ends abruptly — 15ms from full speech level to silence (natural endings measure ~80ms)
     15ms  target1         1272ms  "she wants to find out"
           b583e298-cba5-4996-97c0-d996907894eb  rev 1  — ends abruptly — 15ms from full speech level to silence (natural endings measure ~80ms)
     15ms  target1         2664ms  "I'm trying to learn how to say something in English"
           90fc5574-92b2-42d4-b449-f5ab85b708d6  rev 1  — ends abruptly — 15ms from full speech level to silence (natural endings measure ~80ms)
     15ms  target1         1056ms  "i'm going to start"
           d7ea4c41-b6e7-4095-a9e6-c8aaac828b96  rev 1  — ends abruptly — 15ms from full speech level to silence (natural endings measure ~80ms)
     15ms  target1         1344ms  "I'm trying to learn English"
           feb0f039-d4f8-4113-9363-07b2fb696132  rev 1  — ends abruptly — 15ms from full speech level to silence (natural endings measure ~80ms)
     15ms  target1         1992ms  "I want to try to say something in English"
           bd592ca5-4c2f-4bcd-9f59-ffe76f286722  rev 1  — ends abruptly — 15ms from full speech level to silence (natural endings measure ~80ms)
     15ms  target1         2832ms  "I'm going to practise speaking with someone else toda
           f0312ef5-f417-4009-b0d5-bec22634e9de  rev 1  — ends abruptly — 15ms from full speech level to silence (natural endings measure ~80ms)
     15ms  target1         2208ms  "I'm not sure how to say the whole sentence"
           7c28cd74-8c7f-44c7-a030-037e0e4abff5  rev 1  — ends abruptly — 15ms from full speech level to silence (natural endings measure ~80ms)
     15ms  target1         1680ms  "I want to say the whole sentence"
           e0509a6f-9a2a-461f-a19a-76a46490d0cb  rev 1  — ends abruptly — 15ms from full speech level to silence (natural endings measure ~80ms)
     15ms  target1         1248ms  "you speak very well"
           4c4a7ffc-31aa-42a7-b058-5e918b66df92  rev 1  — ends abruptly — 15ms from full speech level to silence (natural endings measure ~80ms)
     15ms  target1         1368ms  "you speak English today"
           dc071bec-ead4-4541-a798-6e9038475f33  rev 1  — ends abruptly — 15ms from full speech level to silence (natural endings measure ~80ms)
     15ms  target1         1608ms  "we want to speak this evening"
           830ed5cf-ff68-4f63-baf2-eb69de61d409  rev 1  — ends abruptly — 15ms from full speech level to silence (natural endings measure ~80ms)
     15ms  target1         1848ms  "you want to learn her name quickly"
           f09fb589-1a70-46f8-8f62-a4ebf27388af  rev 1  — ends abruptly — 15ms from full speech level to silence (natural endings measure ~80ms)
     20ms  target2         1152ms  "how are you going to help me?"
           4a24c58c-756c-4aed-81e3-87e233582511  rev 1  — ends abruptly — 20ms from full speech level to silence (natural endings measure ~80ms); and speaks 28.2 chars/sec against a 19.7 baseline
     15ms  target1         2592ms  "I'm looking forward to speaking English this evening"
           9a0b0b47-2401-4fa3-be40-302ff5ecaa69  rev 1  — ends abruptly — 15ms from full speech level to silence (natural endings measure ~80ms)
     15ms  target1         1608ms  "I started to think about it"
           c40dcf7d-8e5c-4352-b88c-491262c49886  rev 1  — ends abruptly — 15ms from full speech level to silence (natural endings measure ~80ms)
     15ms  target1         1704ms  "I feel okay at the moment"
           05f58190-7e6a-40f2-b380-1f6eb235b9b6  rev 1  — ends abruptly — 15ms from full speech level to silence (natural endings measure ~80ms)
     15ms  target1         1728ms  "it's a good thing to make mistakes"
           cc5e4aba-b683-4fe6-a37b-cb6af1016e42  rev 1  — ends abruptly — 15ms from full speech level to silence (natural endings measure ~80ms)
     20ms  target1         2496ms  "I'd like to be able to speak after you finish."
           6c7ff6fd-6d8d-4c24-b729-98efbb81b961  rev 1  — ends abruptly — 20ms from full speech level to silence (natural endings measure ~80ms)
     20ms  target1         2064ms  "We don't want to interrupt the story."
           71cd8cc6-55b2-4213-a61a-c6292eb09253  rev 1  — ends abruptly — 20ms from full speech level to silence (natural endings measure ~80ms)
     20ms  target1          768ms  "in English"
           0919e8b6-da89-4c0c-a644-71800061c69a  rev 1  — ends abruptly — 20ms from full speech level to silence (natural endings measure ~80ms)
     20ms  target1         1032ms  "we want to meet"
           29a96bc9-2712-4ed3-abcc-952790cdb125  rev 1  — ends abruptly — 20ms from full speech level to silence (natural endings measure ~80ms)
     20ms  target1          912ms  "at the moment"
           9ef423bd-8ca7-4042-8b3d-e2cb9186e122  rev 1  — ends abruptly — 20ms from full speech level to silence (natural endings measure ~80ms)
     20ms  target1         1032ms  "to stop talking"
           ef115e9a-76ca-4b30-a8dd-5f4eb8da36ad  rev 1  — ends abruptly — 20ms from full speech level to silence (natural endings measure ~80ms)
     20ms  target1          504ms  "he"
           f05ef9a4-3f03-4f07-9313-088f128bf094  rev 1  — ends abruptly — 20ms from full speech level to silence (natural endings measure ~80ms)
     20ms  target1          552ms  "in"
           904eb61e-2b1e-42bc-9c88-1153f5bb2330  rev 1  — ends abruptly — 20ms from full speech level to silence (natural endings measure ~80ms)
     20ms  target1         1848ms  "I'm trying to learn English now"
           fa1633a1-2c81-4ec6-a196-85586e2ea68d  rev 1  — ends abruptly — 20ms from full speech level to silence (natural endings measure ~80ms)
     20ms  target1         1368ms  "I want to learn a word"
           06040faa-4330-4f9f-a2c4-d0e207505cf6  rev 1  — ends abruptly — 20ms from full speech level to silence (natural endings measure ~80ms)
     20ms  target1         1992ms  "I'm trying as hard as I can"
           570e559f-e9db-4fae-86ce-a742a194033b  rev 1  — ends abruptly — 20ms from full speech level to silence (natural endings measure ~80ms)
     20ms  target1         1704ms  "I want to speak English today"
           66ff05df-5fe6-4c44-88e8-de782467c55e  rev 1  — ends abruptly — 20ms from full speech level to silence (natural endings measure ~80ms)
     20ms  target1         1632ms  "I want to remember a word"
           9c4a47e8-0c64-4935-9242-32c17a4acbea  rev 1  — ends abruptly — 20ms from full speech level to silence (natural endings measure ~80ms)
     20ms  target1         1416ms  "I want to explain something"
           ac7151f6-79c4-4342-9f6a-70233436e01e  rev 1  — ends abruptly — 20ms from full speech level to silence (natural endings measure ~80ms)
     20ms  target1         2064ms  "I want to try as hard as I can"
           c91e7b24-f627-4c06-9a34-91f5885fd36e  rev 1  — ends abruptly — 20ms from full speech level to silence (natural endings measure ~80ms)
     20ms  target1         1704ms  "I want to speak a little English"
           69b1cc6e-4c66-47e3-9af2-ac107003d283  rev 1  — ends abruptly — 20ms from full speech level to silence (natural endings measure ~80ms)
     20ms  target1         1632ms  "I'm not sure how to say something"
           b3599f6f-6396-457b-b6ba-9ad9c903daeb  rev 1  — ends abruptly — 20ms from full speech level to silence (natural endings measure ~80ms)
     20ms  target1         1344ms  "you speak a little English"
           11f0c971-6e82-4a71-be4c-353ade16e515  rev 1  — ends abruptly — 20ms from full speech level to silence (natural endings measure ~80ms)
     20ms  target1         2496ms  "I'd like to be able to speak English tomorrow"
           d6474e86-a3a5-4567-a261-cfa4b20aec7a  rev 1  — ends abruptly — 20ms from full speech level to silence (natural endings measure ~80ms)
     20ms  target1          912ms  "with everyone"
           3570e223-70ac-40de-b8fa-658728185055  rev 1  — ends abruptly — 20ms from full speech level to silence (natural endings measure ~80ms)
     20ms  target1         2064ms  "I want to speak very well tomorrow"
           e5f6f18c-9a90-46d3-90d4-f13559df2087  rev 1  — ends abruptly — 20ms from full speech level to silence (natural endings measure ~80ms)
     20ms  target1         1560ms  "he wants to come back with me"
           eead994d-5ab9-4a73-91a9-b6e25ab267e5  rev 1  — ends abruptly — 20ms from full speech level to silence (natural endings measure ~80ms)
     20ms  target1         1680ms  "I'm not sure what the answer is"
           e54bd679-f853-4448-9fd4-3b4545b3eca5  rev 1  — ends abruptly — 20ms from full speech level to silence (natural endings measure ~80ms)
     20ms  target2         2400ms  "I don't like feeling as if I'm ready to go"
           a88dd792-6900-415c-992c-ea49955b5dda  rev 1  — ends abruptly — 20ms from full speech level to silence (natural endings measure ~80ms)
     20ms  target1         2088ms  "I started to think this afternoon"
           4982eedb-f1b0-4f4a-8d41-d95db7c931e4  rev 1  — ends abruptly — 20ms from full speech level to silence (natural endings measure ~80ms)
     20ms  target1         1752ms  "I'm a little tired at the moment"
           d2e84495-a08c-4a5f-813d-a71431bf345b  rev 1  — ends abruptly — 20ms from full speech level to silence (natural endings measure ~80ms)
     20ms  target1         2280ms  "but I was starting to feel better this morning"
           f3569220-671a-4cd1-b9cf-90b476ecdb81  rev 1  — ends abruptly — 20ms from full speech level to silence (natural endings measure ~80ms)
     20ms  target1         1632ms  "I can't remember everything"
           767f53d3-9c63-4660-9ba9-767732b03e2a  rev 1  — ends abruptly — 20ms from full speech level to silence (natural endings measure ~80ms)
     20ms  target1         1800ms  "don't worry about making mistakes"
           884eeefe-0fcc-4d9e-ba21-9be68da72062  rev 1  — ends abruptly — 20ms from full speech level to silence (natural endings measure ~80ms)
     20ms  target1         1272ms  "I don't care about it"
           dc08dc9e-ace2-4e7e-bbba-c632f3ea3d4b  rev 1  — ends abruptly — 20ms from full speech level to silence (natural endings measure ~80ms)
     20ms  target1         1536ms  "I don't like to make mistakes"
           e6d43659-254c-4116-9edd-6e77269a6583  rev 1  — ends abruptly — 20ms from full speech level to silence (natural endings measure ~80ms)
     20ms  target1         1632ms  "I want to remember everything"
           fb394012-37f5-4ed3-a4c7-0805bfe48583  rev 1  — ends abruptly — 20ms from full speech level to silence (natural endings measure ~80ms)
     25ms  target1         1632ms  "Or if I need to improve."
           8a6dc2c4-4b63-4023-aade-64f9f95341fb  rev 1  — ends abruptly — 25ms from full speech level to silence (natural endings measure ~80ms)
     25ms  target1         2352ms  "I'm going to practise speaking with someone else."
           efff9410-5b11-4ec8-866e-eaef9be36948  rev 1  — ends abruptly — 25ms from full speech level to silence (natural endings measure ~80ms)
     25ms  target1         1680ms  "doesn't want to read anything"
           0950040c-e431-4fa1-89c5-5a41f221d974  rev 1  — ends abruptly — 25ms from full speech level to silence (natural endings measure ~80ms)
     25ms  target1         1200ms  "you wanted to speak"
           5a24537a-deb3-41ef-9b08-68ce931d11ca  rev 1  — ends abruptly — 25ms from full speech level to silence (natural endings measure ~80ms)
     25ms  target1         2112ms  "I'm trying to learn how to speak something"
           b444ec8a-d670-4fe0-80c8-8f0531cd4552  rev 1  — ends abruptly — 25ms from full speech level to silence (natural endings measure ~80ms)
     30ms  target1         1464ms  "I'm trying to remember something"
           1511ace7-0c4e-4338-a080-4ecf5dfc8b09  rev 1  — ends abruptly — 30ms from full speech level to silence (natural endings measure ~80ms); and speaks 24.2 chars/sec against a 18.4 baseline
     25ms  target1         2352ms  "I'm trying to remember as hard as I can"
           19995420-5f62-48c8-a74d-46dbcedc9ed3  rev 1  — ends abruptly — 25ms from full speech level to silence (natural endings measure ~80ms)
     25ms  target1         2016ms  "I want to try to remember a word"
           3c43c07e-ab02-49f3-bb15-e2e23db4d3cc  rev 1  — ends abruptly — 25ms from full speech level to silence (natural endings measure ~80ms)
     25ms  target1         1656ms  "I want to explain a word"
           3bc960a1-78d6-4a3b-abcb-d5e2c575947c  rev 1  — ends abruptly — 25ms from full speech level to silence (natural endings measure ~80ms)
     25ms  target1         1872ms  "if I can remember the whole sentence"
           f15ab782-8cac-485a-8083-c029247fa8eb  rev 1  — ends abruptly — 25ms from full speech level to silence (natural endings measure ~80ms)
     25ms  target1          768ms  "and I want"
           68fc3430-f46c-4d85-84e5-b14bdbcff800  rev 1  — ends abruptly — 25ms from full speech level to silence (natural endings measure ~80ms)
     25ms  target1         1704ms  "we want to meet at six o'clock"
           9fc92a4d-45ba-4c33-80c1-a63bf310860f  rev 1  — ends abruptly — 25ms from full speech level to silence (natural endings measure ~80ms)
     25ms  target1          720ms  "evening"
           b60e6cc5-f0a4-4b41-9c69-4cb0d51f6ad7  rev 1  — ends abruptly — 25ms from full speech level to silence (natural endings measure ~80ms)
     25ms  target1         1776ms  "we want to speak with you tomorrow"
           de911d6f-09d4-4967-913c-791d735f48ef  rev 1  — ends abruptly — 25ms from full speech level to silence (natural endings measure ~80ms)
     25ms  target1         1224ms  "you speak quickly"
           ad7abc3b-a548-4dfd-8f43-ceab017aa202  rev 1  — ends abruptly — 25ms from full speech level to silence (natural endings measure ~80ms)
     25ms  target1         1944ms  "you want to learn how to say something"
           d6534417-e4be-424f-b0c8-d1431b42eb96  rev 1  — ends abruptly — 25ms from full speech level to silence (natural endings measure ~80ms)
     25ms  known           3720ms  "వెళ్ళడానికి సిద్ధంగా ఉన్నట్టు అనిపించడం నాకు ఇష్టం లే
           bd3c0d79-1afb-48d6-856b-1f5c53ccc1ac  rev 1  — ends abruptly — 25ms from full speech level to silence (natural endings measure ~80ms)
     25ms  target1         2232ms  "I'm looking forward to speaking English"
           5806386c-cc5f-4ca0-beb9-f84548b923ea  rev 1  — ends abruptly — 25ms from full speech level to silence (natural endings measure ~80ms)
     25ms  target1         1776ms  "it's useful for you to answer"
           58492ede-d341-416d-9123-91f56d667c78  rev 1  — ends abruptly — 25ms from full speech level to silence (natural endings measure ~80ms)
     30ms  target1         1392ms  "I wanted to ask you something"
           455661ff-e0b2-415e-b843-d5e4131f34cb  rev 1  — ends abruptly — 30ms from full speech level to silence (natural endings measure ~80ms); and speaks 23 chars/sec against a 18.4 baseline
     25ms  target1         1872ms  "she doesn't want to read anything"
           b085e29a-cb5a-4e06-b3c3-1b7fe51fe784  rev 1  — ends abruptly — 25ms from full speech level to silence (natural endings measure ~80ms)
     30ms  target1         1704ms  "but I'm a little tired this evening"
           17a4a540-5242-46d0-97e5-c3b458311de0  rev 1  — ends abruptly — 30ms from full speech level to silence (natural endings measure ~80ms); and speaks 22.2 chars/sec against a 18.4 baseline
     25ms  target1         1560ms  "I wasn't thinking carefully"
           c3ffb6dc-614a-453b-860c-6508aa82651f  rev 1  — ends abruptly — 25ms from full speech level to silence (natural endings measure ~80ms)
     25ms  target1         1224ms  "I feel okay now"
           e2a99971-58ab-4383-8eed-13c22054f797  rev 1  — ends abruptly — 25ms from full speech level to silence (natural endings measure ~80ms)
     25ms  target1         2352ms  "I think that it's a good thing to make mistakes"
           cf2a935a-c42c-45ca-ac23-e77f92b227ac  rev 1  — ends abruptly — 25ms from full speech level to silence (natural endings measure ~80ms)
     30ms  target1         2544ms  "Because I want to meet people who speak English."
           bba3a577-379c-4be7-bb9d-c6e6a77653db  rev 1  — ends abruptly — 30ms from full speech level to silence (natural endings measure ~80ms)
     30ms  target1         1896ms  "But I'm a little tired this morning."
           f7cfd9e3-51d9-4fc3-8f4e-37f15afc9b42  rev 1  — ends abruptly — 30ms from full speech level to silence (natural endings measure ~80ms)
     30ms  target1          648ms  "because"
           1034a1e0-eb83-4972-ab9b-86352549476a  rev 1  — ends abruptly — 30ms from full speech level to silence (natural endings measure ~80ms)
     30ms  target1         1176ms  "I feel okay"
           9e27f0c8-74ee-46fa-8dc1-fc24221ffac9  rev 1  — ends abruptly — 30ms from full speech level to silence (natural endings measure ~80ms)
     30ms  target1          960ms  "wasn't thinking"
           dbb416b8-b720-4944-8069-04b07e687185  rev 1  — ends abruptly — 30ms from full speech level to silence (natural endings measure ~80ms)
     30ms  target1          576ms  "tonight"
           1b49d92a-4a39-4408-8002-bb40af6ca10f  rev 1  — ends abruptly — 30ms from full speech level to silence (natural endings measure ~80ms)
     30ms  target1         1968ms  "I want to learn how to say something"
           b18aba54-fbe6-4bd5-88c6-f851dc9669e5  rev 1  — ends abruptly — 30ms from full speech level to silence (natural endings measure ~80ms)
     30ms  target1          444ms  "else"
           e7f97d91-f989-4a4d-aa8d-cc7557d9572f  rev 1  — ends abruptly — 30ms from full speech level to silence (natural endings measure ~80ms)
     30ms  target1         2376ms  "I'm trying to remember how to speak English"
           1f4017d5-ed9b-4371-b832-05381cb2e4b3  rev 1  — ends abruptly — 30ms from full speech level to silence (natural endings measure ~80ms)
     30ms  target1         1944ms  "I'm trying to learn with someone else"
           773b3266-a3d4-4869-a532-541d1cd632de  rev 1  — ends abruptly — 30ms from full speech level to silence (natural endings measure ~80ms)
     30ms  target1         1488ms  "he wants to come back today"
           0df47fa4-8c19-48f5-887c-2c1955dcc9e2  rev 1  — ends abruptly — 30ms from full speech level to silence (natural endings measure ~80ms)
     30ms  target1         1680ms  "you speak with everyone else"
           99095d90-15c9-409e-8a54-fb0128fd2857  rev 1  — ends abruptly — 30ms from full speech level to silence (natural endings measure ~80ms)
     30ms  target1         2352ms  "I want to speak English with everyone else"
           b2395f44-9c47-47e0-895e-d0f05591b3e1  rev 1  — ends abruptly — 30ms from full speech level to silence (natural endings measure ~80ms)
     30ms  target2         1896ms  "I'm going to start speaking with you"
           b0390c0d-f6b9-4598-8802-22c635591c07  rev 1  — ends abruptly — 30ms from full speech level to silence (natural endings measure ~80ms)
     30ms  target1         2112ms  "I wanted to speak with you yesterday"
           87d9df98-69ec-4e6c-afe0-184341238f97  rev 1  — ends abruptly — 30ms from full speech level to silence (natural endings measure ~80ms)
     30ms  target1         2400ms  "I wanted to ask you what's going to happen"
           e36521c2-79c5-449c-9cb8-534a6ba002ab  rev 1  — ends abruptly — 30ms from full speech level to silence (natural endings measure ~80ms)
     30ms  target1         2616ms  "we don't want to interrupt the story this evening"
           7cc3ec5c-6ced-4ba2-9279-64576562529b  rev 1  — ends abruptly — 30ms from full speech level to silence (natural endings measure ~80ms)
     30ms  target1         2136ms  "I started to think about it yesterday"
           a4045a7e-40b4-4778-96a3-f334ba7fd57e  rev 1  — ends abruptly — 30ms from full speech level to silence (natural endings measure ~80ms)
     30ms  target1         1488ms  "wasn't thinking this morning"
           13e9b79d-e5e7-4361-b630-f96dd576329b  rev 1  — ends abruptly — 30ms from full speech level to silence (natural endings measure ~80ms)
     30ms  target1         2160ms  "I'm starting to feel tired this evening"
           b3921102-eb28-4f0d-a395-1669c029be63  rev 1  — ends abruptly — 30ms from full speech level to silence (natural endings measure ~80ms)
     30ms  target2          912ms  "but don't worry"
           236705ca-9fa5-4072-9e51-90dc1f0ab262  rev 1  — ends abruptly — 30ms from full speech level to silence (natural endings measure ~80ms)
     30ms  target1         2016ms  "I wasn't thinking about making mistakes"
           2d25e52c-dd3a-47eb-b6ba-7305d35b8a3b  rev 1  — ends abruptly — 30ms from full speech level to silence (natural endings measure ~80ms)
    0.581  target1         1992ms  "I'm not trying to finish as quickly as possible."
           fd100422-45cc-4cad-90f5-a220d627220d  rev 1  — 42% shorter than its text implies
    0.586  target1         1464ms  "are you going to help me with this?"
           e0f189bf-528b-4b9e-9eb4-5857974585ea  rev 1  — 41% shorter than its text implies
    0.588  target1         1008ms  "are you going to help me"
           cc15e19a-cd67-477f-b460-de96d55014c3  rev 1  — 41% shorter than its text implies
    0.602  target1         1248ms  "how are you going to help me?"
           7714c4aa-1b00-430a-85f4-7af9ec2bfd95  rev 1  — 40% shorter than its text implies
    0.622  target1         2088ms  "I wouldn't like to guess what's going to happen"
           625ce44e-5160-4f58-b697-7abe02888554  rev 1  — 38% shorter than its text implies
    0.623  target2         1512ms  "Did you want to show me something?"
           b68f69e9-08b9-4a5f-8995-6437b80a92da  rev 1  — 38% shorter than its text implies
    0.628  target1         1704ms  "are you going to help me this morning?"
           29a1b687-5b48-4174-a7ca-843b96e0d3eb  rev 1  — 37% shorter than its text implies
    0.637  target1         2184ms  "how long have you been learning English with me?"
           277805b3-c28e-48aa-bd3a-52493f4fb016  rev 1  — 36% shorter than its text implies
    0.638  target1         2736ms  "he doesn't want to read anything when there are other
           e70991c8-bb49-4f50-874b-c6f548fb0ac7  rev 1  — 36% shorter than its text implies
     0.64  target1         2376ms  "I'm not trying to finish when there are other people"
           e6c220da-118b-4864-a069-4182a9762c3a  rev 1  — 36% shorter than its text implies
    0.643  target1         1056ms  "because I want to speak"
           f4a0ffbe-7ec0-444a-8648-d688b3e3a927  rev 1  — 36% shorter than its text implies
    0.643  target1         1608ms  "we don't care about making mistakes"
           ffd3bc73-75b0-4976-94eb-eb7c082d6ed9  rev 1  — 36% shorter than its text implies
    0.651  target1         1488ms  "don't care about making mistakes"
           a1b7dfba-aa74-43d0-bf15-ec4828e1f73e  rev 1  — 35% shorter than its text implies
    0.655  target1         1872ms  "I'm trying to learn as often as possible"
           54e03252-320a-48dd-a36a-0c4f5d952112  rev 1  — 34% shorter than its text implies
    0.662  target1         1656ms  "I'm not sure what's going to happen"
           663a010c-660e-43dd-a271-e107000b125a  rev 1  — 34% shorter than its text implies
    0.664  target2         1944ms  "I'm not sure what's going to happen today"
           28d96a75-5558-4780-a571-465681123f27  rev 1  — 34% shorter than its text implies
    0.665  target2         2280ms  "how long have you been learning English with me?"
           718d90c9-54d5-4218-b440-b103dc8f5b60  rev 1  — 34% shorter than its text implies
    0.672  target1         2352ms  "I started to think about it carefully last month."
           0d45a92b-ca15-400b-8423-3d740abb661d  rev 1  — 33% shorter than its text implies
    0.672  target1          480ms  "i'll speak"
           1f9a95af-5156-4af7-a21a-d71cd67bf2d6  rev 1  — 33% shorter than its text implies
    0.672  target1         2688ms  "Because I think that it's a good thing to make mistak
           e532a687-be6c-4877-9211-b2f38ef30ecc  rev 1  — 33% shorter than its text implies
    0.672  target1         1536ms  "I'm trying to learn how to speak"
           550edb5f-730e-45dc-8435-cc7d4e33b793  rev 1  — 33% shorter than its text implies
    0.672  target2         1872ms  "I'm going to practise speaking with you"
           4d28a549-b515-4d26-97f7-69fe8634f7c9  rev 1  — 33% shorter than its text implies
    0.672  target1         2112ms  "I'm not sure what's going to happen tomorrow"
           10e770bf-3eec-405c-975e-090344b06cc6  rev 1  — 33% shorter than its text implies
    0.672  target1         1536ms  "when there are other people here"
           58afc28c-1632-4ea5-b149-246f5ce4e28a  rev 1  — 33% shorter than its text implies
    0.672  target1         2688ms  "I don't want to stop talking when there are other peo
           5fd227c8-2c5d-4bec-bbf1-8432204a65ae  rev 1  — 33% shorter than its text implies
    0.679  target2         2280ms  "I wouldn't like to guess what's going to happen"
           df402b03-c5f4-4ad9-a1d5-5579cab5f58b  rev 1  — 32% shorter than its text implies
    0.679  target2         2184ms  "did you want to show me how to say something?"
           449cf6b8-5f1b-4bf2-ad07-0097f51b05fb  rev 1  — 32% shorter than its text implies
    0.679  target1         2184ms  "did you want to show me how to say something?"
           51f3508d-cee3-44d3-8232-e74fad4ad783  rev 1  — 32% shorter than its text implies
    0.681  target1         1896ms  "I've been learning English this morning"
           389b71ef-6293-46e2-91eb-649ce6f57030  rev 1  — 32% shorter than its text implies
    0.681  target1         1800ms  "but she doesn't want to read anything"
           62b4936d-1eba-46d9-a26e-8a1577380ff2  rev 1  — 32% shorter than its text implies
    0.682  target1         1560ms  "because I want to speak with you"
           df92c532-4618-4224-9775-77ac129609b5  rev 1  — 32% shorter than its text implies
    0.682  target1         1704ms  "I don't worry about making mistakes"
           37dbaf81-b59b-4bbe-a225-59d09fd20df3  rev 1  — 32% shorter than its text implies
    0.683  target1         1464ms  "are you going to help me here?"
           24fd8490-bf2d-482e-bfbc-957b438631c9  rev 1  — 32% shorter than its text implies
    0.684  target1         2784ms  "I wouldn't like to guess what's going to happen tomor
           653faf26-72e5-45b2-bea4-abb676fdf026  rev 1  — 32% shorter than its text implies
    0.684  target1         1320ms  "when there are other people"
           df8385bf-0063-4d79-b240-d6194a2519a8  rev 1  — 32% shorter than its text implies
    0.684  target2         2640ms  "I'm going to practise speaking with someone else toda
           eaa410ce-25cf-4fbf-a22d-8ca66da5216a  rev 1  — 32% shorter than its text implies
    0.684  target1         2688ms  "I've been learning English because I want to speak we
           4090b833-b8de-4bd1-a329-9e33236c85e5  rev 1  — 32% shorter than its text implies
    0.684  target2         1416ms  "how do you feel this morning?"
           73ce7687-9ef5-46fd-8a6c-2eb928b93a9c  rev 1  — 32% shorter than its text implies
    0.684  target1         1416ms  "how do you feel this morning?"
           bfe4fe74-8507-4d0e-8311-9ab47efd35bb  rev 1  — 32% shorter than its text implies
    0.685  target2         2544ms  "I'm not trying to finish when there are other people"
           2e4b0579-f436-41cd-9ccb-9547ea1e92a4  rev 1  — 32% shorter than its text implies
    0.686  target1         2304ms  "have you been learning English for a long time?"
           f7c06af5-af0e-4125-8a6a-533d1112e683  rev 1  — 31% shorter than its text implies
    0.686  target1         2400ms  "how do you feel when you speak with someone else?"
           7879b924-741a-4028-90e5-ce17c912eeae  rev 1  — 31% shorter than its text implies
    0.687  target1         2160ms  "she wants to find out what's going to happen"
           73972d67-b992-4dfe-bae4-ab3a04571748  rev 1  — 31% shorter than its text implies
    0.688  target2         2064ms  "I want to speak with someone else tomorrow"
           e76b8ddb-a3c2-4a33-a4a3-b3a0bb7ee51d  rev 1  — 31% shorter than its text implies
    0.688  target1         2064ms  "I was starting to feel better this morning"
           927fe606-c2b7-43ce-8b16-6a67c943630e  rev 1  — 31% shorter than its text implies
    0.689  target2         1968ms  "How long have you been learning English?"
           04912645-5a9c-4acb-ad18-44e2a3cc7709  rev 1  — 31% shorter than its text implies
    0.689  target2         1920ms  "I'd like to be able to speak in English"
           61e594d2-fbc1-4c36-badc-8c45cb2b400b  rev 1  — 31% shorter than its text implies
    0.691  target1         2664ms  "I'm trying to remember how to say something in Englis
           985b7bae-858f-4e33-a602-5129c3a3a6f4  rev 1  — 31% shorter than its text implies
    0.691  target1         2568ms  "have you been learning English to speak much better?"
           10b96e52-d22f-4408-adbc-3351a93d5bad  rev 1  — 31% shorter than its text implies
    0.692  target2         1632ms  "are you going to help me tonight?"
           3cd5e929-454b-48ff-8bcd-66c4d09b3ae6  rev 1  — 31% shorter than its text implies
    0.693  target1         2328ms  "I want to speak in English as often as possible"
           f30c4fdc-4279-4e80-b3bd-35108d888f8e  rev 1  — 31% shorter than its text implies
    0.693  target1         2424ms  "do you speak English when there are other people?"
           b367b2a3-5d07-4868-a286-86e885e914bd  rev 1  — 31% shorter than its text implies
    0.693  target1         3168ms  "I've been learning when there are other people for al
           a2d88f07-598b-4784-886d-c7402eb50ebf  rev 1  — 31% shorter than its text implies
    0.694  target1         3024ms  "I'm looking forward to speaking with people who speak
           39a7fe16-691e-4bff-bbf2-4b6fa71f7f12  rev 1  — 31% shorter than its text implies
    0.694  target1         1536ms  "how do you feel this afternoon?"
           f20bad9a-a52f-45fb-9281-2d81bf277b02  rev 1  — 31% shorter than its text implies
    0.695  target2         2184ms  "I'm not sure what's going to happen tomorrow"
           c4c2f3f2-159f-42df-b7a1-8a2a44c0b273  rev 1  — 31% shorter than its text implies
    0.695  target1         2184ms  "I'm not sure if we want to meet this evening"
           bb3e2aff-304f-48e6-9ec8-0681690c86a8  rev 1  — 31% shorter than its text implies
    0.696  target1         1392ms  "I'll speak a little with you"
           f4f14b2e-750d-475e-9613-c49bbeea3263  rev 1  — 30% shorter than its text implies
    0.696  target2         2784ms  "I don't want to stop talking when there are other peo
           aaf41ed6-c7eb-4425-a436-a292e5cc7e27  rev 1  — 30% shorter than its text implies
    0.696  target1         2088ms  "I don't want to stop talking at the moment"
           42807fbb-a945-4f40-989f-daa8f4e4710a  rev 1  — 30% shorter than its text implies
    0.697  target2         2688ms  "I'm trying to learn English with someone else tomorro
           05b60d93-8334-4198-848b-ae46c870be96  rev 1  — 30% shorter than its text implies
    0.699  target2         2448ms  "I don't like speaking when there are other people"
           1c1a9ab1-38e6-4482-82e8-6b157f13aeca  rev 1  — 30% shorter than its text implies
      0.7  target2         3000ms  "he doesn't want to read anything when there are other
           d04db24b-9c36-4baa-88e8-34b61009c9fa  rev 1  — 30% shorter than its text implies
    0.701  target1         2904ms  "how long have you been learning English with someone 
           fa51d6d6-99f8-4813-9a44-8e3ac1107c68  rev 1  — 30% shorter than its text implies
    0.701  target2         2304ms  "did you want to show something this afternoon?"
           4254b7bc-5c60-4a73-aecf-e1e1ec333a77  rev 1  — 30% shorter than its text implies
    0.701  target1         2304ms  "did you want to show something this afternoon?"
           b8ef3c75-76e0-4ff9-bbb1-ce20dd2d7187  rev 1  — 30% shorter than its text implies
    0.702  target1         1704ms  "Did you want to show me something?"
           8828d6cf-8f94-45fe-8f0d-3ef8035aa6dd  rev 1  — 30% shorter than its text implies
    0.702  target1         2256ms  "I don't need to know everything at the moment"
           8954aa29-0f19-4e6c-926c-81ea3c34e392  rev 1  — 30% shorter than its text implies
    0.703  target1         2208ms  "I want to speak English as often as possible"
           a0458b44-5a77-4b47-9dd3-ef29c3f17c83  rev 1  — 30% shorter than its text implies
    0.703  target2         2712ms  "I'm trying to remember how to say something in Englis
           f8f2a10c-9645-4054-bca6-172671af7a25  rev 1  — 30% shorter than its text implies
    0.703  target2         2208ms  "I'm not sure if we want to meet this evening"
           6370bced-297d-40a2-9f6e-86b3605f1584  rev 1  — 30% shorter than its text implies
    0.703  target1         1656ms  "are you going to help me tonight?"
           58efad42-5ab5-4323-abd0-d17074f9408e  rev 1  — 30% shorter than its text implies
    0.703  target1         2760ms  "he doesn't want to be quiet when there are other peop
           eccbcd42-21ae-42ab-935e-d3970b5a0de1  rev 1  — 30% shorter than its text implies
    0.703  target1         2208ms  "I don't need to know everything this morning"
           ef554167-24f1-4086-a5b7-bb24d8b050ff  rev 1  — 30% shorter than its text implies
    0.704  target1         2616ms  "I'm not sure what's going to happen after you finish"
           cfca447a-5ad4-4439-8db2-eceec6b32214  rev 1  — 30% shorter than its text implies
    0.704  target1         2112ms  "I was starting to feel better this evening"
           442db063-dd69-42df-9330-786363ea8bbe  rev 1  — 30% shorter than its text implies
    0.705  target1         1560ms  "did you want to show something?"
           93df5d9b-9d4f-45a3-8c2a-2167bfb31dc5  rev 1  — 30% shorter than its text implies
    0.705  target1         2064ms  "I don't worry when there are other people"
           d93c2c2f-4257-410e-a686-d88f8f0ad0e8  rev 1  — 30% shorter than its text implies
    0.706  target1         2016ms  "How long have you been learning English?"
           043ca490-6694-42e6-8d08-9c45ab0b6b9d  rev 1  — 29% shorter than its text implies
    0.706  target1         2016ms  "I'm trying to learn how to say something"
           f7b26016-0feb-4083-bafa-327647e07c67  rev 1  — 29% shorter than its text implies
    0.706  target1         2016ms  "I'm looking forward to speaking with you"
           b6951197-9a0f-4df7-a7b3-f1f3fcb3937e  rev 1  — 29% shorter than its text implies
    0.706  target1         1968ms  "have you been learning English tomorrow"
           1c7d20ce-cf49-4f3a-8807-dcafd0f83f4a  rev 1  — 29% shorter than its text implies
    0.706  target1         2520ms  "I wasn't thinking about how to answer this morning"
           df235511-d850-477f-95c9-d5aea04d8d31  rev 1  — 29% shorter than its text implies
    0.707  target2         1920ms  "I'll speak with everyone else tomorrow"
           14d1b121-f598-401b-a805-24596dd9dbda  rev 1  — 29% shorter than its text implies
    0.707  target1         1464ms  "are you going to help me now?"
           6ecf5f7c-e53e-4b28-a612-2607be26adc0  rev 1  — 29% shorter than its text implies
    0.709  target2         2784ms  "he doesn't want to be quiet when there are other peop
           01f218ca-3ca5-4d36-83e6-219274ab3dcf  rev 1  — 29% shorter than its text implies
     0.71  target1         2688ms  "I wouldn't like to guess what's going to happen today
           76aa0290-4211-40d4-815a-3c028d32e195  rev 1  — 29% shorter than its text implies
     0.71  target2         2688ms  "I wouldn't like to guess what's going to happen today
           d65e0fa6-9238-4213-9200-675aab1a9f79  rev 1  — 29% shorter than its text implies
     0.71  target1         2688ms  "she wants to find out what's going to happen tomorrow
           3b1db420-4185-45a8-8a6a-5a3d471a298e  rev 1  — 29% shorter than its text implies
     0.71  target1         2232ms  "I can't remember when there are other people"
           41588dc1-fdd1-4382-a224-572943b469da  rev 1  — 29% shorter than its text implies
     0.71  target1         2688ms  "I think that it's a good thing to remember everything
           e9aa77b9-bfe6-40de-b549-6cf8c3182d20  rev 1  — 29% shorter than its text implies
    0.711  target1         2184ms  "I wouldn't like to guess what the answer is"
           ac340ce2-442a-4a60-80de-be7cba0ca2c8  rev 1  — 29% shorter than its text implies
    0.711  target1         2184ms  "I like speaking when there are other people"
           330da591-1aa0-43ad-b6d4-44e11cfa59ce  rev 1  — 29% shorter than its text implies
    0.711  target1         2184ms  "did you want to show me the whole sentence?"
           a6bb36b6-5976-4ed8-a695-04ccdc4de2b2  rev 1  — 29% shorter than its text implies
    0.711  target2         2184ms  "I like speaking when there are other people"
           e7aa687d-2359-4bb8-94bc-fd0c550838c4  rev 1  — 29% shorter than its text implies
    0.712  target1         2544ms  "but I can't remember how to say the whole sentence"
           11f034f1-0de5-4ccb-bcbe-892676e1f7fa  rev 1  — 29% shorter than its text implies
    0.713  target1         2496ms  "I'm going to practise speaking with everyone else"
           534ce097-aae8-4ca9-9f5e-268aa4b6afc6  rev 1  — 29% shorter than its text implies
    0.713  target1         2496ms  "I don't like speaking when there are other people"
           845177fa-bb9c-4bfd-9fff-f1ea2a7c2ee4  rev 1  — 29% shorter than its text implies
    0.713  target1         2952ms  "I was starting to feel better this morning than last 
           8c236a31-540d-4178-af90-cc2ec94f685c  rev 1  — 29% shorter than its text implies
    0.713  target1         2496ms  "I don't worry about making mistakes at the moment"
           48c0b4ed-403d-4ce4-a909-103c3a06da75  rev 1  — 29% shorter than its text implies
    0.714  target2         2856ms  "have you been learning English and trying to speak we
           5f7067e4-e48e-446d-98fd-84bccda60d1a  rev 1  — 29% shorter than its text implies
    0.715  target1         1584ms  "I want to meet you this evening"
           9f9f8210-0239-4fe9-9a4d-d412eb5a4b91  rev 1  — 28% shorter than its text implies
    0.715  target2         1584ms  "did you want to show something?"
           be3b7d8c-e30b-49ea-9e91-3535a18836a3  rev 1  — 28% shorter than its text implies
    0.716  target1         2760ms  "I've been learning with someone else for almost a wee
           a738bce9-56e3-4d40-a931-f3640a31543f  rev 1  — 28% shorter than its text implies
    0.717  target1         1536ms  "have you been learning English"
           9d514959-b387-4e67-a4f1-ff563102ac3a  rev 1  — 28% shorter than its text implies
    0.717  target2         2304ms  "did you want to show me something last month?"
           50e29b8a-1fb5-43f4-aaea-90fd402e1ead  rev 1  — 28% shorter than its text implies
    0.718  target1         1488ms  "how do you feel this evening?"
           d4194f47-75ed-4a7b-95f8-b2eb2bdc917e  rev 1  — 28% shorter than its text implies
    0.719  target2         2928ms  "I wouldn't like to guess what's going to happen tomor
           2910b812-70a7-4c29-b7c2-d45ba8d3d00a  rev 1  — 28% shorter than its text implies
    0.719  target1         2208ms  "you want to learn English with someone else"
           5a45b047-83d9-4722-bdf8-4d9fa095874e  rev 1  — 28% shorter than its text implies
    0.719  target2         1848ms  "I've been learning here this morning"
           c2e7c0ff-cb0a-4ae3-ba13-87c3251a99ea  rev 1  — 28% shorter than its text implies
     0.72  target1         2520ms  "She doesn't want to read anything this afternoon."
           45ffb8dc-dc62-43d3-8d8a-55d787df7474  rev 1  — 28% shorter than its text implies
     0.72  target2         1440ms  "I'll speak with you tomorrow"
           9f05a74c-aaca-4c33-b63b-355e2958eacf  rev 1  — 28% shorter than its text implies
     0.72  target2         1800ms  "I'm not sure what the answer is now"
           90ee8985-eecb-4324-9abb-93a66369fa8f  rev 1  — 28% shorter than its text implies
     0.72  target2         2520ms  "we don't want to interrupt the story this evening"
           554c260c-498b-4c1b-a13d-bcb5f48a3497  rev 1  — 28% shorter than its text implies
    0.721  target1         2832ms  "He doesn't want to be quiet when other people are her
           75ea6b4a-6935-4799-aa55-4ec69256bc39  rev 1  — 28% shorter than its text implies
    0.721  target2         1752ms  "I wouldn't like to guess something"
           505c3fd7-5680-464a-b216-75c95dedaf24  rev 1  — 28% shorter than its text implies
    0.721  target1         2112ms  "I don't want to stop talking this morning"
           14788943-5cab-4a7f-b775-049077003d13  rev 1  — 28% shorter than its text implies
    0.722  target2         1392ms  "when there are other people"
           a9e21587-5b84-4edf-85b3-5cad17b7fbc4  rev 1  — 28% shorter than its text implies
    0.722  target1         2064ms  "I wouldn't like to guess something today"
           9e6aa290-3e6b-4ee2-a289-18ce05b8598e  rev 1  — 28% shorter than its text implies
    0.722  target2         2064ms  "I'm looking forward to speaking with you"
           3b88ea19-239b-4460-95d8-d8e5875368c4  rev 1  — 28% shorter than its text implies
    0.722  target1         3144ms  "I've been learning English and I want to speak it muc
           997373a4-bc12-4b9d-8215-ee6016c9ba40  rev 1  — 28% shorter than its text implies
    0.723  target2         1704ms  "don't want to interrupt the story"
           fca7dd31-7f8b-4147-8b7b-14f5eed3f6bc  rev 1  — 28% shorter than its text implies
    0.723  target2         2736ms  "she wants to find out what's going to happen tomorrow
           617cd822-b1fd-4b25-954b-c5ccf6fbab1a  rev 1  — 28% shorter than its text implies
    0.723  target1         2376ms  "it'll be like this when there are other people"
           78a18185-ff19-4d66-8e05-ca93d774b55b  rev 1  — 28% shorter than its text implies
    0.724  target1         2016ms  "I'm going to practise speaking with you"
           e55137c9-0727-4595-a6aa-237e588ceae5  rev 1  — 28% shorter than its text implies
    0.724  target2         2016ms  "but I don't want to interrupt the story"
           4bc96b5b-86e3-40d8-98d6-68f5a7c55e63  rev 1  — 28% shorter than its text implies
    0.724  target2         3000ms  "I was starting to feel better this morning than last 
           7fc20200-5ade-4356-b3ce-5197c34bb121  rev 1  — 28% shorter than its text implies
    0.725  target1         1656ms  "I don't need to know everything."
           ef702a49-05bf-4fd6-a1ed-a8dcc9d719ea  rev 1  — 28% shorter than its text implies
    0.725  target2         1656ms  "did you want to show me tonight?"
           cc7c4b31-97f5-441b-b021-cdf01b70e2c5  rev 1  — 28% shorter than its text implies
    0.725  target1         2280ms  "I've been learning English for almost a week"
           44834ac1-fed1-41ba-b41d-68a87d27bd97  rev 1  — 27% shorter than its text implies
    0.725  target1         2640ms  "I've been learning English but I want to learn more"
           bb1459f0-3c2e-416b-8f38-52e67daafde6  rev 1  — 28% shorter than its text implies
    0.725  target2         2280ms  "I don't need to know everything this morning"
           c33b9b2d-4679-45c5-b6a6-1ad159f8caaa  rev 1  — 27% shorter than its text implies
    0.726  target2         2904ms  "Because I think that it's a good thing to make mistak
           e59d942e-4a4c-42a3-b983-c462954778bf  rev 1  — 27% shorter than its text implies
    0.726  target1         2592ms  "have you been learning English as soon as possible"
           e519a91d-33a1-4a1c-b1e1-f15e4dc62ca7  rev 1  — 27% shorter than its text implies
    0.727  target1         2544ms  "have you been learning English with someone else?"
           c2d28a46-251d-474a-8267-c5a281355226  rev 1  — 27% shorter than its text implies
    0.728  target1          624ms  "do you speak"
           fb77a82a-75a6-404f-b7a1-76a1ab3378b8  rev 1  — 27% shorter than its text implies
    0.728  target1         2184ms  "I'm trying to learn how to say what I mean"
           0d5061db-c9a8-4045-bc87-6d08891f8ad6  rev 1  — 27% shorter than its text implies
    0.728  target1         1560ms  "he wants to come back with you"
           d54cd6ad-cabc-4d0c-930d-c762f947aeac  rev 1  — 27% shorter than its text implies
    0.728  target1         1872ms  "because I don't want to stop talking"
           742cf7a5-3f14-444f-ab5f-5776191baf53  rev 1  — 27% shorter than its text implies
    0.728  target1         1560ms  "I wanted to meet you yesterday"
           57ee4859-93c6-43bd-86ff-47d1872661fc  rev 1  — 27% shorter than its text implies
    0.728  target2         2808ms  "I've been learning with someone else for almost a wee
           518e0f4b-c48f-41df-998a-9ebe941ea53f  rev 1  — 27% shorter than its text implies
    0.728  target2         2184ms  "I was starting to feel better this evening"
           507104d2-8f20-4107-870a-43cc3578e248  rev 1  — 27% shorter than its text implies
    0.729  target1         2448ms  "I want to learn how to say something in English"
           c067cdc3-79c9-4289-b5a2-0c22b176a79f  rev 1  — 27% shorter than its text implies
    0.729  target1         2448ms  "I'm going to practise speaking after you finish"
           44332def-77d0-4713-9a49-0eea8ab655f5  rev 1  — 27% shorter than its text implies
    0.729  target1         2760ms  "I've been learning English to speak with someone else
           74e74afe-ac1f-484c-a96d-b9848cb13243  rev 1  — 27% shorter than its text implies
    0.729  target2         2760ms  "I think that it's a good thing to remember everything
           23e24dfe-38f9-45df-84d1-edad0821dd4b  rev 1  — 27% shorter than its text implies
     0.73  target1         2400ms  "I'd like to be able to speak with someone else"
           1ff413c8-cb2a-442a-9439-73237ac26187  rev 1  — 27% shorter than its text implies
     0.73  target1         1824ms  "how long are you learning his name?"
           97065119-bbea-46a4-8758-79479fc25fcb  rev 1  — 27% shorter than its text implies
     0.73  target1         1824ms  "I wanted to ask something yesterday"
           c793907b-5af0-40e7-aaa4-9a66c9bdad49  rev 1  — 27% shorter than its text implies
    0.731  target1         2088ms  "he wants to come back with everyone else"
           f81a17fc-be9d-4deb-a74d-60387bc9fd3f  rev 1  — 27% shorter than its text implies
    0.731  target1         2664ms  "I like speaking English when there are other people"
           46e95c60-f003-452d-ae23-f3edd274e217  rev 1  — 27% shorter than its text implies
    0.731  target1         1776ms  "how long are you learning English?"
           b81ae8d0-6164-4fcd-944e-60b138e29742  rev 1  — 27% shorter than its text implies
    0.732  target1         2352ms  "I want to practise speaking with someone else"
           76c39818-36aa-46f2-ae5f-08bf3c5a6c10  rev 1  — 27% shorter than its text implies
    0.732  target1         2040ms  "I'd like to be able to speak in English"
           f29a32d1-dc55-4fc4-9152-e278b467acdb  rev 1  — 27% shorter than its text implies
    0.732  target1         2928ms  "have you been learning English and trying to speak we
           65797b52-89f4-40a5-add5-cefb05c832fd  rev 1  — 27% shorter than its text implies
    0.732  target1         2040ms  "have you been learning English all day?"
           89aa6917-e4c0-47d0-9f9a-3e29f063b3a6  rev 1  — 27% shorter than its text implies
    0.732  target2         2040ms  "I've been learning English this morning"
           167d6f81-b9d3-4a88-9846-3d91c313b5db  rev 1  — 27% shorter than its text implies
    0.733  target1         1728ms  "I wouldn't like to guess tomorrow"
           297d8220-9d6a-4cb8-bf0b-923dbd4f3fbd  rev 1  — 27% shorter than its text implies
    0.734  target2         1992ms  "are you going to help me this evening?"
           718e9bbc-6fb1-4115-a819-2bf898d496d3  rev 1  — 27% shorter than its text implies
    0.734  target1         1992ms  "are you going to help me this evening?"
           eb1c5eaf-50d8-492b-b256-310f32280d02  rev 1  — 27% shorter than its text implies
    0.734  target2         1992ms  "don't want to interrupt the story here"
           07ef638b-cfbe-4a80-b131-8f4bb373e093  rev 1  — 27% shorter than its text implies
    0.735  target2         2520ms  "I'm not trying to finish as quickly as possible."
           207cc99b-1674-45aa-af73-6352c8132d29  rev 1  — 27% shorter than its text implies
    0.735  target1         1680ms  "I'll speak with you this evening"
           00c2307f-ee3e-45f8-9d5d-e3a87e828455  rev 1  — 27% shorter than its text implies
    0.735  target1         1680ms  "did you want to show me tonight?"
           35ec1f41-caf2-4761-a54c-40adb1b27b86  rev 1  — 27% shorter than its text implies
    0.735  target2         2784ms  "I've been learning English to speak with someone else
           d3d39ee1-c4ad-49a6-93db-4ad6232a224c  rev 1  — 26% shorter than its text implies
    0.736  target1         1944ms  "I'd like to be able to speak a little"
           29f3e6ec-a040-49a5-a4fc-bdb8b9eb7bd3  rev 1  — 26% shorter than its text implies
    0.736  target2         1944ms  "I'd like to be able to speak a little"
           a4c9281a-7d24-4eee-b587-447dd63dcbf1  rev 1  — 26% shorter than its text implies
    0.736  target2         2472ms  "I'd like to be able to speak with everyone else"
           8bbbfbb1-85ad-455c-80e0-70e75884db4c  rev 1  — 26% shorter than its text implies
    0.736  target2         3048ms  "how long have you been learning English with someone 
           e54103b1-4303-433d-93d6-d54cb0a045a6  rev 1  — 26% shorter than its text implies
    0.736  target2         2208ms  "I was starting to feel better this morning"
           9f5bbd20-a7de-40ee-9444-0aedc8abfff7  rev 1  — 26% shorter than its text implies
    0.737  target1         1896ms  "I'll speak with you all day tomorrow"
           541457fa-2e69-478e-9657-cde3b8448a9e  rev 1  — 26% shorter than its text implies
    0.737  target1         1632ms  "are you learning English today?"
           c478201c-2fb1-4d56-a340-6e553a366de4  rev 1  — 26% shorter than its text implies
    0.737  target2         2736ms  "I'm looking forward to speaking English this evening"
           497bccf8-38e6-4b76-8b41-cdec514cff92  rev 1  — 26% shorter than its text implies
    0.737  target2         1632ms  "I want to meet you this evening"
           82f2a114-0d13-4830-9357-85e3ac70d212  rev 1  — 26% shorter than its text implies
    0.738  target2         2424ms  "but I was starting to feel better this morning"
           0a70eda3-e771-467b-bf53-b31304cf742d  rev 1  — 26% shorter than its text implies
    0.738  target2         2160ms  "I don't worry when there are other people"
           2884b398-0121-4145-9edd-9a5007d7cbe9  rev 1  — 26% shorter than its text implies
    0.738  target2         2952ms  "I'm not trying to finish because I want to speak Engl
           e3806641-afa1-4437-b84f-60ad735fcf2b  rev 1  — 26% shorter than its text implies
    0.739  target2         1584ms  "Why are you learning her name?"
           af261187-b03e-4803-97f9-8c77782f3dc6  rev 1  — 26% shorter than its text implies
    0.739  target1         1584ms  "I think that it's a good thing"
           7ae194e6-431e-4ab5-9146-b4a9f0922c42  rev 1  — 26% shorter than its text implies
    0.739  target1         1320ms  "are you learning English?"
           d1da03c7-da1d-4dfb-aba9-d23655f3514c  rev 1  — 26% shorter than its text implies
    0.739  target1         2376ms  "are you going to help me as soon as possible?"
           c1f82824-ea71-4da8-ab97-44e7de04ba34  rev 1  — 26% shorter than its text implies
    0.739  target1         1848ms  "how long are you learning her name?"
           d17d96b0-5a83-449b-9098-00d0b3803f8d  rev 1  — 26% shorter than its text implies
    0.739  target1         1848ms  "I don't want to interrupt the story"
           47a25970-98eb-45e6-8ea3-ec5a694b31f3  rev 1  — 26% shorter than its text implies
    0.739  target2         2904ms  "I've been learning English because I want to speak we
           72ea2264-f8a9-481c-a8cb-059f01deaff9  rev 1  — 26% shorter than its text implies
    0.739  target1         1584ms  "I don't want to think about it"
           747a2075-11be-470e-b076-de84bf620f7f  rev 1  — 26% shorter than its text implies
    0.739  target1         2112ms  "wasn't thinking about how to answer here"
           24aade05-d053-46e2-8621-1ceb1dd1f7b2  rev 1  — 26% shorter than its text implies
    0.739  target2         1848ms  "I don't care what you want to learn"
           0d22d035-5ea9-45b1-93da-b3e83f641217  rev 1  — 26% shorter than its text implies
    0.741  target2         2328ms  "We want to meet at six o'clock this evening."
           16ae8118-d518-42ce-aa3c-c79b8038e3e0  rev 1  — 26% shorter than its text implies
    0.741  target1         2592ms  "I'm going to practise speaking the whole sentence"
           bad18a88-9c81-4d8d-a15f-cff0741490d2  rev 1  — 26% shorter than its text implies
    0.741  target2         2328ms  "she wants to find out what's going to happen"
           14e65ed7-e157-4f48-a6aa-93c60fe58301  rev 1  — 26% shorter than its text implies
    0.741  target1         2064ms  "but I can't remember the whole sentence"
           ffd02a46-4c1d-4136-8289-2ca49edc6333  rev 1  — 26% shorter than its text implies
    0.741  target2         2328ms  "how do you feel if I speak English with you?"
           4c273782-0ed0-48a7-a322-71bc6e9386d6  rev 1  — 26% shorter than its text implies
    0.741  target1         2064ms  "I was starting to feel better yesterday"
           c6999ede-5707-4e61-aede-4b1f4267f65e  rev 1  — 26% shorter than its text implies
    0.741  target1         3336ms  "I think that it's a good thing to meet people who spe
           eed93cbf-22cc-41d4-9ea7-6f318d23fefe  rev 1  — 26% shorter than its text implies
    0.742  target1         2808ms  "we want to speak with you at six o'clock this evening
           7ed18bd5-49f4-422c-b1a8-aa06297958cb  rev 1  — 26% shorter than its text implies
    0.742  target1         2544ms  "because she wants to find out what the answer is"
           02a7466f-25e0-4b57-9bfc-efc38a38c70b  rev 1  — 26% shorter than its text implies
    0.742  target1         2280ms  "I'm going to start speaking a lot more soon"
           ee7956d7-8de7-4643-be3a-10bd6fc568cd  rev 1  — 26% shorter than its text implies
    0.742  target2         2280ms  "I don't want to interrupt the story tonight"
           475f2793-2555-4803-b5b1-df51a3da9572  rev 1  — 26% shorter than its text implies
    0.742  target2         1536ms  "how do you feel this evening?"
           d51699a9-87d5-47d9-be92-dc083ac8ca25  rev 1  — 26% shorter than its text implies
    0.743  target1         2496ms  "I'm going to practise speaking English with you"
           1b774d76-0b3b-4ccb-b399-d2e1e31b6ea7  rev 1  — 26% shorter than its text implies
    0.743  target2         2496ms  "I want to try to explain what's going to happen"
           67241b09-5154-4533-8688-b01749db2a63  rev 1  — 26% shorter than its text implies
    0.743  target2         2016ms  "you want to learn how to say something"
           be0a783a-531f-4865-97d0-40de59a38016  rev 1  — 26% shorter than its text implies
    0.743  target1         2496ms  "I started to think about it before I have to go"
           b685ba86-745d-4599-afc0-81d779f8e51e  rev 1  — 26% shorter than its text implies
    0.744  target2         2232ms  "I'm trying to learn how to speak something"
           d40f22f8-29f7-4f74-9db7-f7d8b410a4e7  rev 1  — 26% shorter than its text implies
    0.744  target1         1488ms  "I'll speak with you tomorrow"
           b6047d55-4902-456a-8d46-a77bba1c7f8a  rev 1  — 26% shorter than its text implies
    0.744  target2         2712ms  "I'd like to be able to speak very well this evening"
           c30c199a-c04f-4b4b-97cf-76f656dc977b  rev 1  — 26% shorter than its text implies
    0.744  target2         2712ms  "because we want to meet at six o'clock this evening"
           4a346ecb-34ac-4987-bde4-fad834bde5c1  rev 1  — 26% shorter than its text implies
    0.744  target2         2712ms  "I've been learning English but I want to learn more"
           7a21f5ae-c7d5-43ae-a4b5-f53f7422c889  rev 1  — 26% shorter than its text implies
    0.744  target1         2712ms  "I'm not sure whether I need to improve this morning"
           5a7b0848-c1c6-4533-b77f-bde9176e3ee7  rev 1  — 26% shorter than its text implies
    0.744  target1         2712ms  "I'm going to practise if you understand what I mean"
           7a40559f-6142-4387-a3ab-9baa5d32796a  rev 1  — 26% shorter than its text implies
    0.745  target2         2928ms  "He doesn't want to be quiet when other people are her
           ff0d402f-cf77-4bb5-a0f3-47be3f79a3b1  rev 1  — 25% shorter than its text implies
    0.745  target1         2928ms  "I'm trying to learn the whole sentence after you fini
           cb864f5b-83df-4b27-a1b8-40b13253c8dd  rev 1  — 25% shorter than its text implies
    0.745  target2         2448ms  "I'm not sure if he wants to come back tomorrow"
           4d6352c4-1336-4558-8841-93d07a3fc0a7  rev 1  — 25% shorter than its text implies
    0.745  target1         1968ms  "I want to remember the whole sentence"
           afbe0ada-582b-4f30-b051-0d45280eb98c  rev 1  — 26% shorter than its text implies
    0.745  target2         1968ms  "are you learning English much better?"
           96b3c4df-6452-4837-acda-b9dde03e719b  rev 1  — 26% shorter than its text implies
    0.745  target1         2448ms  "she doesn't want to read anything this evening"
           ab1f6c05-21fe-4eb3-9f53-b62d2340b5d1  rev 1  — 25% shorter than its text implies
    0.745  target2         2448ms  "it'll be like this when there are other people"
           a2424d67-0273-4bc2-a636-95f60a26390f  rev 1  — 25% shorter than its text implies
    0.746  target1         2184ms  "but I don't want to stop talking tomorrow"
           843706c2-a195-40c1-98b2-7f06ae364463  rev 1  — 25% shorter than its text implies
    0.746  target2         2184ms  "but I want to speak with you this evening"
           dd53780e-72c2-409d-90a1-91fdb492fcde  rev 1  — 25% shorter than its text implies
    0.746  target1         2184ms  "I'm going to practise speaking a lot more"
           b6289aad-8f62-4cb6-9dd7-5d9d4a59f391  rev 1  — 25% shorter than its text implies
    0.746  target1         2184ms  "I don't want to think about how to answer"
           82369689-cda0-455c-8b2c-f0ea61bac1c8  rev 1  — 25% shorter than its text implies
    0.746  target2         2184ms  "he doesn't want to be quiet at the moment"
           c50d7203-ee51-4c49-b71d-904f143d3552  rev 1  — 25% shorter than its text implies
    0.747  target1         1920ms  "You wanted to speak with me tonight."
           79579765-96fa-46a9-bc30-4f5a40750a2a  rev 1  — 25% shorter than its text implies
    0.747  target1         2880ms  "I'd like to be able to speak with you after you finis
           81e12779-632a-4f5b-9470-245dda5e37a2  rev 1  — 25% shorter than its text implies
    0.747  target1         1440ms  "you speak with someone else"
           0e384cbd-64ef-44fa-a672-d49fdfe8e2df  rev 1  — 25% shorter than its text implies
    0.747  target1         1920ms  "I'm going to start speaking with you"
           3899ee4c-8b47-460d-928e-c77346b93a2d  rev 1  — 25% shorter than its text implies
    0.748  target1         2136ms  "I'm trying to learn how to speak English"
           ae8d5a05-1d60-424a-8fc8-af93ad80543f  rev 1  — 25% shorter than its text implies
    0.748  target1         2352ms  "but she wants to find out what the answer is"
           8f757e92-cbc6-4bd6-93ca-49dd0d41eb73  rev 1  — 25% shorter than its text implies
    0.748  target1         1176ms  "I started to think now"
           25a3f893-5e01-43c6-90f4-7f5f8797583b  rev 1  — 25% shorter than its text implies
    0.748  target2         2136ms  "are you going to help me this afternoon?"
           c6712c49-cd19-4d6f-b8cf-7a09f13edf03  rev 1  — 25% shorter than its text implies
    0.749  target2         2568ms  "I'm going to start speaking English this evening"
           110f7b42-95f0-4ecf-9aed-980afc508633  rev 1  — 25% shorter than its text implies
    0.749  target2         3264ms  "I'm looking forward to speaking with people who speak
           5ddce9e1-7846-476f-ac06-3f446d3d50c2  rev 1  — 25% shorter than its text implies
    0.749  target1         1872ms  "he doesn't want to be quiet tonight"
           c53e22ec-d5d8-4de9-b98f-67e5445007db  rev 1  — 25% shorter than its text implies
    0.749  target2         3264ms  "I've been learning English and I want to speak it muc
           09d399e2-b764-477f-bd33-8deda3342472  rev 1  — 25% shorter than its text implies
     0.75  target2         1608ms  "i'm going to practise speaking"
           3029558a-0a4a-4acc-9e1b-0f6cafe2b1c6  rev 1  — 25% shorter than its text implies
     0.75  target1         2304ms  "I'm trying to learn how to speak in English"
           27aa1258-7bd2-4e06-a6b6-cc1e067c506e  rev 1  — 25% shorter than its text implies
     0.75  target1         3000ms  "I'm going to practise speaking English with someone e
           248f263c-0bfd-49bb-8334-b4f892514221  rev 1  — 25% shorter than its text implies
     0.75  target2         1608ms  "I'll speak with you in English"
           15e01fc8-137a-4eed-a03c-3954d9d79b80  rev 1  — 25% shorter than its text implies
     0.75  target1         2304ms  "I wouldn't like to guess the whole sentence"
           6a51e67a-e1c7-47bd-9382-c9ad5e1903a5  rev 1  — 25% shorter than its text implies
     0.75  target1         2088ms  "he wants to come back with you later on"
           58a302b4-7fc7-4b90-b402-986b319913e7  rev 1  — 25% shorter than its text implies
     0.75  target1         2304ms  "he wants to come back and practise speaking"
           91df53b3-0593-489f-973b-7a0314e36d58  rev 1  — 25% shorter than its text implies
     0.75  target1         1392ms  "you want to learn her name"
           0f610e85-ea75-4f1d-8c0b-ece8b9b1bdff  rev 1  — 25% shorter than its text implies
     0.75  target2         2304ms  "are you going to help me to start speaking?"
           57595628-1e67-4d39-91d1-38b39d37771a  rev 1  — 25% shorter than its text implies
     0.75  target2         1608ms  "are you going to help me here?"
           346f6611-bb33-4bd8-af8c-b42c490095e3  rev 1  — 25% shorter than its text implies
     0.75  target1         3000ms  "I'm starting to feel tired and I don't want to speak 
           4cd1249b-b0c3-436f-b0b0-8d8f8ff9fda1  rev 1  — 25% shorter than its text implies
     0.75  target1         2088ms  "I wasn't thinking about it this morning"
           87d539b8-688c-451c-88dc-66cd309491b8  rev 1  — 25% shorter than its text implies
     0.75  target2         2088ms  "I don't need to know what the answer is"
           0c06dddc-c24e-4261-803e-d98cf876cad2  rev 1  — 25% shorter than its text implies
    0.751  target1         1824ms  "I want to speak something with you"
           2adf9500-00a1-4aaf-b696-3f86c4d6862e  rev 1  — 25% shorter than its text implies
    0.751  target2         2520ms  "I'm going to practise speaking English with you"
           50eac415-5ec4-40f5-803f-3c1030adc542  rev 1  — 25% shorter than its text implies
    0.751  target2         1824ms  "I'm going to try to speak a little"
           82a18d70-8636-4741-ba5a-de844912ce6c  rev 1  — 25% shorter than its text implies
    0.751  target1         1824ms  "we want to meet with everyone else"
           3df7ba03-9a7f-45f8-b1c7-e2cfeca7d7b5  rev 1  — 25% shorter than its text implies
    0.751  target1         1824ms  "he wants to come back this evening"
           40f6d4fe-5d12-4759-ba78-4aaf595fb1f8  rev 1  — 25% shorter than its text implies
    0.751  target2         1824ms  "why are you learning her name now?"
           1e36aace-5843-4757-869d-2f6e447811f2  rev 1  — 25% shorter than its text implies
    0.751  target1         1824ms  "you want to learn English tomorrow"
           bc65e15d-6abd-4dd4-84fa-805defbfacdc  rev 1  — 25% shorter than its text implies
    0.751  target1         2520ms  "I'm going to start speaking as soon as possible"
           089483bf-d562-463a-b991-c1d620d335b6  rev 1  — 25% shorter than its text implies
    0.751  target2         2520ms  "have you been learning English for a long time?"
           0a8e3ba7-7c16-4a65-8913-d564fcef6d30  rev 1  — 25% shorter than its text implies
    0.751  target1         1824ms  "doesn't want to read anything here"
           9c408d79-388e-4c32-b174-db40c09d8c46  rev 1  — 25% shorter than its text implies
    0.751  target1         2520ms  "I think that it's a good thing to speak English"
           01948817-54ea-4cbd-99d8-6ec92411b5cd  rev 1  — 25% shorter than its text implies
    0.751  target2         2520ms  "it's a good thing if you understand what I mean"
           9caffec8-1c63-42a3-94a6-b4f2554e1159  rev 1  — 25% shorter than its text implies
    0.752  target2         2040ms  "I'm trying to remember something today"
           8488605e-a35f-4748-8887-e05c24f4309f  rev 1  — 25% shorter than its text implies
    0.752  target2         2040ms  "are you going to help me this morning?"
           3829f134-1fb2-49eb-a75f-57b7c293420d  rev 1  — 25% shorter than its text implies
    0.753  target1         1776ms  "But I don't want to stop talking."
           6b215a1e-dae5-444f-813c-f3dd2092a412  rev 1  — 25% shorter than its text implies
    0.753  target2         1560ms  "if you understand what I mean"
           b1772744-06d1-4842-9af1-cc4c86cb01bd  rev 1  — 25% shorter than its text implies
    0.753  target2         1776ms  "I want to practise a little today"
           e7cb56a4-3171-4cfb-be5a-672d440209fa  rev 1  — 25% shorter than its text implies
    0.753  target2         1560ms  "and I'll speak with you today"
           1213f29b-ffba-4656-8482-ade5afa53243  rev 1  — 25% shorter than its text implies
    0.753  target2         1560ms  "are you going to help me now?"
           ecb422dd-b939-41e8-bd72-6c9616562903  rev 1  — 25% shorter than its text implies
    0.753  target1         2688ms  "I'm looking forward to speaking with everyone else"
           b0e0680c-7983-46f7-8198-e6a260913b4c  rev 1  — 25% shorter than its text implies
    0.753  target1         1560ms  "how do you feel about it now?"
           27555bca-7a58-42d3-bb2d-c01c99bd306c  rev 1  — 25% shorter than its text implies
    0.754  target2         1992ms  "I want to speak English with you now."
           56c1c031-a5ac-4ade-aa75-f49a3640814c  rev 1  — 25% shorter than its text implies
    0.754  target1         2424ms  "Are you going to help me before I have to go?"
           c8139f53-7d20-4d2f-bf3d-ac51097f382b  rev 1  — 25% shorter than its text implies
    0.754  target1         2208ms  "She wants to find out what the answer is."
           fae54955-766f-44a4-aafb-d6fd4031999b  rev 1  — 25% shorter than its text implies
    0.754  target1         2208ms  "I'm not sure what's going to happen today"
           61fb8c18-ba98-443d-89f8-146755cdff82  rev 1  — 25% shorter than its text implies
    0.754  target2         2640ms  "do you speak English when there are other people?"
           68507d25-7b08-4ea9-a623-2dd1bc462624  rev 1  — 25% shorter than its text implies
    0.756  target1         1944ms  "I've been learning for about a week."
           49479793-61a2-44c9-952e-42bc273fd37b  rev 1  — 24% shorter than its text implies
    0.756  target2         2376ms  "I'm not going to be able to remember easily."
           e6ea7a6b-03c2-4932-b703-eeb5c3af96a2  rev 1  — 24% shorter than its text implies
    0.756  target1         1296ms  "I wouldn't like to guess"
           153b25b4-511c-41f8-8708-a06a870bcb53  rev 1  — 24% shorter than its text implies
    0.756  target2         1296ms  "are you going to help me"
           5727993c-db0e-44c2-9c39-20357cc6cb72  rev 1  — 24% shorter than its text implies
    0.756  target1         1944ms  "I'm trying to remember something now"
           b373a56f-c9e1-45bc-bab8-1504fa15eaca  rev 1  — 24% shorter than its text implies
    0.756  target2         2808ms  "I'm not sure what's going to happen after you finish"
           2bfaa305-1b11-43f1-9a94-2b42b24bf8c1  rev 1  — 24% shorter than its text implies
    0.756  target2         2160ms  "he wants to come back with everyone else"
           50b7832c-df40-4574-9fbd-b416f42ec0b6  rev 1  — 24% shorter than its text implies
    0.756  target2         1728ms  "I'll speak with you this evening"
           a3a8a9ea-2bc1-4028-aa27-a5675f7a98ee  rev 1  — 24% shorter than its text implies
    0.756  target2         1296ms  "we want to meet with you"
           f4c09eca-4dee-40bf-b6d2-a5f413a95594  rev 1  — 24% shorter than its text implies
    0.756  target1         1728ms  "because people who speak English"
           1d3fd1ba-e100-4ad2-9150-29146131eeab  rev 1  — 24% shorter than its text implies
    0.756  target2         1728ms  "I want to meet with you tomorrow"
           66f50ea0-761d-405d-b980-87ac926636c6  rev 1  — 24% shorter than its text implies
    0.756  target2         1728ms  "because I want to speak with you"
           f1c84bbd-f062-4fd0-ba94-0dc2ebc5b01e  rev 1  — 24% shorter than its text implies
    0.756  target2         2808ms  "have you been learning English to speak much better?"
           5756f70e-a0d1-45e8-9fc9-f186881258ed  rev 1  — 24% shorter than its text implies
    0.756  target1         1296ms  "did you want to show me?"
           975f68f8-adbe-440c-b1fd-af50e1cd0691  rev 1  — 24% shorter than its text implies
    0.756  target1         2160ms  "are you going to help me this afternoon?"
           45536a2d-5f7f-4e55-a6a1-05920f132f9a  rev 1  — 24% shorter than its text implies
    0.757  target1         3192ms  "I'm not sure how to say the whole sentence after you 
           3c6aa40a-d0b8-4569-b64d-bb4bf6734fe3  rev 1  — 24% shorter than its text implies
    0.758  target1         1896ms  "I don't care about making mistakes."
           79a50fea-fdb5-4740-b864-7a93d9b6b70d  rev 1  — 24% shorter than its text implies
    0.758  target1         2544ms  "if I can remember how to say the whole sentence"
           e5a6633c-d941-4cc0-bbeb-aaf879da2428  rev 1  — 24% shorter than its text implies
    0.758  target1         2112ms  "I'm going to practise speaking tomorrow"
           aeaa4e64-7df1-4953-aef1-2b73df4167c4  rev 1  — 24% shorter than its text implies
    0.758  target2         2328ms  "you want to learn English with someone else"
           a1bbede4-98f8-4299-8113-175fd2f6c499  rev 1  — 24% shorter than its text implies
    0.758  target2         1896ms  "are you going to help me with this?"
           d8bdef3e-02b9-4675-a020-419015c4e75b  rev 1  — 24% shorter than its text implies
    0.758  target2         2544ms  "you wanted to speak with me before I have to go"
           ef11709f-0ba0-445d-9101-45d281cf907c  rev 1  — 24% shorter than its text implies
    0.758  target2         1896ms  "but I'm a little tired this evening"
           d89661a3-9b06-4478-b841-1cd8b4e3185b  rev 1  — 24% shorter than its text implies
    0.758  target1         2328ms  "I don't want to think about making mistakes"
           d327a125-648d-422a-8b90-4d020d90a94b  rev 1  — 24% shorter than its text implies
    0.758  target2         1896ms  "I started to think about everything"
           e1bd685b-399c-4f5c-9d4a-54576817ab6a  rev 1  — 24% shorter than its text implies
    0.759  target1         1464ms  "he doesn't want to be quiet"
           6a71bb31-89a9-47ab-95aa-33e8607e782c  rev 1  — 24% shorter than its text implies
    0.759  target2         2928ms  "I'd like to be able to speak with you after you finis
           f8ce6d5c-359a-4a1d-a23a-19a49459738c  rev 1  — 24% shorter than its text implies
    0.759  target2         1680ms  "I'm not sure what the answer is"
           e0efa240-df9a-40f2-afeb-86bc2ee7a0bb  rev 1  — 24% shorter than its text implies
    0.759  target1         1464ms  "I'm going to start speaking"
           0f28b9e0-1c80-4950-8628-02488832225e  rev 1  — 24% shorter than its text implies
    0.759  target2         2712ms  "I'm looking forward to speaking with everyone else"
           8939ac20-1a07-4317-b6ac-a9c83c7001c5  rev 1  — 24% shorter than its text implies
    0.759  target2         1680ms  "how do you feel this afternoon?"
           2a6c802b-6440-44dd-9718-854d2105a31f  rev 1  — 24% shorter than its text implies
     0.76  target1         2064ms  "I'm trying to learn the whole sentence"
           ba32717c-5a37-497a-8c43-76d414e34518  rev 1  — 24% shorter than its text implies
     0.76  target1         2280ms  "I want to speak with someone else tomorrow"
           10133619-dab9-467f-be85-8fcd5e481852  rev 1  — 24% shorter than its text implies
     0.76  target2         2280ms  "she wants to find out how to say something"
           bd397627-dff0-4653-ba91-36dab52ad4a5  rev 1  — 24% shorter than its text implies
     0.76  target1         2064ms  "I'll speak with everyone else tomorrow"
           c41fdc53-ce19-4a08-b6cb-5793535a7b3c  rev 1  — 24% shorter than its text implies
     0.76  target1         2496ms  "I'm not sure if he wants to come back tomorrow"
           e25f0247-9cb1-438e-8a70-bcc11a39ab26  rev 1  — 24% shorter than its text implies
     0.76  target1         3096ms  "it's useful for you to start speaking before I have t
           8854f030-3581-4edf-83b1-1425111ee66e  rev 1  — 24% shorter than its text implies
     0.76  target2         2280ms  "I don't want to stop talking at the moment"
           5850a6e7-d58f-40f0-860e-4ea151485e27  rev 1  — 24% shorter than its text implies
    0.761  target2         2664ms  "I'm going to practise speaking with someone else."
           50ea1bfc-9831-46d4-a27d-da5848335612  rev 1  — 24% shorter than its text implies
    0.761  target1         1848ms  "I wouldn't like to guess something"
           28114c10-bddc-40ba-bcf0-551f3eb9ad85  rev 1  — 24% shorter than its text implies
    0.761  target1         1848ms  "she wants to find out this morning"
           00680eef-274b-45bc-8bad-b931015c402a  rev 1  — 24% shorter than its text implies
    0.761  target2         3480ms  "I've been learning when there are other people for al
           f194c6ff-d085-48a7-909f-a4b6a65c343a  rev 1  — 24% shorter than its text implies
    0.762  target2         2448ms  "Are you going to help me before I have to go?"
           65e89e72-a1a3-412b-b077-1328d8667384  rev 1  — 24% shorter than its text implies
    0.762  target2         1632ms  "have you been learning English"
           b1f05ca5-a541-4933-b052-023e7aef5ab1  rev 1  — 24% shorter than its text implies
    0.762  target1         2232ms  "but I want to speak with you this evening"
           349cb49f-173c-4652-bc5f-f49c47b196be  rev 1  — 24% shorter than its text implies
    0.762  target2         2232ms  "but I don't want to stop talking tomorrow"
           c3d68dc2-3203-43b8-adad-c4a322a8a136  rev 1  — 24% shorter than its text implies
    0.762  target2         3048ms  "because I want to meet people who speak English tomor
           8b8cb61b-8541-46e3-9c3d-6ef224a38e97  rev 1  — 24% shorter than its text implies
    0.762  target2         1632ms  "I don't want to think about it"
           41b1c2f2-e04e-4910-ad87-ad3dcad1189b  rev 1  — 24% shorter than its text implies
    0.762  target1         2448ms  "did you want to show me something last month?"
           87924a33-205b-4d80-b8f4-90bf201d1c96  rev 1  — 24% shorter than its text implies
    0.762  target2         2448ms  "I don't need to know everything at the moment"
           f2d40949-890a-402e-b991-56bd26b8ac06  rev 1  — 24% shorter than its text implies
    0.764  target1         1200ms  "what's going to happen"
           5d2b612e-274a-49af-a73f-25de8512096a  rev 1  — 24% shorter than its text implies
    0.764  target1         1800ms  "I want to speak with someone else"
           33618a7b-a224-4cd7-804b-d70900008c08  rev 1  — 24% shorter than its text implies
    0.764  target2         3000ms  "I'm trying to learn the whole sentence after you fini
           a716f377-4773-4ae6-a75e-cd910df34343  rev 1  — 24% shorter than its text implies
    0.764  target1         2400ms  "but I don't want to speak with everyone else"
           2f76c2b6-dafb-4544-addc-6eff525f7ff2  rev 1  — 24% shorter than its text implies
    0.764  target2         1800ms  "are you learning English quickly?"
           2ea19790-397e-46f6-b9e8-19309d7305c6  rev 1  — 24% shorter than its text implies
    0.764  target2         2184ms  "he doesn't want to be quiet this evening"
           f596c015-5cd3-43e3-b924-582290dff90f  rev 1  — 24% shorter than its text implies
    0.764  target1         2784ms  "I've been learning this afternoon for almost a week"
           68193542-f619-483b-be30-106cae19d4d7  rev 1  — 24% shorter than its text implies
    0.764  target1         2184ms  "he doesn't want to read anything tonight"
           792476f5-0990-4d9a-9d0d-7f6d4a90c858  rev 1  — 24% shorter than its text implies
    0.764  target2         2184ms  "he doesn't want to read anything tonight"
           94f8404d-b602-430d-9c4f-bf259c5fcce7  rev 1  — 24% shorter than its text implies
    0.764  target1         1800ms  "she doesn't want to make mistakes"
           ce196600-aabc-4789-a557-28d63c281801  rev 1  — 24% shorter than its text implies
    0.764  target2         2784ms  "I'm going to practise if you understand what I mean"
           c235d91b-738d-415b-a57e-6914041de9dd  rev 1  — 24% shorter than its text implies
    0.765  presentation    3168ms  "ఇంగ్లీష్ — 'గుర్తుంచుకోవడానికి ప్రయత్నిస్తున్నాను' — 
           83a6a049-dc10-4f63-b5e2-8fb00a80ac7b  rev 1  — 24% shorter than its text implies
    0.765  target1         1584ms  "and I'll speak with you today"
           0c45cca7-22ba-40f0-8b16-9748840b8089  rev 1  — 24% shorter than its text implies
    0.765  target2         1584ms  "why are you going to help me?"
           48a34a23-49fc-49f8-b93f-65ef066bdc0b  rev 1  — 24% shorter than its text implies
    0.765  target2         1584ms  "how do you feel about it now?"
           1a3b177c-6b7f-470b-9fc3-43c7ce55f6be  rev 1  — 24% shorter than its text implies
    0.765  target1         1584ms  "do you want to make mistakes?"
           a0dcb939-71f9-4593-ae33-7c50ae1eccdd  rev 1  — 24% shorter than its text implies
    0.766  target1         2352ms  "I want to speak something with someone else"
           7a7e3883-85a3-440a-946a-4f13fa8cff2b  rev 1  — 23% shorter than its text implies
    0.766  target2         1368ms  "are you learning her name"
           3c1b1646-bf38-4d3d-92ee-3d693d19d4b6  rev 1  — 23% shorter than its text implies
    0.766  target2         1752ms  "when there are other people here"
           5283fce5-84fa-4ec1-bc2a-bc1f723439ba  rev 1  — 23% shorter than its text implies
    0.766  target1         1752ms  "I'm not trying to finish quickly"
           10d5de4d-3a06-4f1c-a571-573909ce5576  rev 1  — 23% shorter than its text implies
    0.767  target2         2520ms  "I'm trying to learn how to say what I mean now"
           5200ae07-3c77-4f5c-b7f7-5ad750207a26  rev 1  — 23% shorter than its text implies
    0.767  target1         2136ms  "he wants to come back and speak English"
           a4130d20-93f2-46b5-b6cb-4c51c5d7627c  rev 1  — 23% shorter than its text implies
    0.767  target2         2136ms  "but I can't remember the whole sentence"
           edafce86-ff13-40b7-b7eb-e939b30de571  rev 1  — 23% shorter than its text implies
    0.767  target2         2520ms  "he doesn't want to be quiet with everyone else"
           60be516e-7acb-4c07-9039-57fd28e016d3  rev 1  — 23% shorter than its text implies
    0.767  target2         2136ms  "how do you feel about learning English?"
           f3830f07-cb78-4209-90aa-ed8d89084e2d  rev 1  — 23% shorter than its text implies
    0.767  target1         2520ms  "I think that it's a good thing to learn a word"
           6e4f3cbe-d87f-480a-b4da-5e68d1cbcfb6  rev 1  — 23% shorter than its text implies
    0.768  target2         2304ms  "I'm trying to explain something in English"
           183454d4-49ae-4071-836f-d960eac9a885  rev 1  — 23% shorter than its text implies
    0.768  target2         1536ms  "I'm trying to learn a little"
           664e5a63-8af2-4566-919f-6db63625c6f0  rev 1  — 23% shorter than its text implies
    0.768  target2         1536ms  "I'll speak a little with you"
           7f9e4538-3056-4b13-8972-045d046a6dc0  rev 1  — 23% shorter than its text implies
    0.768  target1         2304ms  "she wants to find out how to say something"
           c3e210f2-dfc5-45cd-b867-7b97f5c63af8  rev 1  — 23% shorter than its text implies
    0.768  target1         2304ms  "I don't want to speak English this evening"
           5085477a-3334-4943-9f4c-908a57c17c3b  rev 1  — 23% shorter than its text implies
    0.768  target2         1920ms  "I don't like to answer this evening"
           75935302-bb45-489e-8e1e-20f4b5b94501  rev 1  — 23% shorter than its text implies
    0.768  target2         1920ms  "are you going to help me to answer?"
           e212a4ef-f9de-466e-af0c-df489793d352  rev 1  — 23% shorter than its text implies
    0.768  target1         1920ms  "are you going to help me to answer?"
           f51f02fe-e737-4db0-837d-3a9f6c006dba  rev 1  — 23% shorter than its text implies
    0.768  target1         1536ms  "I don't want to meet you now"
           1f2615c3-ce10-4e50-a762-f64362c78b9e  rev 1  — 23% shorter than its text implies
    0.768  target1         1920ms  "I don't care what you want to learn"
           988792ea-4df8-4a4f-97ed-1d01fcc577d7  rev 1  — 23% shorter than its text implies
    0.768  target2         2688ms  "I don't worry about making mistakes at the moment"
           99a3a81b-1c1c-4e9e-ab27-b2d0910a3eae  rev 1  — 23% shorter than its text implies
    0.768  target1         3072ms  "I'm not trying to finish because I want to speak Engl
           6fd42bb8-b679-45de-a6a2-19b0cdf06c89  rev 1  — 23% shorter than its text implies
    0.769  target1         2088ms  "I wasn't thinking about how to answer."
           8e3bd16e-d0fd-4787-bfa5-3c039b9ed1f1  rev 1  — 23% shorter than its text implies
    0.769  target1         2088ms  "I'm trying to remember something today"
           68a4f938-823b-4f47-a6bb-2b8954ac065d  rev 1  — 23% shorter than its text implies
    0.769  target2         2088ms  "I'm trying to learn the whole sentence"
           b0f93cc0-f348-4bbf-b810-74eb270c0c7e  rev 1  — 23% shorter than its text implies
    0.769  target1         2088ms  "we want to speak with you this evening"
           8b85649e-b72c-4c72-bb58-d3a4574c8be8  rev 1  — 23% shorter than its text implies
    0.769  target2         2472ms  "are you going to help me as soon as possible?"
           3e8b99a4-b1f1-4af5-8795-146470eca35b  rev 1  — 23% shorter than its text implies
     0.77  target1         1704ms  "because I want to learn English"
           5b48177a-6fd1-45fd-a7fa-b4a3438b0876  rev 1  — 23% shorter than its text implies
     0.77  target1         1704ms  "I'm a little tired this evening"
           4a37e757-5d91-478b-92c8-0f51abad1d05  rev 1  — 23% shorter than its text implies
     0.77  target1         1704ms  "I started to think this morning"
           8645ead0-b297-4b42-b7d6-d0764b15dd8d  rev 1  — 23% shorter than its text implies
     0.77  target1         1704ms  "I think that it'll be like this"
           f9150f0e-7974-406b-8989-21340c6219a4  rev 1  — 23% shorter than its text implies
    0.771  target1         2424ms  "I'm not going to be able to remember easily."
           986580cc-d9af-4624-882d-9ace3478ef28  rev 1  — 23% shorter than its text implies
    0.771  target1         3360ms  "I'm trying to learn how to say something as often as 
           15ab39e4-309f-4e04-b057-19fafd64cbd3  rev 1  — 23% shorter than its text implies
    0.771  target2         2808ms  "I'm trying to remember how to say a word in English"
           336f96da-8d18-4917-b66a-51b18577b75f  rev 1  — 23% shorter than its text implies
    0.771  target2         2808ms  "I'm going to practise speaking as often as possible"
           b80c1426-7924-4cf6-b1da-c83ffec3bbb9  rev 1  — 23% shorter than its text implies
    0.771  target1         2424ms  "I'm not sure how to say something in English"
           47379420-ad65-463e-8956-f58164cc462e  rev 1  — 23% shorter than its text implies
    0.771  target2         2808ms  "I like speaking English when there are other people"
           5c351d1b-7417-48c7-859f-b564f7e29c1b  rev 1  — 23% shorter than its text implies
    0.771  target1         2424ms  "I was starting to feel better this afternoon"
           60ee519d-9ae6-487d-b6c0-c8a3f35663c2  rev 1  — 23% shorter than its text implies
    0.772  target1         2040ms  "I'm going to start talking more soon."
           3a47fb43-56de-40b7-b150-b2f27d54af3d  rev 1  — 23% shorter than its text implies
    0.772  target2         2040ms  "We don't want to interrupt the story."
           f275f87b-da67-4074-abc3-c030672a512c  rev 1  — 23% shorter than its text implies
    0.772  target2         1488ms  "if I can remember something"
           054c0d8b-3c0b-4480-9345-1d44d753c48a  rev 1  — 23% shorter than its text implies
    0.772  target1         1488ms  "I'll speak a little English"
           18397aa8-4e81-4a47-8661-a0f62b501d62  rev 1  — 23% shorter than its text implies
    0.772  target1         2592ms  "I'm going to start speaking before I have to go"
           d37e6028-a89f-4c60-b492-9afd9d1e0a7f  rev 1  — 23% shorter than its text implies
    0.772  target2         1488ms  "you wanted to speak with me"
           d05dedd7-c5be-4c5a-a87e-a47a75fdf8b5  rev 1  — 23% shorter than its text implies
    0.773  target1         2208ms  "It's like this, if you know what I mean."
           19be3edb-79cd-4918-81f9-1856e83d9f57  rev 1  — 23% shorter than its text implies
    0.773  target1         1656ms  "Why are you learning her name?"
           335b685e-a6b8-4681-923d-460834614e70  rev 1  — 23% shorter than its text implies
    0.773  target2         1656ms  "he wants to come back with you"
           775f422a-4114-4e8e-a4a3-59176b5b5751  rev 1  — 23% shorter than its text implies
    0.773  target2         2208ms  "I'd like to be able to speak much better"
           7ff828f4-8683-45c6-94ec-793088505498  rev 1  — 23% shorter than its text implies
    0.773  target1         2208ms  "he doesn't want to be quiet this evening"
           df85d4e9-13a2-4192-bb9e-55575b440b0f  rev 1  — 23% shorter than its text implies
    0.773  target1         1656ms  "but I wasn't thinking about it"
           ac3b46b9-5d65-4b26-9bf2-52c6fde171c6  rev 1  — 23% shorter than its text implies
    0.773  target1         2928ms  "I want to speak English if you understand what I mean
           c9fed5e6-48bb-4f6a-8648-af61e84b9895  rev 1  — 23% shorter than its text implies
    0.774  target1         1824ms  "I want to practise a little today"
           a64eafb3-b9e7-43c7-87f2-9f98140cb8a5  rev 1  — 23% shorter than its text implies
    0.774  target1         1824ms  "if I can remember something today"
           bb9e29bf-e60b-4d31-b4fb-c185e53c9c8b  rev 1  — 23% shorter than its text implies
    0.774  target2         2376ms  "I wouldn't like to guess the whole sentence"
           3f78ce10-1133-4b82-bf19-3b042b852be5  rev 1  — 23% shorter than its text implies
    0.774  target1         2376ms  "do you speak with people who speak English?"
           32ebfe22-f8ae-4f3e-8d62-046e95f371bb  rev 1  — 23% shorter than its text implies
    0.774  target1         1824ms  "are you learning English quickly?"
           773a8991-6b2b-418d-9a55-e72ff97670c0  rev 1  — 23% shorter than its text implies
    0.774  target1         3096ms  "because I want to meet people who speak English tomor
           95c50978-a209-4f0c-81ed-04d38b06e08a  rev 1  — 23% shorter than its text implies
    0.774  target1         2376ms  "I want to start speaking with you yesterday"
           bfec80f4-2dd9-4de3-8263-80e4d5483369  rev 1  — 23% shorter than its text implies
    0.774  target1         1824ms  "I don't want to stop talking here"
           46b58a34-bde2-4b7d-b78f-7f6926ecd828  rev 1  — 23% shorter than its text implies
    0.774  target1         2544ms  "he doesn't want to be quiet with everyone else"
           5b68df12-de01-42d0-a50f-a71efa49b2f4  rev 1  — 23% shorter than its text implies
    0.774  target1         2544ms  "I've been learning carefully for almost a week"
           ff9fc344-b4cf-45fa-8d16-23b44666ffed  rev 1  — 23% shorter than its text implies
    0.775  target2         2160ms  "but I want to stop talking this evening"
           f15a79c9-d0e4-483d-b2c2-cf35989eecbf  rev 1  — 22% shorter than its text implies
    0.775  target1         1440ms  "I don't want to answer now"
           9057f9a6-5b28-409a-bbdb-798a56104ff3  rev 1  — 22% shorter than its text implies
    0.775  target1         1440ms  "I want to meet you tonight"
           12371b73-81a7-4404-a68e-46c50773433b  rev 1  — 22% shorter than its text implies
    0.775  target2         2160ms  "I wasn't thinking about it this morning"
           19b9c91e-56ff-40f2-b17f-9293c4031f35  rev 1  — 22% shorter than its text implies
    0.775  target1         3600ms  "I've been learning English all day and I'm starting t
           771e3bb5-54fa-424f-a2ad-534894d080d6  rev 1  — 22% shorter than its text implies
    0.775  target1         1992ms  "I've been learning here this morning"
           9bfc48b9-424b-4b29-995d-14c20f32e2c2  rev 1  — 23% shorter than its text implies
    0.775  target1         2160ms  "how do you feel about learning English?"
           db2d99f3-d7c3-4307-91c9-879624d7d3e2  rev 1  — 22% shorter than its text implies
    0.776  presentation    3048ms  "ఇంగ్లీష్ — 'నేర్చుకోవడానికి ప్రయత్నిస్తున్నాను' — '' 
           437f2fd2-7f92-4aeb-a30f-edd9ee3bb096  rev 1  — 22% shorter than its text implies
    0.776  target1         2328ms  "I'm trying to explain something in English"
           9747e09b-96bb-4080-9a2b-9c5ac1cf1bd1  rev 1  — 22% shorter than its text implies
    0.776  target2         2328ms  "I don't want to speak English this evening"
           2158affb-2f05-49ac-ab3f-36fe26b12428  rev 1  — 22% shorter than its text implies
    0.776  target2         2328ms  "I wanted to ask you what's going to happen"
           b34d541a-3814-49db-82f0-3566e5b5af3f  rev 1  — 22% shorter than its text implies
    0.777  target2         2664ms  "I'm trying to learn how to say a word in English"
           a1dc4a19-40c8-4d02-9e99-6524137eb318  rev 1  — 22% shorter than its text implies
    0.777  target1         2496ms  "I don't want to stop talking after you finish"
           81373d28-9b8f-4c78-ac3d-f39b8d3daa13  rev 1  — 22% shorter than its text implies
    0.777  target1         2832ms  "she wants to find out how to say the whole sentence"
           d7e7e4d4-e035-4db3-a044-54c9164bce48  rev 1  — 22% shorter than its text implies
    0.777  target1         2496ms  "I want to speak with people who speak English"
           94056e55-a8e8-472c-86d7-21dad5c7c886  rev 1  — 22% shorter than its text implies
    0.777  target2         2832ms  "I'm not sure whether I need to improve this morning"
           e244ec3f-f11f-4abf-adda-6efb3085b4eb  rev 1  — 22% shorter than its text implies
    0.777  target2         1776ms  "because I'm not trying to finish"
           32331fbf-47e2-4cdf-b6c2-9b25f595c7a1  rev 1  — 22% shorter than its text implies
    0.778  target1         2112ms  "I want to say a word with someone else"
           bf09cc7f-d7dd-4fce-9a19-d14a199dc509  rev 1  — 22% shorter than its text implies
    0.778  target1         3000ms  "I'm trying to learn English with someone else tomorro
           c36b9961-cf8c-4970-a710-0c0c890b0eeb  rev 1  — 22% shorter than its text implies
    0.778  target1         2112ms  "he wants to come back with me later on"
           b4ac9b3c-35bf-42a4-b3f5-e3df070d4248  rev 1  — 22% shorter than its text implies
    0.778  target2         1944ms  "but do you speak English very well?"
           078a15ad-91a2-473d-9b7b-8ff59aef9beb  rev 1  — 22% shorter than its text implies
    0.778  target2         3168ms  "it's useful for you to start speaking before I have t
           aadb1d50-739f-4e72-8773-e32933734248  rev 1  — 22% shorter than its text implies
    0.778  target1         1944ms  "I started to think about everything"
           a15e99df-8ef8-47cc-9760-62d94ae36071  rev 1  — 22% shorter than its text implies
    0.779  target1         2280ms  "I've been learning here for almost a week"
           ad946118-33e3-49bc-8af7-c36c076861bb  rev 1  — 22% shorter than its text implies
    0.779  target2         2280ms  "I don't want to stop talking this morning"
           c7c1e69a-cfc7-4763-8c39-ef1eebcb8980  rev 1  — 22% shorter than its text implies
    0.779  target1         2616ms  "it's a good thing if you understand what I mean"
           4c119531-dda0-425d-9c30-8a0e3b96a299  rev 1  — 22% shorter than its text implies
     0.78  target1         1560ms  "I'll speak with someone else"
           4194a938-ff80-4616-8560-f8421b45526e  rev 1  — 22% shorter than its text implies
     0.78  target2         3288ms  "I'm not sure how to say the whole sentence after you 
           f17a5f0d-4873-48d3-90d5-f1d56d09e7b5  rev 1  — 22% shorter than its text implies
     0.78  target1         1728ms  "and I'll speak English tomorrow"
           ef10532c-1ef2-47b9-b1ff-ff405ce3bc29  rev 1  — 22% shorter than its text implies
     0.78  target2         1560ms  "I want to meet with you soon"
           9636d853-4e04-4972-a53a-46c059a6d3bd  rev 1  — 22% shorter than its text implies
     0.78  target2         1560ms  "wasn't thinking this morning"
           f8a1f380-fb98-4245-b27e-c34438152c98  rev 1  — 22% shorter than its text implies
    0.781  target2         2232ms  "I'm trying to learn how to say something"
           47da582f-674c-464c-b401-86ac7922257e  rev 1  — 22% shorter than its text implies
    0.781  target2         2064ms  "I'm trying to learn with someone else"
           6d7dcd13-e884-4fa0-9f1b-dc875f21be3c  rev 1  — 22% shorter than its text implies
    0.781  target2         2400ms  "I want to speak something with someone else"
           82ac7943-f2c5-4fab-9c51-97cf56d289c2  rev 1  — 22% shorter than its text implies
    0.781  target2         2400ms  "I wouldn't like to guess what the answer is"
           1dc6aba9-09ed-48fe-9fee-f726aa572284  rev 1  — 22% shorter than its text implies
    0.781  target1         1896ms  "I'll speak with you at six o'clock"
           31c796b7-7be4-477c-b36c-2aeabf479552  rev 1  — 22% shorter than its text implies
    0.781  target2         1896ms  "she wants to find out this evening"
           71a46da4-344c-4394-8ca8-4c15b71a39c9  rev 1  — 22% shorter than its text implies
    0.781  target1         2400ms  "I'm looking forward to speaking much better"
           470fd931-f37e-4259-b40a-73c56a373988  rev 1  — 22% shorter than its text implies
    0.781  target1         2064ms  "are you learning English much better?"
           7ae98da5-7109-4936-b16b-bd2fd3387130  rev 1  — 22% shorter than its text implies
    0.781  target1         1896ms  "I don't want to start speaking now"
           fe54adc0-86a5-4a82-8f13-d923b2a29faa  rev 1  — 22% shorter than its text implies
    0.781  target1         1896ms  "did you want to show me yesterday?"
           c0f9d55b-6d14-4296-a62d-69923efdcd02  rev 1  — 22% shorter than its text implies
    0.781  target2         1896ms  "did you want to show me yesterday?"
           c2e8f856-2782-49ba-8135-dbe51ec4a729  rev 1  — 22% shorter than its text implies
    0.781  target2         2232ms  "I wanted to meet you before I have to go"
           d70cce5f-8e2e-4eef-964a-4478f3fc0aa4  rev 1  — 22% shorter than its text implies
    0.781  target1         1896ms  "I think that it's a good thing now"
           ad4dbc6a-091d-4d59-9f8c-dd75760ed27c  rev 1  — 22% shorter than its text implies
    0.782  target2         2736ms  "I started to think about it carefully last month."
           4e1acbad-33db-4730-b7d3-e3fc2c067c06  rev 1  — 22% shorter than its text implies
    0.782  target1         2736ms  "she wants to find out what the answer is tomorrow"
           d210b3a7-2d0b-4837-b71a-764d541fe842  rev 1  — 22% shorter than its text implies
    0.782  target2         2904ms  "I want to meet people who speak English this evening"
           d5e5646b-0846-45b9-9bb6-8183357b82ac  rev 1  — 22% shorter than its text implies
    0.784  target1         1680ms  "How do you feel at the moment?"
           9e5e9345-74b7-445b-b178-2d6f1d16f742  rev 1  — 22% shorter than its text implies
    0.784  target2         1680ms  "How do you feel at the moment?"
           b749405d-fd9e-4ebd-a4dc-153b7ead5d7a  rev 1  — 22% shorter than its text implies
    0.784  target1         1848ms  "don't want to interrupt the story"
           9cd348f1-3f41-4361-97d4-5cbf830260b6  rev 1  — 22% shorter than its text implies
    0.784  target2         1680ms  "I think that it's a good thing"
           f46cc0a6-3a89-4b4f-957b-7f9dcdcbdcc6  rev 1  — 22% shorter than its text implies
    0.784  target1         2520ms  "I want to speak with you as often as possible"
           771dca49-3503-4c25-a7c7-b8ac0d0e1b00  rev 1  — 22% shorter than its text implies
    0.784  target2         2016ms  "I'm trying to remember something now"
           24d92803-309d-4030-bc90-9325d5ab7ece  rev 1  — 22% shorter than its text implies
    0.784  target1         2856ms  "I'm trying to remember how to say a word in English"
           ca2ba5cd-9417-49f7-8f01-dbcd3c4d00fa  rev 1  — 22% shorter than its text implies
    0.784  target1         1680ms  "I'll speak with you in English"
           46fb984f-7ac7-487f-bed7-ebd968261921  rev 1  — 22% shorter than its text implies
    0.784  target2         2520ms  "I'd like to be able to speak English with you"
           b397e8a2-11a0-4ac0-be96-35c158977666  rev 1  — 22% shorter than its text implies
    0.784  target1         1512ms  "if I can remember something"
           faeb9c46-aea4-4a39-85e6-7acf665a335f  rev 1  — 22% shorter than its text implies
    0.784  target2         1512ms  "you speak with someone else"
           e47c06f2-e9dc-48a9-a254-e26801f378eb  rev 1  — 22% shorter than its text implies
    0.784  target1         1176ms  "do you speak with me?"
           34036ebb-aa2f-474c-aa83-58a1f237f810  rev 1  — 22% shorter than its text implies
    0.784  target1         1680ms  "he wants to come back tomorrow"
           3f8277e4-ef48-4f15-b81f-e5d1ee405e10  rev 1  — 22% shorter than its text implies
    0.784  target2         1848ms  "and do you speak English with me?"
           ec7da651-cd26-42bd-b945-dc2185b233c1  rev 1  — 22% shorter than its text implies
    0.784  target1         2856ms  "I'd like to be able to speak very well this evening"
           93cea302-9381-4b04-9f8f-10c751e976a6  rev 1  — 22% shorter than its text implies
    0.784  target2         2184ms  "you want to learn his name this evening"
           0ae21418-61d0-4271-93f0-4afe149f1ce6  rev 1  — 22% shorter than its text implies
    0.784  target1         2856ms  "because we want to meet at six o'clock this evening"
           3ed87658-e296-49b9-872c-dbeb88164c79  rev 1  — 22% shorter than its text implies
    0.784  target2         1680ms  "you want to learn a word today"
           7e93a934-4c06-4e57-b4dd-9d80ae0ac499  rev 1  — 22% shorter than its text implies
    0.784  target1         1680ms  "I don't want to learn her name"
           9bc74139-79ce-42d5-990f-44049122ced9  rev 1  — 22% shorter than its text implies
    0.784  target1         1848ms  "why are you learning English now?"
           dad8dbb5-3833-45e2-93a8-f2eae651bd91  rev 1  — 22% shorter than its text implies
    0.784  target1         1848ms  "I want to meet with everyone else"
           e6c94e8a-dd15-4065-a0eb-305af7c903e9  rev 1  — 22% shorter than its text implies
    0.784  target1         2856ms  "I'm going to start speaking with everyone else soon"
           183a4caf-64ed-4826-af92-fb21131e55a5  rev 1  — 22% shorter than its text implies
    0.784  target2         1176ms  "are you going to help"
           4b3806e3-20ae-4a2b-a07c-e2d73d203a1c  rev 1  — 22% shorter than its text implies
    0.784  target1         2520ms  "I like speaking with people who speak English"
           97de8126-305b-4b81-8c98-e49cf5b922d5  rev 1  — 22% shorter than its text implies
    0.784  target1         2184ms  "but I don't want to interrupt the story"
           03b501ce-29b2-4562-8318-32601de0b437  rev 1  — 22% shorter than its text implies
    0.784  target2         1512ms  "it'll be like this tomorrow"
           46e62922-30ce-47f7-b2fa-88057728beef  rev 1  — 22% shorter than its text implies
    0.784  target2         1848ms  "if you understand what I mean now"
           a03d996e-8426-4a49-8cea-764cdb626e58  rev 1  — 22% shorter than its text implies
    0.784  target1         1680ms  "I'm not trying to finish today"
           a3eb65eb-5639-4c11-b8b8-6868dbe7e82e  rev 1  — 22% shorter than its text implies
    0.786  target2         3144ms  "I'm going to practise speaking English with someone e
           cdd6e7b0-6689-4809-abb7-d75fb9edf4a9  rev 1  — 21% shorter than its text implies
    0.786  target1         2640ms  "I want to try to explain what's going to happen"
           2c5dc4cd-992f-4272-bd5d-35bd695eef1f  rev 1  — 21% shorter than its text implies
    0.786  target1         2640ms  "you wanted to speak with me before I have to go"
           cd922ba3-6bd1-45b4-aab9-fca8f1668545  rev 1  — 21% shorter than its text implies
    0.786  target2         2808ms  "I wasn't thinking about how to answer this morning"
           35c2c3fc-23e6-457b-85ed-bdc816ca570c  rev 1  — 21% shorter than its text implies
    0.786  target2         2640ms  "I think that it's a good thing to speak English"
           649282f1-7db4-4c03-a136-d9026dc2252f  rev 1  — 21% shorter than its text implies
    0.787  presentation    1800ms  "ఇంగ్లీష్ — 'ఇంగ్లీష్‌లో' — '' —:"
           1023e034-42b6-47be-ae2e-a3152cea1f31  rev 1  — 21% shorter than its text implies
    0.787  target2         2304ms  "I want to try to say something in English"
           116e1e2d-f391-4562-a804-ce233d59eca5  rev 1  — 21% shorter than its text implies
    0.787  target2         1800ms  "I'm trying to remember something"
           442922d9-0c26-47e7-a6ac-95250cce9c76  rev 1  — 21% shorter than its text implies
    0.787  target2         2472ms  "I want to speak the whole sentence very well"
           36c15d58-6321-4de3-8a5c-1e44072e699e  rev 1  — 21% shorter than its text implies
    0.787  target1         1800ms  "I don't want to stop talking now"
           55219b9c-be7b-4d3d-a5c0-c4e6182bac7e  rev 1  — 21% shorter than its text implies
    0.787  target1         1800ms  "I want to meet with you tomorrow"
           717ca72c-fcf9-4ba8-b943-25371be8a1a1  rev 1  — 21% shorter than its text implies
    0.787  target2         2136ms  "I don't want to speak a lot more today"
           aa20ae75-d9b4-4012-9b83-12b5f0171e8f  rev 1  — 21% shorter than its text implies
    0.787  target2         2472ms  "I can't remember when there are other people"
           098178df-2708-451c-8951-84cf0617af4c  rev 1  — 21% shorter than its text implies
    0.787  target2         2136ms  "you wanted to speak with everyone else"
           475f4557-3f27-41b0-b638-1c5a8946f994  rev 1  — 21% shorter than its text implies
    0.787  target1         2136ms  "I started to think about it last month"
           305b59db-17b4-4045-959e-666c079134bb  rev 1  — 21% shorter than its text implies
    0.787  target2         2304ms  "I don't want to think about how to answer"
           035847f2-ce3b-44d9-a699-53aa8268d6ba  rev 1  — 21% shorter than its text implies
    0.787  target1         2472ms  "how do you feel if I speak English with you?"
           2912c449-5518-4b76-984e-f86881e9249d  rev 1  — 21% shorter than its text implies
    0.787  target1         2304ms  "he doesn't want to be quiet at the moment"
           ac369f57-2640-4029-b553-05e27dccfad1  rev 1  — 21% shorter than its text implies
    0.787  target1         1800ms  "I wasn't thinking this afternoon"
           d0e82668-6160-423c-8c5c-4d6f89efc018  rev 1  — 21% shorter than its text implies
    0.787  target2         1968ms  "wasn't thinking about how to answer"
           e4e99b37-c3ab-4b18-aa19-ea669a80f635  rev 1  — 21% shorter than its text implies
    0.787  target2         1800ms  "she wants to find out everything"
           7889f840-a61e-41c3-84b8-09493b537b60  rev 1  — 21% shorter than its text implies
    0.788  target2         1632ms  "he wants to come back with me"
           c4cde65d-ff55-4458-b430-d84729fb1c83  rev 1  — 21% shorter than its text implies
    0.788  target1         1464ms  "I wasn't thinking about it"
           feb55276-1013-412e-bf5b-a3dc39d372d8  rev 1  — 21% shorter than its text implies
    0.788  target1         1632ms  "don't need to know everything"
           28fc7310-23aa-4ba6-8ab7-705f569d4c11  rev 1  — 21% shorter than its text implies
    0.788  target1         1632ms  "I don't need to know his name"
           b083c002-146e-40bb-8cee-8cbdb2be6004  rev 1  — 21% shorter than its text implies
    0.789  target2         2760ms  "She doesn't want to read anything this afternoon."
           32e8627d-6dcc-45f8-a0ea-dbc475346794  rev 1  — 21% shorter than its text implies
    0.789  target2         2592ms  "I was starting to feel better than last night."
           67ed587d-6a76-42fa-8060-52540bbe5fe6  rev 1  — 21% shorter than its text implies
    0.789  target2         2592ms  "I'd like to be able to speak with someone else"
           18e3df3b-480c-4db1-9c71-02afcf745fd5  rev 1  — 21% shorter than its text implies
    0.789  target2         2424ms  "I want to speak with someone else very well"
           54d7cce2-bbe2-4d32-84cd-6ece90c6fadd  rev 1  — 21% shorter than its text implies
    0.789  target1         2592ms  "I'm not sure if she wants to find out his name"
           1a51e283-66a6-454b-a66f-ffddfb319254  rev 1  — 21% shorter than its text implies
    0.789  target2         2760ms  "have you been learning English with someone else?"
           46399138-5bfa-467d-97fa-2cc0f51e11ba  rev 1  — 21% shorter than its text implies
    0.789  target1         2424ms  "I'm going to start speaking English tonight"
           7b2b8ba5-2914-4623-a4ab-dff10fca53fa  rev 1  — 21% shorter than its text implies
    0.789  target2         2592ms  "she doesn't want to read anything this evening"
           00511808-1d4f-4aab-97a6-36538d6d1c60  rev 1  — 21% shorter than its text implies
    0.789  target2         2592ms  "I've been learning carefully for almost a week"
           31a4ccc3-eb04-40dd-bd40-bae7f18a3ad5  rev 1  — 21% shorter than its text implies
    0.789  target1         2424ms  "I started to think about what the answer is"
           37cf2189-bdd3-42e3-a669-2442c038124f  rev 1  — 21% shorter than its text implies
    0.789  target1         1296ms  "I've been learning here"
           f588c360-4726-4c05-99d8-4975603f2134  rev 1  — 21% shorter than its text implies
    0.789  target2         2592ms  "I think that it's a good thing to learn a word"
           52ffd333-67da-4007-85fe-b4f5535300cd  rev 1  — 21% shorter than its text implies
     0.79  target1         2256ms  "I wanted to ask you something yesterday."
           33314d06-3acb-404d-8f1d-ec2b8db12cfd  rev 1  — 21% shorter than its text implies
     0.79  target1         2256ms  "But I don't worry about making mistakes."
           7c1043a2-9d08-479c-be71-2fdc25e75657  rev 1  — 21% shorter than its text implies
     0.79  target1         2256ms  "I want to learn how to say something now"
           297806a3-a5e8-417e-98a9-b5b3af8cb14b  rev 1  — 21% shorter than its text implies
     0.79  target1         2256ms  "I want to try to speak with someone else"
           7f7386f8-9f29-471e-8842-57138c83e9db  rev 1  — 21% shorter than its text implies
     0.79  target2         2256ms  "I want to try to speak with someone else"
           cc5c22a9-7e22-4a18-80e1-9d8910cb2220  rev 1  — 21% shorter than its text implies
     0.79  target2         2088ms  "I want to speak with someone else now"
           f60d6329-137f-4394-86b3-ce19e455117b  rev 1  — 21% shorter than its text implies
     0.79  target1         2088ms  "and I want to practise speaking today"
           41d4d274-57f1-4c8c-9e79-e071d691eef5  rev 1  — 21% shorter than its text implies
     0.79  target1         3216ms  "I'd like to be able to speak English as often as poss
           b777317a-d913-462d-b053-3d7b026cbadc  rev 1  — 21% shorter than its text implies
     0.79  target2         2088ms  "and I want to practise speaking today"
           c3639604-25c9-489a-a7ac-a8afade81895  rev 1  — 21% shorter than its text implies
     0.79  target1         2256ms  "do you speak English with everyone else?"
           46040681-a425-41bf-adb7-273ee201b5b6  rev 1  — 21% shorter than its text implies
     0.79  target1         3048ms  "I want to practise speaking with someone else tomorro
           a5507366-e559-426a-902d-195c1915648c  rev 1  — 21% shorter than its text implies
     0.79  target1         2088ms  "I'm not sure if he wants to come back"
           ce93ac84-1fa7-4816-becf-e972197c2be1  rev 1  — 21% shorter than its text implies
     0.79  target2         2088ms  "but she doesn't want to read anything"
           402625c0-bb95-4347-b83e-7e98dd1cf129  rev 1  — 21% shorter than its text implies
     0.79  target1         2256ms  "I wanted to ask you something last month"
           e0617bd4-2ff6-4120-b4d4-1f04905e6848  rev 1  — 21% shorter than its text implies
     0.79  target1         2256ms  "we want to meet this evening or tomorrow"
           99f11a91-36bd-4ff5-909e-e00367f4faa3  rev 1  — 21% shorter than its text implies
     0.79  target1         2256ms  "I'll speak if you understand what I mean"
           ed54480a-01ec-4cbd-933a-d1f3daa62950  rev 1  — 21% shorter than its text implies
    0.791  target1         1752ms  "how to say something in English"
           698d8cc8-eb58-40be-bc78-26d09ed6d8d5  rev 1  — 21% shorter than its text implies
    0.791  target1          960ms  "with someone else"
           51e84298-4a08-4f02-a291-0c6e69a42ffb  rev 1  — 21% shorter than its text implies
    0.791  target1         2712ms  "I'm trying to learn how to say a word in English"
           837a9161-f482-4c29-ad2c-80fb71e2f9fa  rev 1  — 21% shorter than its text implies
    0.791  target1         2544ms  "I'd like to be able to speak English with you"
           0469306f-35d4-4884-9d5e-6d95f3ae2b4a  rev 1  — 21% shorter than its text implies
    0.791  target1         1752ms  "I wouldn't like to guess a word"
           d0072187-83df-43f8-9744-f9802e126046  rev 1  — 21% shorter than its text implies
    0.791  target2         1752ms  "I wouldn't like to guess a word"
           e19f31bc-674c-46d7-bb23-00312249ffee  rev 1  — 21% shorter than its text implies
    0.791  target1         1920ms  "she wants to find out this evening"
           e5c07c91-20cb-4fdc-9724-1e5732635408  rev 1  — 21% shorter than its text implies
    0.791  target1         1920ms  "why are you learning her name now?"
           5941e17a-1d94-43a1-8b5c-1b42f3ac7e16  rev 1  — 21% shorter than its text implies
    0.791  target2         1920ms  "you want to learn English tomorrow"
           d30d3a64-4d48-4abd-b0d3-fa1c39d76f04  rev 1  — 21% shorter than its text implies
    0.791  target1         2712ms  "I'm going to start speaking English this evening"
           5a48df84-72e3-4b1e-8359-14d307366a06  rev 1  — 21% shorter than its text implies
    0.791  target2         1920ms  "how long are you learning English?"
           9ce118f7-c2a1-4395-a05e-cb151a0b78df  rev 1  — 21% shorter than its text implies
    0.791  target2         1920ms  "you wanted to speak carefully here"
           861e2e07-7be9-49b8-99d2-e779a607303f  rev 1  — 21% shorter than its text implies
    0.791  target1         1920ms  "I feel much better than last night"
           40295644-8849-49ff-a04e-e7639b5978ca  rev 1  — 21% shorter than its text implies
    0.791  target2         1752ms  "I'm a little tired this morning"
           63b9f51e-87f6-49d5-a0ce-ad73f11f7b14  rev 1  — 21% shorter than its text implies
    0.791  target1         1752ms  "I don't care what the answer is"
           e8fb51f4-53a0-4855-89f1-5db96cddc9f9  rev 1  — 21% shorter than its text implies
    0.792  target1         1584ms  "I want to speak with you now"
           18691e55-da3a-43d2-a8d3-3df31a23eaf2  rev 1  — 21% shorter than its text implies
    0.792  target1         1584ms  "I'm trying to learn a little"
           008e7017-9394-4f24-947a-e935bcd55fad  rev 1  — 21% shorter than its text implies
    0.792  target1         1584ms  "I wouldn't like to guess now"
           ffc1df9b-eb4f-4c1c-a4db-1a696721740e  rev 1  — 21% shorter than its text implies
    0.792  target1         1584ms  "I'll speak with you later on"
           5b269549-142f-43ee-b39b-a94b16a6e0f0  rev 1  — 21% shorter than its text implies
    0.793  target2         2040ms  "You wanted to speak with me tonight."
           5828ffd7-8c76-44a4-82f2-617d81692219  rev 1  — 21% shorter than its text implies
    0.793  target2         2832ms  "I'm not sure if I can remember the whole sentence."
           cbdb2b9a-9d00-4d50-a988-deb567c0b0b2  rev 1  — 21% shorter than its text implies
    0.793  target1         2208ms  "I want to speak with someone else today"
           ea378a90-7e51-41fd-91a6-a827e9af306c  rev 1  — 21% shorter than its text implies
    0.793  target2         2832ms  "I want to speak with someone else after you finish"
           42827942-ecba-4a75-bee3-14956d6774b5  rev 1  — 21% shorter than its text implies
    0.793  target1         2040ms  "I'll speak with you after you finish"
           714bbdc3-b9be-4c89-89f8-42e44278df4e  rev 1  — 21% shorter than its text implies
    0.793  target2         1416ms  "he wants to come back now"
           34eddfda-a9bd-4445-9db1-6de144acb3fe  rev 1  — 21% shorter than its text implies
    0.793  target1         2208ms  "he wants to come back with someone else"
           9ddda82d-5d3c-4c91-b773-45191052df7a  rev 1  — 21% shorter than its text implies
    0.793  target1         2208ms  "I want to meet people who speak English"
           dd910bbb-0200-406f-9966-bfb20a240fdb  rev 1  — 21% shorter than its text implies
    0.793  target1         2040ms  "I want to try to answer this evening"
           32fd9332-eea8-48b6-8662-1e3972ce4381  rev 1  — 21% shorter than its text implies
    0.793  target2         2832ms  "have you been learning English as soon as possible"
           c2f0a07c-98d6-4565-8d17-98ee42180a35  rev 1  — 21% shorter than its text implies
    0.794  target1         2496ms  "We want to meet at six o'clock this evening."
           f4c5c57b-4078-4464-b021-58a294fe10e0  rev 1  — 21% shorter than its text implies
    0.794  target1         1872ms  "I'll speak a little English today"
           1ec4f54a-4227-46ec-a671-bc272989b185  rev 1  — 21% shorter than its text implies
    0.794  target2         1872ms  "I'll speak a little English today"
           275cef80-bab5-4e43-86f5-cf980edd338c  rev 1  — 21% shorter than its text implies
    0.794  target2         2496ms  "I'd like to be able to speak English with me"
           66871a81-aa68-4bdf-a3e8-64df76d3a6e1  rev 1  — 21% shorter than its text implies
    0.794  target2         1872ms  "why are you learning English now?"
           c51f2da9-2467-4e91-927e-6ccb34adb897  rev 1  — 21% shorter than its text implies
    0.794  target2         2664ms  "she wants to find out whether I need to improve"
           13bec3b9-99c7-4b11-8b99-c61d9150d448  rev 1  — 21% shorter than its text implies
    0.795  target1         1704ms  "i'm going to practise speaking"
           23f2ca5a-8987-469f-b7c7-af74de39ed2d  rev 1  — 20% shorter than its text implies
    0.795  target2         1704ms  "I'm not sure if I can remember"
           7d106dff-ce53-4e29-b107-e47f21421078  rev 1  — 20% shorter than its text implies
    0.795  target2         1704ms  "I wouldn't like to guess today"
           d54460a1-a494-4dea-bd34-984cff6495b4  rev 1  — 20% shorter than its text implies
    0.795  target1         1704ms  "he wants to come back later on"
           d5734429-e02b-47d6-973c-608101ae53e0  rev 1  — 20% shorter than its text implies
    0.795  target2         2328ms  "I'm going to practise speaking a lot more"
           f7c9a4b3-03bd-4fb3-ab1c-bb0f70427a9e  rev 1  — 21% shorter than its text implies
    0.795  target2         2784ms  "how do you feel when you speak with someone else?"
           243378f4-171b-4a0f-9864-ad82c01a89c6  rev 1  — 20% shorter than its text implies
    0.796  presentation    2616ms  "ఇంగ్లీష్ — 'ప్రయత్నించాలనుకుంటున్నాను' — '' —:"
           84e70fd4-c70c-4b19-ba37-863a64ef8915  rev 1  — 20% shorter than its text implies
    0.796  target2         2160ms  "how long are you learning English now?"
           923c3ec5-3687-4500-b1ab-f6cfa5dc2dd0  rev 1  — 20% shorter than its text implies
    0.796  target1         2160ms  "how long are you learning English now?"
           a16439d1-6d86-4d2c-bc7c-23016e87e70c  rev 1  — 20% shorter than its text implies
    0.796  target1         1536ms  "you wanted to speak with me"
           e71c6214-67bb-4158-953c-10d2b605a907  rev 1  — 20% shorter than its text implies
    0.797  target2         2448ms  "I'm trying to learn how to speak in English"
           f738d8ba-aa79-4910-8d3e-c191be2006b0  rev 1  — 20% shorter than its text implies
    0.797  target2         2448ms  "I'm trying to remember how to speak English"
           1d4305ed-1f76-4227-b9c4-adf674dd4296  rev 1  — 20% shorter than its text implies
    0.797  target2         2448ms  "I'm going to practise speaking with you now"
           250c8f55-d51d-48a3-ba12-3430241af494  rev 1  — 20% shorter than its text implies
    0.797  target1         2448ms  "I'm going to practise speaking with you now"
           7dfb4796-d0b0-4807-af3c-0646fc2dca8b  rev 1  — 20% shorter than its text implies
    0.797  target1         1992ms  "I'll speak the whole sentence today"
           279542f1-7133-44d7-ac1c-c40f4d38e381  rev 1  — 20% shorter than its text implies
    0.797  target1         1992ms  "I want to stop talking this evening"
           24922074-09e6-4055-b6c1-65e4c487643e  rev 1  — 20% shorter than its text implies
    0.797  target1         1992ms  "you want to learn English very well"
           c3f399ce-f36d-4ad5-9bb9-7f435da73d12  rev 1  — 20% shorter than its text implies
    0.797  target1         2448ms  "are you going to help me to start speaking?"
           cb71d216-43a4-4a7c-9cfe-942229e0cfd6  rev 1  — 20% shorter than its text implies
    0.797  target1         2448ms  "I don't want to stop talking this afternoon"
           9f4999f3-68df-418e-bd7f-59e552066e83  rev 1  — 20% shorter than its text implies
    0.798  target2         1368ms  "i'm not trying to finish"
           1452742c-0fd2-4ddf-aa98-27b371d8d8e3  rev 1  — 20% shorter than its text implies
    0.798  target2         1824ms  "I'm trying to learn how to speak"
           52dfd879-69ed-4f97-b14a-7175cd75dc2e  rev 1  — 20% shorter than its text implies
    0.798  target1         2280ms  "I'm trying to remember how to say a word"
           bdcda9a9-640d-4116-be3d-3f791bf581cf  rev 1  — 20% shorter than its text implies
    0.798  target2         2280ms  "do you speak English with everyone else?"
           cd20dd2d-dfa0-453e-862a-05f12863f2c1  rev 1  — 20% shorter than its text implies
    0.798  target2         2736ms  "because she wants to find out what the answer is"
           2400319a-a1ed-40fe-8cf1-3ecd82204469  rev 1  — 20% shorter than its text implies
    0.798  target2         3192ms  "I don't like taking too much time to answer this even
           23ab89c1-cd29-44f6-a4fe-8ccd48dbd2d5  rev 1  — 20% shorter than its text implies
    0.798  target1         1824ms  "he doesn't want to be quiet here"
           ee6dfccc-fb02-404f-9a31-abc1d851a53f  rev 1  — 20% shorter than its text implies
    0.799  target1         2112ms  "I want to speak English with you now."
           f64fe0e3-a1c1-4244-ba68-7e04512b4e6b  rev 1  — 20% shorter than its text implies
    0.799  target1         1656ms  "I was starting to feel better"
           c48a74ad-23a1-4eee-a607-e0c0cf52e48e  rev 1  — 20% shorter than its text implies
    0.799  target1         1656ms  "I want to speak something now"
           722f4225-0004-415e-aaf0-dc64e9063422  rev 1  — 20% shorter than its text implies
    0.799  target2         2568ms  "I want to practise speaking with someone else"
           8527cd42-783d-4d0c-8796-a74874e9b91d  rev 1  — 20% shorter than its text implies
    0.799  target1         1656ms  "how to say the whole sentence"
           b3038993-490b-4c05-8031-db0936c435b3  rev 1  — 20% shorter than its text implies
    0.799  target2         2568ms  "I'd like to be able to speak English tomorrow"
           f3608c32-ad63-45f5-8cbb-610fa6a90dde  rev 1  — 20% shorter than its text implies
    0.799  target1         2112ms  "and I want to speak English very well"
           c76c2d8c-ff05-43cf-83dc-43608e3a74b5  rev 1  — 20% shorter than its text implies
    0.799  target2         1656ms  "I don't want to speak quickly"
           9a14ae7c-020c-430c-9fbf-bd81c76fa727  rev 1  — 20% shorter than its text implies
    0.799  target1         1656ms  "why are you going to help me?"
           bad778f0-9070-4f64-9c2c-b66e9175ad18  rev 1  — 20% shorter than its text implies
    0.799  target1         2112ms  "I want to start speaking English here"
           e671c411-90d9-4f18-98fe-4f6f5ef6fa88  rev 1  — 20% shorter than its text implies
      0.8  target1         1200ms  "he wants to come back"
           b1b1c96e-4305-4fdb-ae80-eb215dd32bfa  rev 1  — 20% shorter than its text implies
      0.8  target1         1200ms  "I'm going to practise"
           3537443c-aee2-4ff4-a5c7-94cf4511041e  rev 1  — 20% shorter than its text implies
      0.8  target1         2400ms  "I'm going to practise speaking English now"
           7019f216-be99-46a6-8b83-b8885f5f7844  rev 1  — 20% shorter than its text implies
      0.8  target2         1944ms  "I'm trying to learn a little today"
           585b705d-33dc-4ee1-a200-cf3583752d78  rev 1  — 20% shorter than its text implies
      0.8  target2         1944ms  "he wants to come back this evening"
           4be2b69f-2502-4db5-bbfd-ad32d56f475e  rev 1  — 20% shorter than its text implies
      0.8  target1         1200ms  "are you going to help"
           00a789d4-5fba-41e4-848e-d48e8d75f57c  rev 1  — 20% shorter than its text implies
      0.8  target2         1944ms  "I don't want to start speaking now"
           8dc25b7d-a1bb-496d-9f82-d64356ce7bfa  rev 1  — 20% shorter than its text implies
    0.801  target1         2232ms  "do you speak English with someone else?"
           e79dc399-5f3b-4b57-8933-7d0bcd35ef52  rev 1  — 20% shorter than its text implies
    0.801  target2         2232ms  "have you been learning English tomorrow"
           b8e0893d-0e93-4c74-af15-23efb1b926de  rev 1  — 20% shorter than its text implies
    0.801  target2         2232ms  "I was starting to feel better yesterday"
           123d975c-6978-41c1-8064-7e940342ccd1  rev 1  — 20% shorter than its text implies
    0.801  target1         2232ms  "I don't need to know what the answer is"
           9747e5bd-acf6-4802-9b4f-0fe213835c2c  rev 1  — 20% shorter than its text implies
    0.802  target1         2808ms  "And I want you to speak English with me tomorrow."
           0cf47421-3639-4972-9239-7d9b64507455  rev 1  — 20% shorter than its text implies
    0.802  target2         1776ms  "I want to speak something today"
           00213f08-bfb1-40e3-9552-f27b31a8ed7c  rev 1  — 20% shorter than its text implies
    0.802  target2         1776ms  "and I'll speak English tomorrow"
           c04cf2fe-905a-4d2e-b323-8b4d4c15a169  rev 1  — 20% shorter than its text implies
    0.802  target1         2520ms  "I want to start speaking as soon as possible"
           3c83c97a-8214-4f88-a036-e0fee1441d79  rev 1  — 20% shorter than its text implies
    0.802  target1         1776ms  "I'm trying to speak much better"
           5d76638a-26cb-4614-8f78-03c681b8614d  rev 1  — 20% shorter than its text implies
    0.802  target1         1776ms  "I'm a little tired this morning"
           c85d3586-227a-4c7b-b5ae-b4155afc2ce1  rev 1  — 20% shorter than its text implies
    0.802  target2         1776ms  "I don't care what the answer is"
           07f87606-1d07-461e-9606-f8396140f62c  rev 1  — 20% shorter than its text implies
    0.803  target2         2064ms  "But I'm a little tired this morning."
           0905d1cc-1332-49b6-8146-34328913b577  rev 1  — 20% shorter than its text implies
    0.803  target1         1032ms  "i've been learning"
           57e94e55-17f5-468b-8aaa-c9d0ee555707  rev 1  — 20% shorter than its text implies
    0.803  target1         2064ms  "I'm trying to learn English with you"
           d14b6fe3-932e-413e-9ebd-78235a11ba63  rev 1  — 20% shorter than its text implies
    0.803  target1         2352ms  "I want to speak English with someone else"
           dbc85bde-e636-4fac-8bab-5a97a1029ff8  rev 1  — 20% shorter than its text implies
    0.803  target2         2064ms  "I don't want to stop talking tonight"
           2c1d4e5e-9ccd-4005-a98c-61da3f5a6745  rev 1  — 20% shorter than its text implies
    0.804  presentation    1896ms  "ఇంగ్లీష్ — 'పట్టించుకోను' — '' —:"
           f25a26eb-6bba-4226-8041-37cf152b8181  rev 1  — 20% shorter than its text implies
    0.804  target2         1896ms  "if I can remember something today"
           a0a9895a-dbbe-4a4e-9de6-5a3501cc2794  rev 1  — 20% shorter than its text implies
    0.804  target2         1608ms  "I'll speak with someone else"
           aafa824d-ce85-4803-b49b-c8d582d64164  rev 1  — 20% shorter than its text implies
    0.804  target2         1896ms  "I'm not sure how to say something"
           fa1fe0bd-a579-4e11-a90f-5fbab4186bd5  rev 1  — 20% shorter than its text implies
    0.804  target2         1896ms  "I wouldn't like to guess tomorrow"
           665a2544-c845-45e7-b321-89a101e49b57  rev 1  — 20% shorter than its text implies
    0.804  target1         1608ms  "I don't want to stop talking"
           00e9d4b4-4964-4276-8dff-71085822fb4d  rev 1  — 20% shorter than its text implies
    0.804  target1         1608ms  "we want to meet this evening"
           ea27d2f8-13b7-4caa-bf7c-ff79ff19e748  rev 1  — 20% shorter than its text implies
    0.804  target2         1896ms  "I don't want to stop talking here"
           e7ab8050-f50d-46dd-b01b-3aa7618e8b44  rev 1  — 20% shorter than its text implies
    0.804  target1         1608ms  "I've been learning very well"
           1bbda72c-8fd8-41b5-8071-842f5325bdda  rev 1  — 20% shorter than its text implies
    0.804  target2         2928ms  "I've been learning this afternoon for almost a week"
           8aea4ccd-e52f-432e-938d-975760b9efc2  rev 1  — 20% shorter than its text implies
    0.804  target1         3216ms  "I've been learning English much better for almost a w
           ca66755d-714a-4439-b0ab-ba1dccf16fce  rev 1  — 20% shorter than its text implies
    0.804  target1         1896ms  "I'm a little tired this afternoon"
           491672cf-f147-441d-b0e6-b70d881a4a11  rev 1  — 20% shorter than its text implies
    0.804  target1         1608ms  "I'm not trying to finish now"
           301a6421-9908-429f-a2f3-b25f5810e039  rev 1  — 20% shorter than its text implies
    0.804  target2         1896ms  "but if you understand what I mean"
           333a9a67-7f43-4177-ac90-81b9df40db85  rev 1  — 20% shorter than its text implies
    0.805  target2         2184ms  "I wasn't thinking about how to answer."
           a5595eb4-fec6-4cf7-98e0-13d9e5019006  rev 1  — 20% shorter than its text implies
    0.805  presentation    2184ms  "ఇంగ్లీష్ — 'నేర్చుకుంటున్నావు' — '' —:"
           893888a5-edb6-4428-9a05-41a23b3bd580  rev 1  — 20% shorter than its text implies
    0.805  target2         2184ms  "I want to speak something with you now"
           45f0f35a-93af-457c-834b-1cb8386593a3  rev 1  — 20% shorter than its text implies
    0.805  target1         2184ms  "I'm going to practise speaking English"
           c5053bd3-ec4a-46d9-9836-bf330095f321  rev 1  — 20% shorter than its text implies
    0.805  target1         2472ms  "I'm going to try to explain something today"
           85ae1cc1-42ae-4c8b-b911-6f00fdb53e5a  rev 1  — 20% shorter than its text implies
    0.805  target1         2184ms  "I want to speak a little English today"
           201d8b2f-edaf-4c2d-bc1f-825cc8cce7b6  rev 1  — 20% shorter than its text implies
    0.805  target2         2472ms  "I'm not sure if she wants to find out today"
           3e6d7bd5-8870-461d-88e9-b3aa44db576c  rev 1  — 20% shorter than its text implies
    0.805  target1         2472ms  "I'm not sure if she wants to find out today"
           b564ace5-5982-4777-b5b0-888ab40d9faf  rev 1  — 20% shorter than its text implies
    0.805  target1         2184ms  "I don't want to speak a lot more today"
           25209815-c383-40f5-8292-74df43c988e7  rev 1  — 20% shorter than its text implies
    0.805  target2         2184ms  "I'm going to start speaking a lot more"
           8d803636-f406-48b2-a3d5-92ceca086a1f  rev 1  — 20% shorter than its text implies
    0.805  target1         2760ms  "I don't want to stop talking before I have to go"
           a9f9fba5-658f-4c45-94fd-64167a18a3a4  rev 1  — 19% shorter than its text implies
    0.805  target2         2472ms  "I'm looking forward to speaking much better"
           aec3c30e-3f23-46f7-9389-325c277cbb4f  rev 1  — 20% shorter than its text implies
    0.805  target2         2472ms  "I don't want to stop talking this afternoon"
           b34e7b41-5dd2-46d8-a583-4b352f388904  rev 1  — 20% shorter than its text implies
    0.805  target1         2184ms  "I'm not sure whether I need to improve"
           77b6855c-0dab-401b-9f25-368c05915e24  rev 1  — 20% shorter than its text implies
    0.805  target2         3624ms  "I think that it's a good thing to meet people who spe
           933aedbb-a8d3-4955-8201-83f4d94d8517  rev 1  — 19% shorter than its text implies
    0.806  presentation    1728ms  "ఇంగ్లీష్ — 'ప్రస్తుతం' — '' —:"
           d38ff644-f934-4b07-880b-8f43c4ea8c21  rev 1  — 19% shorter than its text implies
    0.806  target1         2016ms  "I want to speak with you in English"
           90a956a4-303b-445c-9d05-cb9f532216c1  rev 1  — 19% shorter than its text implies
    0.806  target1         2880ms  "I want to speak with someone else after you finish"
           1008d67d-6fe2-424e-9b05-4cf534ad500d  rev 1  — 19% shorter than its text implies
    0.806  target1         1440ms  "and do you speak with me?"
           0a4ea80c-a2c4-4295-abf3-3b230e754ca1  rev 1  — 19% shorter than its text implies
    0.806  target1         1728ms  "she wants to find out tomorrow"
           f9ab523a-7a07-4b2c-8e84-f68fabdfdeb7  rev 1  — 19% shorter than its text implies
    0.806  target2         1440ms  "are you learning English?"
           21afb729-403b-4d26-971b-b146d0f116d4  rev 1  — 19% shorter than its text implies
    0.806  target1         2304ms  "it's useful for you to practise speaking"
           7d02e9ab-6cad-42e8-bfd3-38d363a83301  rev 1  — 19% shorter than its text implies
    0.806  target2         2016ms  "how long are you learning her name?"
           2da062ba-1b90-4191-981d-eb5f79546133  rev 1  — 19% shorter than its text implies
    0.806  target2         2304ms  "I wanted to ask you something last month"
           418f9f25-93a9-4974-b4cd-8a7fc2c3bd2c  rev 1  — 19% shorter than its text implies
    0.806  target1         2016ms  "do you speak English at the moment?"
           2124914d-aff5-431f-808c-f6dbe78bdc57  rev 1  — 19% shorter than its text implies
    0.806  target2         2304ms  "wasn't thinking about how to answer here"
           6742ac3d-33eb-431f-ae40-e146ccd4ef53  rev 1  — 19% shorter than its text implies
    0.806  target1         2592ms  "you speak English much better than last night"
           f2432133-25ce-46df-8311-ae5c2eed3e00  rev 1  — 19% shorter than its text implies
    0.806  target1         2304ms  "I started to think about making mistakes"
           6ce0ff0e-0e14-4ca7-95ec-efb275080929  rev 1  — 19% shorter than its text implies
    0.808  target2         1848ms  "I want to speak English with you"
           88f3296a-d004-4ebc-824d-a1588a0e0460  rev 1  — 19% shorter than its text implies
    0.808  target1         2712ms  "if I can remember the whole sentence in English"
           be8d80d8-8a12-420d-b243-c7440c263f4f  rev 1  — 19% shorter than its text implies
    0.808  target2         2424ms  "I'm not sure how to say the whole sentence"
           e9b04dd8-9c0f-49c1-ac8d-94a633815951  rev 1  — 19% shorter than its text implies
    0.808  target1         2136ms  "I'm not sure what the answer is today"
           38bd1a62-718e-4f0d-84ba-b0e3908fb33d  rev 1  — 19% shorter than its text implies
    0.808  target2         2424ms  "I want to meet at six o'clock this evening"
           d03790f8-02f9-487d-9f20-845c97d31f90  rev 1  — 19% shorter than its text implies
    0.808  target2         1848ms  "I like speaking a little English"
           00a4d361-2cde-42c7-9e17-432056948e46  rev 1  — 19% shorter than its text implies
    0.808  target1         1848ms  "I like speaking a little English"
           15626258-86f3-4a54-b4b6-5286a6ebae77  rev 1  — 19% shorter than its text implies
    0.808  target2         2712ms  "I'm going to start speaking before I have to go"
           910e7c55-dc11-4482-b3d2-7cdda2667093  rev 1  — 19% shorter than its text implies
    0.808  target1         1848ms  "I like to start speaking English"
           b3ef8506-3f4b-4e0f-ad1b-11eaaaf430e7  rev 1  — 19% shorter than its text implies
    0.808  target1         2136ms  "you wanted to speak English yesterday"
           5ba6226a-7b40-4516-b2ac-88a8238b29dd  rev 1  — 19% shorter than its text implies
    0.808  target1         2136ms  "I wanted to speak about it last month"
           63e998fb-0152-4f83-b246-cb4bce45a811  rev 1  — 19% shorter than its text implies
    0.808  target2         1848ms  "I wasn't thinking this afternoon"
           72ddc174-b16c-4663-a77a-a6b59e9a28f5  rev 1  — 19% shorter than its text implies
    0.808  target2         2136ms  "I like speaking English at the moment"
           b4b2404e-8cec-462c-9f91-6e8fdd074350  rev 1  — 19% shorter than its text implies
    0.808  target1         1848ms  "it'll be like this at the moment"
           dd6559ee-0a46-4a43-baa0-8b80ffd386fe  rev 1  — 19% shorter than its text implies
    0.808  target1         1848ms  "because I'm not trying to finish"
           4984960b-b646-46d1-9539-d937a1386858  rev 1  — 19% shorter than its text implies
    0.809  target2         2832ms  "And I want you to speak English with me tomorrow."
           546a57f9-cb22-43b7-aa75-e20a3965826a  rev 1  — 19% shorter than its text implies
    0.809  target2         2544ms  "I want to speak in English with someone else"
           7ee384a3-3551-4246-892c-285133993398  rev 1  — 19% shorter than its text implies
    0.809  target2         1560ms  "I'll speak a little English"
           8e1bb55c-c70c-41ea-9151-30b56b193b4d  rev 1  — 19% shorter than its text implies
    0.809  target2         2832ms  "I'm going to practise speaking the whole sentence"
           b039ef36-a722-4561-8d75-7fe0a036e0cd  rev 1  — 19% shorter than its text implies
    0.809  target2         2832ms  "she wants to find out what the answer is tomorrow"
           271450a5-dbef-4477-bf07-3da5b1730fad  rev 1  — 19% shorter than its text implies
    0.809  target2         2544ms  "but I don't want to speak with everyone else"
           566851ab-0691-45ff-9eee-9a79b169f2e3  rev 1  — 19% shorter than its text implies
    0.809  target1         2832ms  "she wants to find out what the answer is later on"
           f173f8b2-d0ea-474e-909d-0e3dca983312  rev 1  — 19% shorter than its text implies
    0.809  target1         1560ms  "I want to meet this evening"
           f30b3d73-9d2b-408f-b245-18c082f29853  rev 1  — 19% shorter than its text implies
    0.809  target1         1272ms  "I want to meet tonight"
           b1a0c690-00b3-46ea-aebf-653ab5e7151d  rev 1  — 19% shorter than its text implies
    0.809  target2         2544ms  "doesn't want to read anything this afternoon"
           a71ad1cf-4687-450f-ac20-d3b9402c7326  rev 1  — 19% shorter than its text implies
    0.809  target1         1272ms  "I don't worry about it"
           118feb81-5422-4e43-bff4-26c0e5d867ab  rev 1  — 19% shorter than its text implies
     0.81  target1         2952ms  "I'm going to practise speaking as often as possible"
           d949a8a3-b2af-4414-b9a9-8015cff20cf6  rev 1  — 19% shorter than its text implies
     0.81  target1         1968ms  "I'm going to try to speak a little"
           f32223b9-dfca-4087-b9e2-9ae1887b81c5  rev 1  — 19% shorter than its text implies
     0.81  target2         2256ms  "I'm going to practise speaking tomorrow"
           d12380ad-8287-4fc1-a63c-bb9bff636f11  rev 1  — 19% shorter than its text implies
     0.81  target1         2256ms  "I'm going to practise speaking later on"
           41f129cf-eecd-47d0-a44a-a878c344c67d  rev 1  — 19% shorter than its text implies
     0.81  target1         1968ms  "but we want to meet at six o'clock"
           cc7f8913-20f3-4c07-9305-45085b941e0b  rev 1  — 19% shorter than its text implies
     0.81  target2         2952ms  "I'm going to start speaking with everyone else soon"
           b6e6c308-8dbf-44eb-975c-f84343a27bb9  rev 1  — 19% shorter than its text implies
     0.81  target1         3240ms  "I'm looking forward to speaking English much better s
           88bb1a4c-2e31-4d12-9398-529f7137e492  rev 1  — 19% shorter than its text implies
     0.81  target2         2256ms  "have you been learning English all day?"
           709e8e58-a95c-4a95-ae4c-78c99aba981a  rev 1  — 19% shorter than its text implies
     0.81  target2         1968ms  "doesn't want to read anything here"
           04b26ace-ee74-46e1-bfc5-bead824f46cb  rev 1  — 19% shorter than its text implies
     0.81  target2         2256ms  "I'm starting to feel tired this evening"
           468d47ee-cf38-48a3-9fed-a6b5b225a5f8  rev 1  — 19% shorter than its text implies
    0.811  target1         1680ms  "if you understand what I mean"
           79c9dc82-4758-427b-990f-23402648e842  rev 1  — 19% shorter than its text implies
    0.811  target1         1680ms  "do you speak English with me?"
           28056a8e-088c-4870-8b2e-970b6234e9a0  rev 1  — 19% shorter than its text implies
    0.811  target2         2664ms  "I'm not sure if she wants to find out his name"
           896ca22f-c4a1-41db-9ecd-144c4c486b3c  rev 1  — 19% shorter than its text implies
    0.811  target1         2376ms  "she wants to find out as soon as possible"
           686acc06-c7ed-4df1-bda5-571163fc6a12  rev 1  — 19% shorter than its text implies
    0.812  target1         2088ms  "I'm going to practise speaking today"
           b3d2d1ad-e580-448c-91b6-ca7be6550694  rev 1  — 19% shorter than its text implies
    0.812  target1         2088ms  "I'm trying to learn after you finish"
           0c031a42-7484-4842-a869-df506c1b2e94  rev 1  — 19% shorter than its text implies
    0.812  target1         2088ms  "I want to speak English this evening"
           7833b78a-5e72-4bb3-b4ca-16ef98ebbf6f  rev 1  — 19% shorter than its text implies
    0.812  target2         2784ms  "I don't want to stop talking before I have to go"
           0c8d835f-22f7-46e2-ac53-54a1907a7def  rev 1  — 19% shorter than its text implies
    0.812  target1         1392ms  "I like speaking with you"
           7d06accb-ecf9-40af-b7fc-b62dde7781bb  rev 1  — 19% shorter than its text implies
    0.812  target1         2088ms  "feeling as if I'm nearly ready to go"
           c0971347-e5a2-40ca-b449-d4fb5e517e94  rev 1  — 19% shorter than its text implies
    0.812  target1         2088ms  "I don't want to stop talking tonight"
           2686326d-7835-4643-a6cd-bc2a362ca060  rev 1  — 19% shorter than its text implies
    0.812  target2         1392ms  "did you want to show me?"
           b39af29a-8be1-4006-bc8a-8ba4e5484b45  rev 1  — 19% shorter than its text implies
    0.812  target1         2088ms  "she wants to find out this afternoon"
           4fcfa476-997c-4e61-96b2-bcafb8fdee6f  rev 1  — 19% shorter than its text implies
    0.812  target2         3768ms  "I've been learning English all day and I'm starting t
           d5ce1f29-e924-4f44-b137-76cd42d9674a  rev 1  — 19% shorter than its text implies
    0.813  target2         2208ms  "I want to speak English with you often"
           37c8e1d9-400b-4d25-bcf8-7a4c71875970  rev 1  — 19% shorter than its text implies
    0.813  target1         2208ms  "I want to speak something with you now"
           e409566f-0827-4c22-bf7e-208dc86eb90e  rev 1  — 19% shorter than its text implies
    0.813  target1         1800ms  "I want to speak something today"
           7898c7d0-4118-4bb5-867d-081a90355e2c  rev 1  — 19% shorter than its text implies
    0.813  target1         2904ms  "I want to try to say the whole sentence in English"
           06f78e74-3d51-4f62-afd7-9738ad9fdd90  rev 1  — 19% shorter than its text implies
    0.813  target1         1800ms  "do you speak English very well?"
           aba1a99a-338e-47fb-a727-84d5ed4eac7e  rev 1  — 19% shorter than its text implies
    0.813  target2         3312ms  "I'd like to be able to speak English as often as poss
           ee132a8f-5a56-43c0-9d28-d7ac91a80816  rev 1  — 19% shorter than its text implies
    0.813  target1         2208ms  "she wants to find out after you finish"
           4094d006-71aa-4cce-ab65-9bd3b4f7715a  rev 1  — 19% shorter than its text implies
    0.813  target1         3312ms  "she wants to find out what the answer is after you fi
           fa25eead-a70e-45b3-9a46-fd0f9b8a0f01  rev 1  — 19% shorter than its text implies
    0.813  target2         1800ms  "are you learning English today?"
           68102a78-41a7-443e-b3b9-709109cc7eef  rev 1  — 19% shorter than its text implies
    0.813  target2         2904ms  "but I can't remember how to say the whole sentence"
           bbaa446b-a996-430d-a45c-5dd7cd632926  rev 1  — 19% shorter than its text implies
    0.813  target1         2208ms  "I'm going to start speaking a lot more"
           e996470d-d8d5-4e71-a265-2a452c6962fb  rev 1  — 19% shorter than its text implies
    0.813  target1         1800ms  "but he doesn't want to be quiet"
           2431ccf0-2f21-4cfe-be72-d286a83b0725  rev 1  — 19% shorter than its text implies
    0.813  target1         1800ms  "do you speak English carefully?"
           e866373f-0f12-4665-abe6-8f0707c03614  rev 1  — 19% shorter than its text implies
    0.813  target2         2208ms  "I'm not sure whether I need to improve"
           03a97b1a-8da6-4e81-94a7-bb24e37e4b4a  rev 1  — 19% shorter than its text implies
    0.813  target2         2496ms  "I don't want to think about making mistakes"
           c4c17fa6-0986-4e34-a967-4f02421d5c9d  rev 1  — 19% shorter than its text implies
    0.814  presentation    1512ms  "ఇంగ్లీష్ — 'అన్నీ' — '' —:"
           d8cf33de-b1df-458e-83f2-2129ae6ab886  rev 1  — 19% shorter than its text implies
    0.814  target1         3024ms  "I like to start speaking English as soon as possible"
           30185774-ad96-40d0-b721-e755e655978d  rev 1  — 19% shorter than its text implies
    0.815  target2         3552ms  "I'm trying to learn how to say something as often as 
           41845644-cb84-49c2-922c-921cee3ce6f7  rev 1  — 18% shorter than its text implies
    0.815  target1         2328ms  "I'm trying to remember a word in English"
           80694662-57e3-4ce4-838d-ad40edbda9a5  rev 1  — 19% shorter than its text implies
    0.815  target2         2328ms  "I wouldn't like to guess something today"
           8d8e6456-4437-47c6-aad8-b5908b472515  rev 1  — 19% shorter than its text implies
    0.815  target1         2328ms  "I'm going to practise speaking very well"
           a0a1adb0-96f9-4cc7-87dd-80b98e9cf220  rev 1  — 19% shorter than its text implies
    0.815  target1         2328ms  "I'd like to be able to speak much better"
           0691852e-9f81-45ec-9b08-60eabcfa6334  rev 1  — 19% shorter than its text implies
    0.815  target1         2736ms  "I want to start speaking English this afternoon"
           b1580ae1-baac-4b5d-a320-352d9399b456  rev 1  — 19% shorter than its text implies
    0.816  target1         1632ms  "I'm trying to learn with you"
           b272615a-bade-4776-9366-ab44add7948d  rev 1  — 18% shorter than its text implies
    0.816  target1         1224ms  "how to speak with you"
           d796834a-97ac-4574-92d0-f47deaede787  rev 1  — 18% shorter than its text implies
    0.816  target2         1632ms  "I'll speak with you later on"
           00ecf5e7-fe84-4aae-a823-a612fc24ea07  rev 1  — 18% shorter than its text implies
    0.816  target1         2040ms  "I don't like to answer this evening"
           427a08f0-7372-427b-9da2-935ad8c0ac29  rev 1  — 18% shorter than its text implies
    0.816  target2         3264ms  "I'm looking forward to speaking English much better s
           537000c1-01c7-4691-bd29-26bbe69c1675  rev 1  — 18% shorter than its text implies
    0.816  target2         1632ms  "I don't want to meet you now"
           2c5267ed-756b-4837-b492-6d7ff3c1a7fb  rev 1  — 18% shorter than its text implies
    0.816  target2         2040ms  "how long are you learning his name?"
           cbc25330-24a2-48db-9c8e-9b927162b07d  rev 1  — 18% shorter than its text implies
    0.816  target2         3264ms  "I've been learning English much better for almost a w
           2d8bdf64-09ce-4e0f-92ae-c8f02ead357b  rev 1  — 18% shorter than its text implies
    0.816  target2         2040ms  "she wants to find out at the moment"
           0bc52cd0-3f3d-41c5-8195-162ee5ba6071  rev 1  — 18% shorter than its text implies
    0.816  target2         3264ms  "I'm starting to feel tired and I don't want to speak 
           c412c097-988c-4ac0-b6ad-db369f10600e  rev 1  — 18% shorter than its text implies
    0.816  target1         2040ms  "wasn't thinking about how to answer"
           e0ef5606-dbe9-4355-ab3c-df9b9972bc99  rev 1  — 18% shorter than its text implies
    0.816  target2         1632ms  "I'm not trying to finish now"
           ac913d24-e24d-4ee6-b1b4-408a73ac0b0a  rev 1  — 18% shorter than its text implies
    0.817  target1         2568ms  "I want to speak in English with someone else"
           43affe10-6559-43c9-b429-deba3942202e  rev 1  — 18% shorter than its text implies
    0.817  target2         2568ms  "I'm not sure how to say something in English"
           ff9c8281-0385-4a04-bdfd-c569f04f5023  rev 1  — 18% shorter than its text implies
    0.817  target1         2568ms  "I'd like to be able to speak English all day"
           f8e013c1-043f-4dca-8061-6b8288eb607e  rev 1  — 18% shorter than its text implies
    0.817  target2         2160ms  "I'm not sure if he wants to come back"
           37151f62-712f-4012-8623-5468fbc6d3f7  rev 1  — 18% shorter than its text implies
    0.817  target2         2568ms  "but she wants to find out what the answer is"
           6115e07f-c8ca-4c98-8d4f-aa0b3b7e0be9  rev 1  — 18% shorter than its text implies
    0.817  target2         2160ms  "we want to speak English this evening"
           a3cc0e6b-0d46-44f8-8db5-b45bca023210  rev 1  — 18% shorter than its text implies
    0.817  target1         2568ms  "doesn't want to read anything this afternoon"
           41911dd5-0784-4b12-9b0a-89170969eeea  rev 1  — 18% shorter than its text implies
    0.817  target2         2568ms  "I was starting to feel better this afternoon"
           32da6abd-42b6-4ad1-8c8f-bc9017253f93  rev 1  — 18% shorter than its text implies
    0.817  target1         2160ms  "I like speaking English at the moment"
           987aeb70-6519-4bc4-afcb-08e3264c9703  rev 1  — 18% shorter than its text implies
    0.817  target1         2976ms  "I'm starting to feel tired but I want to learn more"
           b119eb66-a19c-447c-8efc-3621cfe9a43d  rev 1  — 18% shorter than its text implies
    0.817  target1         2160ms  "I think that it's a good thing to try"
           4efeb676-c867-4179-b3a6-eca965e7ae8c  rev 1  — 18% shorter than its text implies
    0.817  target1         2160ms  "are you learning English or her name?"
           5b1f6eb2-1a9d-4e1b-93d6-3872e697b908  rev 1  — 18% shorter than its text implies
    0.818  target1         1752ms  "I'm trying to learn how to say"
           78268c57-dfb9-42a7-bde0-01764f49a087  rev 1  — 18% shorter than its text implies
    0.818  target1         2688ms  "I want to speak something as often as possible"
           ffec8f94-c0f6-4bdb-872e-5b25ff240d40  rev 1  — 18% shorter than its text implies
    0.818  target1         2688ms  "I'm trying to learn how to say what I mean now"
           2bcc958b-b7af-49a8-9cd0-b0129bca0698  rev 1  — 18% shorter than its text implies
    0.818  target1         1752ms  "I want to learn a little today"
           50c2c98b-5135-4182-ae0e-d8ebf6ee73e1  rev 1  — 18% shorter than its text implies
    0.818  target1         2280ms  "we want to meet with you at six o'clock"
           5c015a9a-df42-463b-8f28-7195bcf6d97a  rev 1  — 18% shorter than its text implies
    0.818  target1         3096ms  "I don't like taking too much time before I have to go
           efa7b2ab-4a42-4b6c-b476-68153c8dc938  rev 1  — 18% shorter than its text implies
    0.818  target2         1752ms  "but I wasn't thinking about it"
           ed4267dc-df4e-4244-8d87-23c83a213894  rev 1  — 18% shorter than its text implies
    0.819  target1         2808ms  "It's useful to start talking as soon as you can."
           8fd1ba45-5e8b-4012-b304-ad36e3041776  rev 1  — 18% shorter than its text implies
    0.819  target1         1872ms  "I want to try with everyone else"
           83f21687-9776-41c3-8356-d100de5f024c  rev 1  — 18% shorter than its text implies
    0.819  target1         2808ms  "don't want to interrupt the story this afternoon"
           567f89ad-0588-49f2-ad15-734d9fe4d5ae  rev 1  — 18% shorter than its text implies
    0.819  target1          936ms  "how do you feel?"
           f24e5257-c6dc-46db-831d-ded89c4ab9f1  rev 1  — 18% shorter than its text implies
    0.819  target1         1872ms  "she wants to find out everything"
           723e86ab-ada6-4e66-b83c-cb66f219aeee  rev 1  — 18% shorter than its text implies
     0.82  presentation    2400ms  "ఇంగ్లీష్ — 'మొదలుపెట్టబోతున్నాను' — '' —:"
           a7478667-9898-4611-b4e0-2c1ef01c66d7  rev 1  — 18% shorter than its text implies
     0.82  target1         1992ms  "I'm trying to learn a little today"
           dad02e48-56a3-4a78-b44b-04c44c9ce040  rev 1  — 18% shorter than its text implies
     0.82  target2         2520ms  "he wants to come back and practise speaking"
           f3fd5fff-84b5-49db-b2f0-52e8371e8de6  rev 1  — 18% shorter than its text implies
     0.82  target2         2520ms  "do you speak with people who speak English?"
           01abeebb-f9aa-4783-be28-582a8afe47b4  rev 1  — 18% shorter than its text implies
     0.82  target1         1464ms  "you want to learn quickly"
           1b5954ac-f29e-4cc9-8886-0c7e8b9cbdbe  rev 1  — 18% shorter than its text implies
     0.82  target2         2520ms  "I want to start speaking with you yesterday"
           9fa729bd-3e96-485c-bb40-fec5abcb494a  rev 1  — 18% shorter than its text implies
     0.82  target2         2400ms  "I've been learning here for almost a week"
           e598be12-b0e1-4a81-bc62-81adbcfdd1cc  rev 1  — 18% shorter than its text implies
     0.82  target1         2520ms  "I don't want to interrupt the story tonight"
           eba84fb4-9271-4afa-bb3a-61739789b7d4  rev 1  — 18% shorter than its text implies
     0.82  target2         1992ms  "I feel much better than last night"
           0a1335c6-0680-46af-9967-6ac1da1a2a72  rev 1  — 18% shorter than its text implies
    0.821  target2         2112ms  "I'm trying to learn English with you"
           163d0189-9c4b-4cbc-8ee7-f36f6658afe7  rev 1  — 18% shorter than its text implies
    0.821  target2         2112ms  "I want to learn how to say something"
           370cbea5-2cc6-4d9e-8c3b-12320721bb2d  rev 1  — 18% shorter than its text implies
    0.821  target1         2112ms  "I want to speak something in English"
           38e5940b-54b9-4d4c-b0c2-07ebffb17b09  rev 1  — 18% shorter than its text implies
    0.821  target2         2112ms  "I'll speak with you all day tomorrow"
           3d3f802d-eef8-491e-9d19-fdffdb8069ea  rev 1  — 18% shorter than its text implies
    0.821  target1         1584ms  "do you speak English today?"
           7f988a61-f944-4f52-a46e-1df91bef6f98  rev 1  — 18% shorter than its text implies
    0.821  target2         2640ms  "I don't want to stop talking after you finish"
           a5e19a97-627a-444f-9459-4ce6813a3f76  rev 1  — 18% shorter than its text implies
    0.821  target1         3048ms  "I want to meet people who speak English this evening"
           369c2049-939a-4758-b1bf-8aa641d5cc87  rev 1  — 18% shorter than its text implies
    0.821  target2         1584ms  "I'm going to start speaking"
           2f55d24f-5c84-4258-8e12-59fe266c4800  rev 1  — 18% shorter than its text implies
    0.821  target2         1584ms  "I want to meet you tomorrow"
           aaccf727-33ec-4a9c-9cc9-d59944da8daf  rev 1  — 18% shorter than its text implies
    0.822  target1         2232ms  "do you speak English all day tomorrow?"
           84b24053-6e69-4a13-afc5-20845f1e508f  rev 1  — 18% shorter than its text implies
    0.822  target2         2232ms  "we want to speak with you this evening"
           6c3fa4e1-2b8f-4b84-8709-88e24d351864  rev 1  — 18% shorter than its text implies
    0.822  target1         2232ms  "you wanted to speak with me last month"
           02bc147e-50d2-4d32-924c-55473ac70256  rev 1  — 18% shorter than its text implies
    0.822  target1         2232ms  "don't want to interrupt the story here"
           1fbbf665-9ac7-4bb2-bec3-dd47298d6a1f  rev 1  — 18% shorter than its text implies
    0.823  target2         2352ms  "I wanted to ask you something yesterday."
           79601c09-94c7-4398-98f5-660d5fc09831  rev 1  — 18% shorter than its text implies
    0.823  target2         2880ms  "I'm going to practise speaking with everyone else"
           38978509-acd3-4610-8ba5-6173cb1e6fea  rev 1  — 18% shorter than its text implies
    0.823  target1         2352ms  "but I like feeling as if I'm ready to go"
           2e189a65-6579-4e0a-8741-ca5bd8802e5d  rev 1  — 18% shorter than its text implies
    0.823  target1         2352ms  "I'm going to start speaking English soon"
           743c880f-6064-42cb-8c75-d60941374004  rev 1  — 18% shorter than its text implies
    0.823  target1         2352ms  "I don't like speaking with everyone else"
           430e8976-de5d-434c-a74d-e6ca4d3c5005  rev 1  — 18% shorter than its text implies
    0.823  target2         1704ms  "I wanted to ask you something"
           6e003540-154a-4bf6-a31a-334cca96ec69  rev 1  — 18% shorter than its text implies
    0.823  target1         2352ms  "I wanted to meet you before I have to go"
           6fa04ec9-93f7-46b4-b93a-30736adbf379  rev 1  — 18% shorter than its text implies
    0.823  target1         1176ms  "wasn't thinking here"
           d18de71e-7882-4de1-9a18-77bc9d7ac2ba  rev 1  — 18% shorter than its text implies
    0.823  target2         1704ms  "I don't need to know his name"
           13397a47-9a2e-4de0-917b-fd29f570e8f0  rev 1  — 18% shorter than its text implies
    0.823  target1         1704ms  "I don't want to make mistakes"
           3de9199d-d7e9-41af-bed1-8a264f6c9559  rev 1  — 18% shorter than its text implies
    0.823  target2         2352ms  "I started to think about making mistakes"
           929890ee-9e22-4cfd-9b5a-aaca20613d71  rev 1  — 18% shorter than its text implies
    0.824  target1         2472ms  "I'm trying to learn as hard as I can today"
           64af1469-a767-4fbb-818c-0e192007b92c  rev 1  — 18% shorter than its text implies
    0.824  target2         2472ms  "I'm trying to learn how to say what I mean"
           7a58b0ae-a40c-4694-b4c6-962f6cf54067  rev 1  — 18% shorter than its text implies
    0.824  target2         2472ms  "and I'd like to be able to speak very well"
           15465f7f-8da9-49cd-9987-421a0bac4921  rev 1  — 18% shorter than its text implies
    0.824  target2         1824ms  "I want to speak English quickly"
           03ae5a79-c22d-4f6e-bf30-4083ccd8034e  rev 1  — 18% shorter than its text implies
    0.824  target1         1824ms  "I nearly want to start speaking"
           0c94c816-2c71-4901-b56d-6dbeda9fa6eb  rev 1  — 18% shorter than its text implies
    0.824  target1         2472ms  "I nearly want to speak before I have to go"
           97f018b3-4cef-40c8-b773-ae4a5a41c610  rev 1  — 18% shorter than its text implies
    0.824  target1         2472ms  "it's useful for you to start speaking soon"
           2f2c4000-f4ce-4f32-9808-c4e9107a7117  rev 1  — 18% shorter than its text implies
    0.824  target2         1824ms  "I started to think this morning"
           5d278c34-754c-479f-bfe0-a7737f426d92  rev 1  — 18% shorter than its text implies
    0.824  target1         1824ms  "but I don't worry at the moment"
           4016b36b-7cba-4a76-a46b-6911c62d1e93  rev 1  — 18% shorter than its text implies
    0.824  target1         1824ms  "I don't want to know everything"
           8ff98eef-68f6-4529-a98d-0a0020a7c281  rev 1  — 18% shorter than its text implies
    0.824  target2         1824ms  "I don't want to know everything"
           f766c716-b4f5-4bcc-b2af-11a4ac2bd0ab  rev 1  — 18% shorter than its text implies
    0.825  target2         1944ms  "But I don't want to stop talking."
           28b0f98c-ca37-4207-bae3-a763d8b1df4c  rev 1  — 18% shorter than its text implies
    0.825  target1         2592ms  "I like feeling as if I'm nearly ready to go."
           7565dfe0-c9a4-48a2-93f4-b5ecc41097fb  rev 1  — 18% shorter than its text implies
    0.825  target1         2592ms  "I don't like taking too much time to answer."
           9a3df0ae-70d8-49c1-8e4e-c62d88918183  rev 1  — 18% shorter than its text implies
    0.825  target2         2712ms  "I'd like to be able to speak after you finish."
           dc1b29ed-967a-4be0-967f-f8811f0d5b31  rev 1  — 17% shorter than its text implies
    0.825  target1         1944ms  "why do you speak English quickly?"
           c45a1f0e-b795-4220-8bad-4f99b4144ba3  rev 1  — 18% shorter than its text implies
    0.825  target1         2712ms  "I want to learn a lot more before I have to go"
           af9c248e-f5c5-4749-bd87-c5fdb5f2fe26  rev 1  — 17% shorter than its text implies
    0.825  target1         1944ms  "but I was starting to feel better"
           92463c04-0dc3-4d48-963b-373ee1d90e09  rev 1  — 18% shorter than its text implies
    0.825  target2         2712ms  "I'm a little tired but I want to speak English"
           fce2ecc4-454f-4286-841b-52ef5094f24b  rev 1  — 17% shorter than its text implies
    0.826  target1         1416ms  "i'm not trying to finish"
           1be7a7f6-0981-4620-8c7b-864dfbfb75a3  rev 1  — 17% shorter than its text implies
    0.826  target1         2184ms  "I want to speak with someone else now"
           d09a0afe-e595-43fa-88e7-c15678e41ae2  rev 1  — 17% shorter than its text implies
    0.826  target1         1416ms  "I want to speak a little"
           21b870c4-d83c-4114-bc47-43462ac3e552  rev 1  — 17% shorter than its text implies
    0.826  target2         2184ms  "I'm not sure if she wants to find out"
           9f2719b4-1635-4d39-9a50-93250f383487  rev 1  — 17% shorter than its text implies
    0.826  target1         2184ms  "I'm not sure if she wants to find out"
           dc6a6e2b-5e74-447c-b172-a09564803367  rev 1  — 17% shorter than its text implies
    0.826  target1         1416ms  "we want to meet with you"
           7f99eeed-d978-4ab2-bfa3-6d16950c4762  rev 1  — 17% shorter than its text implies
    0.826  target1         2184ms  "we want to speak English this evening"
           d675a088-bbb5-4ba0-9828-667ce4c69ae2  rev 1  — 17% shorter than its text implies
    0.826  target1         2064ms  "you speak English much better today"
           a4f1f815-1504-48fd-a62f-a3346ef7d0f7  rev 1  — 17% shorter than its text implies
    0.826  target1         2184ms  "it's useful for you to start speaking"
           cc0dd11c-f5d1-4f3e-9d50-f55666abed9d  rev 1  — 17% shorter than its text implies
    0.826  target1         2064ms  "she wants to find out how to answer"
           dcefcc4e-827b-4b15-a38e-1675a69a077d  rev 1  — 17% shorter than its text implies
    0.826  target2         2064ms  "he doesn't want to be quiet tonight"
           4f86bea6-7746-42d4-ba7d-2d548bbbe943  rev 1  — 17% shorter than its text implies
    0.826  target2         2184ms  "you wanted to speak English yesterday"
           aeefe00c-40b5-4536-bef5-b92c30a39c4d  rev 1  — 17% shorter than its text implies
    0.826  target2         2064ms  "I wanted to ask something yesterday"
           d5d264da-49e3-4d66-92e0-f38621ad09bd  rev 1  — 17% shorter than its text implies
    0.826  target1         2064ms  "she wants to find out at the moment"
           8464ce92-2245-42d9-8950-06fb03b7d08c  rev 1  — 17% shorter than its text implies
    0.827  target2         2304ms  "he wants to come back with someone else"
           3958dddd-003c-4b65-9aec-b6a81b86c900  rev 1  — 17% shorter than its text implies
    0.827  target1         2304ms  "but I want to stop talking this evening"
           abd4820a-5037-4853-bf38-56bb12bf6995  rev 1  — 17% shorter than its text implies
    0.827  target2         2304ms  "we want to meet with you at six o'clock"
           fe9a9b36-81db-4025-ab76-a3d9c766ec22  rev 1  — 17% shorter than its text implies
    0.827  target2         2304ms  "you want to learn her name this evening"
           572f4a8b-887e-4476-a9d5-b0b00c2186e3  rev 1  — 17% shorter than its text implies
    0.827  target1         1536ms  "are you learning his name?"
           d381b531-33ad-45f8-ac06-d1a6cdb8ccd6  rev 1  — 17% shorter than its text implies
    0.827  target1         1536ms  "he wants to come back soon"
           5125d899-5687-4047-a5f8-29577294859e  rev 1  — 17% shorter than its text implies
    0.827  target2         1536ms  "I don't want to answer now"
           7d67c135-e64e-4b7a-83ce-4ab230e20ad9  rev 1  — 17% shorter than its text implies
    0.827  target2         2304ms  "it's useful for you to learn a lot more"
           8a2d730e-beb3-47ee-b931-3364673c4c02  rev 1  — 17% shorter than its text implies
    0.827  target2         2304ms  "I'm looking forward to speaking English"
           f1a03dd2-5fac-42bc-a769-a63d7e5fbb0a  rev 1  — 17% shorter than its text implies
    0.827  target1         1536ms  "do you speak English here?"
           e92c5288-c490-452f-a442-47df58c34687  rev 1  — 17% shorter than its text implies
    0.828  target2         3312ms  "I'm looking forward to speaking better as soon as I c
           43dff8f9-0835-48e2-9002-031138d35fc7  rev 1  — 17% shorter than its text implies
    0.828  target2         2424ms  "She wants to find out what the answer is."
           c0ee1708-cb75-4aee-bcd0-90cdd15bd951  rev 1  — 17% shorter than its text implies
    0.828  target1         1656ms  "i'd like to be able to speak"
           3f5b6858-7dbe-425a-8175-66c8f213b27b  rev 1  — 17% shorter than its text implies
    0.828  target2         2544ms  "I'm going to try to explain something today"
           b260d8ca-037e-4a68-bc45-00208bc28321  rev 1  — 17% shorter than its text implies
    0.828  target1         2544ms  "I want to speak with someone else very well"
           be985e80-8c22-4550-b731-1b0e082c96ff  rev 1  — 17% shorter than its text implies
    0.828  target1         2544ms  "she wants to find out his name this evening"
           39a3717f-59cb-44d6-869a-fa4615ed26c8  rev 1  — 17% shorter than its text implies
    0.828  target1         2424ms  "I like speaking English with someone else"
           406512e2-5aa5-4f8c-ab5e-58e95f030b98  rev 1  — 17% shorter than its text implies
    0.828  target2         2424ms  "she wants to find out as soon as possible"
           c49ff021-15e3-4909-b030-6584f4bdab41  rev 1  — 17% shorter than its text implies
    0.828  target2         1656ms  "I like speaking English here"
           e745b521-9abe-446c-9d12-61db66cc953a  rev 1  — 17% shorter than its text implies
    0.829  target1         1776ms  "I want to speak in English now"
           88b8aa3b-912a-4c55-8f73-341e7ef510c0  rev 1  — 17% shorter than its text implies
    0.829  target2         2784ms  "if I can remember how to say the whole sentence"
           508f096d-aaf5-4ea7-812c-3ad8f82bb90f  rev 1  — 17% shorter than its text implies
    0.829  target2         2784ms  "if I can remember the whole sentence in English"
           943525e7-9187-4f41-9eb7-25df15649ada  rev 1  — 17% shorter than its text implies
    0.829  target2         1776ms  "do you speak a little English?"
           2f57faef-1c6d-4b96-8ce7-feb3b4b3efe3  rev 1  — 17% shorter than its text implies
    0.829  target1         2784ms  "I'd like to be able to speak with everyone else"
           4910cb1c-7859-453a-818c-08ec7c3e02a5  rev 1  — 17% shorter than its text implies
    0.829  target1         2664ms  "I'm going to practise speaking at six o'clock"
           1a6dc217-f0e6-4ab0-a06d-574226994b57  rev 1  — 17% shorter than its text implies
    0.829  target1         1776ms  "you wanted to speak in English"
           77fde2a0-c2a9-4161-bafc-7efb967a8218  rev 1  — 17% shorter than its text implies
    0.829  target2         2664ms  "you speak English much better than last night"
           e391cff5-45d5-48fb-9b23-107445876276  rev 1  — 17% shorter than its text implies
    0.829  target2         1776ms  "I'm not trying to finish today"
           2777c2b2-2004-4d85-8ceb-a01d8e72cabe  rev 1  — 17% shorter than its text implies
     0.83  known           2904ms  "నువ్వు ఇప్పుడు ఎందుకు ఇంగ్లీష్ నేర్చుకుంటున్నావు?"
           f8286d57-aa1b-4a8a-a73a-46edb256d1d3  rev 1  — 17% shorter than its text implies
     0.83  target2         1896ms  "are you learning English easily?"
           b9945225-c9ac-4c5b-85a7-b6cf473021c3  rev 1  — 17% shorter than its text implies
     0.83  target2         3144ms  "I don't like taking too much time before I have to go
           24f76abe-0253-45ca-97e3-51c33afa1d6e  rev 1  — 17% shorter than its text implies
     0.83  target1         1896ms  "but I wanted to ask this morning"
           2b34d0a3-0645-43e8-b912-2d126d68248a  rev 1  — 17% shorter than its text implies
     0.83  target2         2016ms  "she wants to find out this morning"
           9bb1317b-9de8-459a-b37b-fd2dbaf9c0f9  rev 1  — 17% shorter than its text implies
     0.83  target2         1896ms  "I'm not trying to finish quickly"
           0bf183fc-8586-40d4-8c05-35b8757e8c5c  rev 1  — 17% shorter than its text implies
    0.831  target1         2256ms  "I'm going to practise speaking all day"
           c4a75f64-8ca8-4b73-afd8-856c05395c6c  rev 1  — 17% shorter than its text implies
    0.831  target1         2256ms  "he wants to come back after you finish"
           a090ec59-aff8-418d-b040-0cfa31cd552d  rev 1  — 17% shorter than its text implies
    0.831  target2         2136ms  "she wants to find out at six o'clock"
           e68a801f-6c95-4790-86e3-c13e9f2ba5f7  rev 1  — 17% shorter than its text implies
    0.831  target2         2136ms  "I want to answer as soon as possible"
           a4efb0c7-d25d-489d-8f7e-32837bebc628  rev 1  — 17% shorter than its text implies
    0.831  target1         2136ms  "I'm trying to start speaking English"
           cd935ed5-5821-4b17-894a-6435fc473871  rev 1  — 17% shorter than its text implies
    0.831  target1         2256ms  "I started to think about how to answer"
           81d4c851-32af-48b8-b944-3bba7a1e59d3  rev 1  — 17% shorter than its text implies
    0.831  target1         2256ms  "I want to meet you tonight or tomorrow"
           9e2ce985-daa9-4cc7-b60f-c26202a157ff  rev 1  — 17% shorter than its text implies
    0.832  target1         1248ms  "did you want to show?"
           b2126558-eafe-467b-bb7f-3fb19b0b8e36  rev 1  — 17% shorter than its text implies
    0.832  target2         2496ms  "I'd like to be able to speak English today"
           9b399379-7796-4512-9b5c-d435a772e60f  rev 1  — 17% shorter than its text implies
    0.832  target2         1248ms  "do you speak with me?"
           89f27ade-9a1f-4f7d-a2b3-b61789057ec0  rev 1  — 17% shorter than its text implies
    0.832  target2         3744ms  "I want to practise speaking English with everyone els
           df25e5e9-cbae-4c91-9e39-1d28244b762f  rev 1  — 17% shorter than its text implies
    0.832  target1         2616ms  "she wants to find out what the answer is now"
           4ec41dcb-a70d-4d13-ba7b-b7d7a529a0ce  rev 1  — 17% shorter than its text implies
    0.832  target1         1248ms  "why are you learning?"
           3933e1f5-99d2-4438-afe4-1f7209f3eb5f  rev 1  — 17% shorter than its text implies
    0.832  target1         2616ms  "I want to meet people who speak English soon"
           d4dda3d9-9346-4927-90af-37257b861b60  rev 1  — 17% shorter than its text implies
    0.832  target2         2376ms  "I don't like speaking with everyone else"
           39afe655-ab84-49cd-8074-b2cb9223aa29  rev 1  — 17% shorter than its text implies
    0.833  target2         2856ms  "Because I want to meet people who speak English."
           59dc6ac7-087c-4054-88c5-7ef40760d677  rev 1  — 17% shorter than its text implies
    0.833  target1         2976ms  "He wants to come back with everyone else later on."
           d2b88661-3478-4ed3-b29f-bf6899553b11  rev 1  — 17% shorter than its text implies
    0.833  target1         1488ms  "whether I need to improve"
           5cca9635-22d5-409d-8ebf-44702b5f9046  rev 1  — 17% shorter than its text implies
    0.833  target1         1488ms  "are you learning her name"
           00e73bfc-895f-4406-94d9-f8a7c5b311ab  rev 1  — 17% shorter than its text implies
    0.833  target2         1368ms  "because I want to speak"
           a6cf17fe-8d54-4fb1-b3e4-800ef9cb25c5  rev 1  — 17% shorter than its text implies
    0.833  target1         2736ms  "I nearly want to meet people who speak English"
           d198d542-39ef-4cfe-8383-f3d650a333fb  rev 1  — 17% shorter than its text implies
    0.833  target2         2856ms  "don't want to interrupt the story this afternoon"
           00e3e2d0-e402-41d1-bb26-a31c76039406  rev 1  — 17% shorter than its text implies
    0.833  target2         1368ms  "I've been learning here"
           66dcde71-13a7-4af4-904e-a850c31b5b36  rev 1  — 17% shorter than its text implies
    0.833  target2         2856ms  "I started to think about how to answer carefully"
           68d5c0b9-3357-455e-a47c-7f4a2d5cf8c3  rev 1  — 17% shorter than its text implies
    0.833  target1         2976ms  "I started to think about whether I need to improve"
           e1379cfa-5be5-4dae-a2fc-e22ec576b388  rev 1  — 17% shorter than its text implies
    0.834  presentation    1728ms  "ఇంగ్లీష్ — 'ఇంగ్లీష్' — '' —:"
           5df89846-a3ff-413e-a1f8-02be7dbf5250  rev 1  — 17% shorter than its text implies
    0.834  target1         1608ms  "but I want to speak English"
           50c592b7-4f7d-4486-b091-345e043ad895  rev 1  — 17% shorter than its text implies
    0.834  target2         1608ms  "at six o'clock this evening"
           73db3eef-9347-48c4-8483-b4ad3fb4211e  rev 1  — 17% shorter than its text implies
    0.834  target1         1728ms  "why are you learning English?"
           3e6fa6bc-09eb-4f31-be31-6089624b95b9  rev 1  — 17% shorter than its text implies
    0.834  target2         3096ms  "I like to start speaking English as soon as possible"
           616f6c7c-86d8-4102-b054-26fa650fe9bc  rev 1  — 17% shorter than its text implies
    0.834  target1         1608ms  "I want to meet you tomorrow"
           dad9f730-7152-4788-9715-78b90fe639ca  rev 1  — 17% shorter than its text implies
    0.834  target1         1608ms  "it'll be like this tomorrow"
           d47b1b12-4802-4ae1-b2c8-edc88deafb51  rev 1  — 17% shorter than its text implies
    0.835  target1         2088ms  "You want to learn his name quickly."
           98079f33-c3a1-4cc4-ab07-2f4011be5dd8  rev 1  — 16% shorter than its text implies
    0.835  target2         2088ms  "I'm not sure how to say what I mean"
           02aa88ee-b270-45df-a0d5-466466c67e9c  rev 1  — 16% shorter than its text implies
    0.835  target1         2088ms  "I'm going to try to say what I mean"
           d65b5d3d-0786-4f27-81ec-4a869323947a  rev 1  — 16% shorter than its text implies
    0.835  target2         2088ms  "if I can remember how to say a word"
           dd10acac-de98-4865-9992-e4056990f25f  rev 1  — 16% shorter than its text implies
    0.835  target1         2088ms  "but do you speak English very well?"
           aaac0c37-be60-4496-99c2-16bce06358f3  rev 1  — 16% shorter than its text implies
    0.835  target1         2088ms  "I can't remember what the answer is"
           e7aba44f-a91c-4049-8337-94b15b99c9b8  rev 1  — 16% shorter than its text implies
    0.835  target2         1848ms  "I'm trying to speak much better"
           63b25137-27a4-4ad7-a53c-d23aa6b48a7a  rev 1  — 17% shorter than its text implies
    0.835  target2         2088ms  "do you speak English at the moment?"
           a269fc41-9e62-4d02-a85c-e3ca1814019a  rev 1  — 16% shorter than its text implies
    0.835  target2         1968ms  "she doesn't want to make mistakes"
           aaad1393-e23d-4c21-abc9-d221302fb91f  rev 1  — 17% shorter than its text implies
    0.836  target2         2448ms  "I'm trying to remember the whole sentence"
           6bf9885a-3f68-4b29-89f4-85229ea7f2a8  rev 1  — 16% shorter than its text implies
    0.836  target2         2328ms  "do you speak English with someone else?"
           f562a740-29e3-432a-bb8d-5260ca58917e  rev 1  — 16% shorter than its text implies
    0.836  target2         2688ms  "I'm going to practise speaking at six o'clock"
           48d3aef5-3d47-49dc-bbe8-1fc97295e7aa  rev 1  — 16% shorter than its text implies
    0.836  target2         2448ms  "I like speaking English with someone else"
           087c2b21-db42-40e1-b186-9471ff931868  rev 1  — 16% shorter than its text implies
    0.836  target1         2448ms  "she wants to find out before I have to go"
           6b6aef30-3bd3-4414-a058-46bd30d79da1  rev 1  — 16% shorter than its text implies
    0.836  target1         2328ms  "it's useful for you to learn a lot more"
           9c27a217-1468-42b4-9b64-405a27252ca4  rev 1  — 16% shorter than its text implies
    0.836  target2         2808ms  "I want to start speaking English this afternoon"
           906089f5-3299-4ebe-b7cb-414abb80d95d  rev 1  — 16% shorter than its text implies
    0.836  target1         2568ms  "I want to speak much better than last night"
           fbee6dca-5d43-4f00-988b-dcbfc50d81b8  rev 1  — 16% shorter than its text implies
    0.837  target2         3408ms  "she wants to find out what the answer is after you fi
           8682cef7-a2a2-4a99-b29e-5c4f3b15bf04  rev 1  — 16% shorter than its text implies
     0.84  target2         1920ms  "I don't need to know everything."
           c5fcb6c5-d73b-48b0-ae20-1ad3d3759b45  rev 1  — 16% shorter than its text implies
     0.84  target1         1080ms  "with everyone else"
           eed90ab0-ee61-448e-a7e9-07cc8fa4ce40  rev 1  — 16% shorter than its text implies
     0.84  target1          960ms  "after you finish"
           0d6ffa0b-f244-4c39-9fbc-bc9d3a2d385a  rev 1  — 16% shorter than its text implies
     0.84  target1         1440ms  "people who speak English"
           508ccbd7-217f-45ab-a826-c551c3cc6961  rev 1  — 16% shorter than its text implies
     0.84  presentation    2040ms  "ఇంగ్లీష్ — 'తప్పులు చేయడం' — '' —:"
           858d26c7-4e34-41eb-ab26-999607f56bac  rev 1  — 16% shorter than its text implies
     0.84  presentation    2880ms  "ఇంగ్లీష్ — 'నేను మాట్లాడాలనుకుంటున్నాను' — '' —:"
           97a164a9-9e61-4cac-a024-23183c3b3544  rev 1  — 16% shorter than its text implies
     0.84  target2         2040ms  "I want to speak something with you"
           71a04c7a-c565-46c5-918a-11a75a44dacc  rev 1  — 16% shorter than its text implies
     0.84  target1         1320ms  "i'm trying to remember"
           9a106872-9518-45d1-949b-c96bdd1a543c  rev 1  — 16% shorter than its text implies
     0.84  target1         1200ms  "how to say something"
           be7c28b3-9c49-4056-aff3-049bbe2ef12b  rev 1  — 16% shorter than its text implies
     0.84  target1         1320ms  "how to speak something"
           c32c4612-c68d-4fed-8027-f44971f3c80a  rev 1  — 16% shorter than its text implies
     0.84  target2         2400ms  "I'm trying to remember how to say a word"
           1f3fd7b6-680e-4e19-b439-efbc483f79a3  rev 1  — 16% shorter than its text implies
     0.84  target1         2640ms  "I'm trying to learn a word with someone else"
           2eeb8862-9687-4906-98e4-40681bef1968  rev 1  — 16% shorter than its text implies
     0.84  target2         2640ms  "I'm trying to learn a word with someone else"
           327d9d26-ae8f-4ae0-9ba8-c0682819a2d7  rev 1  — 16% shorter than its text implies
     0.84  target2         2520ms  "I'm going to practise speaking English now"
           d60aff94-0883-4da0-ab55-54521ff5a8b7  rev 1  — 16% shorter than its text implies
     0.84  target2         1800ms  "I'm not sure how to say a word"
           2d1ff97e-cb9b-4637-afeb-7d8c35a10d3b  rev 1  — 16% shorter than its text implies
     0.84  target1         1800ms  "I wouldn't like to guess today"
           3b5e56d1-8007-4e67-8a07-53a11786c8e9  rev 1  — 16% shorter than its text implies
     0.84  target1         2640ms  "I want to speak the whole sentence very well"
           94a7e507-b72a-4573-9832-e4264974f5f2  rev 1  — 16% shorter than its text implies
     0.84  target1         2280ms  "I'll speak with everyone else later on"
           efbd2373-b38b-48c3-b2e8-02fae52f791a  rev 1  — 16% shorter than its text implies
     0.84  target2         2040ms  "we want to meet with everyone else"
           cfc86345-5545-4698-86aa-23bb377addc4  rev 1  — 16% shorter than its text implies
     0.84  target1         1800ms  "you want to learn a word today"
           f97b6e2e-78b2-4678-bddc-a9d62c00bb90  rev 1  — 16% shorter than its text implies
     0.84  target1         1920ms  "I'm going to start speaking soon"
           016d55b1-bc1f-4824-b478-5398b2754a9f  rev 1  — 16% shorter than its text implies
     0.84  target2         2400ms  "I'm going to start speaking English soon"
           12306f4b-5c11-42f1-a14a-27e5dadc8f3c  rev 1  — 16% shorter than its text implies
     0.84  target1         1920ms  "are you learning English easily?"
           552497d6-0d80-4db6-b57c-f9f8f753a711  rev 1  — 16% shorter than its text implies
     0.84  target2         2040ms  "I want to meet before I have to go"
           787d80d6-c99e-4999-bcf2-7bea073fbc7c  rev 1  — 16% shorter than its text implies
     0.84  target1         2520ms  "I don't like feeling as if I'm ready to go"
           d1b95f31-76bd-470d-bc78-a268e0d20338  rev 1  — 16% shorter than its text implies
     0.84  target1         2640ms  "I'm going to start speaking much better soon"
           7937d53b-2f18-4449-bfd1-5cdaec998028  rev 1  — 16% shorter than its text implies
     0.84  target2         2640ms  "I'm going to start speaking much better soon"
           8b2d5b36-4dd0-422b-b956-ccf6d118794b  rev 1  — 16% shorter than its text implies
     0.84  target1         1920ms  "I want to start speaking English"
           e076a267-86b6-4b3c-9e7f-95653a7104ad  rev 1  — 16% shorter than its text implies
     0.84  target2         2400ms  "I wanted to ask you how to say something"
           44aeb6b4-10bf-43ba-83fd-0884f4cc92d5  rev 1  — 16% shorter than its text implies
     0.84  target1         1680ms  "I wanted to ask you about it"
           d54d15e0-4bc8-44c4-a1be-3aa8c594b768  rev 1  — 16% shorter than its text implies
     0.84  target1         2880ms  "I started to think about how to answer carefully"
           11189bec-2a5e-4280-8df1-06eb4fc9181d  rev 1  — 16% shorter than its text implies
     0.84  target1         1800ms  "but I'm starting to feel tired"
           3739993c-1c7d-4270-8cc9-bb5103ac312b  rev 1  — 16% shorter than its text implies
     0.84  target1         1560ms  "I don't worry this morning"
           78be8927-0d3f-42bc-90e2-93826a4d14cc  rev 1  — 16% shorter than its text implies
     0.84  target1         1320ms  "you don't need to know"
           f3df6973-4855-426f-a64d-a00860fefee1  rev 1  — 16% shorter than its text implies
    0.843  target2         3312ms  "I'd like to be able to speak English very well later 
           6cbde156-12c2-4d7d-94c6-ebe78e6bb601  rev 1  — 16% shorter than its text implies
    0.843  target2         3072ms  "she wants to find out how to say the whole sentence"
           38dc7fb9-71ce-4acb-971e-9d11d7be3a7a  rev 1  — 16% shorter than its text implies
    0.843  target2         3192ms  "we want to speak with you at six o'clock this evening
           6938715c-7325-48d7-b658-b1ccd868cf95  rev 1  — 16% shorter than its text implies
    0.844  target2         2352ms  "I want to speak with someone else today"
           3250fc47-2db1-42e5-a5e4-d5db515d5b9c  rev 1  — 16% shorter than its text implies
    0.844  target1         2712ms  "I want to try to explain something in English"
           7d5853be-6ca9-4754-b15a-0437892fef0c  rev 1  — 16% shorter than its text implies
    0.844  target1         2832ms  "I want to remember the whole sentence very well"
           83885be9-5575-4595-a780-dc654fe23caa  rev 1  — 16% shorter than its text implies
    0.844  target2         2352ms  "I'm going to practise speaking later on"
           72ad204a-3441-412f-b125-bc8f81465ce2  rev 1  — 16% shorter than its text implies
    0.844  target2         2352ms  "I want to meet people who speak English"
           1670c2a2-89cc-4448-8859-af3f7d1b0b5e  rev 1  — 16% shorter than its text implies
    0.844  target2         2592ms  "I'm going to start speaking a lot more soon"
           0a4e2c5c-c2b0-4b02-8ff4-9e0554f57a63  rev 1  — 16% shorter than its text implies
    0.844  target2         2832ms  "I think that it's a good thing to make mistakes"
           b3872e87-cb8f-4c17-9daa-2a3dfd375793  rev 1  — 16% shorter than its text implies
    0.845  target1         1872ms  "i'm looking forward to speaking"
           904f5f59-d465-44a3-9343-e68dd38e9ea5  rev 1  — 15% shorter than its text implies
    0.845  target2         1872ms  "i'm looking forward to speaking"
           c9e4221a-0dc4-42bf-b7c3-65560a815323  rev 1  — 15% shorter than its text implies
    0.845  target1         1872ms  "I want to speak English with me"
           1bab2a6c-59e1-4f03-a4b7-13e0758dd3f0  rev 1  — 15% shorter than its text implies
    0.845  target2         2232ms  "it's useful for you to start speaking"
           251c535f-a637-4129-a041-1e1f7ad4ad47  rev 1  — 16% shorter than its text implies
    0.845  target2         2112ms  "I don't want to interrupt the story"
           dfb47b0c-4d05-4457-80f7-98f43473d2f3  rev 1  — 16% shorter than its text implies
    0.845  target2         1872ms  "I'm a little tired this evening"
           912fe844-dba8-4d5d-8418-5df47c48c304  rev 1  — 15% shorter than its text implies
    0.845  target2         2232ms  "I think that it's a good thing to try"
           b9ca5fe2-9d36-495a-b904-2863ea12bd70  rev 1  — 16% shorter than its text implies
    0.845  target1         1992ms  "I don't worry about how to answer"
           f986a9b0-f3a0-441a-8b83-73a12768296c  rev 1  — 15% shorter than its text implies
    0.846  target2         1752ms  "feeling as if I'm ready to go"
           f0537d92-569d-47d1-9888-e6adb3704cd0  rev 1  — 15% shorter than its text implies
    0.846  target2         1752ms  "do you speak English with me?"
           3e24eafe-5caa-462b-8033-1bdc4d497482  rev 1  — 15% shorter than its text implies
    0.846  target1         1632ms  "you speak very well with me"
           70fa00c9-13f8-42e7-9672-8d03b9b04339  rev 1  — 15% shorter than its text implies
    0.846  target1         1752ms  "I don't want to speak quickly"
           be773228-913a-4750-91fb-09f4c6cd9ad6  rev 1  — 15% shorter than its text implies
    0.846  target1         3264ms  "I'm starting to feel tired but I want to speak Englis
           a2bf5a6e-b1ef-41a6-8d7f-149d430bf793  rev 1  — 15% shorter than its text implies
    0.846  target1         1632ms  "it'll be like this later on"
           3c94ab67-3067-44fb-9d2c-189d6c449862  rev 1  — 15% shorter than its text implies
    0.846  target2         1632ms  "I can't remember everything"
           4cc4b7ee-fc52-4fa8-90c9-1377badba394  rev 1  — 15% shorter than its text implies
    0.847  target2         1512ms  "and do you speak with me?"
           ba8166d8-c50f-418d-9f28-8bbd586b5c29  rev 1  — 15% shorter than its text implies
    0.847  target2         2784ms  "I want to learn a lot more before I have to go"
           f6069a93-c634-4abc-a994-83f0da129a20  rev 1  — 15% shorter than its text implies
    0.847  target1         1392ms  "I want to meet you soon"
           fe9df968-9436-4bf2-8322-c6aa3fd45133  rev 1  — 15% shorter than its text implies
    0.847  target1         2784ms  "I'm a little tired but I want to speak English"
           9e978d31-9470-4a5d-b37e-24871eeaabac  rev 1  — 15% shorter than its text implies
    0.848  target2         2424ms  "It's like this, if you know what I mean."
           59ca4fa5-ca53-48a2-9462-dd0eb2012440  rev 1  — 15% shorter than its text implies
    0.848  target2         2424ms  "But I don't worry about making mistakes."
           ef664112-0de6-4e67-a5a0-8bd4185ccb82  rev 1  — 15% shorter than its text implies
    0.848  presentation    2544ms  "ఇంగ్లీష్ — 'నీకు ఎలా అనిపిస్తోంది' — '' —:"
           8eb84321-8092-4f4a-b2f9-3b40bcafe38b  rev 1  — 15% shorter than its text implies
    0.848  target1         2424ms  "I'm going to explain a little in English"
           38fb478e-6720-4a73-b840-3f23af1bbc81  rev 1  — 15% shorter than its text implies
    0.848  target1         1272ms  "do you speak English?"
           4d5b3f23-aced-4fbe-aea2-d519e0fe086d  rev 1  — 15% shorter than its text implies
    0.848  target1         2544ms  "and I'd like to be able to speak very well"
           77267f51-0468-4af7-b17a-3fe46ad7bfc6  rev 1  — 15% shorter than its text implies
    0.848  target1         2544ms  "I want to meet at six o'clock this evening"
           3d300d66-3ec3-4cb0-a5e3-9828f793ad85  rev 1  — 15% shorter than its text implies
    0.848  target2         2424ms  "it's useful for you to practise speaking"
           7ee391b3-0642-4a8f-929a-4f7393bc5cea  rev 1  — 15% shorter than its text implies
    0.848  target2         2664ms  "I've been learning English for almost a week"
           04d72a00-fee2-45d4-ae11-dd6bde1cf708  rev 1  — 15% shorter than its text implies
    0.848  target2         2424ms  "we want to meet this evening or tomorrow"
           c889fc6f-f539-406a-80fd-b82f13cd95d4  rev 1  — 15% shorter than its text implies
    0.848  target2         2424ms  "I'll speak if you understand what I mean"
           b8331db3-a09f-4306-9bea-bfa4b3b3b106  rev 1  — 15% shorter than its text implies
    0.849  target2         2184ms  "I want to speak something in English"
           31b0455c-b4d7-48c8-b78f-87a365433c32  rev 1  — 15% shorter than its text implies
    0.849  target1         2304ms  "I want to speak English with you often"
           d85c9cb5-a08d-44df-bc0f-7d320d4893c7  rev 1  — 15% shorter than its text implies
    0.849  target1         2304ms  "I'm going to try to explain in English"
           096e6fce-cf92-4551-8665-a70117e6bb33  rev 1  — 15% shorter than its text implies
    0.849  target2         2184ms  "if I can remember the whole sentence"
           1d2f82ee-b36c-4369-b57b-6989d7320440  rev 1  — 15% shorter than its text implies
    0.849  target2         2304ms  "I'll speak with everyone else later on"
           243f7cb7-a5ce-4d77-9efb-e8a2c3122dad  rev 1  — 15% shorter than its text implies
    0.849  target2         2184ms  "I want to try to answer this evening"
           bbac2e3d-c092-4ae7-acab-b4c2fb5c544e  rev 1  — 15% shorter than its text implies
    0.849  target1         2184ms  "I want to answer as soon as possible"
           d92af541-730a-47aa-a6a6-c5562f8411fd  rev 1  — 15% shorter than its text implies
    0.849  target1         2304ms  "you wanted to speak with everyone else"
           71fa04ee-5fa3-412e-8417-acdeb4774d5d  rev 1  — 15% shorter than its text implies
     0.85  target2         2064ms  "I'll speak with you at six o'clock"
           8e7b8897-825c-4f9b-b8bd-a8a3baa0da9b  rev 1  — 15% shorter than its text implies
     0.85  target1         2064ms  "I want to meet as soon as possible"
           54119d2f-3f2f-489c-9ffa-ed4d0245b284  rev 1  — 15% shorter than its text implies
     0.85  target1         2064ms  "you wanted to speak carefully here"
           b8974009-b131-42ea-958c-7bb93e8069f2  rev 1  — 15% shorter than its text implies
     0.85  target2         3096ms  "I'm starting to feel tired but I want to learn more"
           d6246a80-5e33-4bda-a42a-d522d0ea4c44  rev 1  — 15% shorter than its text implies
     0.85  target2         3216ms  "I want to speak English if you understand what I mean
           445955b5-e45b-4688-8eb3-d5968347b1c7  rev 1  — 15% shorter than its text implies

queue -> docs/audio-repair-2026-08-06/estate/eng_for_tel-seeds50-tails.json  (feed it straight to `propose --targets`)

This is an ORDERING, not a verdict. Nothing here has been judged broken.

[Azure TTS] Closing connection pool (0 total connections)...
