eng_for_hin:S0016L04B01	DETERMINED			चाहता fixes वह masculine
eng_for_hin:S0016L04B02	DETERMINED			चाहता fixes वह masculine
eng_for_hin:S0016L04B03	DETERMINED			चाहता fixes वह masculine
eng_for_hin:S0016L04U01	DETERMINED			चाहता fixes वह masculine
eng_for_hin:S0016L04U02	DETERMINED			चाहता fixes वह masculine
eng_for_hin:S0016L04U03	DETERMINED			चाहता fixes वह masculine
eng_for_hin:S0016L04U04	DETERMINED			चाहता fixes वह masculine
eng_for_hin:S0016L04U05	DETERMINED			चाहता fixes वह masculine
eng_for_hin:S0017L01U03	DETERMINED			चाहता fixes वह masculine
eng_for_hin:S0017L02U03	DETERMINED			चाहता fixes वह masculine
eng_for_hin:S0017L03U03	DETERMINED			चाहता fixes वह masculine
eng_for_hin:S0017L04B01	DETERMINED			चाहती fixes वह feminine
eng_for_hin:S0017L04B02	DETERMINED			चाहती fixes वह feminine
eng_for_hin:S0017L04B03	DETERMINED			चाहती fixes वह feminine
eng_for_hin:S0017L04U01	DETERMINED			चाहती fixes वह feminine
eng_for_hin:S0017L04U02	DETERMINED			चाहती fixes वह feminine
eng_for_hin:S0017L04U03	DETERMINED			चाहती fixes वह feminine
eng_for_hin:S0017L04U04	DETERMINED			चाहती fixes वह feminine
eng_for_hin:S0017L04U05	DETERMINED			चाहती fixes वह feminine
eng_for_hin:S0018L01U03	DETERMINED			चाहता fixes वह masculine
eng_for_hin:S0018L01U04	DETERMINED			चाहती fixes वह feminine
eng_for_hin:S0018L02U02	DETERMINED			चाहता fixes वह masculine
eng_for_hin:S0018L02U04	DETERMINED			चाहती fixes वह feminine
eng_for_hin:S0018L03U02	DETERMINED			चाहता fixes वह masculine
eng_for_hin:S0018L03U04	DETERMINED			चाहती fixes वह feminine
eng_for_hin:S0019L01B02	DETERMINED			चाहती fixes वह feminine
eng_for_hin:S0019L01U03	DETERMINED			चाहता fixes वह masculine
eng_for_hin:S0019L02U02	DETERMINED			चाहती fixes वह feminine
eng_for_hin:S0019L02U05	DETERMINED			चाहता fixes वह masculine
eng_for_hin:S0020L01C01	AMBIGUOUS	his	her	उसका/उसकी possessive, owner unmarked
eng_for_hin:S0020L01B01	AMBIGUOUS	to learn his name	to learn her name	उसका/उसकी possessive, owner unmarked
eng_for_hin:S0020L01B02	AMBIGUOUS	to find out his name	to find out her name	उसका/उसकी possessive, owner unmarked
eng_for_hin:S0020L01B03	AMBIGUOUS	to remember his name	to remember her name	उसका/उसकी possessive, owner unmarked
eng_for_hin:S0020L01U01	AMBIGUOUS	I want to find out his name	I want to find out her name	उसका/उसकी possessive, owner unmarked
eng_for_hin:S0020L01U02	AMBIGUOUS	she wants to learn his name	she wants to learn her name	उसका/उसकी possessive, owner unmarked
eng_for_hin:S0020L01U03	AMBIGUOUS	we want to find out his name	we want to find out her name	उसका/उसकी possessive, owner unmarked
eng_for_hin:S0020L01U04	AMBIGUOUS	I'm trying to remember his name	I'm trying to remember her name	उसका/उसकी possessive, owner unmarked
eng_for_hin:S0020L01U05	AMBIGUOUS	I'm not sure if I can remember his name	I'm not sure if I can remember her name	उसका/उसकी possessive, owner unmarked
eng_for_hin:S0020L02B03	AMBIGUOUS	to learn his name quickly	to learn her name quickly	उसका/उसकी possessive, owner unmarked
eng_for_hin:S0020L02U02	DETERMINED			चाहता fixes वह masculine
eng_for_hin:S0020L02U04	AMBIGUOUS	I want to remember his name quickly	I want to remember her name quickly	उसका/उसकी possessive, owner unmarked
eng_for_hin:S0020L03B02	AMBIGUOUS	you want to learn his name	you want to learn her name	उसका/उसकी possessive, owner unmarked
eng_for_hin:S0020L03U01	AMBIGUOUS	you want to learn his name quickly	you want to learn her name quickly	उसका/उसकी possessive, owner unmarked
eng_for_hin:S0021L03C01	AMBIGUOUS	his	her	उसका/उसकी possessive, owner unmarked
eng_for_hin:S0021L03B01	AMBIGUOUS	to find out his name quickly	to find out her name quickly	उसका/उसकी possessive, owner unmarked
eng_for_hin:S0021L03B02	AMBIGUOUS	I can remember his name	I can remember her name	उसका/उसकी possessive, owner unmarked
eng_for_hin:S0021L03B03	AMBIGUOUS	to say his name	to say her name	उसका/उसकी possessive, owner unmarked
eng_for_hin:S0021L03U01	AMBIGUOUS	I'd like to find out his name	I'd like to find out her name	उसका/उसकी possessive, owner unmarked
eng_for_hin:S0021L03U02	AMBIGUOUS	why do you want to find out his name?	why do you want to find out her name?	उसका/उसकी possessive, owner unmarked
eng_for_hin:S0021L03U03	AMBIGUOUS	she wants to find out his name today	she wants to find out her name today	उसका/उसकी possessive, owner unmarked
eng_for_hin:S0021L03U04	AMBIGUOUS	we want to learn his name quickly	we want to learn her name quickly	उसका/उसकी possessive, owner unmarked
eng_for_hin:S0021L03U05	AMBIGUOUS	I want to learn his name with you	I want to learn her name with you	उसका/उसकी possessive, owner unmarked
eng_for_hin:S0022L01U05	DETERMINED			चाहती fixes वह feminine
eng_for_hin:S0022L02U02	DETERMINED			चाहती fixes वह feminine
eng_for_hin:S0022L03U01	DETERMINED			चाहती fixes वह feminine
eng_for_hin:S0023L01U02	DETERMINED			चाहता fixes वह masculine
eng_for_hin:S0023L01U05	DETERMINED			चाहती fixes वह feminine
eng_for_hin:S0023L02U02	DETERMINED			चाहती fixes वह feminine
eng_for_hin:S0024L01U04	DETERMINED			चाहती fixes वह feminine
eng_for_hin:S0024L02U01	AMBIGUOUS	I'm not going to be able to remember his name tomorrow	I'm not going to be able to remember her name tomorrow	उसका/उसकी possessive, owner unmarked
eng_for_hin:S0024L02U04	AMBIGUOUS	I'm not going to be able to remember his name this evening	I'm not going to be able to remember her name this evening	उसका/उसकी possessive, owner unmarked
eng_for_hin:S0025L02U04	DETERMINED			चाहता fixes वह masculine
eng_for_hin:S0026L01U05	AMBIGUOUS	I like feeling as if I can remember his name	I like feeling as if I can remember her name	उसका/उसकी possessive, owner unmarked
eng_for_hin:S0027L03U03	DETERMINED			चाहती fixes वह feminine
eng_for_hin:S0028L03U02	DETERMINED			चाहती fixes वह feminine
eng_for_hin:S0029L02U02	DETERMINED			चाहती fixes वह feminine
eng_for_hin:S0029L03U05	AMBIGUOUS	I want to remember his name as soon as I can	I want to remember her name as soon as I can	उसका/उसकी possessive, owner unmarked
eng_for_hin:S0030L01U02	DETERMINED			चाहती fixes वह feminine
eng_for_hin:S0030L03U03	AMBIGUOUS	I wanted to remember his name yesterday	I wanted to remember her name yesterday	उसका/उसकी possessive, owner unmarked
eng_for_hin:S0031L01U02	DETERMINED			चाहती fixes वह feminine
eng_for_hin:S0032L01U01	DETERMINED			चाहती fixes वह feminine
eng_for_hin:S0033L01B03	AMBIGUOUS	how long have you been learning his name	how long have you been learning her name	उसका/उसकी possessive, owner unmarked
eng_for_hin:S0034L01B01	DETERMINED			चाहता fixes वह masculine
eng_for_hin:S0034L01B02	DETERMINED			चाहता fixes वह masculine
eng_for_hin:S0034L01B03	DETERMINED			चाहता fixes वह masculine
eng_for_hin:S0034L01U01	DETERMINED			चाहता fixes वह masculine
eng_for_hin:S0034L01U02	DETERMINED			चाहता fixes वह masculine
eng_for_hin:S0034L01U03	DETERMINED			चाहता fixes वह masculine
eng_for_hin:S0034L01U04	DETERMINED			चाहता fixes वह masculine
eng_for_hin:S0034L01U05	DETERMINED			चाहता fixes वह masculine
eng_for_hin:S0034L02U01	DETERMINED			चाहता fixes वह masculine
eng_for_hin:S0034L03U05	DETERMINED			चाहता fixes वह masculine
eng_for_hin:S0034L04U02	DETERMINED			चाहता fixes वह masculine
eng_for_hin:S0034L05U02	DETERMINED			चाहता fixes वह masculine
eng_for_hin:S0035L01B01	DETERMINED			चाहती fixes वह feminine
eng_for_hin:S0035L01B02	DETERMINED			चाहती fixes वह feminine
eng_for_hin:S0035L01B03	DETERMINED			चाहती fixes वह feminine
eng_for_hin:S0035L01U01	DETERMINED			चाहती fixes वह feminine
eng_for_hin:S0035L01U02	DETERMINED			चाहती fixes वह feminine
eng_for_hin:S0035L01U03	DETERMINED			चाहती fixes वह feminine
eng_for_hin:S0035L01U04	DETERMINED			चाहती fixes वह feminine
eng_for_hin:S0035L01U05	DETERMINED			चाहती fixes वह feminine
eng_for_hin:S0035L02U02	DETERMINED			चाहती fixes वह feminine
eng_for_hin:S0035L03U01	DETERMINED			चाहती fixes वह feminine
eng_for_hin:S0035L03U03	DETERMINED			चाहती fixes वह feminine
eng_for_hin:S0035L03U04	DETERMINED			चाहती fixes वह feminine
eng_for_hin:S0035L04U04	DETERMINED			चाहती fixes वह feminine
eng_for_hin:S0036L02U02	DETERMINED			चाहती fixes वह feminine
eng_for_hin:S0036L03U02	DETERMINED			चाहती fixes वह feminine
eng_for_hin:S0037L02U02	DETERMINED			चाहती fixes वह feminine
eng_for_hin:S0037L03U02	DETERMINED			चाहती fixes वह feminine
eng_for_hin:S0037L04U02	DETERMINED			चाहती fixes वह feminine
eng_for_hin:S0038L01U02	AMBIGUOUS	I've been learning his name	I've been learning her name	उसका/उसकी possessive, owner unmarked
eng_for_hin:S0038L02U01	AMBIGUOUS	I've been learning his name for about a week	I've been learning her name for about a week	उसका/उसकी possessive, owner unmarked
eng_for_hin:S0039L02U02	DETERMINED			चाहती fixes वह feminine
eng_for_hin:S0040L02U03	DETERMINED			चाहती fixes वह feminine
eng_for_hin:S0043L02U02	DETERMINED			चाहती fixes वह feminine
eng_for_hin:S0044L01U03	DETERMINED			चाहती fixes वह feminine
eng_for_hin:S0044L03U02	DETERMINED			चाहती fixes वह feminine
eng_for_hin:S0045L02U02	DETERMINED			चाहती fixes वह feminine
eng_for_hin:S0047L01U01	DETERMINED			चाहती fixes वह feminine
eng_for_hin:S0050L02U02	DETERMINED			चाहती fixes वह feminine
eng_for_hin:S0052L01B01	DETERMINED			चाहता fixes वह masculine
eng_for_hin:S0052L01B02	DETERMINED			चाहता fixes वह masculine
eng_for_hin:S0052L01B03	DETERMINED			चाहता fixes वह masculine
eng_for_hin:S0052L01U01	DETERMINED			चाहता fixes वह masculine
eng_for_hin:S0052L01U02	DETERMINED			चाहता fixes वह masculine
eng_for_hin:S0052L01U03	DETERMINED			चाहता fixes वह masculine
eng_for_hin:S0052L01U04	DETERMINED			चाहता fixes वह masculine
eng_for_hin:S0052L01U05	DETERMINED			चाहता fixes वह masculine
eng_for_hin:S0052L02U02	DETERMINED			चाहता fixes वह masculine
eng_for_hin:S0052L02U05	DETERMINED			चाहता fixes वह masculine
eng_for_hin:S0052L03U02	DETERMINED			चाहता fixes वह masculine
eng_for_hin:S0052L04B01	AMBIGUOUS	to write to his friend	to write to her friend	reflexive अपने in subjectless fragment, subject unmarked
eng_for_hin:S0052L04B02	AMBIGUOUS	a letter to his friend	a letter to her friend	reflexive अपने in subjectless fragment, subject unmarked
eng_for_hin:S0052L04B03	AMBIGUOUS	to write to his friend today	to write to her friend today	reflexive अपने in subjectless fragment, subject unmarked
eng_for_hin:S0052L04U01	DETERMINED			चाहता fixes वह masculine
eng_for_hin:S0052L04U02	DETERMINED			चाहता fixes वह masculine
eng_for_hin:S0052L04U03	DETERMINED			चाहता fixes वह masculine
eng_for_hin:S0052L04U04	DETERMINED			चाहता fixes वह masculine
eng_for_hin:S0052L04U05	DETERMINED			चाहता fixes वह masculine
eng_for_hin:S0052L05U02	DETERMINED			चाहता fixes वह masculine
eng_for_hin:S0053L01B01	DETERMINED			चाहती fixes वह feminine
eng_for_hin:S0053L01B02	DETERMINED			चाहती fixes वह feminine
eng_for_hin:S0053L01B03	DETERMINED			चाहती fixes वह feminine
eng_for_hin:S0053L01U01	DETERMINED			चाहती fixes वह feminine
eng_for_hin:S0053L01U02	DETERMINED			चाहती fixes वह feminine
eng_for_hin:S0053L01U03	DETERMINED			चाहती fixes वह feminine
eng_for_hin:S0053L01U04	DETERMINED			चाहती fixes वह feminine
eng_for_hin:S0053L01U05	DETERMINED			चाहती fixes वह feminine
eng_for_hin:S0053L02B02	AMBIGUOUS	to put in his bag	to put in her bag	reflexive अपने in subjectless fragment, subject unmarked
eng_for_hin:S0053L02B03	AMBIGUOUS	to put his letter	to put her letter	उसका/उसकी possessive, owner unmarked
eng_for_hin:S0053L02U01	DETERMINED			चाहती fixes वह feminine
eng_for_hin:S0053L02U02	DETERMINED			चाहती fixes वह feminine
eng_for_hin:S0053L02U03	DETERMINED			चाहती fixes वह feminine
eng_for_hin:S0053L02U04	DETERMINED			चाहती fixes वह feminine
eng_for_hin:S0053L02U05	DETERMINED			चाहती fixes वह feminine
eng_for_hin:S0053L03B01	AMBIGUOUS	to read his letter	to read her letter	उसका/उसकी possessive, owner unmarked
eng_for_hin:S0053L03B02	AMBIGUOUS	his letter today	her letter today	उसका/उसकी possessive, owner unmarked
eng_for_hin:S0053L03B03	AMBIGUOUS	to write his letter	to write her letter	उसका/उसकी possessive, owner unmarked
eng_for_hin:S0053L03U01	AMBIGUOUS	she wanted to read his letter	she wanted to read her letter	उसका/उसकी possessive, owner unmarked
eng_for_hin:S0053L03U02	AMBIGUOUS	I want to read his letter	I want to read her letter	उसका/उसकी possessive, owner unmarked
eng_for_hin:S0053L03U03	AMBIGUOUS	she wanted to put his letter today	she wanted to put her letter today	उसका/उसकी possessive, owner unmarked
eng_for_hin:S0053L03U04	AMBIGUOUS	I need to read his letter	I need to read her letter	उसका/उसकी possessive, owner unmarked
eng_for_hin:S0053L03U05	AMBIGUOUS	she wanted to read his letter yesterday	she wanted to read her letter yesterday	उसका/उसकी possessive, owner unmarked
eng_for_hin:S0053L04B01	AMBIGUOUS	a letter in his bag	a letter in her bag	reflexive अपने in subjectless fragment, subject unmarked
eng_for_hin:S0053L04B02	AMBIGUOUS	in his bag today	in her bag today	reflexive अपने in subjectless fragment, subject unmarked
eng_for_hin:S0053L04B03	AMBIGUOUS	the story in his bag	the story in her bag	reflexive अपने in subjectless fragment, subject unmarked
eng_for_hin:S0053L04U01	DETERMINED			चाहती fixes वह feminine
eng_for_hin:S0053L04U02	DETERMINED			चाहती fixes वह feminine
eng_for_hin:S0053L04U03	AMBIGUOUS	she doesn't want to put his letter in her bag	she doesn't want to put her letter in her bag	चाहती + अपने fix she/her bag; उसकी चिट्ठी open
eng_for_hin:S0053L04U04	DETERMINED			चाहती fixes वह feminine
eng_for_hin:S0053L04U05	AMBIGUOUS	she wanted to put his letter in her bag this morning	she wanted to put her letter in her bag this morning	चाहती + अपने fix she/her bag; उसकी चिट्ठी open
eng_for_hin:S0056L02U03	DETERMINED			चाहती fixes वह feminine
eng_for_hin:S0057L01B01	AMBIGUOUS	I can't remember his name	I can't remember her name	उसका/उसकी possessive, owner unmarked
eng_for_hin:S0057L01U04	AMBIGUOUS	I can't remember his name this morning	I can't remember her name this morning	उसका/उसकी possessive, owner unmarked
eng_for_hin:S0058L03U03	DETERMINED			चाहती fixes वह feminine
eng_for_hin:S0059L01B02	AMBIGUOUS	I know his name	I know her name	उसका/उसकी possessive, owner unmarked
eng_for_hin:S0059L01U05	AMBIGUOUS	I know his name this morning	I know her name this morning	उसका/उसकी possessive, owner unmarked
eng_for_hin:S0060L02U04	DETERMINED			चाहती fixes वह feminine
eng_for_hin:S0060L03U02	AMBIGUOUS	I can't remember his name yet	I can't remember her name yet	उसका/उसकी possessive, owner unmarked
eng_for_hin:S0061L02U03	DETERMINED			चाहती fixes वह feminine
eng_for_hin:S0061L03U02	DETERMINED			चाहती fixes वह feminine
eng_for_hin:S0065L02U03	DETERMINED			चाहती fixes वह feminine
eng_for_hin:S0066L02U03	DETERMINED			चाहती fixes वह feminine
eng_for_hin:S0067L01U02	DETERMINED			चाहती fixes वह feminine
eng_for_hin:S0069L01B01	DETERMINED			चाहता fixes वह masculine
eng_for_hin:S0069L01B02	DETERMINED			चाहता fixes वह masculine
eng_for_hin:S0069L01B03	DETERMINED			चाहता fixes वह masculine
eng_for_hin:S0069L01U01	DETERMINED			चाहता fixes वह masculine
eng_for_hin:S0069L01U02	DETERMINED			चाहता fixes वह masculine
eng_for_hin:S0069L01U03	DETERMINED			चाहता fixes वह masculine
eng_for_hin:S0069L01U04	DETERMINED			चाहता fixes वह masculine
eng_for_hin:S0069L01U05	DETERMINED			चाहता fixes वह masculine
eng_for_hin:S0069L02U01	DETERMINED			चाहता fixes वह masculine
eng_for_hin:S0069L03U02	DETERMINED			चाहती fixes वह feminine
eng_for_hin:S0069L04U03	DETERMINED			चाहता fixes वह masculine
eng_for_hin:S0070L01B01	DETERMINED			चाहती fixes वह feminine
eng_for_hin:S0070L01B02	DETERMINED			चाहती fixes वह feminine
eng_for_hin:S0070L01B03	DETERMINED			चाहती fixes वह feminine
eng_for_hin:S0070L01U01	DETERMINED			चाहती fixes वह feminine
eng_for_hin:S0070L01U02	DETERMINED			चाहती fixes वह feminine
eng_for_hin:S0070L01U03	DETERMINED			चाहती fixes वह feminine
eng_for_hin:S0070L01U04	DETERMINED			चाहती fixes वह feminine
eng_for_hin:S0070L01U05	DETERMINED			चाहती fixes वह feminine
eng_for_hin:S0070L02U02	DETERMINED			चाहती fixes वह feminine
eng_for_hin:S0070L02U04	DETERMINED			चाहती fixes वह feminine
eng_for_hin:S0070L03U01	DETERMINED			चाहती fixes वह feminine
eng_for_hin:S0071L02U02	DETERMINED			चाहती fixes वह feminine
eng_for_hin:S0084L02B01	AMBIGUOUS	to find out what he said	to find out what she said	ergative उसने / dative उसे, no verb agrees with it
eng_for_hin:S0084L02B02	AMBIGUOUS	to remember what he said	to remember what she said	ergative उसने / dative उसे, no verb agrees with it
eng_for_hin:S0084L02B03	AMBIGUOUS	what he said today	what she said today	ergative उसने / dative उसे, no verb agrees with it
eng_for_hin:S0084L02U01	AMBIGUOUS	I don't agree with what he said	I don't agree with what she said	ergative उसने / dative उसे, no verb agrees with it
eng_for_hin:S0084L02U02	AMBIGUOUS	I don't understand what he said	I don't understand what she said	ergative उसने / dative उसे, no verb agrees with it
eng_for_hin:S0084L02U03	AMBIGUOUS	I can't remember what he said	I can't remember what she said	ergative उसने / dative उसे, no verb agrees with it
eng_for_hin:S0084L02U04	AMBIGUOUS	I know what he said	I know what she said	ergative उसने / dative उसे, no verb agrees with it
eng_for_hin:S0084L02U05	AMBIGUOUS	I don't agree with what he said today	I don't agree with what she said today	ergative उसने / dative उसे, no verb agrees with it
eng_for_hin:S0084L03U01	AMBIGUOUS	I don't agree with what he said about my friend	I don't agree with what she said about my friend	ergative उसने / dative उसे, no verb agrees with it
eng_for_hin:S0084L03U02	AMBIGUOUS	I don't understand what he said about my friend	I don't understand what she said about my friend	ergative उसने / dative उसे, no verb agrees with it
eng_for_hin:S0084L03U04	AMBIGUOUS	I can't remember what he said about my friend	I can't remember what she said about my friend	ergative उसने / dative उसे, no verb agrees with it
eng_for_hin:S0095L02U03	DETERMINED			चाहता fixes वह masculine
eng_for_hin:S0095L03U02	DETERMINED			चाहती fixes वह feminine
eng_for_hin:S0097L03U01	DETERMINED			चाहता fixes वह masculine
eng_for_hin:S0097L03U04	DETERMINED			चाहती fixes वह feminine
eng_for_hin:S0098L02U03	DETERMINED			चाहता fixes वह masculine
eng_for_hin:S0101L03U02	DETERMINED			चाहती fixes वह feminine
eng_for_hin:S0103L02U04	DETERMINED			चाहती fixes वह feminine
eng_for_hin:S0103L03U03	DETERMINED			चाहता fixes वह masculine
eng_for_hin:S0105L02B01	AMBIGUOUS	he didn't know the answer	she didn't know the answer	ergative उसने / dative उसे, no verb agrees with it
eng_for_hin:S0105L02B02	AMBIGUOUS	he didn't know the truth	she didn't know the truth	ergative उसने / dative उसे, no verb agrees with it
eng_for_hin:S0105L02B03	AMBIGUOUS	he didn't know the story	she didn't know the story	ergative उसने / dative उसे, no verb agrees with it
eng_for_hin:S0105L02U01	AMBIGUOUS	that is why he didn't know the truth	that is why she didn't know the truth	ergative उसने / dative उसे, no verb agrees with it
eng_for_hin:S0105L02U02	AMBIGUOUS	I think that he didn't know the answer	I think that she didn't know the answer	ergative उसने / dative उसे, no verb agrees with it
eng_for_hin:S0105L02U03	AMBIGUOUS	he didn't know why it's not working	she didn't know why it's not working	ergative उसने / dative उसे, no verb agrees with it
eng_for_hin:S0105L02U04	AMBIGUOUS	I'm not sure if he didn't know the answer	I'm not sure if she didn't know the answer	ergative उसने / dative उसे, no verb agrees with it
eng_for_hin:S0105L02U05	AMBIGUOUS	he didn't know what we're doing	she didn't know what we're doing	ergative उसने / dative उसे, no verb agrees with it
eng_for_hin:S0107L02U03	DETERMINED			चाहती fixes वह feminine
eng_for_hin:S0107L03U05	DETERMINED			चाहती fixes वह feminine
eng_for_hin:S0108L02U03	DETERMINED			चाहती fixes वह feminine
eng_for_hin:S0108L03U02	DETERMINED			चाहती fixes वह feminine
eng_for_hin:S0109L02U02	DETERMINED			चाहती fixes वह feminine
eng_for_hin:S0110L02U04	DETERMINED			चाहती fixes वह feminine
eng_for_hin:S0110L03U03	DETERMINED			चाहती fixes वह feminine
eng_for_hin:S0111L02U03	DETERMINED			चाहती fixes वह feminine
eng_for_hin:S0113L01B03	AMBIGUOUS	why can't I remember his name?	why can't I remember her name?	उसका/उसकी possessive, owner unmarked
eng_for_hin:S0113L01U04	DETERMINED			लड़की is a gendered noun
eng_for_hin:S0118L03U03	DETERMINED			चाहती fixes वह feminine
eng_for_hin:S0119L02U03	DETERMINED			चाहती fixes वह feminine
eng_for_hin:S0120L03U05	DETERMINED			चाहती fixes वह feminine
eng_for_hin:S0122L03U05	DETERMINED			चाहती fixes वह feminine
eng_for_hin:S0124L01B02	AMBIGUOUS	I thought he didn't know the answer	I thought she didn't know the answer	ergative उसने / dative उसे, no verb agrees with it
eng_for_hin:S0124L01B03	DETERMINED			चाहता fixes वह masculine
eng_for_hin:S0124L01U01	DETERMINED			चाहती fixes वह feminine
eng_for_hin:S0124L01U02	AMBIGUOUS	I thought he didn't know the truth	I thought she didn't know the truth	ergative उसने / dative उसे, no verb agrees with it
eng_for_hin:S0128L02U04	DETERMINED			चाहती fixes वह feminine
eng_for_hin:S0130L02B01	DETERMINED			मेरा दोस्त = male friend
eng_for_hin:S0130L02B02	DETERMINED			मेरा दोस्त = male friend
eng_for_hin:S0130L02B03	DETERMINED			मेरा दोस्त = male friend
eng_for_hin:S0130L02U01	DETERMINED			मेरा दोस्त = male friend
eng_for_hin:S0130L02U02	DETERMINED			मेरा दोस्त = male friend
eng_for_hin:S0130L02U03	DETERMINED			मेरा दोस्त = male friend
eng_for_hin:S0130L02U04	DETERMINED			मेरा दोस्त = male friend
eng_for_hin:S0130L02U05	DETERMINED			मेरा दोस्त = male friend
eng_for_hin:S0132L02B01	DETERMINED			कह रही थी fixes वह feminine
eng_for_hin:S0132L02B02	DETERMINED			कह रही थी fixes वह feminine
eng_for_hin:S0132L02B03	DETERMINED			कह रही थी fixes वह feminine
eng_for_hin:S0132L02U01	DETERMINED			कह रही थी fixes वह feminine
eng_for_hin:S0132L02U02	DETERMINED			कह रही थी fixes वह feminine
eng_for_hin:S0132L02U03	DETERMINED			कह रही थी fixes वह feminine
eng_for_hin:S0132L02U04	DETERMINED			कह रही थी fixes वह feminine
eng_for_hin:S0132L02U05	DETERMINED			कह रही थी fixes वह feminine
eng_for_hin:S0134L03U04	DETERMINED			चाहती fixes वह feminine
eng_for_hin:S0134L04U03	DETERMINED			चाहती fixes वह feminine
eng_for_hin:S0136L03C02	DETERMINED			मेरी दोस्त = female friend
eng_for_hin:S0136L03B01	DETERMINED			मेरी दोस्त = female friend
eng_for_hin:S0136L03B02	DETERMINED			मेरी दोस्त = female friend
eng_for_hin:S0136L03B03	DETERMINED			मेरी दोस्त = female friend
eng_for_hin:S0136L03U01	DETERMINED			मेरी दोस्त = female friend
eng_for_hin:S0136L03U02	DETERMINED			मेरी दोस्त = female friend
eng_for_hin:S0136L03U04	DETERMINED			मेरी दोस्त = female friend
eng_for_hin:S0136L03U05	DETERMINED			मेरी दोस्त = female friend
eng_for_hin:S0136L03U06	DETERMINED			मेरी दोस्त = female friend
eng_for_hin:S0137L02B03	DETERMINED			चाहती fixes वह feminine
eng_for_hin:S0137L03U05	DETERMINED			चाहती fixes वह feminine
eng_for_hin:S0138L01B01	DETERMINED			चाहता fixes वह masculine
eng_for_hin:S0138L01B02	DETERMINED			चाहती fixes वह feminine
eng_for_hin:S0138L01U01	DETERMINED			चाहती fixes वह feminine
eng_for_hin:S0138L01U02	DETERMINED			चाहता fixes वह masculine
eng_for_hin:S0138L01U05	DETERMINED			चाहती fixes वह
eng_for_hin:S0138L03U02	DETERMINED			चाहती fixes वह
eng_for_hin:S0138L03U04	DETERMINED			चाहता fixes वह
eng_for_hin:S0138L03U05	DETERMINED			चाहती fixes वह
eng_for_hin:S0139L03U05	DETERMINED			चाहती fixes वह
eng_for_hin:S0141L01U02	DETERMINED			मेरा दोस्त = male friend
eng_for_hin:S0143L03U05	DETERMINED			चाहती fixes वह
eng_for_hin:S0147L01B01	DETERMINED			थी fixes वह
eng_for_hin:S0147L01B02	DETERMINED			थी fixes वह
eng_for_hin:S0147L01B03	DETERMINED			थी fixes वह
eng_for_hin:S0147L01U01	DETERMINED			थी fixes वह
eng_for_hin:S0147L01U02	DETERMINED			थी fixes वह
eng_for_hin:S0147L01U03	DETERMINED			थी fixes वह
eng_for_hin:S0147L01U04	DETERMINED			थी fixes वह
eng_for_hin:S0147L01U05	DETERMINED			थी fixes वह
eng_for_hin:S0147L02B01	AMBIGUOUS	when he saw me feeling nervous	when she saw me feeling nervous	ergative उसने; देखा agrees with object
eng_for_hin:S0147L02B02	AMBIGUOUS	when he saw me in the pub	when she saw me in the pub	ergative उसने; देखा agrees with object
eng_for_hin:S0147L02B03	AMBIGUOUS	when he saw me this morning	when she saw me this morning	ergative उसने; देखा agrees with object
eng_for_hin:S0147L02U01	DETERMINED			थी fixes वह
eng_for_hin:S0147L02U02	AMBIGUOUS	that was a surprise when he saw me	that was a surprise when she saw me	ergative उसने; देखा agrees with object
eng_for_hin:S0147L02U03	DETERMINED			थी fixes वह
eng_for_hin:S0147L02U04	DETERMINED			थी fixes वह
eng_for_hin:S0147L02U05	DETERMINED			थी fixes वह
eng_for_hin:S0147L03B01	AMBIGUOUS	when he saw me feeling nervous	when she saw me feeling nervous	ergative उसने; देखा agrees with object
eng_for_hin:S0147L03U01	DETERMINED			थी fixes वह
eng_for_hin:S0147L03U02	AMBIGUOUS	that was a surprise when he saw me feeling nervous	that was a surprise when she saw me feeling nervous	ergative उसने; देखा agrees with object
eng_for_hin:S0147L03U05	DETERMINED			थी fixes वह
eng_for_hin:S0148L01B01	AMBIGUOUS	I think he wasn't very patient	I think she wasn't very patient	ergative उसने; दिखाया agrees with धैर्य
eng_for_hin:S0148L01B02	AMBIGUOUS	I believe that he wasn't very patient	I believe that she wasn't very patient	ergative उसने; दिखाया agrees with धैर्य
eng_for_hin:S0148L01B03	AMBIGUOUS	that is why he wasn't very patient	that is why she wasn't very patient	ergative उसने; दिखाया agrees with धैर्य
eng_for_hin:S0148L01U01	AMBIGUOUS	I'm not sure if he wasn't very patient	I'm not sure if she wasn't very patient	ergative उसने; दिखाया agrees with धैर्य
eng_for_hin:S0148L01U02	AMBIGUOUS	I'm sorry that he wasn't very patient	I'm sorry that she wasn't very patient	ergative उसने; दिखाया agrees with धैर्य
eng_for_hin:S0148L01U03	AMBIGUOUS	I'm surprised he wasn't very patient	I'm surprised she wasn't very patient	ergative उसने; दिखाया agrees with धैर्य
eng_for_hin:S0148L01U04	AMBIGUOUS	that was a surprise because he wasn't very patient	that was a surprise because she wasn't very patient	ergative उसने; दिखाया agrees with धैर्य
eng_for_hin:S0148L01U05	AMBIGUOUS	he wasn't very patient today	she wasn't very patient today	ergative उसने; दिखाया agrees with धैर्य
eng_for_hin:S0148L02B01	DETERMINED			थी fixes वह
eng_for_hin:S0148L02B03	AMBIGUOUS	I think he wasn't very patient when I couldn't answer	I think she wasn't very patient when I couldn't answer	ergative उसने; दिखाया agrees with धैर्य
eng_for_hin:S0148L02U01	AMBIGUOUS	I'm not sure if he wasn't very patient when I couldn't answer	I'm not sure if she wasn't very patient when I couldn't answer	ergative उसने; दिखाया agrees with धैर्य
eng_for_hin:S0148L02U02	DETERMINED			थी fixes वह
eng_for_hin:S0148L02U03	AMBIGUOUS	I believe that he wasn't very patient when I couldn't answer	I believe that she wasn't very patient when I couldn't answer	ergative उसने; दिखाया agrees with धैर्य
eng_for_hin:S0148L02U04	AMBIGUOUS	that is why he wasn't very patient when I couldn't answer	that is why she wasn't very patient when I couldn't answer	ergative उसने; दिखाया agrees with धैर्य
eng_for_hin:S0148L02U05	AMBIGUOUS	I'm sorry that he wasn't very patient when I couldn't answer	I'm sorry that she wasn't very patient when I couldn't answer	ergative उसने; दिखाया agrees with धैर्य
eng_for_hin:S0149L02U04	DETERMINED			मेरा दोस्त = male friend
eng_for_hin:S0150L02U05	DETERMINED			चाहती fixes वह
eng_for_hin:S0152L03U05	DETERMINED			चाहती fixes वह
eng_for_hin:S0153L02U04	DETERMINED			चाहती fixes वह
eng_for_hin:S0154L02U03	DETERMINED			चाहती fixes वह
eng_for_hin:S0155L03U04	DETERMINED			चाहती fixes वह
eng_for_hin:S0156L02U04	DETERMINED			चाहती fixes वह
eng_for_hin:S0157L02U05	DETERMINED			चाहती fixes वह
eng_for_hin:S0157L03U05	DETERMINED			चाहती fixes वह
eng_for_hin:S0158L02U03	DETERMINED			चाहती fixes वह
eng_for_hin:S0160L02U04	DETERMINED			चाहती fixes वह
eng_for_hin:S0162L02U04	DETERMINED			चाहती fixes वह
eng_for_hin:S0164L01U04	DETERMINED			चाहती fixes वह
eng_for_hin:S0166L01U03	DETERMINED			चाहती fixes वह
eng_for_hin:S0170L02U03	DETERMINED			चाहती fixes वह
eng_for_hin:S0176L02C01	AMBIGUOUS	he	she	bare वह, no agreeing verb
eng_for_hin:S0176L02B01	DETERMINED			पाएगा fixes वह
eng_for_hin:S0176L02B03	DETERMINED			पाएगा fixes वह
eng_for_hin:S0176L02U01	DETERMINED			पाएगा fixes वह
eng_for_hin:S0176L02U02	DETERMINED			पाएगा fixes वह
eng_for_hin:S0176L02U03	DETERMINED			पाएगा fixes वह
eng_for_hin:S0176L02U04	DETERMINED			पाएगा fixes वह
eng_for_hin:S0176L02U05	DETERMINED			पाएगा fixes वह
eng_for_hin:S0176L02B04	DETERMINED			पाएगा fixes वह
eng_for_hin:S0176L03C02	AMBIGUOUS	him	her	oblique उससे, no agreeing verb
eng_for_hin:S0176L03B01	AMBIGUOUS	I'll ask him if	I'll ask her if	oblique उससे, no agreeing verb
eng_for_hin:S0176L03B03	AMBIGUOUS	on Sunday I'll ask him if	on Sunday I'll ask her if	oblique उससे, no agreeing verb
eng_for_hin:S0176L03U01	DETERMINED			चाहता fixes वह
eng_for_hin:S0176L03U02	DETERMINED			पाएगा fixes वह
eng_for_hin:S0176L03U03	DETERMINED			चाहता fixes वह
eng_for_hin:S0176L03U04	DETERMINED			पाएगा fixes वह
eng_for_hin:S0176L03U05	DETERMINED			पाएगा fixes वह
eng_for_hin:S0176L03B04	AMBIGUOUS	today I'll ask him if	today I'll ask her if	oblique उससे, no agreeing verb
eng_for_hin:S0177L01B02	DETERMINED			चाहती fixes वह
eng_for_hin:S0177L02C01	AMBIGUOUS	he	she	bare वह, no agreeing verb
eng_for_hin:S0177L02C03	DETERMINED			चाहती fixes वह
eng_for_hin:S0177L02B01	DETERMINED			चाहती fixes वह
eng_for_hin:S0177L02B02	DETERMINED			चाहती fixes वह
eng_for_hin:S0177L02B03	DETERMINED			चाहती fixes वह
eng_for_hin:S0177L02U01	DETERMINED			चाहती fixes वह
eng_for_hin:S0177L02U02	DETERMINED			चाहती fixes वह
eng_for_hin:S0177L02U03	DETERMINED			चाहती fixes वह
eng_for_hin:S0177L02U04	DETERMINED			चाहती fixes वह
eng_for_hin:S0177L02U05	DETERMINED			PARKED: उससे/वह coreference is a judgment call — no pairing written (verifier #245)
eng_for_hin:S0177L03C02	AMBIGUOUS	him	her	oblique उससे, no agreeing verb
eng_for_hin:S0177L03B01	AMBIGUOUS	I'll ask him where	I'll ask her where	उससे oblique; पूछूँगी belongs to मैं
eng_for_hin:S0177L03B02	AMBIGUOUS	I'll ask him where he	I'll ask her where she	उससे and bare वह both unmarked
eng_for_hin:S0177L03B03	AMBIGUOUS	today I'll ask him where	today I'll ask her where	उससे oblique; पूछूँगी belongs to मैं
eng_for_hin:S0177L03U01	DETERMINED			चाहती fixes वह
eng_for_hin:S0177L03U02	DETERMINED			चाहती fixes वह
eng_for_hin:S0177L03U03	DETERMINED			चाहती fixes वह
eng_for_hin:S0177L03U04	DETERMINED			चाहती fixes वह
eng_for_hin:S0177L03U05	DETERMINED			चाहती fixes वह
eng_for_hin:S0197L01B02	DETERMINED			चाहती fixes वह
eng_for_hin:S0197L01B03	DETERMINED			चाहता fixes वह
eng_for_hin:S0197L01U02	DETERMINED			चाहती fixes वह
eng_for_hin:S0197L01U03	DETERMINED			चाहता fixes वह
eng_for_hin:S0197L01U04	DETERMINED			चाहती fixes वह
eng_for_hin:S0197L01U05	DETERMINED			चाहता fixes वह
eng_for_hin:S0197L03U05	DETERMINED			चाहती fixes वह
eng_for_hin:S0198L01B02	DETERMINED			चाहता fixes वह
eng_for_hin:S0198L01B03	DETERMINED			चाहती fixes वह
eng_for_hin:S0198L01U02	DETERMINED			चाहता fixes वह
eng_for_hin:S0198L01U03	DETERMINED			चाहता fixes वह
eng_for_hin:S0198L01U04	DETERMINED			चाहती fixes वह
eng_for_hin:S0199L01B02	DETERMINED			चाहती fixes वह
eng_for_hin:S0199L01U03	DETERMINED			चाहती fixes वह
eng_for_hin:S0200L01U04	DETERMINED			मेरा दोस्त = male friend
eng_for_hin:S0204L03C03	AMBIGUOUS	that he	that she	bare वह, no agreeing verb
eng_for_hin:S0204L03B01	AMBIGUOUS	I wanted him to	I wanted her to	चाहता belongs to मैं; वह unmarked
eng_for_hin:S0204L03B02	AMBIGUOUS	I wanted him to deal with the arrangements	I wanted her to deal with the arrangements	चाहता belongs to मैं; वह unmarked
eng_for_hin:S0204L03B03	AMBIGUOUS	I wanted him to help you today	I wanted her to help you today	चाहता belongs to मैं; वह unmarked
eng_for_hin:S0204L03U01	AMBIGUOUS	I wanted him to help you	I wanted her to help you	चाहता belongs to मैं; वह unmarked
eng_for_hin:S0204L03U02	AMBIGUOUS	I wanted him to help you to deal with the arrangements	I wanted her to help you to deal with the arrangements	चाहता belongs to मैं; वह unmarked
eng_for_hin:S0204L03U03	DETERMINED			जानती fixes वह
eng_for_hin:S0204L03U04	DETERMINED			जानती fixes वह
eng_for_hin:S0204L03U05	AMBIGUOUS	I wanted him to help you now	I wanted her to help you now	चाहता belongs to मैं; वह unmarked
eng_for_hin:S0222L01B01	DETERMINED			रहा है fixes वह
eng_for_hin:S0222L01B02	DETERMINED			रहा है fixes वह
eng_for_hin:S0222L01B03	DETERMINED			रहा है fixes वह
eng_for_hin:S0222L01U01	DETERMINED			रहा है fixes वह
eng_for_hin:S0222L01U02	DETERMINED			रहा है fixes वह
eng_for_hin:S0222L01U03	DETERMINED			रहा है fixes वह
eng_for_hin:S0222L01U04	DETERMINED			रहा है fixes वह
eng_for_hin:S0222L01U05	DETERMINED			रहा है fixes वह
eng_for_hin:S0222L02B01	DETERMINED			चाहता fixes वह
eng_for_hin:S0222L02B02	DETERMINED			चाहता fixes वह
eng_for_hin:S0222L02B03	DETERMINED			चाहता fixes वह
eng_for_hin:S0222L02U01	DETERMINED			चाहता fixes वह
eng_for_hin:S0222L02U02	DETERMINED			चाहता fixes वह
eng_for_hin:S0222L02U03	DETERMINED			चाहता fixes वह
eng_for_hin:S0222L02U04	DETERMINED			चाहता fixes वह
eng_for_hin:S0222L02U05	DETERMINED			चाहता fixes वह
eng_for_hin:S0223L01B01	DETERMINED			वाला है fixes वह
eng_for_hin:S0223L01B02	DETERMINED			वाला है fixes वह
eng_for_hin:S0223L01B03	DETERMINED			वाला है fixes वह
eng_for_hin:S0223L01U01	DETERMINED			वाला है fixes वह
eng_for_hin:S0223L01U02	DETERMINED			वाला है fixes वह
eng_for_hin:S0223L01U03	DETERMINED			वाला है fixes वह
eng_for_hin:S0223L01U04	DETERMINED			वाला है fixes वह
eng_for_hin:S0223L01U05	DETERMINED			वाला है fixes वह
eng_for_hin:S0223L02B01	DETERMINED			वाला है fixes वह
eng_for_hin:S0223L02B02	DETERMINED			वाला है fixes वह
eng_for_hin:S0223L02B03	DETERMINED			वाला है fixes वह
eng_for_hin:S0223L02U01	DETERMINED			वाला है fixes वह
eng_for_hin:S0223L02U02	DETERMINED			वाला है fixes वह
eng_for_hin:S0223L02U03	DETERMINED			वाला है fixes वह
eng_for_hin:S0223L02U04	DETERMINED			वाला है fixes वह
eng_for_hin:S0223L02U05	DETERMINED			वाला है fixes वह
eng_for_hin:S0224L01U01	AMBIGUOUS	he's started to learn	she's started to learn	ergative subject; किया agrees with सीखना
eng_for_hin:S0224L01U02	AMBIGUOUS	he's just started to learn	she's just started to learn	ergative subject; किया agrees with सीखना
eng_for_hin:S0224L01U05	AMBIGUOUS	he's started to learn now	she's started to learn now	ergative subject; किया agrees with सीखना
eng_for_hin:S0225L01B01	DETERMINED			दे देता fixes वह
eng_for_hin:S0225L01B02	DETERMINED			दे देता fixes वह
eng_for_hin:S0225L01B03	DETERMINED			दे देता fixes वह
eng_for_hin:S0225L01U01	DETERMINED			दे देता fixes वह
eng_for_hin:S0225L01U02	DETERMINED			दे देता fixes वह
eng_for_hin:S0225L01U03	DETERMINED			दे देता fixes वह
eng_for_hin:S0225L01U04	DETERMINED			दे देता fixes वह
eng_for_hin:S0225L01U05	DETERMINED			दे देता fixes वह
eng_for_hin:S0225L02B01	DETERMINED			दे देता fixes वह
eng_for_hin:S0225L02B02	DETERMINED			दे देता fixes वह
eng_for_hin:S0225L02B03	DETERMINED			दे देता fixes वह
eng_for_hin:S0225L02U01	DETERMINED			दे देता fixes वह
eng_for_hin:S0225L02U02	DETERMINED			दे देता fixes वह
eng_for_hin:S0225L02U03	DETERMINED			दे देता fixes वह
eng_for_hin:S0225L02U04	DETERMINED			दे देता fixes वह
eng_for_hin:S0225L02U05	DETERMINED			दे देता fixes वह
eng_for_hin:S0229L02B01	DETERMINED			वह औरत is a feminine noun
eng_for_hin:S0229L02B02	DETERMINED			वह औरत is a feminine noun
eng_for_hin:S0229L02B03	DETERMINED			वह औरत is a feminine noun
eng_for_hin:S0229L02U01	DETERMINED			वह औरत is a feminine noun
eng_for_hin:S0229L02U02	DETERMINED			वह औरत is a feminine noun
eng_for_hin:S0229L02U03	DETERMINED			वह औरत is a feminine noun
eng_for_hin:S0229L02U04	DETERMINED			वह औरत is a feminine noun
eng_for_hin:S0229L02U05	DETERMINED			वह औरत is a feminine noun
eng_for_hin:S0230L01U03	DETERMINED			चाहता fixes वह
eng_for_hin:S0235L03B01	DETERMINED			चाहता fixes वह
eng_for_hin:S0235L03B02	DETERMINED			चाहता fixes वह
eng_for_hin:S0235L03B03	DETERMINED			चाहता fixes वह
eng_for_hin:S0235L03U01	DETERMINED			चाहता fixes वह
eng_for_hin:S0235L03U02	DETERMINED			चाहता fixes वह
eng_for_hin:S0235L03U03	DETERMINED			बूढ़े आदमी is a masculine noun
eng_for_hin:S0235L03U04	DETERMINED			चाहता fixes वह
eng_for_hin:S0235L03U05	DETERMINED			चाहता fixes वह
eng_for_hin:S0236L02B01	DETERMINED			वाली है fixes वह
eng_for_hin:S0236L02B02	DETERMINED			वाली है fixes वह
eng_for_hin:S0236L02B03	DETERMINED			वाली है fixes वह
eng_for_hin:S0236L02U01	DETERMINED			वाली है fixes वह
eng_for_hin:S0236L02U02	DETERMINED			वाली है fixes वह
eng_for_hin:S0236L02U03	DETERMINED			वाली है fixes वह
eng_for_hin:S0236L02U04	DETERMINED			वाली है fixes वह
eng_for_hin:S0236L02U05	DETERMINED			वाली है fixes वह
eng_for_hin:S0236L03B01	DETERMINED			वाली है fixes वह
eng_for_hin:S0236L03B02	DETERMINED			चाहता fixes वह
eng_for_hin:S0236L03U01	DETERMINED			वाली है fixes वह
eng_for_hin:S0236L03U03	DETERMINED			चाहता fixes वह
eng_for_hin:S0236L03U04	DETERMINED			वाली है fixes वह
eng_for_hin:S0236L03U05	DETERMINED			चाहता fixes वह
eng_for_hin:S0237L01B01	DETERMINED			चाहता fixes वह
eng_for_hin:S0237L01B03	DETERMINED			चाहती fixes वह
eng_for_hin:S0237L01U01	DETERMINED			चाहता fixes वह
eng_for_hin:S0237L01U03	DETERMINED			चाहता fixes वह
eng_for_hin:S0237L01U04	DETERMINED			चाहता fixes वह
eng_for_hin:S0237L02B01	DETERMINED			चाहता fixes वह
eng_for_hin:S0237L02U01	DETERMINED			चाहता fixes वह
eng_for_hin:S0237L02U04	DETERMINED			वाला है fixes वह
eng_for_hin:S0238L01B01	DETERMINED			चाहता fixes वह
eng_for_hin:S0238L01B03	DETERMINED			चाहती fixes वह
eng_for_hin:S0238L01U01	DETERMINED			चाहता fixes वह
eng_for_hin:S0238L01U02	DETERMINED			चाहता fixes वह
eng_for_hin:S0238L01U04	DETERMINED			चाहता fixes वह
eng_for_hin:S0238L01U05	DETERMINED			चाहता fixes वह
eng_for_hin:S0240L02U05	DETERMINED			रहा है fixes वह
eng_for_hin:S0241L01U01	AMBIGUOUS	I want to give it to him	I want to give it to her	oblique उसे; चाहता belongs to मैं
eng_for_hin:S0241L01U03	AMBIGUOUS	I want to give him more	I want to give her more	oblique उसे; चाहता belongs to मैं
eng_for_hin:S0241L01U05	AMBIGUOUS	I'm going to give it to him	I'm going to give it to her	oblique उसे; वाला belongs to मैं
eng_for_hin:S0242L01U02	AMBIGUOUS	I want to give him more time	I want to give her more time	oblique उसे; चाहता belongs to मैं
eng_for_hin:S0246L02B01	AMBIGUOUS	I wanted him to help you	I wanted her to help you	करे subjunctive; चाहता belongs to मैं
eng_for_hin:S0246L02B02	AMBIGUOUS	I wanted him to help you today	I wanted her to help you today	करे subjunctive; चाहता belongs to मैं
eng_for_hin:S0246L02B03	AMBIGUOUS	I wanted him to help you tomorrow morning	I wanted her to help you tomorrow morning	करे subjunctive; चाहता belongs to मैं
eng_for_hin:S0246L02U01	AMBIGUOUS	I think I wanted him to help you	I think I wanted her to help you	करे subjunctive; चाहता belongs to मैं
eng_for_hin:S0246L02U02	AMBIGUOUS	I wanted him to help you at the weekend	I wanted her to help you at the weekend	करे subjunctive; चाहता belongs to मैं
eng_for_hin:S0246L02U03	AMBIGUOUS	I wanted him to help you this afternoon	I wanted her to help you this afternoon	करे subjunctive; चाहता belongs to मैं
eng_for_hin:S0246L02U04	AMBIGUOUS	I'm not sure if I wanted him to help you	I'm not sure if I wanted her to help you	करे subjunctive; चाहता belongs to मैं
eng_for_hin:S0246L03B01	DETERMINED			थी fixes वह
eng_for_hin:S0246L03B02	DETERMINED			थी fixes वह
eng_for_hin:S0246L03B03	DETERMINED			थी fixes वह
eng_for_hin:S0246L03U01	DETERMINED			थी fixes वह
eng_for_hin:S0246L03U02	DETERMINED			थी fixes वह
eng_for_hin:S0246L03U03	DETERMINED			थी fixes वह
eng_for_hin:S0246L03U04	DETERMINED			थी fixes वह
eng_for_hin:S0246L03U05	DETERMINED			थी fixes वह
eng_for_hin:S0255L01B03	DETERMINED			वाला है fixes वह
eng_for_hin:S0255L01U04	DETERMINED			वाला है fixes वह
eng_for_hin:S0263L01U01	AMBIGUOUS	I don't know what he said	I don't know what she said	ergative उसने; कहा agrees with क्या
eng_for_hin:S0263L01U02	DETERMINED			चाहता fixes वह
eng_for_hin:S0266L01B01	DETERMINED			वे … थे honorific masculine agreement
eng_for_hin:S0266L01B02	DETERMINED			वे … थे honorific masculine agreement
eng_for_hin:S0266L01B03	DETERMINED			वे … थे honorific masculine agreement
eng_for_hin:S0266L01U01	DETERMINED			वे … थे honorific masculine agreement
eng_for_hin:S0266L01U02	DETERMINED			वे … थे honorific masculine agreement
eng_for_hin:S0266L01U03	DETERMINED			वे … थे honorific masculine agreement
eng_for_hin:S0266L01U04	DETERMINED			वे … थे honorific masculine agreement
eng_for_hin:S0266L01U05	DETERMINED			वे … थे honorific masculine agreement
eng_for_hin:S0266L02B01	DETERMINED			वे … थे honorific masculine agreement
eng_for_hin:S0266L02B02	DETERMINED			वे … थे honorific masculine agreement
eng_for_hin:S0266L02U01	DETERMINED			वे … थे honorific masculine agreement
eng_for_hin:S0266L02U04	DETERMINED			वे … थे honorific masculine agreement
eng_for_hin:S0266L03B03	DETERMINED			वे … थे honorific masculine agreement
eng_for_hin:S0266L03U03	DETERMINED			वे … थे honorific masculine agreement
eng_for_hin:S0266L03U05	DETERMINED			वे … थे honorific masculine agreement
eng_for_hin:S0268L01B03	AMBIGUOUS	he sent	she sent	ergative उसने, verb agrees with object
eng_for_hin:S0268L01U01	AMBIGUOUS	he sent me	she sent me	ergative उसने, verb agrees with object
eng_for_hin:S0268L01U02	AMBIGUOUS	he sent them last week	she sent them last week	ergative उसने, verb agrees with object
eng_for_hin:S0268L01U03	AMBIGUOUS	he sent me last week	she sent me last week	ergative उसने, verb agrees with object
eng_for_hin:S0268L01U04	AMBIGUOUS	he sent me this morning	she sent me this morning	ergative उसने, verb agrees with object
eng_for_hin:S0268L01U05	AMBIGUOUS	he sent me and I'm happy	she sent me and I'm happy	ergative उसने, verb agrees with object
eng_for_hin:S0268L02U04	AMBIGUOUS	he sent me an email	she sent me an email	ergative उसने, verb agrees with object
eng_for_hin:S0268L02U05	AMBIGUOUS	he sent an email last week	she sent an email last week	ergative उसने, verb agrees with object
eng_for_hin:S0268L03U01	AMBIGUOUS	he sent me two emails	she sent me two emails	ergative उसने, verb agrees with object
eng_for_hin:S0268L03U02	AMBIGUOUS	he sent me two emails last week	she sent me two emails last week	ergative उसने, verb agrees with object
eng_for_hin:S0268L03U04	AMBIGUOUS	he sent two emails this morning	she sent two emails this morning	ergative उसने, verb agrees with object
eng_for_hin:S0270L02B02	DETERMINED			व्यस्त थी fixes वह
eng_for_hin:S0270L02U05	DETERMINED			वे … थे honorific masculine agreement
eng_for_hin:S0285L01B01	DETERMINED			बोलती है fixes वह
eng_for_hin:S0285L01B02	DETERMINED			बोलती है fixes वह
eng_for_hin:S0285L01B03	DETERMINED			बोलती है fixes वह
eng_for_hin:S0285L01U01	DETERMINED			बोलती है fixes वह
eng_for_hin:S0285L01U02	DETERMINED			बोलती है fixes वह
eng_for_hin:S0285L01U03	DETERMINED			बोलती है fixes वह
eng_for_hin:S0285L01U04	DETERMINED			बोलती है fixes वह
eng_for_hin:S0285L01U05	DETERMINED			बोलती है fixes वह
eng_for_hin:S0289L01B01	DETERMINED			होगी / बोलती है fixes वह
eng_for_hin:S0289L01U01	DETERMINED			बोलती है fixes वह
eng_for_hin:S0289L01U04	DETERMINED			वे … थे honorific masculine agreement
eng_for_hin:S0289L02B01	DETERMINED			होगी / बोलती है fixes वह
eng_for_hin:S0289L02B02	DETERMINED			होगी / बोलती है fixes वह
eng_for_hin:S0289L02B03	DETERMINED			होगी / बोलती है fixes वह
eng_for_hin:S0289L02U01	DETERMINED			होगी / बोलती है fixes वह
eng_for_hin:S0289L02U02	DETERMINED			होगी / बोलती है fixes वह
eng_for_hin:S0289L02U03	DETERMINED			होगी / बोलती है fixes वह
eng_for_hin:S0289L02U04	DETERMINED			होगी / बोलती है fixes वह
eng_for_hin:S0289L02U05	DETERMINED			होगी / बोलती है fixes वह
eng_for_hin:S0290L01C01	AMBIGUOUS	to him	to her	bare oblique उसे, no agreeing verb
eng_for_hin:S0290L01B01	AMBIGUOUS	he knows the answer	she knows the answer	उसे + पता है, invariant predicate
eng_for_hin:S0290L01B02	AMBIGUOUS	he knows the answer now	she knows the answer now	उसे + पता है, invariant predicate
eng_for_hin:S0290L01B03	AMBIGUOUS	he knows the answer or not?	she knows the answer or not?	उसे + पता है, invariant predicate
eng_for_hin:S0290L01B04	AMBIGUOUS	he knows the answer already	she knows the answer already	उसे + पता है, invariant predicate
eng_for_hin:S0290L01U01	AMBIGUOUS	I wonder if he knows the answer	I wonder if she knows the answer	उसे + पता है, invariant predicate
eng_for_hin:S0290L01U02	AMBIGUOUS	I don't know if he knows the answer	I don't know if she knows the answer	उसे + पता है, invariant predicate
eng_for_hin:S0290L01U03	AMBIGUOUS	I wonder if he knows the answer already	I wonder if she knows the answer already	उसे + पता है, invariant predicate
eng_for_hin:S0290L01U04	AMBIGUOUS	I think he knows the answer	I think she knows the answer	उसे + पता है, invariant predicate
eng_for_hin:S0290L01U05	AMBIGUOUS	do you know if he knows the answer?	do you know if she knows the answer?	उसे + पता है, invariant predicate
eng_for_hin:S0293L01U02	AMBIGUOUS	I have to find out what he said	I have to find out what she said	ergative उसने कहा, subject unmarked
eng_for_hin:S0293L02B01	DETERMINED			मिलने वाला है fixes वह
eng_for_hin:S0293L02B02	DETERMINED			मिलने वाला है fixes वह
eng_for_hin:S0293L02B03	DETERMINED			मिलने वाला है fixes वह
eng_for_hin:S0293L02U01	DETERMINED			मिलने वाला है fixes वह
eng_for_hin:S0293L02U02	DETERMINED			मिलने वाला है fixes वह
eng_for_hin:S0293L02U03	DETERMINED			मिलने वाला है fixes वह
eng_for_hin:S0293L02U04	DETERMINED			मिलने वाला है fixes वह
eng_for_hin:S0293L02U05	DETERMINED			मिलने वाला है fixes वह
eng_for_hin:S0295L01U02	DETERMINED			व्यस्त थी fixes वह
eng_for_hin:S0296L01U02	DETERMINED			व्यस्त थी fixes वह
eng_for_hin:S0299L02B01	DETERMINED			चाहता है fixes वह
eng_for_hin:S0301L01B01	DETERMINED			चाहता है fixes coreferent वह and उसने
eng_for_hin:S0301L01B02	DETERMINED			चाहता है fixes coreferent वह and उसने
eng_for_hin:S0301L01B03	DETERMINED			चाहता है fixes coreferent वह and उसने
eng_for_hin:S0301L01U01	DETERMINED			चाहता है fixes coreferent वह and उसने
eng_for_hin:S0301L01U02	DETERMINED			चाहता है fixes coreferent वह and उसने
eng_for_hin:S0301L01U03	DETERMINED			चाहता है fixes coreferent वह and उसने
eng_for_hin:S0301L01U04	DETERMINED			चाहता है fixes coreferent वह and उसने
eng_for_hin:S0301L01U05	DETERMINED			चाहता है fixes coreferent वह and उसने
eng_for_hin:S0301L02B02	DETERMINED			चाहता है fixes coreferent वह and उसने
eng_for_hin:S0301L02U05	DETERMINED			चाहता है fixes coreferent वह and उसने
eng_for_hin:S0302L01B01	DETERMINED			चाहती fixes coreferent वह and उसने
eng_for_hin:S0302L01B02	DETERMINED			चाहती fixes coreferent वह and उसने
eng_for_hin:S0302L01B03	DETERMINED			चाहती fixes coreferent वह and उसने
eng_for_hin:S0302L01U01	DETERMINED			चाहती fixes coreferent वह and उसने
eng_for_hin:S0302L01U02	DETERMINED			चाहती fixes coreferent वह and उसने
eng_for_hin:S0302L01U03	DETERMINED			चाहती fixes coreferent वह and उसने
eng_for_hin:S0302L01U04	DETERMINED			चाहती fixes coreferent वह and उसने
eng_for_hin:S0302L01U05	DETERMINED			चाहती fixes coreferent वह and उसने
eng_for_hin:S0302L02U02	DETERMINED			चाहती fixes coreferent वह and उसने
eng_for_hin:S0303L03B02	DETERMINED			चाहता है fixes वह
eng_for_hin:S0303L03U04	DETERMINED			चाहता है fixes coreferent वह and उसने
eng_for_hin:S0304L03U03	DETERMINED			चाहता है fixes coreferent वह and उसने
eng_for_hin:S0304L04U03	DETERMINED			चाहता है fixes coreferent वह and उसने
eng_for_hin:S0308L02B01	DETERMINED			सहेली + feminine agreement fixes वह
eng_for_hin:S0308L02B02	DETERMINED			सहेली + feminine agreement fixes वह
eng_for_hin:S0308L02B03	DETERMINED			सहेली + feminine agreement fixes वह
eng_for_hin:S0308L02U01	DETERMINED			सहेली + feminine agreement fixes वह
eng_for_hin:S0308L02U02	DETERMINED			सहेली + feminine agreement fixes वह
eng_for_hin:S0308L02U03	DETERMINED			सहेली + feminine agreement fixes वह
eng_for_hin:S0308L02U04	DETERMINED			सहेली + feminine agreement fixes वह
eng_for_hin:S0308L02U05	DETERMINED			सहेली + feminine agreement fixes वह
eng_for_hin:S0308L03B01	DETERMINED			सहेली + feminine agreement fixes वह
eng_for_hin:S0308L03B02	DETERMINED			सहेली + feminine agreement fixes वह
eng_for_hin:S0308L03U01	DETERMINED			सहेली + feminine agreement fixes वह
eng_for_hin:S0308L03U03	DETERMINED			सहेली + feminine agreement fixes वह
eng_for_hin:S0308L03U04	DETERMINED			सहेली + feminine agreement fixes वह
eng_for_hin:S0309L02B01	AMBIGUOUS	to see him	to see her	oblique उसे object, no agreement
eng_for_hin:S0309L02B02	AMBIGUOUS	I know him	I know her	oblique उसे object, no agreement
eng_for_hin:S0309L02B03	AMBIGUOUS	to tell him	to tell her	oblique उसे object, no agreement
eng_for_hin:S0309L02U01	AMBIGUOUS	I've never seen him before	I've never seen her before	oblique उसे object, no agreement
eng_for_hin:S0309L02U02	AMBIGUOUS	I want to meet him today	I want to meet her today	oblique उसे object, no agreement
eng_for_hin:S0309L02U03	AMBIGUOUS	I want to show him something	I want to show her something	oblique उसे object, no agreement
eng_for_hin:S0309L02U04	AMBIGUOUS	I want to tell him	I want to tell her	oblique उसे object, no agreement
eng_for_hin:S0309L02U05	AMBIGUOUS	I know him well	I know her well	oblique उसे object, no agreement
eng_for_hin:S0310L01B01	DETERMINED			सकती थी fixes वह
eng_for_hin:S0310L01B02	DETERMINED			सकती थी fixes वह
eng_for_hin:S0310L01B03	DETERMINED			सकती थी fixes वह
eng_for_hin:S0310L01U01	DETERMINED			सकती थी fixes वह
eng_for_hin:S0310L01U02	DETERMINED			सकती थी fixes वह
eng_for_hin:S0310L01U03	DETERMINED			सकती थी fixes वह
eng_for_hin:S0310L01U04	DETERMINED			सकती थी fixes वह
eng_for_hin:S0310L01U05	DETERMINED			सकती थी fixes वह
eng_for_hin:S0310L03B03	DETERMINED			सकती थी fixes वह
eng_for_hin:S0310L03U01	DETERMINED			सकती थी fixes वह
eng_for_hin:S0310L03U04	DETERMINED			सकती थी fixes वह
eng_for_hin:S0311L01B01	DETERMINED			कर पाया fixes वह
eng_for_hin:S0311L01B02	DETERMINED			कर पाया fixes वह
eng_for_hin:S0311L01B03	DETERMINED			कर पाया fixes वह
eng_for_hin:S0311L01U01	DETERMINED			कर पाया fixes वह
eng_for_hin:S0311L01U02	DETERMINED			कर पाया fixes वह
eng_for_hin:S0311L01U03	DETERMINED			कर पाया fixes वह
eng_for_hin:S0311L01U04	DETERMINED			कर पाया fixes वह
eng_for_hin:S0311L01U05	DETERMINED			कर पाया fixes वह
eng_for_hin:S0311L02B01	DETERMINED			कर पाया fixes वह
eng_for_hin:S0311L02U01	DETERMINED			कर पाया fixes वह
eng_for_hin:S0311L02U04	DETERMINED			कर पाया fixes वह
eng_for_hin:S0312L01B01	DETERMINED			सकती है fixes coreferent वह and उसने
eng_for_hin:S0312L01B02	DETERMINED			सकती है fixes coreferent वह and उसने
eng_for_hin:S0312L01B03	DETERMINED			सकती है fixes coreferent वह and उसने
eng_for_hin:S0312L01U01	DETERMINED			सकती है fixes coreferent वह and उसने
eng_for_hin:S0312L01U02	DETERMINED			सकती है fixes coreferent वह and उसने
eng_for_hin:S0312L01U03	DETERMINED			सकती है fixes coreferent वह and उसने
eng_for_hin:S0312L01U04	DETERMINED			सकती है fixes coreferent वह and उसने
eng_for_hin:S0312L01U05	DETERMINED			सकती है fixes coreferent वह and उसने
eng_for_hin:S0312L02U02	DETERMINED			सकती है fixes coreferent वह and उसने
eng_for_hin:S0312L02U03	DETERMINED			सकती है fixes coreferent वह and उसने
eng_for_hin:S0313L01B01	DETERMINED			देख पाया fixes coreferent वह and उसने
eng_for_hin:S0313L01B02	DETERMINED			देख पाया fixes coreferent वह and उसने
eng_for_hin:S0313L01B03	DETERMINED			देख पाया fixes coreferent वह and उसने
eng_for_hin:S0313L01U01	DETERMINED			देख पाया fixes coreferent वह and उसने
eng_for_hin:S0313L01U02	DETERMINED			देख पाया fixes coreferent वह and उसने
eng_for_hin:S0313L01U03	DETERMINED			देख पाया fixes coreferent वह and उसने
eng_for_hin:S0313L01U04	DETERMINED			देख पाया fixes coreferent वह and उसने
eng_for_hin:S0313L01U05	DETERMINED			देख पाया fixes coreferent वह and उसने
eng_for_hin:S0313L02B01	DETERMINED			देख पाया fixes coreferent वह and उसने
eng_for_hin:S0313L02B02	DETERMINED			देख पाया fixes coreferent वह and उसने
eng_for_hin:S0313L02B03	DETERMINED			देख पाया fixes coreferent वह and उसने
eng_for_hin:S0313L02U01	DETERMINED			देख पाया fixes coreferent वह and उसने
eng_for_hin:S0313L02U02	DETERMINED			देख पाया fixes coreferent वह and उसने
eng_for_hin:S0313L02U03	DETERMINED			देख पाया fixes coreferent वह and उसने
eng_for_hin:S0313L02U04	DETERMINED			देख पाया fixes coreferent वह and उसने
eng_for_hin:S0313L02U05	DETERMINED			देख पाया fixes coreferent वह and उसने
eng_for_hin:S0314L02B01	DETERMINED			सकती थी fixes वह
eng_for_hin:S0314L02B02	DETERMINED			सकती थी fixes वह
eng_for_hin:S0314L02B03	DETERMINED			सकती थी fixes वह
eng_for_hin:S0314L02U01	DETERMINED			सकती थी fixes वह
eng_for_hin:S0314L02U02	DETERMINED			सकती थी fixes वह
eng_for_hin:S0314L02U03	DETERMINED			सकती थी fixes वह
eng_for_hin:S0314L02U04	DETERMINED			सकती थी fixes वह
eng_for_hin:S0314L02U05	DETERMINED			सकती थी fixes वह
eng_for_hin:S0315L02B01	DETERMINED			ख़रीद पाया fixes वह
eng_for_hin:S0315L02B02	DETERMINED			ख़रीद पाया fixes वह
eng_for_hin:S0315L02B03	DETERMINED			ख़रीद पाया fixes वह
eng_for_hin:S0315L02U01	DETERMINED			ख़रीद पाया fixes वह
eng_for_hin:S0315L02U02	DETERMINED			ख़रीद पाया fixes वह
eng_for_hin:S0315L02U03	DETERMINED			ख़रीद पाया fixes वह
eng_for_hin:S0315L02U04	DETERMINED			ख़रीद पाया fixes वह
eng_for_hin:S0315L02U05	DETERMINED			ख़रीद पाया fixes वह
eng_for_hin:S0315L04B01	DETERMINED			चाहता था fixes वह
eng_for_hin:S0315L04B02	DETERMINED			चाहता था fixes वह
eng_for_hin:S0315L04B03	DETERMINED			चाहता था fixes वह
eng_for_hin:S0315L04U01	DETERMINED			चाहता था fixes वह
eng_for_hin:S0315L04U02	DETERMINED			चाहता था fixes वह
eng_for_hin:S0315L04U03	DETERMINED			चाहता था fixes वह
eng_for_hin:S0315L04U04	DETERMINED			चाहता था fixes वह
eng_for_hin:S0315L04U05	DETERMINED			चाहता था fixes वह
eng_for_hin:S0316L01B01	DETERMINED			होगी / बोलती / सकती थी fixes वह
eng_for_hin:S0316L01B03	DETERMINED			होगी / बोलती / सकती थी fixes वह
eng_for_hin:S0316L01U02	DETERMINED			होगी / बोलती / सकती थी fixes वह
eng_for_hin:S0316L01U05	DETERMINED			होगी / बोलती / सकती थी fixes वह
eng_for_hin:S0316L02B01	DETERMINED			ला सकती है fixes वह; अपने भाई reflexive to same subject
eng_for_hin:S0316L02B02	DETERMINED			ला सकती है fixes वह; अपने भाई reflexive to same subject
eng_for_hin:S0316L02B03	DETERMINED			ला सकती है fixes वह; अपने भाई reflexive to same subject
eng_for_hin:S0316L02U01	DETERMINED			ला सकती है fixes वह; अपने भाई reflexive to same subject
eng_for_hin:S0316L02U02	DETERMINED			ला सकती है fixes वह; अपने भाई reflexive to same subject
eng_for_hin:S0316L02U03	DETERMINED			ला सकती है fixes वह; अपने भाई reflexive to same subject
eng_for_hin:S0316L02U04	DETERMINED			ला सकती है fixes वह; अपने भाई reflexive to same subject
eng_for_hin:S0316L02U05	DETERMINED			ला सकती है fixes वह; अपने भाई reflexive to same subject
eng_for_hin:S0316L03B01	DETERMINED			ला सकती है fixes वह; अपने भाई reflexive to same subject
eng_for_hin:S0317L03B01	DETERMINED			ला सकती है fixes वह
eng_for_hin:S0317L03B02	DETERMINED			ला सकती है fixes वह
eng_for_hin:S0317L03B03	DETERMINED			ला सकती है fixes वह
eng_for_hin:S0317L03U01	DETERMINED			ला सकती है fixes वह
eng_for_hin:S0317L03U02	DETERMINED			ला सकती है fixes वह
eng_for_hin:S0317L03U03	DETERMINED			ला सकती है fixes वह
eng_for_hin:S0317L03U04	DETERMINED			ला सकती है fixes वह
eng_for_hin:S0317L03U05	DETERMINED			ला सकती है fixes वह
eng_for_hin:S0318L02B01	DETERMINED			सकती / होगी / बोलती fixes वह
eng_for_hin:S0318L02U01	DETERMINED			सकती / होगी / बोलती fixes वह
eng_for_hin:S0318L02U03	DETERMINED			सकती / होगी / बोलती fixes वह
eng_for_hin:S0318L02U05	DETERMINED			सकती / होगी / बोलती fixes वह
eng_for_hin:S0318L03B01	DETERMINED			सकती / होगी / बोलती fixes वह
eng_for_hin:S0318L03B02	DETERMINED			सकती / होगी / बोलती fixes वह
eng_for_hin:S0318L03B03	DETERMINED			सकती / होगी / बोलती fixes वह
eng_for_hin:S0318L03U01	DETERMINED			सकती / होगी / बोलती fixes वह
eng_for_hin:S0318L03U02	DETERMINED			सकती / होगी / बोलती fixes वह
eng_for_hin:S0318L03U03	DETERMINED			सकती / होगी / बोलती fixes वह
eng_for_hin:S0318L03U04	DETERMINED			सकती / होगी / बोलती fixes वह
eng_for_hin:S0318L03U05	DETERMINED			सकती / होगी / बोलती fixes वह
eng_for_hin:S0319L01B01	AMBIGUOUS	he needs to move	she needs to move	उसे + जाना है obligation, invariant
eng_for_hin:S0319L01B02	AMBIGUOUS	he needs to move now	she needs to move now	उसे + जाना है obligation, invariant
eng_for_hin:S0319L01B03	AMBIGUOUS	he needs to move over there	she needs to move over there	उसे + जाना है obligation, invariant
eng_for_hin:S0319L01U01	AMBIGUOUS	I think that he needs to move	I think that she needs to move	उसे + जाना है obligation, invariant
eng_for_hin:S0319L01U02	AMBIGUOUS	he said that he needs to move	she said that she needs to move	ergative उसने + उसे जाना है, both open
eng_for_hin:S0319L01U03	AMBIGUOUS	he needs to move quickly	she needs to move quickly	उसे + जाना है obligation, invariant
eng_for_hin:S0319L01U04	AMBIGUOUS	he needs to move today	she needs to move today	उसे + जाना है obligation, invariant
eng_for_hin:S0319L01U05	AMBIGUOUS	I think that he needs to move quickly	I think that she needs to move quickly	उसे + जाना है obligation, invariant
eng_for_hin:S0319L02B02	AMBIGUOUS	he needs to move to a different country	she needs to move to a different country	उसे + जाना है obligation, invariant
eng_for_hin:S0319L02U01	AMBIGUOUS	he needs to move to a different country now	she needs to move to a different country now	उसे + जाना है obligation, invariant
eng_for_hin:S0319L02U03	AMBIGUOUS	I think that he needs to move to a different country	I think that she needs to move to a different country	उसे + जाना है obligation, invariant
eng_for_hin:S0319L02U04	DETERMINED			जाना चाहती है fixes वह
eng_for_hin:S0319L02U05	AMBIGUOUS	he said that he needs to move to a different country	she said that she needs to move to a different country	ergative उसने + उसे जाना है, both open
eng_for_hin:S0320L01C01	AMBIGUOUS	he	she	bare oblique उसे, no agreeing verb
eng_for_hin:S0320L01B01	AMBIGUOUS	he doesn't need to buy	she doesn't need to buy	उसे + ज़रूरत नहीं है, invariant predicate
eng_for_hin:S0320L01B02	AMBIGUOUS	he doesn't need to buy my book	she doesn't need to buy my book	उसे + ज़रूरत नहीं है, invariant predicate
eng_for_hin:S0320L01B03	AMBIGUOUS	he doesn't need to buy something	she doesn't need to buy something	उसे + ज़रूरत नहीं है, invariant predicate
eng_for_hin:S0320L01U01	AMBIGUOUS	I think that he doesn't need to buy	I think that she doesn't need to buy	उसे + ज़रूरत नहीं है, invariant predicate
eng_for_hin:S0320L01U02	AMBIGUOUS	he said that he doesn't need to buy	she said that she doesn't need to buy	ergative उसने + उसे ज़रूरत नहीं है, both open
eng_for_hin:S0320L01U03	AMBIGUOUS	he doesn't need to buy something today	she doesn't need to buy something today	उसे + ज़रूरत नहीं है, invariant predicate
eng_for_hin:S0320L01U04	AMBIGUOUS	he doesn't need to buy your car	she doesn't need to buy your car	उसे + ज़रूरत नहीं है, invariant predicate
eng_for_hin:S0320L01U05	AMBIGUOUS	he doesn't need to buy my keys	she doesn't need to buy my keys	उसे + ज़रूरत नहीं है, invariant predicate
eng_for_hin:S0320L02B02	AMBIGUOUS	he doesn't need to buy another television	she doesn't need to buy another television	उसे + ज़रूरत नहीं है, invariant predicate
eng_for_hin:S0320L02U01	AMBIGUOUS	he doesn't need to buy another television now	she doesn't need to buy another television now	उसे + ज़रूरत नहीं है, invariant predicate
eng_for_hin:S0320L02U03	AMBIGUOUS	I think that he doesn't need to buy another television	I think that she doesn't need to buy another television	उसे + ज़रूरत नहीं है, invariant predicate
eng_for_hin:S0320L02U04	DETERMINED			खरीदना चाहता है fixes वह
eng_for_hin:S0320L02U05	AMBIGUOUS	he said that he doesn't need to buy another television	she said that she doesn't need to buy another television	उसने ergative + उसे with ज़रूरत नहीं है, invariant
eng_for_hin:S0320L03U01	AMBIGUOUS	he doesn't need to buy another television this year	she doesn't need to buy another television this year	उसे with ज़रूरत नहीं है, invariant
eng_for_hin:S0320L03U03	AMBIGUOUS	I think that he doesn't need to buy this year	I think that she doesn't need to buy this year	उसे invariant; लगता belongs to the speaker
eng_for_hin:S0320L03U04	DETERMINED			चाहता fixes वह
eng_for_hin:S0320L03U05	AMBIGUOUS	he said that he doesn't need to buy something this year	she said that she doesn't need to buy something this year	उसने ergative + उसे with ज़रूरत नहीं है, invariant
eng_for_hin:S0322L01U05	DETERMINED			चाहती fixes वह
eng_for_hin:S0322L02U01	AMBIGUOUS	he needs to read a book	she needs to read a book	उसे dative; पढ़नी agrees with किताब, not the owner
eng_for_hin:S0322L02U02	AMBIGUOUS	he needs to read a story today	she needs to read a story today	उसे dative; पढ़नी agrees with किताब, not the owner
eng_for_hin:S0322L02U03	AMBIGUOUS	he needs to read an interesting book	she needs to read an interesting book	उसे dative; पढ़नी agrees with किताब, not the owner
eng_for_hin:S0322L02U04	AMBIGUOUS	he needs to read the same book now	she needs to read the same book now	उसे dative; पढ़नी agrees with किताब, not the owner
eng_for_hin:S0322L02U05	AMBIGUOUS	he needs to read my book	she needs to read my book	उसे dative; पढ़नी agrees with किताब, not the owner
eng_for_hin:S0322L03C01	AMBIGUOUS	he said	she said	उसने ergative + उसे dative, nothing agrees with the referent
eng_for_hin:S0322L03C03	AMBIGUOUS	he	she	उसने ergative + उसे dative, nothing agrees with the referent
eng_for_hin:S0322L03B01	AMBIGUOUS	he said that he	she said that she	उसने ergative + उसे dative, nothing agrees with the referent
eng_for_hin:S0322L03B02	AMBIGUOUS	he said that he needs to read a book	she said that she needs to read a book	उसने ergative + उसे dative, nothing agrees with the referent
eng_for_hin:S0322L03B03	AMBIGUOUS	he said that he needs to move	she said that she needs to move	उसने ergative + उसे dative, nothing agrees with the referent
eng_for_hin:S0322L03B04	AMBIGUOUS	he said that he needs to read my book	she said that she needs to read my book	उसने ergative + उसे dative, nothing agrees with the referent
eng_for_hin:S0322L03U01	AMBIGUOUS	he said that he needs to read the same book	she said that she needs to read the same book	उसने ergative + उसे dative, nothing agrees with the referent
eng_for_hin:S0322L03U02	AMBIGUOUS	he said that he needs to read a story	she said that she needs to read a story	उसने ergative + उसे dative, nothing agrees with the referent
eng_for_hin:S0322L03U03	AMBIGUOUS	he said that he needs to move today	she said that she needs to move today	उसने ergative + उसे dative, nothing agrees with the referent
eng_for_hin:S0322L03U04	AMBIGUOUS	he said that he needs to read an interesting book	she said that she needs to read an interesting book	उसने ergative + उसे dative, nothing agrees with the referent
eng_for_hin:S0322L03U05	AMBIGUOUS	he said that he needs to read a book now	she said that she needs to read a book now	उसने ergative + उसे dative, nothing agrees with the referent
eng_for_hin:S0324L02B01	DETERMINED			छात्रा is a feminine noun
eng_for_hin:S0324L02B02	DETERMINED			छात्रा is a feminine noun
eng_for_hin:S0324L02B03	DETERMINED			छात्रा is a feminine noun
eng_for_hin:S0324L02U01	DETERMINED			छात्रा is a feminine noun
eng_for_hin:S0324L02U02	DETERMINED			छात्रा is a feminine noun
eng_for_hin:S0324L02U03	DETERMINED			छात्रा is a feminine noun
eng_for_hin:S0324L02U04	DETERMINED			छात्रा is a feminine noun
eng_for_hin:S0324L02U05	DETERMINED			छात्रा is a feminine noun
eng_for_hin:S0325L01U05	AMBIGUOUS	he has to think about possible problems	she has to think about possible problems	उसे dative; सोचना है invariant
eng_for_hin:S0325L02B04	AMBIGUOUS	he needs to consider	she needs to consider	उसे dative; करना होगा invariant
eng_for_hin:S0325L02U01	AMBIGUOUS	he needs to consider possible problems	she needs to consider possible problems	उसे dative; करना होगा invariant
eng_for_hin:S0325L02U02	AMBIGUOUS	he needs to consider some possible problems	she needs to consider some possible problems	उसे dative; करना होगा invariant
eng_for_hin:S0325L02U03	AMBIGUOUS	I think he needs to consider this	I think she needs to consider this	उसे dative; करना होगा invariant
eng_for_hin:S0325L02U04	AMBIGUOUS	he needs to consider it	she needs to consider it	उसे dative; करना होगा invariant
eng_for_hin:S0325L02U05	AMBIGUOUS	he needs to consider more problems	she needs to consider more problems	उसे dative; करना होगा invariant
eng_for_hin:S0325L03U01	AMBIGUOUS	he needs to consider ten possible problems	she needs to consider ten possible problems	उसे dative; करना होगा invariant
eng_for_hin:S0325L03U02	AMBIGUOUS	I think that he needs to consider ten possible problems	I think that she needs to consider ten possible problems	उसे dative; करना होगा invariant
eng_for_hin:S0325L03U03	AMBIGUOUS	he needs to consider ten problems	she needs to consider ten problems	उसे dative; करना होगा invariant
eng_for_hin:S0325L03U05	AMBIGUOUS	he sent me ten emails	she sent me ten emails	उसने ergative; भेजे agrees with ईमेल
eng_for_hin:S0326L01U01	AMBIGUOUS	he needs to sell a book	she needs to sell a book	उसे dative; ज़रूरत है invariant
eng_for_hin:S0326L01U02	AMBIGUOUS	he needs to sell a story	she needs to sell a story	उसे dative; ज़रूरत है invariant
eng_for_hin:S0326L01U03	AMBIGUOUS	he needs to sell a book today	she needs to sell a book today	उसे dative; ज़रूरत है invariant
eng_for_hin:S0326L01U04	AMBIGUOUS	he needs to sell the same book	she needs to sell the same book	उसे dative; ज़रूरत है invariant
eng_for_hin:S0326L01U05	AMBIGUOUS	I don't think that he needs to sell something	I don't think that she needs to sell something	उसे dative; ज़रूरत है invariant
eng_for_hin:S0326L02U01	AMBIGUOUS	he needs to sell the company	she needs to sell the company	उसे dative; ज़रूरत है invariant
eng_for_hin:S0326L02U02	AMBIGUOUS	I don't think that he needs to sell the company	I don't think that she needs to sell the company	उसे dative; ज़रूरत है invariant
eng_for_hin:S0326L02U03	AMBIGUOUS	he needs to sell the company today	she needs to sell the company today	उसे dative; ज़रूरत है invariant
eng_for_hin:S0326L02U05	AMBIGUOUS	I don't think that he needs to sell the company today	I don't think that she needs to sell the company today	उसे dative; ज़रूरत है invariant
eng_for_hin:S0327L01U01	AMBIGUOUS	he needs to offer help	she needs to offer help	उसे dative; करना होगा invariant
eng_for_hin:S0327L01U02	AMBIGUOUS	he needs to offer an idea	she needs to offer an idea	उसे dative; करना होगा invariant
eng_for_hin:S0327L01U03	AMBIGUOUS	he needs to offer something	she needs to offer something	उसे dative; करना होगा invariant
eng_for_hin:S0327L01U04	AMBIGUOUS	he needs to offer a good idea	she needs to offer a good idea	उसे dative; करना होगा invariant
eng_for_hin:S0327L01U05	AMBIGUOUS	do you think that he needs to offer something?	do you think that she needs to offer something?	उसे dative; करना होगा invariant
eng_for_hin:S0327L02U01	AMBIGUOUS	he needs to offer another way	she needs to offer another way	उसे dative; करना होगा invariant
eng_for_hin:S0327L02U02	AMBIGUOUS	do you think that he needs to offer another way?	do you think that she needs to offer another way?	उसे dative; करना होगा invariant
eng_for_hin:S0327L02U03	AMBIGUOUS	he needs to offer another way today	she needs to offer another way today	उसे dative; करना होगा invariant
eng_for_hin:S0327L02U04	AMBIGUOUS	I don't think that he needs to offer another way	I don't think that she needs to offer another way	उसे dative; करना होगा invariant
eng_for_hin:S0327L02U05	AMBIGUOUS	he needs to offer another way quickly	she needs to offer another way quickly	उसे dative; करना होगा invariant
eng_for_hin:S0328L01C01	AMBIGUOUS	he	she	उसे dative; चाहिए invariant
eng_for_hin:S0328L01B01	AMBIGUOUS	he ought to	she ought to	उसे dative; चाहिए invariant
eng_for_hin:S0328L01B02	AMBIGUOUS	yes he ought to	yes she ought to	उसे dative; चाहिए invariant
eng_for_hin:S0328L01B03	AMBIGUOUS	I think he ought to	I think she ought to	उसे dative; चाहिए invariant
eng_for_hin:S0328L01B04	AMBIGUOUS	I don't think he ought to	I don't think she ought to	उसे dative; चाहिए invariant
eng_for_hin:S0328L01U01	AMBIGUOUS	yes I think he ought to	yes I think she ought to	उसे dative; चाहिए invariant
eng_for_hin:S0328L01U02	AMBIGUOUS	I don't think that he ought to	I don't think that she ought to	उसे dative; चाहिए invariant
eng_for_hin:S0328L01U03	AMBIGUOUS	do you think that he ought to?	do you think that she ought to?	उसे dative; चाहिए invariant
eng_for_hin:S0328L01U04	AMBIGUOUS	he ought to now	she ought to now	उसे dative; चाहिए invariant
eng_for_hin:S0328L01U05	AMBIGUOUS	he ought to today	she ought to today	उसे dative; चाहिए invariant
eng_for_hin:S0331L01B01	DETERMINED			सकती fixes वह
eng_for_hin:S0331L01B02	DETERMINED			सकती fixes वह
eng_for_hin:S0331L01B03	DETERMINED			सकती fixes वह
eng_for_hin:S0331L01U01	DETERMINED			सकती fixes वह
eng_for_hin:S0331L01U02	DETERMINED			सकती fixes वह
eng_for_hin:S0331L01U03	DETERMINED			सकती fixes वह
eng_for_hin:S0331L01U04	DETERMINED			सकती fixes वह
eng_for_hin:S0331L01U05	DETERMINED			सकती fixes वह
eng_for_hin:S0331L02B01	DETERMINED			सकती fixes वह
eng_for_hin:S0331L02U01	DETERMINED			सकती fixes वह
eng_for_hin:S0331L02U04	DETERMINED			सकती fixes वह
eng_for_hin:S0332L01B01	DETERMINED			सकता fixes वह
eng_for_hin:S0332L01B02	DETERMINED			सकता fixes वह
eng_for_hin:S0332L01B03	DETERMINED			सकता fixes वह
eng_for_hin:S0332L01U01	DETERMINED			सकता fixes वह
eng_for_hin:S0332L01U02	DETERMINED			सकता fixes वह
eng_for_hin:S0332L01U03	DETERMINED			सकता fixes वह
eng_for_hin:S0332L01U04	DETERMINED			सकता fixes वह
eng_for_hin:S0332L01U05	DETERMINED			सकता fixes वह
eng_for_hin:S0332L03B01	DETERMINED			सकता fixes वह; अपनी reflexive to that fixed subject
eng_for_hin:S0332L03B02	DETERMINED			सकता fixes वह; अपनी reflexive to that fixed subject
eng_for_hin:S0332L03B03	DETERMINED			सकता fixes वह; अपनी reflexive to that fixed subject
eng_for_hin:S0332L03U01	DETERMINED			सकता fixes वह; अपनी reflexive to that fixed subject
eng_for_hin:S0332L03U02	DETERMINED			सकता fixes वह; अपनी reflexive to that fixed subject
eng_for_hin:S0332L03U03	DETERMINED			सकता fixes वह; अपनी reflexive to that fixed subject
eng_for_hin:S0332L03U04	DETERMINED			सकता fixes वह; अपनी reflexive to that fixed subject
eng_for_hin:S0332L03U05	DETERMINED			सकता fixes वह; अपनी reflexive to that fixed subject
eng_for_hin:S0333L01B01	DETERMINED			सकती fixes वह, coreferential with उसने
eng_for_hin:S0333L01B02	DETERMINED			सकती fixes वह, coreferential with उसने
eng_for_hin:S0333L01B03	DETERMINED			सकती fixes वह, coreferential with उसने
eng_for_hin:S0333L01U01	DETERMINED			सकती fixes वह, coreferential with उसने
eng_for_hin:S0333L01U02	DETERMINED			सकती fixes वह, coreferential with उसने
eng_for_hin:S0333L01U03	DETERMINED			सकती fixes वह, coreferential with उसने
eng_for_hin:S0333L01U04	DETERMINED			सकती fixes वह, coreferential with उसने
eng_for_hin:S0333L01U05	DETERMINED			सकती fixes वह, coreferential with उसने
eng_for_hin:S0333L02B01	DETERMINED			सकती fixes वह, coreferential with उसने
eng_for_hin:S0333L02U02	DETERMINED			सकती fixes वह, coreferential with उसने
eng_for_hin:S0334L01B01	DETERMINED			सकता fixes वह, coreferential with उसने
eng_for_hin:S0334L01B02	DETERMINED			सकता fixes वह, coreferential with उसने
eng_for_hin:S0334L01B03	DETERMINED			सकता fixes वह, coreferential with उसने
eng_for_hin:S0334L01U01	DETERMINED			सकता fixes वह, coreferential with उसने
eng_for_hin:S0334L01U02	DETERMINED			सकता fixes वह, coreferential with उसने
eng_for_hin:S0334L01U03	DETERMINED			सकता fixes वह, coreferential with उसने
eng_for_hin:S0334L01U04	DETERMINED			सकता fixes वह, coreferential with उसने
eng_for_hin:S0334L01U05	DETERMINED			सकता fixes वह, coreferential with उसने
eng_for_hin:S0334L02B01	DETERMINED			सकता fixes वह, coreferential with उसने
eng_for_hin:S0334L02B02	DETERMINED			सकता fixes वह, coreferential with उसने
eng_for_hin:S0334L02B03	DETERMINED			सकता fixes वह, coreferential with उसने
eng_for_hin:S0334L02U01	DETERMINED			सकता fixes वह, coreferential with उसने
eng_for_hin:S0334L02U02	DETERMINED			सकता fixes वह, coreferential with उसने
eng_for_hin:S0334L02U03	DETERMINED			सकता fixes वह, coreferential with उसने
eng_for_hin:S0334L02U04	DETERMINED			सकता fixes वह, coreferential with उसने
eng_for_hin:S0334L02U05	DETERMINED			सकता fixes वह, coreferential with उसने
eng_for_hin:S0335L02B01	DETERMINED			सकता fixes वह
eng_for_hin:S0335L02B02	DETERMINED			सकता fixes वह
eng_for_hin:S0335L02B03	DETERMINED			सकता fixes वह
eng_for_hin:S0335L02U01	DETERMINED			सकता fixes वह
eng_for_hin:S0335L02U02	DETERMINED			सकता fixes वह
eng_for_hin:S0335L02U03	DETERMINED			सकता fixes वह
eng_for_hin:S0335L02U04	DETERMINED			सकता fixes वह
eng_for_hin:S0335L02U05	DETERMINED			सकता fixes वह
eng_for_hin:S0335L03B01	DETERMINED			सकता fixes वह
eng_for_hin:S0335L03U01	DETERMINED			सकता fixes वह
eng_for_hin:S0335L03U03	DETERMINED			सकता fixes वह
eng_for_hin:S0335L03U05	DETERMINED			सकता fixes वह
eng_for_hin:S0336L01B01	DETERMINED			सकती fixes वह; लगता belongs to the speaker
eng_for_hin:S0336L01B02	DETERMINED			सकती fixes वह; लगता belongs to the speaker
eng_for_hin:S0336L01B03	DETERMINED			सकती fixes वह; लगता belongs to the speaker
eng_for_hin:S0336L01U01	DETERMINED			सकती fixes वह; लगता belongs to the speaker
eng_for_hin:S0336L01U02	DETERMINED			सकती fixes वह; लगता belongs to the speaker
eng_for_hin:S0336L01U03	DETERMINED			सकती fixes वह; लगता belongs to the speaker
eng_for_hin:S0336L01U04	DETERMINED			सकती fixes वह; लगता belongs to the speaker
eng_for_hin:S0336L01U05	DETERMINED			सकती fixes वह; लगता belongs to the speaker
eng_for_hin:S0336L02B03	DETERMINED			सकती fixes वह; लगता belongs to the speaker
eng_for_hin:S0336L02U04	DETERMINED			सकती fixes वह; लगता belongs to the speaker
eng_for_hin:S0337L02B01	DETERMINED			सकता fixes वह
eng_for_hin:S0337L02B02	DETERMINED			सकता fixes वह
eng_for_hin:S0337L02B03	DETERMINED			सकता fixes वह
eng_for_hin:S0337L02U01	DETERMINED			सकता fixes वह
eng_for_hin:S0337L02U02	DETERMINED			सकता fixes वह
eng_for_hin:S0337L02U03	DETERMINED			सकता fixes वह
eng_for_hin:S0337L02U04	DETERMINED			सकता fixes वह
eng_for_hin:S0337L02U05	DETERMINED			सकता fixes वह
eng_for_hin:S0337L03U03	DETERMINED			सकता fixes वह
eng_for_hin:S0338L01B02	DETERMINED			बोलती fixes वह
eng_for_hin:S0338L01U03	DETERMINED			बोलती fixes वह
eng_for_hin:S0339L01U01	DETERMINED			बोलती fixes वह
eng_for_hin:S0339L01U02	DETERMINED			बोलती fixes वह
eng_for_hin:S0339L01U03	DETERMINED			बोलती fixes वह
eng_for_hin:S0339L01U04	DETERMINED			बोलती fixes वह
eng_for_hin:S0339L01U05	DETERMINED			बोलती fixes वह
eng_for_hin:S0339L02B02	AMBIGUOUS	he's hurt me badly	she's hurt me badly	उसने ergative; पहुँचाई agrees with चोट
eng_for_hin:S0339L02B03	AMBIGUOUS	he's hurt you quite badly	she's hurt you quite badly	उसने ergative; पहुँचाई agrees with चोट
eng_for_hin:S0339L02B04	AMBIGUOUS	he's hurt me today	she's hurt me today	उसने ergative; पहुँचाई agrees with चोट
eng_for_hin:S0339L02U01	AMBIGUOUS	he's hurt me	she's hurt me	उसने ergative; पहुँचाई agrees with चोट
eng_for_hin:S0339L02U02	AMBIGUOUS	he's hurt you	she's hurt you	उसने ergative; पहुँचाई agrees with चोट
eng_for_hin:S0339L02U03	AMBIGUOUS	I think he's hurt me	I think she's hurt me	उसने ergative; पहुँचाई agrees with चोट
eng_for_hin:S0339L02U04	AMBIGUOUS	he's hurt me quite badly	she's hurt me quite badly	उसने ergative; पहुँचाई agrees with चोट
eng_for_hin:S0339L02U05	AMBIGUOUS	no he's hurt me badly	no she's hurt me badly	उसने ergative; पहुँचाई agrees with चोट
eng_for_hin:S0339L03B01	AMBIGUOUS	hurt himself	hurt herself	खुद is gender-neutral; उसने ergative
eng_for_hin:S0339L03B02	AMBIGUOUS	hurt himself badly	hurt herself badly	खुद is gender-neutral; उसने ergative
eng_for_hin:S0339L03B03	AMBIGUOUS	himself quite badly	herself quite badly	खुद is gender-neutral; उसने ergative
eng_for_hin:S0339L03U01	AMBIGUOUS	he's hurt himself	she's hurt herself	खुद is gender-neutral; उसने ergative
eng_for_hin:S0339L03U02	AMBIGUOUS	no I think he's hurt himself quite badly	no I think she's hurt herself quite badly	खुद is gender-neutral; उसने ergative
eng_for_hin:S0339L03U03	AMBIGUOUS	I think he's hurt himself badly	I think she's hurt herself badly	खुद is gender-neutral; उसने ergative
eng_for_hin:S0339L03U04	AMBIGUOUS	he's hurt himself quite badly	she's hurt herself quite badly	खुद is gender-neutral; उसने ergative
eng_for_hin:S0339L03U05	AMBIGUOUS	no he's hurt himself	no she's hurt herself	खुद is gender-neutral; उसने ergative
eng_for_hin:S0340L02B03	DETERMINED			feminine agreement (होगी/बोलती/सकती थी) fixes वह
eng_for_hin:S0340L02U03	DETERMINED			feminine agreement (होगी/बोलती/सकती थी) fixes वह
eng_for_hin:S0340L02U05	DETERMINED			feminine agreement (होगी/बोलती/सकती थी) fixes वह
eng_for_hin:S0340L03B01	DETERMINED			जाएगा fixes वह
eng_for_hin:S0340L03B02	DETERMINED			जाएगा fixes वह
eng_for_hin:S0340L03B03	DETERMINED			जाएगा fixes वह
eng_for_hin:S0340L03U01	DETERMINED			जाएगा fixes वह
eng_for_hin:S0340L03U02	DETERMINED			जाएगा fixes वह
eng_for_hin:S0340L03U03	DETERMINED			जाएगा fixes वह
eng_for_hin:S0340L03U04	DETERMINED			जाएगा fixes वह
eng_for_hin:S0340L03U05	DETERMINED			जाएगा fixes वह
eng_for_hin:S0341L02B01	DETERMINED			थी/पाया agreement fixes वह
eng_for_hin:S0341L02B03	DETERMINED			थी/पाया agreement fixes वह
eng_for_hin:S0341L02U01	DETERMINED			थी/पाया agreement fixes वह
eng_for_hin:S0341L02U02	DETERMINED			थी/पाया agreement fixes वह
eng_for_hin:S0341L02U04	DETERMINED			थी/पाया agreement fixes वह
eng_for_hin:S0341L02U05	DETERMINED			थी/पाया agreement fixes वह
eng_for_hin:S0343L02U01	AMBIGUOUS	he's worried about the economy	she's worried about the economy	चिंतित does not inflect
eng_for_hin:S0343L02U04	AMBIGUOUS	who said that he's worried about the economy	who said that she's worried about the economy	चिंतित does not inflect
eng_for_hin:S0343L02U05	AMBIGUOUS	I'm sure he's worried about the economy	I'm sure she's worried about the economy	चिंतित does not inflect
eng_for_hin:S0343L03C01	AMBIGUOUS	he	she	चिंतित does not inflect
eng_for_hin:S0343L03B01	AMBIGUOUS	he's worried	she's worried	चिंतित does not inflect
eng_for_hin:S0343L03B02	AMBIGUOUS	he's very worried	she's very worried	चिंतित does not inflect
eng_for_hin:S0343L03B03	AMBIGUOUS	he's worried now	she's worried now	चिंतित does not inflect
eng_for_hin:S0343L03U01	AMBIGUOUS	I think he's worried	I think she's worried	चिंतित does not inflect
eng_for_hin:S0343L03U02	AMBIGUOUS	he's worried about it	she's worried about it	चिंतित does not inflect
eng_for_hin:S0343L03U03	AMBIGUOUS	he's worried today	she's worried today	चिंतित does not inflect
eng_for_hin:S0343L03U04	AMBIGUOUS	he's not worried	she's not worried	चिंतित does not inflect
eng_for_hin:S0343L03U05	AMBIGUOUS	I'm sure he's worried	I'm sure she's worried	चिंतित does not inflect
eng_for_hin:S0344L02U02	AMBIGUOUS	he's ready to help you	she's ready to help you	तैयार does not inflect
eng_for_hin:S0344L02U04	AMBIGUOUS	I'm sure he's happy to help you	I'm sure she's happy to help you	खुश does not inflect
eng_for_hin:S0344L03C01	AMBIGUOUS	he	she	खुश does not inflect
eng_for_hin:S0344L03B01	AMBIGUOUS	he's happy	she's happy	खुश does not inflect
eng_for_hin:S0344L03B02	AMBIGUOUS	he's very happy	she's very happy	खुश does not inflect
eng_for_hin:S0344L03B03	AMBIGUOUS	he's happy about it	she's happy about it	खुश does not inflect
eng_for_hin:S0344L03U01	AMBIGUOUS	I'm sure he's happy	I'm sure she's happy	खुश does not inflect
eng_for_hin:S0344L03U02	AMBIGUOUS	he's happy to help you	she's happy to help you	खुश does not inflect
eng_for_hin:S0344L03U03	AMBIGUOUS	I think he's happy	I think she's happy	खुश does not inflect
eng_for_hin:S0344L03U04	AMBIGUOUS	he's very happy today	she's very happy today	खुश does not inflect
eng_for_hin:S0344L03U05	AMBIGUOUS	who said that he's happy to help you	who said that she's happy to help you	खुश does not inflect
eng_for_hin:S0345L02U02	AMBIGUOUS	he's not ready to leave	she's not ready to leave	तैयार does not inflect
eng_for_hin:S0345L02U04	AMBIGUOUS	he's happy to leave	she's happy to leave	खुश does not inflect
eng_for_hin:S0345L02U05	AMBIGUOUS	I'm sure he's ready to leave	I'm sure she's ready to leave	तैयार does not inflect
eng_for_hin:S0345L04C01	AMBIGUOUS	he	she	तैयार does not inflect
eng_for_hin:S0345L04B01	AMBIGUOUS	he's not ready	she's not ready	तैयार does not inflect
eng_for_hin:S0345L04B02	AMBIGUOUS	he's not ready now	she's not ready now	तैयार does not inflect
eng_for_hin:S0345L04B03	AMBIGUOUS	he's not quite ready	she's not quite ready	तैयार does not inflect
eng_for_hin:S0345L04U01	AMBIGUOUS	I think he's not ready	I think she's not ready	तैयार does not inflect
eng_for_hin:S0345L04U02	AMBIGUOUS	I'm sure he's not ready	I'm sure she's not ready	तैयार does not inflect
eng_for_hin:S0345L04U03	AMBIGUOUS	who said that he's not ready	who said that she's not ready	तैयार does not inflect
eng_for_hin:S0345L04U04	AMBIGUOUS	he's not ready today	she's not ready today	तैयार does not inflect
eng_for_hin:S0345L04U05	AMBIGUOUS	he's not ready to help you	she's not ready to help you	तैयार does not inflect
eng_for_hin:S0346L01C01	AMBIGUOUS	his	her	उसकी possessive, owner unmarked
eng_for_hin:S0346L01B01	AMBIGUOUS	his book	her book	उसकी possessive, owner unmarked
eng_for_hin:S0346L01B02	AMBIGUOUS	to read his book	to read her book	उसकी possessive, owner unmarked
eng_for_hin:S0346L01B03	AMBIGUOUS	his book now	her book now	उसकी possessive, owner unmarked
eng_for_hin:S0346L01B04	AMBIGUOUS	his book here	her book here	उसकी possessive, owner unmarked
eng_for_hin:S0346L01U01	AMBIGUOUS	I like his book	I like her book	उसकी possessive, owner unmarked
eng_for_hin:S0346L01U02	AMBIGUOUS	I want to read his book	I want to read her book	उसकी possessive, owner unmarked
eng_for_hin:S0346L01U03	AMBIGUOUS	he wants to read his book	he wants to read her book	चाहता fixes the subject; उसकी possessive owner unmarked
eng_for_hin:S0346L01U04	AMBIGUOUS	I like his book a lot	I like her book a lot	उसकी possessive, owner unmarked
eng_for_hin:S0346L01U05	AMBIGUOUS	do you want to read his book?	do you want to read her book?	उसकी possessive, owner unmarked
eng_for_hin:S0346L02U01	AMBIGUOUS	I liked his book	I liked her book	उसकी possessive, owner unmarked
eng_for_hin:S0346L02U05	AMBIGUOUS	I liked his book a lot	I liked her book a lot	उसकी possessive, owner unmarked
eng_for_hin:S0346L03B02	AMBIGUOUS	him to know	her to know	उसे dative; पता हो invariant
eng_for_hin:S0346L03U01	AMBIGUOUS	I wanted him to know	I wanted her to know	उसे dative; पता हो invariant
eng_for_hin:S0346L03U02	AMBIGUOUS	I wanted him to know that it's important	I wanted her to know that it's important	उसे dative; पता हो invariant
eng_for_hin:S0346L03U03	AMBIGUOUS	I wanted him to know that I liked this book	I wanted her to know that I liked this book	उसे dative; पता हो invariant
eng_for_hin:S0346L03U04	AMBIGUOUS	I wanted him to know that I liked that book	I wanted her to know that I liked that book	उसे dative; पता हो invariant
eng_for_hin:S0346L03U05	AMBIGUOUS	I wanted him to know that it's very important	I wanted her to know that it's very important	उसे dative; पता हो invariant
eng_for_hin:S0346L04C02	AMBIGUOUS	him to	her to	उसे dative; पता हो invariant
eng_for_hin:S0346L04B01	AMBIGUOUS	I wanted him to	I wanted her to	उसे dative; पता हो invariant
eng_for_hin:S0346L04B02	AMBIGUOUS	yes I wanted him to	yes I wanted her to	उसे dative; पता हो invariant
eng_for_hin:S0346L04B03	AMBIGUOUS	no I wanted him to	no I wanted her to	उसे dative; पता हो invariant
eng_for_hin:S0346L04B04	AMBIGUOUS	of course I wanted him to	of course I wanted her to	उसे dative; पता हो invariant
eng_for_hin:S0346L04U01	AMBIGUOUS	I wanted him to know that I liked his book	I wanted her to know that I liked her book	उसे dative + उसकी possessive, owner unmarked
eng_for_hin:S0346L04U02	AMBIGUOUS	I wanted him to know	I wanted her to know	उसे dative; पता हो invariant
eng_for_hin:S0346L04U03	AMBIGUOUS	I wanted him to know that it's important	I wanted her to know that it's important	उसे dative; पता हो invariant
eng_for_hin:S0346L04U04	AMBIGUOUS	I wanted him to know that I liked this story	I wanted her to know that I liked this story	उसे dative; पता हो invariant
eng_for_hin:S0346L04U05	AMBIGUOUS	I wanted him to like his book	I wanted her to like her book	उसे dative + उसकी possessive, owner unmarked
eng_for_hin:S0347L01B01	DETERMINED			चाहता था fixes वह
eng_for_hin:S0347L01B02	DETERMINED			चाहता था fixes वह
eng_for_hin:S0347L01B03	DETERMINED			चाहता था fixes वह
eng_for_hin:S0347L01U01	DETERMINED			चाहता fixes the referent
eng_for_hin:S0347L01U02	DETERMINED			चाहता fixes the referent
eng_for_hin:S0347L01U03	DETERMINED			चाहता fixes the referent
eng_for_hin:S0347L01U04	AMBIGUOUS	he wanted to know what he said	he wanted to know what she said	उसने ergative, that referent unmarked
eng_for_hin:S0347L01U05	DETERMINED			चाहता fixes the referent
eng_for_hin:S0347L02B01	DETERMINED			चाहता fixes the referent
eng_for_hin:S0347L03B01	DETERMINED			थी fixes the referent
eng_for_hin:S0347L03U01	DETERMINED			थी fixes the referent
eng_for_hin:S0347L03U02	DETERMINED			पाया fixes the referent
eng_for_hin:S0347L03U04	DETERMINED			सकती fixes the referent
eng_for_hin:S0348L01B01	DETERMINED			चाहती fixes the referent
eng_for_hin:S0348L01B02	DETERMINED			चाहती fixes the referent
eng_for_hin:S0348L01B03	DETERMINED			चाहती fixes the referent
eng_for_hin:S0348L01U01	DETERMINED			चाहती fixes the referent
eng_for_hin:S0348L01U02	DETERMINED			चाहती fixes the referent
eng_for_hin:S0348L01U03	AMBIGUOUS	she didn't want to know what he said	she didn't want to know what she said	उसने ergative, that referent unmarked
eng_for_hin:S0348L01U04	DETERMINED			चाहती fixes the referent
eng_for_hin:S0348L01U05	DETERMINED			चाहती fixes the referent
eng_for_hin:S0349L01B01	DETERMINED			चाहता fixes the referent
eng_for_hin:S0349L01B02	DETERMINED			चाहता fixes the referent
eng_for_hin:S0349L01B03	DETERMINED			चाहता fixes the referent
eng_for_hin:S0349L01U01	DETERMINED			चाहता fixes the referent
eng_for_hin:S0349L01U02	DETERMINED			चाहता fixes the referent
eng_for_hin:S0349L01U03	DETERMINED			चाहता fixes the referent
eng_for_hin:S0349L01U04	DETERMINED			चाहता fixes the referent
eng_for_hin:S0349L01U05	DETERMINED			चाहता fixes the referent
eng_for_hin:S0349L02U01	DETERMINED			चाहता fixes the referent
eng_for_hin:S0350L03B02	DETERMINED			चाहता fixes the referent
eng_for_hin:S0350L03U03	DETERMINED			चाहता fixes the referent
eng_for_hin:S0351L03B01	DETERMINED			चाहता fixes the referent
eng_for_hin:S0351L03B02	DETERMINED			चाहता fixes the referent
eng_for_hin:S0351L03U01	DETERMINED			चाहता fixes the referent
eng_for_hin:S0351L03U03	DETERMINED			चाहता fixes the referent
eng_for_hin:S0351L03U04	DETERMINED			चाहता fixes the referent
eng_for_hin:S0351L03U05	DETERMINED			चाहता है fixes वह, उसने coreferent
eng_for_hin:S0352L01B01	AMBIGUOUS	even if he wanted to I'll be ready	even if she wanted to I'll be ready	चाहे subjunctive, no gender agreement
eng_for_hin:S0352L01B02	AMBIGUOUS	even if he wanted to I'm going to be late	even if she wanted to I'm going to be late	चाहे subjunctive, no gender agreement
eng_for_hin:S0352L01B03	AMBIGUOUS	even if he wanted to it's important	even if she wanted to it's important	चाहे subjunctive, no gender agreement
eng_for_hin:S0352L01U01	AMBIGUOUS	even if he wanted to I've got too much work	even if she wanted to I've got too much work	चाहे subjunctive, no gender agreement
eng_for_hin:S0352L01U02	AMBIGUOUS	even if he wanted to I can stay here	even if she wanted to I can stay here	चाहे subjunctive, no gender agreement
eng_for_hin:S0352L01U03	AMBIGUOUS	even if he wanted to she's going to be there	even if she wanted to she's going to be there	चाहे subjunctive; होगी fixes only the second referent
eng_for_hin:S0352L01U04	AMBIGUOUS	even if he wanted to I want to start	even if she wanted to I want to start	चाहे subjunctive; चाहता हूँ is the speaker
eng_for_hin:S0352L01U05	AMBIGUOUS	even if he wanted to I don't have enough time	even if she wanted to I don't have enough time	चाहे subjunctive, no gender agreement
eng_for_hin:S0352L02B01	DETERMINED			सकता fixes the referent
eng_for_hin:S0352L02B02	DETERMINED			सकता fixes the referent
eng_for_hin:S0352L02B03	DETERMINED			सकता fixes the referent
eng_for_hin:S0352L02U01	DETERMINED			सकता fixes the referent
eng_for_hin:S0352L02U02	DETERMINED			सकता fixes the referent
eng_for_hin:S0352L02U03	DETERMINED			सकता fixes the referent
eng_for_hin:S0352L02U04	DETERMINED			सकता fixes the referent
eng_for_hin:S0352L02U05	DETERMINED			सकता fixes the referent
eng_for_hin:S0353L01U01	AMBIGUOUS	he needed to run	she needed to run	उसे dative, ज़रूरत थी agrees with ज़रूरत
eng_for_hin:S0353L01U02	AMBIGUOUS	he needed to run today	she needed to run today	उसे dative, ज़रूरत थी agrees with ज़रूरत
eng_for_hin:S0353L01U03	AMBIGUOUS	he needed to run here	she needed to run here	उसे dative, ज़रूरत थी agrees with ज़रूरत
eng_for_hin:S0353L01U04	AMBIGUOUS	I think he needed to run	I think she needed to run	उसे dative; लगता is the speaker
eng_for_hin:S0353L02U01	AMBIGUOUS	he needed to run around the field	she needed to run around the field	उसे dative, ज़रूरत थी agrees with ज़रूरत
eng_for_hin:S0353L02U02	AMBIGUOUS	he needed to run around the field today	she needed to run around the field today	उसे dative, ज़रूरत थी agrees with ज़रूरत
eng_for_hin:S0353L02U04	AMBIGUOUS	he needed to run around the field now	she needed to run around the field now	उसे dative, ज़रूरत थी agrees with ज़रूरत
eng_for_hin:S0353L02U05	AMBIGUOUS	I think he needed to run around the field	I think she needed to run around the field	उसे dative; लगता is the speaker
eng_for_hin:S0354L01U01	AMBIGUOUS	he didn't need to appear	she didn't need to appear	उसे dative, दिखना था obligation, invariant
eng_for_hin:S0354L01U02	AMBIGUOUS	he didn't need to appear today	she didn't need to appear today	उसे dative, दिखना था obligation, invariant
eng_for_hin:S0354L01U03	AMBIGUOUS	he didn't need to appear here	she didn't need to appear here	उसे dative, दिखना था obligation, invariant
eng_for_hin:S0354L01U04	AMBIGUOUS	I think he didn't need to appear	I think she didn't need to appear	उसे dative; लगता is the speaker
eng_for_hin:S0354L01U05	AMBIGUOUS	he didn't need to appear now	she didn't need to appear now	उसे dative, दिखना था obligation, invariant
eng_for_hin:S0354L02U01	AMBIGUOUS	he didn't need to appear angry	she didn't need to appear angry	उसे dative, दिखना था obligation, invariant
eng_for_hin:S0354L02U02	AMBIGUOUS	he didn't need to appear angry today	she didn't need to appear angry today	उसे dative, दिखना था obligation, invariant
eng_for_hin:S0354L02U03	AMBIGUOUS	I think he didn't need to appear angry	I think she didn't need to appear angry	उसे dative; लगता is the speaker
eng_for_hin:S0354L02U04	AMBIGUOUS	he didn't need to appear angry here	she didn't need to appear angry here	उसे dative, दिखना था obligation, invariant
eng_for_hin:S0354L02U05	AMBIGUOUS	he didn't need to appear angry now	she didn't need to appear angry now	उसे dative, दिखना था obligation, invariant
eng_for_hin:S0355L01B04	AMBIGUOUS	need to talk to him	need to talk to her	उससे oblique, unmarked
eng_for_hin:S0355L01U03	AMBIGUOUS	did I need to talk to him?	did I need to talk to her?	उससे oblique, unmarked
eng_for_hin:S0355L01U05	AMBIGUOUS	did you need to talk to him?	did you need to talk to her?	उससे oblique, unmarked
eng_for_hin:S0355L02U02	DETERMINED			मिला fixes the referent
eng_for_hin:S0355L03C02	AMBIGUOUS	he	she	उसे dative, unmarked
eng_for_hin:S0355L03B01	AMBIGUOUS	did he	did she	उसे dative, unmarked
eng_for_hin:S0355L03B02	AMBIGUOUS	did he need to talk to that woman now?	did she need to talk to that woman now?	उसे dative, करनी थी agrees with बात
eng_for_hin:S0355L03B03	AMBIGUOUS	did he need to talk to someone here?	did she need to talk to someone here?	उसे dative, करनी थी agrees with बात
eng_for_hin:S0355L03B04	AMBIGUOUS	did he need to talk to that woman yesterday?	did she need to talk to that woman yesterday?	उसे dative, करनी थी agrees with बात
eng_for_hin:S0355L03U01	AMBIGUOUS	did he need to talk to that woman you know?	did she need to talk to that woman you know?	उसे dative, करनी थी agrees with बात
eng_for_hin:S0355L03U02	AMBIGUOUS	did he need to talk to that woman?	did she need to talk to that woman?	उसे dative, करनी थी agrees with बात
eng_for_hin:S0355L03U03	AMBIGUOUS	did he need to talk to someone?	did she need to talk to someone?	उसे dative, करनी थी agrees with बात
eng_for_hin:S0355L03U04	AMBIGUOUS	did he need to talk to that woman today?	did she need to talk to that woman today?	उसे dative, करनी थी agrees with बात
eng_for_hin:S0355L03U05	AMBIGUOUS	did he need to talk to him?	did she need to talk to her?	उसे and उससे both oblique and unmarked
eng_for_hin:S0357L01B02	DETERMINED			चाहती fixes the referent
eng_for_hin:S0357L01U01	AMBIGUOUS	she wanted to send him something	she wanted to send her something	उसे dative, unmarked; चाहती fixes वह
eng_for_hin:S0357L01U02	DETERMINED			चाहती fixes the referent
eng_for_hin:S0357L01U03	DETERMINED			चाहती fixes the referent
eng_for_hin:S0357L01U04	AMBIGUOUS	she wanted to send him something important	she wanted to send her something important	उसे dative, unmarked; चाहती fixes वह
eng_for_hin:S0357L01U05	DETERMINED			चाहती fixes the referent
eng_for_hin:S0357L02U01	AMBIGUOUS	she wanted to send him a message	she wanted to send her a message	उसे dative, unmarked; चाहती fixes वह
eng_for_hin:S0357L02U02	DETERMINED			चाहती fixes the referent
eng_for_hin:S0357L02U03	DETERMINED			चाहती fixes the referent
eng_for_hin:S0357L02U04	AMBIGUOUS	she wanted to send him a message now	she wanted to send her a message now	उसे dative, unmarked; चाहती fixes वह
eng_for_hin:S0357L02U05	DETERMINED			चाहती fixes the referent
eng_for_hin:S0357L03C01	AMBIGUOUS	he	she	bare वह, no agreeing verb
eng_for_hin:S0357L03B01	AMBIGUOUS	he just	she just	bare वह, no agreeing verb
eng_for_hin:S0357L03B02	DETERMINED			चाहती fixes the referent
eng_for_hin:S0357L03B03	AMBIGUOUS	he just now	she just now	bare वह, no agreeing verb
eng_for_hin:S0357L03B04	AMBIGUOUS	he just here	she just here	bare वह, no agreeing verb
eng_for_hin:S0357L03U01	AMBIGUOUS	no she just wanted to send him a message	no she just wanted to send her a message	उसे dative, unmarked; चाहती fixes वह
eng_for_hin:S0357L03U02	DETERMINED			चाहती fixes the referent
eng_for_hin:S0357L03U03	AMBIGUOUS	she just wanted to send him something	she just wanted to send her something	उसे dative, unmarked; चाहती fixes वह
eng_for_hin:S0357L03U04	DETERMINED			चाहती fixes the referent
eng_for_hin:S0357L03U05	DETERMINED			चाहती fixes the referent
eng_for_hin:S0358L01B01	DETERMINED			होगी fixes the referent
eng_for_hin:S0358L01B03	DETERMINED			बोलती fixes the referent
eng_for_hin:S0358L01U02	DETERMINED			सकती fixes the referent
eng_for_hin:S0358L01U04	DETERMINED			थी fixes the referent
eng_for_hin:S0358L02B01	DETERMINED			सकी fixes the referent
eng_for_hin:S0358L02B02	DETERMINED			सकी fixes the referent
eng_for_hin:S0358L02B03	DETERMINED			सकी fixes the referent
eng_for_hin:S0358L02U01	DETERMINED			सकी fixes the referent
eng_for_hin:S0358L02U02	DETERMINED			सकी fixes the referent
eng_for_hin:S0358L02U03	DETERMINED			सकी fixes the referent
eng_for_hin:S0358L02U04	DETERMINED			सकी fixes the referent
eng_for_hin:S0358L02U05	DETERMINED			सकी fixes the referent
eng_for_hin:S0358L03B01	DETERMINED			सकी fixes the referent
eng_for_hin:S0358L03B02	DETERMINED			सकी fixes the referent
eng_for_hin:S0358L03B03	DETERMINED			सकी fixes the referent
eng_for_hin:S0358L03U01	DETERMINED			सकी fixes the referent
eng_for_hin:S0358L03U02	DETERMINED			सकी fixes the referent
eng_for_hin:S0358L03U03	DETERMINED			सकी fixes the referent
eng_for_hin:S0358L03U04	DETERMINED			सकी fixes the referent
eng_for_hin:S0358L03U05	DETERMINED			सकी fixes the referent
eng_for_hin:S0359L01B01	DETERMINED			चाहता fixes the referent
eng_for_hin:S0359L01B02	DETERMINED			जाएगा fixes the referent
eng_for_hin:S0359L01B03	DETERMINED			पाया fixes the referent
eng_for_hin:S0359L01U01	DETERMINED			सकता fixes the referent
eng_for_hin:S0359L01U02	DETERMINED			पाया fixes the referent
eng_for_hin:S0359L01U03	DETERMINED			सकता fixes the referent
eng_for_hin:S0359L01U04	DETERMINED			चाहता fixes the referent
eng_for_hin:S0359L01U05	DETERMINED			चाहता fixes the referent
eng_for_hin:S0359L02B01	DETERMINED			सकता fixes the referent
eng_for_hin:S0359L02B02	DETERMINED			सकता fixes the referent
eng_for_hin:S0359L02B03	DETERMINED			सकता fixes the referent
eng_for_hin:S0359L02U01	DETERMINED			सकता fixes the referent
eng_for_hin:S0359L02U02	DETERMINED			सकता fixes the referent
eng_for_hin:S0359L02U03	DETERMINED			सकता fixes the referent
eng_for_hin:S0359L02U04	DETERMINED			सकता fixes the referent
eng_for_hin:S0359L02U05	DETERMINED			सकता fixes the referent
eng_for_hin:S0359L03B01	DETERMINED			सकता fixes the referent
eng_for_hin:S0359L03B02	DETERMINED			सकता fixes the referent
eng_for_hin:S0359L03B03	DETERMINED			सकता fixes the referent
eng_for_hin:S0359L03U01	DETERMINED			सकता fixes the referent
eng_for_hin:S0359L03U02	DETERMINED			सकता fixes the referent
eng_for_hin:S0359L03U03	DETERMINED			सकता fixes the referent
eng_for_hin:S0359L03U04	DETERMINED			सकता fixes the referent
eng_for_hin:S0359L03U05	DETERMINED			सकता fixes the referent
eng_for_hin:S0361L01B01	DETERMINED			था fixes the referent
eng_for_hin:S0361L01B02	DETERMINED			था fixes the referent
eng_for_hin:S0361L01B03	DETERMINED			था fixes the referent
eng_for_hin:S0361L01U01	DETERMINED			था fixes the referent
eng_for_hin:S0361L01U02	DETERMINED			था fixes the referent
eng_for_hin:S0361L01U03	DETERMINED			था fixes the referent
eng_for_hin:S0361L01U04	DETERMINED			था fixes the referent
eng_for_hin:S0361L01U05	DETERMINED			था fixes the referent
eng_for_hin:S0362L02B01	DETERMINED			था fixes the referent
eng_for_hin:S0362L02B02	DETERMINED			था fixes the referent
eng_for_hin:S0362L02B03	DETERMINED			था fixes the referent
eng_for_hin:S0362L02U01	DETERMINED			था fixes the referent
eng_for_hin:S0362L02U02	DETERMINED			था fixes the referent
eng_for_hin:S0362L02U03	DETERMINED			था fixes the referent
eng_for_hin:S0362L02U04	DETERMINED			था fixes the referent
eng_for_hin:S0362L02U05	DETERMINED			था fixes the referent
eng_for_hin:S0362L03B01	DETERMINED			था fixes the referent
eng_for_hin:S0362L03B02	DETERMINED			था fixes the referent
eng_for_hin:S0362L03U02	DETERMINED			था fixes the referent
eng_for_hin:S0362L03U03	DETERMINED			थी fixes the referent
eng_for_hin:S0362L03U05	DETERMINED			था fixes the referent
eng_for_hin:S0363L01B02	AMBIGUOUS	he felt like talking	she felt like talking	उसे dative, मन था agrees with मन
eng_for_hin:S0363L01U01	AMBIGUOUS	he felt like talking today	she felt like talking today	उसे dative, मन था agrees with मन
eng_for_hin:S0363L01U03	AMBIGUOUS	I thought he felt like talking	I thought she felt like talking	उसे dative; लगा is the speaker
eng_for_hin:S0363L01U04	AMBIGUOUS	he felt like talking here	she felt like talking here	उसे dative, मन था agrees with मन
eng_for_hin:S0363L01U05	AMBIGUOUS	he felt like talking now	she felt like talking now	उसे dative, मन था agrees with मन
eng_for_hin:S0363L02B02	AMBIGUOUS	he felt like talking a lot	she felt like talking a lot	उसे dative, मन था agrees with मन
eng_for_hin:S0363L02U01	AMBIGUOUS	he felt like talking a lot today	she felt like talking a lot today	उसे dative, मन था agrees with मन
eng_for_hin:S0363L02U03	AMBIGUOUS	I thought he felt like talking a lot	I thought she felt like talking a lot	उसे dative; लगा is the speaker
eng_for_hin:S0363L02U04	AMBIGUOUS	he felt like talking a lot here	she felt like talking a lot here	उसे dative, मन था agrees with मन
eng_for_hin:S0363L02U05	AMBIGUOUS	he felt like talking a lot over there	she felt like talking a lot over there	उसे dative, मन था agrees with मन
eng_for_hin:S0364L01B03	AMBIGUOUS	he heard that	she heard that	उसने ergative, subject unmarked
eng_for_hin:S0364L01U01	DETERMINED			था fixes the referent
eng_for_hin:S0364L01U02	DETERMINED			था fixes the referent
eng_for_hin:S0364L01U03	AMBIGUOUS	he heard that I was here	she heard that I was here	उसने ergative; था belongs to मैं
eng_for_hin:S0364L01U05	DETERMINED			था fixes the referent
eng_for_hin:S0364L03B03	AMBIGUOUS	he didn't like it	she didn't like it	उसे dative, पसंद थी agrees with the object
eng_for_hin:S0364L03U01	AMBIGUOUS	he didn't like that place	she didn't like that place	उसे dative, पसंद थी agrees with जगह
eng_for_hin:S0364L03U03	AMBIGUOUS	I heard that he didn't like that place	I heard that she didn't like that place	उसे dative; मैंने सुना is the speaker
eng_for_hin:S0364L03U04	AMBIGUOUS	he didn't like this place	she didn't like this place	उसे dative, पसंद थी agrees with जगह
eng_for_hin:S0365L01B03	AMBIGUOUS	he didn't hear	she didn't hear	उसने ergative, subject unmarked
eng_for_hin:S0365L01U01	DETERMINED			था fixes the referent
eng_for_hin:S0365L01U02	DETERMINED			था fixes the referent
eng_for_hin:S0365L01U03	AMBIGUOUS	he didn't hear that I was there	she didn't hear that I was there	उसने ergative; था belongs to मैं
eng_for_hin:S0365L01U05	AMBIGUOUS	I didn't hear that he didn't like that place	I didn't hear that she didn't like that place	उसे dative, पसंद थी agrees with जगह
eng_for_hin:S0365L02C01	AMBIGUOUS	he	she	उसने ergative, subject unmarked
eng_for_hin:S0365L02C02	AMBIGUOUS	to him	to her	उसे dative, unmarked
eng_for_hin:S0365L02B01	AMBIGUOUS	what he said to him	what she said to her	उसने ergative and उसे dative, both unmarked
eng_for_hin:S0365L02B02	AMBIGUOUS	I heard what he said to him	I heard what she said to her	उसने ergative and उसे dative, both unmarked
eng_for_hin:S0365L02B03	AMBIGUOUS	what he said to him today	what she said to her today	उसने ergative and उसे dative, both unmarked
eng_for_hin:S0365L02U01	AMBIGUOUS	I didn't hear what he said to him	I didn't hear what she said to her	उसने ergative and उसे dative, both unmarked
eng_for_hin:S0365L02U02	AMBIGUOUS	I don't know what he said to him	I don't know what she said to her	उसने ergative and उसे dative, both unmarked
eng_for_hin:S0365L02U03	AMBIGUOUS	I know what he said to him	I know what she said to her	उसने ergative and उसे dative, both unmarked
eng_for_hin:S0365L02U04	AMBIGUOUS	I just heard what he said to him	I just heard what she said to her	उसने ergative and उसे dative, both unmarked
eng_for_hin:S0365L02U05	AMBIGUOUS	I thought I heard what he said to him	I thought I heard what she said to her	उसने ergative and उसे dative, both unmarked
eng_for_hin:S0366L01B02	AMBIGUOUS	did you hear what he said?	did you hear what she said?	उसने ergative, subject unmarked
eng_for_hin:S0366L01U04	AMBIGUOUS	and did you hear what he said?	and did you hear what she said?	उसने ergative, subject unmarked
eng_for_hin:S0366L02B01	DETERMINED			चाहता fixes the referent
eng_for_hin:S0366L02B02	DETERMINED			चाहता fixes the referent
eng_for_hin:S0366L02B03	DETERMINED			चाहता fixes the referent
eng_for_hin:S0366L02U01	DETERMINED			चाहता fixes the referent
eng_for_hin:S0366L02U02	DETERMINED			चाहता fixes the referent
eng_for_hin:S0366L02U03	DETERMINED			चाहता fixes the referent
eng_for_hin:S0366L02U04	DETERMINED			चाहता fixes the referent
eng_for_hin:S0366L02U05	DETERMINED			चाहता fixes the referent
eng_for_hin:S0368L02B02	DETERMINED			था fixes the referent
eng_for_hin:S0368L02B03	DETERMINED			होगी fixes the referent
eng_for_hin:S0368L02U01	DETERMINED			थी fixes the referent
eng_for_hin:S0368L02U03	DETERMINED			बोलती fixes the referent
eng_for_hin:S0368L02U05	DETERMINED			जाएगा fixes the referent
eng_for_hin:S0368L03B01	DETERMINED			चाहता fixes the referent
eng_for_hin:S0368L03B02	DETERMINED			चाहता fixes the referent
eng_for_hin:S0368L03B03	DETERMINED			चाहता fixes the referent
eng_for_hin:S0368L03U01	DETERMINED			चाहता fixes the referent
eng_for_hin:S0368L03U02	DETERMINED			चाहता fixes the referent
eng_for_hin:S0368L03U03	DETERMINED			चाहता fixes the referent
eng_for_hin:S0368L03U04	DETERMINED			चाहता fixes the referent
eng_for_hin:S0368L03U05	DETERMINED			चाहता fixes the referent
eng_for_hin:S0368L04B01	DETERMINED			चाहता fixes the referent
eng_for_hin:S0368L04U01	DETERMINED			चाहता fixes the referent
eng_for_hin:S0368L04U03	DETERMINED			चाहता fixes the referent
eng_for_hin:S0368L04U05	DETERMINED			चाहता fixes the referent
eng_for_hin:S0372L01B02	AMBIGUOUS	did you see what he said?	did you see what she said?	उसने ergative, subject unmarked
eng_for_hin:S0372L01U04	AMBIGUOUS	and did you see what he said?	and did you see what she said?	उसने ergative, subject unmarked
eng_for_hin:S0372L02B01	DETERMINED			रही fixes the referent
eng_for_hin:S0372L02B02	DETERMINED			रही fixes the referent
eng_for_hin:S0372L02B03	DETERMINED			रही fixes the referent
eng_for_hin:S0372L02U01	DETERMINED			रही fixes the referent
eng_for_hin:S0372L02U02	DETERMINED			चाहता fixes the referent
eng_for_hin:S0372L02U03	DETERMINED			रही fixes the referent
eng_for_hin:S0372L02U04	DETERMINED			रही fixes the referent
eng_for_hin:S0372L02U05	DETERMINED			रही fixes the referent
eng_for_hin:S0374L02B02	DETERMINED			था fixes the referent
eng_for_hin:S0374L02U01	DETERMINED			थी fixes the referent
eng_for_hin:S0374L02U03	DETERMINED			था fixes the referent
eng_for_hin:S0374L02U05	DETERMINED			जाएगा fixes the referent
eng_for_hin:S0375L02B02	AMBIGUOUS	I didn't know what he said	I didn't know what she said	उसने ergative, subject unmarked
eng_for_hin:S0375L02U04	DETERMINED			चाहता fixes the referent
eng_for_hin:S0375L03B01	DETERMINED			रही fixes the referent
eng_for_hin:S0375L03B02	DETERMINED			रही fixes the referent
eng_for_hin:S0375L03B03	DETERMINED			रही fixes the referent
eng_for_hin:S0375L03U01	DETERMINED			रही fixes the referent
eng_for_hin:S0375L03U02	DETERMINED			चाहता fixes the referent
eng_for_hin:S0375L03U03	DETERMINED			रही fixes the referent
eng_for_hin:S0375L03U04	DETERMINED			रही fixes the referent
eng_for_hin:S0375L03U05	DETERMINED			रही fixes the referent
eng_for_hin:S0377L03B03	DETERMINED			थी fixes the referent
eng_for_hin:S0380L01B02	AMBIGUOUS	I asked what he said	I asked what she said	उसने ergative, subject unmarked
eng_for_hin:S0380L01U03	DETERMINED			चाहता fixes the referent
eng_for_hin:S0380L01U04	DETERMINED			रही fixes the referent
eng_for_hin:S0380L02B01	DETERMINED			चाहती fixes the referent
eng_for_hin:S0380L02B02	DETERMINED			चाहती fixes the referent
eng_for_hin:S0380L02B03	DETERMINED			चाहती fixes the referent
eng_for_hin:S0380L02U01	DETERMINED			चाहती fixes the referent
eng_for_hin:S0380L02U02	DETERMINED			चाहता fixes the referent
eng_for_hin:S0380L02U03	DETERMINED			चाहती fixes the referent
eng_for_hin:S0380L02U04	DETERMINED			चाहती fixes the referent
eng_for_hin:S0380L02U05	DETERMINED			चाहती fixes the referent
eng_for_hin:S0381L01B01	DETERMINED			चाहता fixes the referent
eng_for_hin:S0381L01B02	DETERMINED			चाहता था fixes वह
eng_for_hin:S0381L01B03	DETERMINED			चाहता था fixes वह
eng_for_hin:S0381L01U01	DETERMINED			चाहता था fixes वह
eng_for_hin:S0381L01U02	DETERMINED			चाहता था fixes वह
eng_for_hin:S0381L01U03	DETERMINED			चाहता था fixes वह
eng_for_hin:S0381L01U04	DETERMINED			चाहता था fixes वह
eng_for_hin:S0381L01U05	DETERMINED			चाहता था fixes वह
eng_for_hin:S0381L03B01	DETERMINED			चाहता था fixes वह
eng_for_hin:S0381L03B02	DETERMINED			चाहता था fixes वह
eng_for_hin:S0381L03U01	DETERMINED			चाहता था fixes वह
eng_for_hin:S0381L03U02	DETERMINED			चाहता था fixes वह
eng_for_hin:S0381L03U03	DETERMINED			चाहता था fixes वह
eng_for_hin:S0381L03U04	DETERMINED			चाहता था fixes वह
eng_for_hin:S0382L01B02	AMBIGUOUS	did you ask what he said?	did you ask what she said?	उसने ergative, agrees with object not subject
eng_for_hin:S0382L01U02	DETERMINED			चाहता fixes वह
eng_for_hin:S0382L01U03	DETERMINED			रही है fixes वह
eng_for_hin:S0382L01U04	DETERMINED			चाहती थी fixes वह
eng_for_hin:S0382L02B01	DETERMINED			चाहता था fixes वह
eng_for_hin:S0382L02B02	DETERMINED			चाहता था fixes वह
eng_for_hin:S0382L02B03	DETERMINED			चाहता था fixes वह
eng_for_hin:S0382L02U01	DETERMINED			चाहता था fixes वह
eng_for_hin:S0382L02U02	DETERMINED			चाहता था fixes वह
eng_for_hin:S0382L02U03	DETERMINED			चाहता था fixes वह
eng_for_hin:S0382L02U04	DETERMINED			चाहता था fixes वह
eng_for_hin:S0382L02U05	DETERMINED			चाहता था fixes वह
eng_for_hin:S0383L02B01	DETERMINED			चाहता था fixes the coreferential वह
eng_for_hin:S0383L02B02	DETERMINED			चाहता था fixes the coreferential वह
eng_for_hin:S0383L02B03	DETERMINED			चाहता था fixes the coreferential वह
eng_for_hin:S0383L02U01	DETERMINED			चाहता था fixes the coreferential वह
eng_for_hin:S0383L02U02	DETERMINED			चाहता था fixes the coreferential वह
eng_for_hin:S0383L02U03	DETERMINED			चाहता था fixes the coreferential वह
eng_for_hin:S0383L02U04	DETERMINED			चाहता था fixes the coreferential वह
eng_for_hin:S0383L02U05	DETERMINED			चाहता था fixes the coreferential वह
eng_for_hin:S0383L03B01	DETERMINED			चाहता था fixes the coreferential वह
eng_for_hin:S0383L03U04	DETERMINED			चाहता था fixes the coreferential वह
eng_for_hin:S0383L04B01	DETERMINED			चाहता था fixes the coreferential वह
eng_for_hin:S0383L04U03	DETERMINED			चाहता था fixes the coreferential वह
eng_for_hin:S0384L01B01	AMBIGUOUS	I couldn't agree with what he said	I couldn't agree with what she said	उसने ergative, referent unmarked
eng_for_hin:S0384L02B01	AMBIGUOUS	I don't know what he said a moment ago	I don't know what she said a moment ago	उसने ergative, referent unmarked
eng_for_hin:S0384L02B02	AMBIGUOUS	did you hear what he said a moment ago?	did you hear what she said a moment ago?	उसने ergative, referent unmarked
eng_for_hin:S0384L02B03	AMBIGUOUS	I have to find out what he said a moment ago	I have to find out what she said a moment ago	उसने ergative, referent unmarked
eng_for_hin:S0384L02U01	AMBIGUOUS	I don't have the faintest idea what he said a moment ago	I don't have the faintest idea what she said a moment ago	उसने ergative, referent unmarked
eng_for_hin:S0384L02U02	AMBIGUOUS	can you tell me what he said a moment ago?	can you tell me what she said a moment ago?	उसने ergative, referent unmarked
eng_for_hin:S0384L02U03	AMBIGUOUS	I didn't know what he said a moment ago	I didn't know what she said a moment ago	उसने ergative, referent unmarked
eng_for_hin:S0384L02U04	AMBIGUOUS	I asked what he said a moment ago	I asked what she said a moment ago	उसने ergative, referent unmarked
eng_for_hin:S0384L02U05	AMBIGUOUS	I want to find out what he said a moment ago	I want to find out what she said a moment ago	उसने ergative, referent unmarked
eng_for_hin:S0385L01C01	AMBIGUOUS	him	her	उससे oblique, referent unmarked
eng_for_hin:S0385L01B01	AMBIGUOUS	agree with him	agree with her	उससे oblique, referent unmarked
eng_for_hin:S0385L01B02	AMBIGUOUS	you agree with him	you agree with her	उससे oblique, referent unmarked
eng_for_hin:S0385L01B03	AMBIGUOUS	did you agree with him there?	did you agree with her there?	उससे oblique, referent unmarked
eng_for_hin:S0385L01U01	AMBIGUOUS	did you agree with him?	did you agree with her?	उससे oblique, referent unmarked
eng_for_hin:S0385L01U02	AMBIGUOUS	did you agree with him today?	did you agree with her today?	उससे oblique, referent unmarked
eng_for_hin:S0385L01U03	AMBIGUOUS	did you agree with him last night?	did you agree with her last night?	उससे oblique, referent unmarked
eng_for_hin:S0385L01U04	AMBIGUOUS	did you agree with him last year?	did you agree with her last year?	उससे oblique, referent unmarked
eng_for_hin:S0385L01U05	AMBIGUOUS	did you agree with him here?	did you agree with her here?	उससे oblique, referent unmarked
eng_for_hin:S0386L01C01	AMBIGUOUS	him	her	उससे oblique, referent unmarked
eng_for_hin:S0386L01B01	AMBIGUOUS	agreed with him	agreed with her	उससे oblique, referent unmarked
eng_for_hin:S0386L01B02	AMBIGUOUS	I agreed with him today	I agreed with her today	उससे oblique, referent unmarked
eng_for_hin:S0386L01B03	AMBIGUOUS	he agreed with him	he agreed with her	उससे oblique open; वह ... था fixes the subject
eng_for_hin:S0386L01U01	AMBIGUOUS	I agreed with him	I agreed with her	उससे oblique, referent unmarked
eng_for_hin:S0386L01U02	AMBIGUOUS	I agreed with him last night	I agreed with her last night	उससे oblique, referent unmarked
eng_for_hin:S0386L01U03	AMBIGUOUS	I agreed with him here	I agreed with her here	उससे oblique, referent unmarked
eng_for_hin:S0386L01U04	AMBIGUOUS	I thought I agreed with him	I thought I agreed with her	उससे oblique, referent unmarked
eng_for_hin:S0386L01U05	AMBIGUOUS	I agreed with him last year	I agreed with her last year	उससे oblique, referent unmarked
eng_for_hin:S0387L02B02	DETERMINED			चुप था fixes वह
eng_for_hin:S0387L02B03	DETERMINED			होगी fixes वह
eng_for_hin:S0387L02U02	DETERMINED			व्यस्त थी fixes वह
eng_for_hin:S0387L02U04	DETERMINED			जाएगा fixes वह
eng_for_hin:S0387L03B01	DETERMINED			सही थी fixes वह
eng_for_hin:S0387L03B02	DETERMINED			सही थी fixes वह
eng_for_hin:S0387L03B03	DETERMINED			सही थी fixes वह
eng_for_hin:S0387L03U01	DETERMINED			सही थी fixes वह
eng_for_hin:S0387L03U02	DETERMINED			सही थी fixes वह
eng_for_hin:S0387L03U03	DETERMINED			सही थी fixes वह
eng_for_hin:S0387L03U04	DETERMINED			सही थी fixes वह
eng_for_hin:S0387L03U05	DETERMINED			सही थी fixes वह
eng_for_hin:S0399L02U05	DETERMINED			चाहता था fixes वह
eng_for_hin:S0420L02B01	DETERMINED			कितने साल का है fixes वह
eng_for_hin:S0420L02B02	DETERMINED			कितने साल का है fixes वह
eng_for_hin:S0420L02B03	DETERMINED			कितने साल का है fixes वह
eng_for_hin:S0420L02U01	DETERMINED			कितने साल का है fixes वह
eng_for_hin:S0420L02U02	DETERMINED			कितने साल का है fixes वह
eng_for_hin:S0420L02U03	DETERMINED			कितने साल का है fixes वह
eng_for_hin:S0420L02U04	DETERMINED			कितने साल का है fixes वह
eng_for_hin:S0420L02U05	DETERMINED			कितने साल का है fixes वह
eng_for_hin:S0421L02B02	AMBIGUOUS	they already know what he said	they already know what she said	उसने ergative, referent unmarked
eng_for_hin:S0421L02U01	DETERMINED			कितने साल का है fixes वह
eng_for_hin:S0421L03B01	DETERMINED			होता जा रहा है fixes वह
eng_for_hin:S0421L03B02	DETERMINED			होता जा रहा है fixes वह
eng_for_hin:S0421L03B03	DETERMINED			होता जा रहा है fixes वह
eng_for_hin:S0421L03U01	DETERMINED			होता जा रहा है fixes वह
eng_for_hin:S0421L03U02	DETERMINED			होता जा रहा है fixes वह
eng_for_hin:S0421L03U03	DETERMINED			होता जा रहा है fixes वह
eng_for_hin:S0421L03U04	DETERMINED			होता जा रहा है fixes वह
eng_for_hin:S0421L03U05	DETERMINED			होता जा रहा है fixes वह
eng_for_hin:S0427L02U03	DETERMINED			होता जा रहा है fixes वह
eng_for_hin:S0432L01U05	DETERMINED			होता जा रहा है fixes वह
eng_for_hin:S0433L01B02	AMBIGUOUS	they couldn't find out what he said	they couldn't find out what she said	उसने ergative, referent unmarked
eng_for_hin:S0433L01U01	DETERMINED			कितने साल का है fixes वह
eng_for_hin:S0433L01U04	DETERMINED			चाहता था fixes वह
eng_for_hin:S0433L01U05	DETERMINED			कर रही है fixes वह
eng_for_hin:S0438L02C01	AMBIGUOUS	he	she	उसे dative, referent unmarked
eng_for_hin:S0438L02B01	AMBIGUOUS	what he should do	what she should do	उसे dative + चाहिए invariant, referent unmarked
eng_for_hin:S0438L02B02	AMBIGUOUS	to decide what he should do	to decide what she should do	उसे dative + चाहिए invariant, referent unmarked
eng_for_hin:S0438L02B03	AMBIGUOUS	to know what he should do	to know what she should do	उसे dative + चाहिए invariant, referent unmarked
eng_for_hin:S0438L02U01	AMBIGUOUS	they didn't want to decide what he should do	they didn't want to decide what she should do	उसे dative + चाहिए invariant, referent unmarked
eng_for_hin:S0438L02U02	AMBIGUOUS	I don't know what he should do	I don't know what she should do	उसे dative + चाहिए invariant, referent unmarked
eng_for_hin:S0438L02U03	AMBIGUOUS	do you know what he should do?	do you know what she should do?	उसे dative + चाहिए invariant, referent unmarked
eng_for_hin:S0438L02U04	AMBIGUOUS	they want to decide what he should do	they want to decide what she should do	उसे dative + चाहिए invariant, referent unmarked
eng_for_hin:S0438L02U05	AMBIGUOUS	we need to decide what he should do	we need to decide what she should do	उसे dative + चाहिए invariant, referent unmarked
eng_for_hin:S0444L02U03	DETERMINED			होता जा रहा है fixes वह
eng_for_hin:S0449L01U05	DETERMINED			होता जा रहा है fixes वह
eng_for_hin:S0451L01U01	AMBIGUOUS	they said what he said	they said what she said	उसने ergative, referent unmarked
eng_for_hin:S0451L01U02	DETERMINED			कितने साल का है fixes वह
eng_for_hin:S0451L01U05	DETERMINED			कर रही है fixes वह
eng_for_hin:S0452L01U01	AMBIGUOUS	they didn't say what he said	they didn't say what she said	उसने ergative, referent unmarked
eng_for_hin:S0452L01U02	DETERMINED			कितने साल का है fixes वह
eng_for_hin:S0452L01U05	DETERMINED			कर रही है fixes वह
eng_for_hin:S0453L01U01	AMBIGUOUS	did they say what he said?	did they say what she said?	उसने ergative, referent unmarked
eng_for_hin:S0453L01U02	DETERMINED			कितने साल का है fixes वह
eng_for_hin:S0453L01U05	DETERMINED			कर रही है fixes वह
eng_for_hin:S0456L01B01	DETERMINED			हो सकता है fixes वह
eng_for_hin:S0456L01B02	DETERMINED			हो सकता है fixes वह
eng_for_hin:S0456L01B03	DETERMINED			हो सकता है fixes वह
eng_for_hin:S0456L01U01	DETERMINED			हो सकता है fixes वह
eng_for_hin:S0456L01U02	DETERMINED			हो सकता है fixes वह
eng_for_hin:S0456L01U03	DETERMINED			हो सकता है fixes वह
eng_for_hin:S0456L01U04	DETERMINED			हो सकता है fixes वह
eng_for_hin:S0456L01U05	DETERMINED			हो सकता है fixes वह
eng_for_hin:S0456L03B01	DETERMINED			हो सकता है fixes वह
eng_for_hin:S0464L01B01	AMBIGUOUS	I told him my room number	I told her my room number	उसे dative in ergative clause, referent unmarked
eng_for_hin:S0464L01B02	AMBIGUOUS	I told him the answer	I told her the answer	उसे dative in ergative clause, referent unmarked
eng_for_hin:S0464L01B03	AMBIGUOUS	I told him the story	I told her the story	उसे dative in ergative clause, referent unmarked
eng_for_hin:S0464L01U01	AMBIGUOUS	I told him my room number today	I told her my room number today	उसे dative in ergative clause, referent unmarked
eng_for_hin:S0464L01U02	AMBIGUOUS	I told him the answer yesterday	I told her the answer yesterday	उसे dative in ergative clause, referent unmarked
eng_for_hin:S0464L01U03	AMBIGUOUS	I think I told him the answer	I think I told her the answer	उसे dative in ergative clause, referent unmarked
eng_for_hin:S0464L01U04	AMBIGUOUS	I told him something new	I told her something new	उसे dative in ergative clause, referent unmarked
eng_for_hin:S0464L01U05	AMBIGUOUS	I'm not sure if I told him the answer	I'm not sure if I told her the answer	उसे dative in ergative clause, referent unmarked
eng_for_hin:S0464L03B01	AMBIGUOUS	I told him my room number once	I told her my room number once	उसे dative in ergative clause, referent unmarked
eng_for_hin:S0464L03B02	AMBIGUOUS	I told him the answer once	I told her the answer once	उसे dative in ergative clause, referent unmarked
eng_for_hin:S0464L03U03	AMBIGUOUS	I think I told him the answer once	I think I told her the answer once	उसे dative in ergative clause, referent unmarked
eng_for_hin:S0464L05B01	DETERMINED			भूल गई fixes वह
eng_for_hin:S0464L05B02	DETERMINED			भूल गई fixes वह
eng_for_hin:S0464L05B03	DETERMINED			भूल गई fixes वह
eng_for_hin:S0464L05U01	DETERMINED			भूल गई fixes वह
eng_for_hin:S0464L05U02	DETERMINED			भूल गई fixes वह
eng_for_hin:S0464L05U03	DETERMINED			भूल गई fixes वह
eng_for_hin:S0464L05U04	DETERMINED			भूल गई fixes वह
eng_for_hin:S0464L05U05	DETERMINED			भूल गई fixes वह
eng_for_hin:S0465L01U04	AMBIGUOUS	I want to ask him next time	I want to ask her next time	उससे oblique, referent unmarked
eng_for_hin:S0465L02B02	AMBIGUOUS	I will ask him	I will ask her	उससे oblique, referent unmarked
eng_for_hin:S0465L02U01	AMBIGUOUS	next time I will ask him what his name is	next time I will ask her what her name is	उससे + उसका, referent unmarked
eng_for_hin:S0465L02U02	AMBIGUOUS	I will ask his name	I will ask her name	उसका possessive, owner unmarked
eng_for_hin:S0465L02U03	AMBIGUOUS	I will ask where he is	I will ask where she is	वह कहाँ है, no gender agreement
eng_for_hin:S0465L02U04	AMBIGUOUS	next time I will ask him	next time I will ask her	उससे oblique, referent unmarked
eng_for_hin:S0469L02U03	DETERMINED			होता जा रहा है fixes वह
eng_for_hin:S0477L02U01	DETERMINED			आया fixes वह
eng_for_hin:S0477L04B01	DETERMINED			रहा है fixes वह
eng_for_hin:S0477L04B02	DETERMINED			रहा है fixes वह
eng_for_hin:S0477L04B03	DETERMINED			रहा है fixes वह
eng_for_hin:S0477L04U01	DETERMINED			रहा है fixes वह
eng_for_hin:S0477L04U02	DETERMINED			रहा है fixes वह
eng_for_hin:S0477L04U03	DETERMINED			रहा है fixes वह
eng_for_hin:S0477L04U04	DETERMINED			रहा है fixes वह
eng_for_hin:S0477L04U05	DETERMINED			रहा है fixes वह
eng_for_hin:S0478L01U01	AMBIGUOUS	he has such a kind heart	she has such a kind heart	उसका possessive, owner unmarked
eng_for_hin:S0478L01U02	AMBIGUOUS	he has a kind heart	she has a kind heart	उसके पास possessive, owner unmarked
eng_for_hin:S0478L01U03	AMBIGUOUS	he has a very kind heart	she has a very kind heart	उसका possessive, owner unmarked
eng_for_hin:S0478L01U05	AMBIGUOUS	he has such a kind heart	she has such a kind heart	उसके पास possessive, owner unmarked
eng_for_hin:S0479L01U05	DETERMINED			मेरी दोस्त = female friend
eng_for_hin:S0480L03B01	DETERMINED			कहता है fixes वह
eng_for_hin:S0480L03B02	DETERMINED			कहता है fixes वह
eng_for_hin:S0480L03B03	DETERMINED			कहता है fixes वह
eng_for_hin:S0480L03U01	AMBIGUOUS	whatever he says it's not far ahead now	whatever she says it's not far ahead now	चाहे/कहे subjunctive, no gender marking (verifier #245)
eng_for_hin:S0480L03U02	AMBIGUOUS	whatever he says, I don't want it	whatever she says, I don't want it	चाहे/कहे subjunctive, no gender marking (verifier #245)
eng_for_hin:S0480L03U03	DETERMINED			कहता है fixes वह
eng_for_hin:S0480L03U04	DETERMINED			कहता है fixes वह
eng_for_hin:S0480L03U05	DETERMINED			कहता है fixes वह
eng_for_hin:S0482L01B01	DETERMINED			ठीक हो जाएगा fixes वह
eng_for_hin:S0482L01B02	AMBIGUOUS	the only real hope is that he's happy	the only real hope is that she's happy	खुश invariant, वह unmarked
eng_for_hin:S0482L01U01	DETERMINED			ठीक हो जाएगा fixes वह
eng_for_hin:S0482L01U03	AMBIGUOUS	I don't think the only real hope is that he's happy	I don't think the only real hope is that she's happy	खुश invariant, वह unmarked
eng_for_hin:S0482L01U04	DETERMINED			ठीक हो जाएगा fixes वह
eng_for_hin:S0482L01U05	AMBIGUOUS	the only real hope is that he's happy if you ask me	the only real hope is that she's happy if you ask me	खुश invariant, वह unmarked
eng_for_hin:S0490L01B02	DETERMINED			मेरी दोस्त = female friend
eng_for_hin:S0497L01B01	AMBIGUOUS	that sounds as though he's happy	that sounds as though she's happy	खुश invariant, वह unmarked
eng_for_hin:S0497L01U03	AMBIGUOUS	that sounds as though he's not ready	that sounds as though she's not ready	तैयार invariant, वह unmarked
eng_for_hin:S0498L01B01	DETERMINED			अकेला खड़ा है fixes वह
eng_for_hin:S0498L01B02	DETERMINED			अकेला खड़ा है fixes वह
eng_for_hin:S0498L01B03	DETERMINED			अकेला खड़ा है fixes वह
eng_for_hin:S0498L01U01	DETERMINED			अकेला खड़ा है fixes वह
eng_for_hin:S0498L01U02	DETERMINED			अकेला खड़ा है fixes वह
eng_for_hin:S0498L01U03	DETERMINED			अकेला खड़ा है fixes वह
eng_for_hin:S0498L01U04	DETERMINED			अकेला खड़ा है fixes वह
eng_for_hin:S0498L01U05	DETERMINED			अकेला खड़ा है fixes वह
eng_for_hin:S0498L02B01	DETERMINED			अकेला खड़ा है fixes वह
eng_for_hin:S0498L02U01	DETERMINED			अकेला खड़ा है fixes वह
eng_for_hin:S0498L02U03	DETERMINED			अकेला खड़ा है fixes वह
eng_for_hin:S0498L02U05	DETERMINED			अकेला खड़ा है fixes वह
eng_for_hin:S0502L01B01	DETERMINED			खो ही गई थी fixes वह
eng_for_hin:S0502L01B02	DETERMINED			खो ही गई थी fixes वह
eng_for_hin:S0502L01B03	DETERMINED			खो ही गई थी fixes वह
eng_for_hin:S0502L01U01	DETERMINED			खो ही गई थी fixes वह
eng_for_hin:S0502L01U02	DETERMINED			खो ही गई थी fixes वह
eng_for_hin:S0502L01U03	DETERMINED			खो ही गई थी fixes वह
eng_for_hin:S0502L01U04	DETERMINED			खो ही गई थी fixes वह
eng_for_hin:S0502L01U05	DETERMINED			खो ही गई थी fixes वह
eng_for_hin:S0502L02B01	DETERMINED			मुड़ गई थी fixes वह
eng_for_hin:S0502L02B02	DETERMINED			मुड़ गई थी fixes वह
eng_for_hin:S0502L02B03	DETERMINED			मुड़ गई थी fixes वह
eng_for_hin:S0502L02U01	DETERMINED			मुड़ गई थी fixes वह
eng_for_hin:S0502L02U02	DETERMINED			मुड़ गई थी fixes वह
eng_for_hin:S0502L02U03	DETERMINED			मुड़ गई थी fixes वह
eng_for_hin:S0502L02U04	DETERMINED			मुड़ गई थी fixes वह
eng_for_hin:S0502L02U05	DETERMINED			मुड़ गई थी fixes वह
eng_for_hin:S0502L03B01	DETERMINED			मुड़ गई थी fixes वह
eng_for_hin:S0502L03B02	DETERMINED			मुड़ गई थी fixes वह
eng_for_hin:S0502L03B03	DETERMINED			मुड़ गई थी fixes वह
eng_for_hin:S0502L03U01	DETERMINED			मुड़ गई थी fixes वह
eng_for_hin:S0502L03U02	DETERMINED			मुड़ गई थी fixes वह
eng_for_hin:S0502L03U03	DETERMINED			मुड़ गई थी fixes वह
eng_for_hin:S0502L03U04	DETERMINED			मुड़ गई थी fixes वह
eng_for_hin:S0502L03U05	DETERMINED			मुड़ गई थी fixes वह
eng_for_hin:S0503L01U05	DETERMINED			मेरी दोस्त = female friend
eng_for_hin:S0505L01B03	AMBIGUOUS	so that he's happy	so that she's happy	खुश हो invariant, वह unmarked
eng_for_hin:S0505L01U03	AMBIGUOUS	I'm waiting for a friend so that he's happy	I'm waiting for a friend so that she's happy	खुश हो invariant, वह unmarked
eng_for_hin:S0505L01U05	AMBIGUOUS	I'm going to run at six o'clock so that he's happy	I'm going to run at six o'clock so that she's happy	खुश हो invariant, वह unmarked
eng_for_hin:S0506L02B02	DETERMINED			गई थी fixes वह
eng_for_hin:S0506L02B03	DETERMINED			गई थी fixes वह
eng_for_hin:S0506L02U03	DETERMINED			गई थी fixes वह
eng_for_hin:S0506L02U05	DETERMINED			गई थी fixes वह
eng_for_hin:S0506L03B03	DETERMINED			गई थी fixes वह
eng_for_hin:S0506L03U03	DETERMINED			गई थी fixes वह
eng_for_hin:S0506L03U05	DETERMINED			गई थी fixes वह
eng_for_hin:S0510L01B01	DETERMINED			ढूँढ़ने गई है fixes वह
eng_for_hin:S0510L01B02	DETERMINED			ढूँढ़ने गई है fixes वह
eng_for_hin:S0510L01B03	DETERMINED			ढूँढ़ने गई है fixes वह
eng_for_hin:S0510L01U01	DETERMINED			ढूँढ़ने गई है fixes वह
eng_for_hin:S0510L01U02	DETERMINED			ढूँढ़ने गई है fixes वह
eng_for_hin:S0510L01U03	DETERMINED			ढूँढ़ने गई है fixes वह
eng_for_hin:S0510L01U04	DETERMINED			ढूँढ़ने गई है fixes वह
eng_for_hin:S0510L01U05	DETERMINED			ढूँढ़ने गई है fixes वह
eng_for_hin:S0510L02B01	DETERMINED			ढूँढ़ने गई है fixes वह
eng_for_hin:S0510L02U02	DETERMINED			ढूँढ़ने गई है fixes वह
eng_for_hin:S0510L02U05	DETERMINED			ढूँढ़ने गई है fixes वह
eng_for_hin:S0510L03B01	DETERMINED			ढूँढ़ने गई है fixes वह
eng_for_hin:S0510L03U01	DETERMINED			ढूँढ़ने गई है fixes वह
eng_for_hin:S0510L03U04	DETERMINED			ढूँढ़ने गई है fixes वह
eng_for_hin:S0510L03U05	DETERMINED			ढूँढ़ने गई है fixes वह
eng_for_hin:S0525L01B01	AMBIGUOUS	to check if he's happy	to check if she's happy	खुश invariant, वह unmarked
eng_for_hin:S0525L01U01	AMBIGUOUS	I'll call you back to check if he's happy	I'll call you back to check if she's happy	खुश है invariant, वह unmarked
eng_for_hin:S0525L01U02	AMBIGUOUS	I'm going to run across the grass to check if he's happy	I'm going to run across the grass to check if she's happy	खुश है invariant, वह unmarked
eng_for_hin:S0525L01U03	AMBIGUOUS	I'm waiting for a friend to check if he's happy	I'm waiting for a friend to check if she's happy	खुश है invariant, वह unmarked
eng_for_hin:S0525L01U04	AMBIGUOUS	I'll call you back in three or four minutes to check if he's happy	I'll call you back in three or four minutes to check if she's happy	खुश है invariant, वह unmarked
eng_for_hin:S0526L01B03	AMBIGUOUS	I'm finding it hard to believe that he's happy	I'm finding it hard to believe that she's happy	खुश है invariant, वह unmarked
eng_for_hin:S0526L01U03	DETERMINED			गई थी fixes वह (हो रहा is the speaker's)
eng_for_hin:S0527L01U04	DETERMINED			गई fixes the referent
eng_for_hin:S0528L02B03	DETERMINED			गई fixes the referent
eng_for_hin:S0531L01B03	AMBIGUOUS	it isn't true that he's happy	it isn't true that she's happy	खुश है invariant, वह unmarked
eng_for_hin:S0531L01U04	DETERMINED			गई fixes the referent
eng_for_hin:S0533L01B01	DETERMINED			सुनेगी fixes the referent
eng_for_hin:S0533L01B02	DETERMINED			सुनेगी fixes the referent
eng_for_hin:S0533L01B03	DETERMINED			सुनेगी fixes the referent
eng_for_hin:S0533L01U01	DETERMINED			सुनेगी fixes the referent
eng_for_hin:S0533L01U02	DETERMINED			सुनेगी fixes the referent
eng_for_hin:S0533L01U03	DETERMINED			सुनेगी fixes the referent
eng_for_hin:S0533L01U04	DETERMINED			सुनेगी fixes the referent
eng_for_hin:S0533L01U05	DETERMINED			सुनेगी fixes the referent
eng_for_hin:S0533L02B01	DETERMINED			सुनेगी fixes the referent
eng_for_hin:S0533L02U01	DETERMINED			सुनेगी fixes the referent
eng_for_hin:S0533L02U02	DETERMINED			सुनेगी fixes the referent
eng_for_hin:S0533L02U03	DETERMINED			सुनेगी fixes the referent
eng_for_hin:S0533L02U04	DETERMINED			सुनेगी fixes the referent
eng_for_hin:S0533L02U05	DETERMINED			सुनेगी fixes the referent
eng_for_hin:S0535L01B01	DETERMINED			चुनेगा fixes the referent
eng_for_hin:S0535L01B02	DETERMINED			चुनेगा fixes the referent
eng_for_hin:S0535L01B03	DETERMINED			चुनेगा fixes the referent
eng_for_hin:S0535L01U01	DETERMINED			चुनेगा fixes the referent
eng_for_hin:S0535L01U02	DETERMINED			चुनेगा fixes the referent
eng_for_hin:S0535L01U03	DETERMINED			चुनेगा fixes the referent
eng_for_hin:S0535L01U04	DETERMINED			चुनेगा fixes the referent
eng_for_hin:S0535L01U05	DETERMINED			चुनेगा fixes the referent
eng_for_hin:S0535L02B01	DETERMINED			चुनेगा fixes the referent
eng_for_hin:S0535L02U01	DETERMINED			चुनेगा fixes the referent
eng_for_hin:S0535L02U02	DETERMINED			चुनेगा fixes the referent
eng_for_hin:S0535L02U04	DETERMINED			चुनेगा fixes the referent
eng_for_hin:S0535L02U05	DETERMINED			चुनेगा fixes the referent
eng_for_hin:S0536L01B02	AMBIGUOUS	I used to think that he's happy	I used to think that she's happy	खुश है invariant, वह unmarked
eng_for_hin:S0536L01U05	DETERMINED			गई fixes the referent
eng_for_hin:S0538L01B02	AMBIGUOUS	I don't want to seem as though he's happy	I don't want to seem as though she's happy	खुश है invariant, वह unmarked
eng_for_hin:S0538L01U01	AMBIGUOUS	I think that I don't want to seem as though he's happy	I think that I don't want to seem as though she's happy	खुश है invariant, वह unmarked
eng_for_hin:S0538L01U03	AMBIGUOUS	I'm sure I don't want to seem as though he's happy	I'm sure I don't want to seem as though she's happy	खुश है invariant, वह unmarked
eng_for_hin:S0542L01B01	AMBIGUOUS	whenever he's happy	whenever she's happy	खुश है invariant, वह unmarked
eng_for_hin:S0542L01U01	AMBIGUOUS	I'll be ready whenever he's happy	I'll be ready whenever she's happy	खुश है invariant, वह unmarked
eng_for_hin:S0542L01U03	AMBIGUOUS	I'll call you back whenever he's happy	I'll call you back whenever she's happy	खुश है invariant, वह unmarked
eng_for_hin:S0542L01U04	AMBIGUOUS	I'm going to run across the grass whenever he's happy	I'm going to run across the grass whenever she's happy	खुश है invariant, वह unmarked
eng_for_hin:S0544L01B02	AMBIGUOUS	whoever said he's happy	whoever said she's happy	खुश है invariant, वह unmarked
eng_for_hin:S0544L03B02	AMBIGUOUS	whoever said he's happy was absolutely right	whoever said she's happy was absolutely right	खुश है invariant, वह unmarked
eng_for_hin:S0547L01B01	DETERMINED			खेलता fixes the referent
eng_for_hin:S0547L01B02	DETERMINED			खेलता fixes the referent
eng_for_hin:S0547L01B03	DETERMINED			खेलता fixes the referent
eng_for_hin:S0547L01U01	DETERMINED			खेलता fixes the referent
eng_for_hin:S0547L01U02	DETERMINED			खेलता fixes the referent
eng_for_hin:S0547L01U03	DETERMINED			खेलता fixes the referent
eng_for_hin:S0547L01U04	DETERMINED			खेलता fixes the referent
eng_for_hin:S0547L01U05	DETERMINED			खेलता fixes the referent
eng_for_hin:S0547L02B01	DETERMINED			खेलता fixes the referent
eng_for_hin:S0547L02U01	DETERMINED			खेलता fixes the referent
eng_for_hin:S0547L02U02	DETERMINED			खेलता fixes the referent
eng_for_hin:S0547L02U03	DETERMINED			खेलता fixes the referent
eng_for_hin:S0547L02U05	DETERMINED			खेलता fixes the referent
eng_for_hin:S0553L01B03	DETERMINED			गई fixes the referent
eng_for_hin:S0559L02U03	DETERMINED			गई है fixes वह (वाला belongs to रास्ता)
eng_for_hin:S0571L01B03	AMBIGUOUS	I'm not convinced that he's happy	I'm not convinced that she's happy	खुश है invariant, वह unmarked
eng_for_hin:S0578L01U04	DETERMINED			गई fixes the referent
eng_for_hin:S0581L01B01	DETERMINED			चाहेगा fixes the referent
eng_for_hin:S0581L01B02	DETERMINED			चाहेगा fixes the referent
eng_for_hin:S0581L01B03	DETERMINED			चाहेगा fixes the referent
eng_for_hin:S0581L01U01	DETERMINED			चाहेगा fixes the referent
eng_for_hin:S0581L01U02	DETERMINED			चाहेगा fixes the referent
eng_for_hin:S0581L01U03	DETERMINED			चाहेगा fixes the referent
eng_for_hin:S0581L01U04	DETERMINED			चाहेगा fixes the referent
eng_for_hin:S0581L01U05	DETERMINED			चाहेगा fixes the referent
eng_for_hin:S0581L02B01	DETERMINED			चाहेगा fixes the referent
eng_for_hin:S0581L02B02	DETERMINED			चाहेगा fixes the referent
eng_for_hin:S0581L02B03	DETERMINED			चाहेगा fixes the referent
eng_for_hin:S0581L02U01	DETERMINED			चाहेगा fixes the referent
eng_for_hin:S0581L02U02	DETERMINED			चाहेगा fixes the referent
eng_for_hin:S0581L02U03	DETERMINED			चाहेगा fixes the referent
eng_for_hin:S0581L02U04	DETERMINED			चाहेगा fixes the referent
eng_for_hin:S0581L02U05	DETERMINED			चाहेगा fixes the referent
eng_for_hin:S0585L02U04	DETERMINED			गई fixes the referent
eng_for_hin:S0587L01B01	DETERMINED			देती fixes the referent
eng_for_hin:S0587L01B02	DETERMINED			देती fixes the referent
eng_for_hin:S0587L01B03	DETERMINED			देती fixes the referent
eng_for_hin:S0587L01U01	DETERMINED			देती fixes the referent
eng_for_hin:S0587L01U02	DETERMINED			देती fixes the referent
eng_for_hin:S0587L01U03	DETERMINED			देती fixes the referent
eng_for_hin:S0587L01U04	DETERMINED			देती fixes the referent
eng_for_hin:S0587L01U05	DETERMINED			देती fixes the referent
eng_for_hin:S0587L02B01	DETERMINED			देती fixes the referent
eng_for_hin:S0587L03B01	DETERMINED			देती fixes the referent
eng_for_hin:S0587L03U01	DETERMINED			देती fixes the referent
eng_for_hin:S0587L03U03	DETERMINED			देती fixes the referent
eng_for_hin:S0589L01B01	AMBIGUOUS	he told me	she told me	उसने ergative, verb agrees with the object
eng_for_hin:S0589L01B02	AMBIGUOUS	he told me this	she told me this	उसने ergative, verb agrees with the object
eng_for_hin:S0589L01B03	AMBIGUOUS	he told me again	she told me again	उसने ergative, verb agrees with the object
eng_for_hin:S0589L01B04	AMBIGUOUS	he told me here	she told me here	उसने ergative, verb agrees with the object
eng_for_hin:S0589L01U01	AMBIGUOUS	he told me it's a good idea	she told me it's a good idea	उसने ergative, verb agrees with the object
eng_for_hin:S0589L01U02	AMBIGUOUS	he told me about it	she told me about it	उसने ergative, verb agrees with the object
eng_for_hin:S0589L01U03	AMBIGUOUS	he told me it's very special	she told me it's very special	उसने ergative, verb agrees with the object
eng_for_hin:S0589L01U04	AMBIGUOUS	he told me today	she told me today	उसने ergative, verb agrees with the object
eng_for_hin:S0589L01U05	AMBIGUOUS	he told me it's my choice	she told me it's my choice	उसने ergative, verb agrees with the object
eng_for_hin:S0589L03B01	AMBIGUOUS	he'd just seen	she'd just seen	उसने ergative, verb agrees with the object
eng_for_hin:S0589L03B02	AMBIGUOUS	he'd just seen this	she'd just seen this	उसने ergative, verb agrees with the object
eng_for_hin:S0589L03B03	AMBIGUOUS	he'd just seen it here	she'd just seen it here	उसने ergative, verb agrees with the object
eng_for_hin:S0589L03B04	AMBIGUOUS	he'd just seen a lot	she'd just seen a lot	उसने ergative, verb agrees with the object
eng_for_hin:S0589L03U01	AMBIGUOUS	he told me he'd just seen the last bus	she told me she'd just seen the last bus	उसने ergative, verb agrees with the object
eng_for_hin:S0589L03U02	AMBIGUOUS	he'd just seen the last bus	she'd just seen the last bus	उसने ergative, verb agrees with the object
eng_for_hin:S0589L03U03	AMBIGUOUS	he'd just seen it	she'd just seen it	उसने ergative, verb agrees with the object
eng_for_hin:S0589L03U04	AMBIGUOUS	he'd just seen the children	she'd just seen the children	उसने ergative, verb agrees with the object
eng_for_hin:S0589L03U05	AMBIGUOUS	he'd just seen the mountains	she'd just seen the mountains	उसने ergative, verb agrees with the object
eng_for_hin:S0591L01B01	DETERMINED			आई fixes the referent
eng_for_hin:S0591L01B02	DETERMINED			आई fixes the referent
eng_for_hin:S0591L01B03	DETERMINED			आई fixes the referent
eng_for_hin:S0591L01U01	DETERMINED			आई fixes the referent
eng_for_hin:S0591L01U02	DETERMINED			आई fixes the referent
eng_for_hin:S0591L01U03	DETERMINED			आई fixes the referent
eng_for_hin:S0591L01U04	DETERMINED			आई fixes the referent
eng_for_hin:S0591L01U05	DETERMINED			आई fixes the referent
eng_for_hin:S0591L02B01	DETERMINED			आई fixes the referent
eng_for_hin:S0591L02U01	DETERMINED			आई fixes the referent
eng_for_hin:S0591L02U02	DETERMINED			आई fixes the referent
eng_for_hin:S0591L02U04	DETERMINED			आई fixes the referent
eng_for_hin:S0592L01B02	DETERMINED			आई fixes the referent
eng_for_hin:S0592L01U01	DETERMINED			आई fixes the referent
eng_for_hin:S0592L01U03	DETERMINED			आई fixes the referent
eng_for_hin:S0597L01U04	DETERMINED			देती fixes the referent
eng_for_hin:S0597L02B01	AMBIGUOUS	he's heard	she's heard	उसने ergative, verb agrees with the object
eng_for_hin:S0597L02B02	AMBIGUOUS	he's heard now	she's heard now	उसने ergative, verb agrees with the object
eng_for_hin:S0597L02B03	AMBIGUOUS	he's heard again	she's heard again	उसने ergative, verb agrees with the object
eng_for_hin:S0597L02B04	AMBIGUOUS	he's heard here	she's heard here	उसने ergative, verb agrees with the object
eng_for_hin:S0597L02U01	AMBIGUOUS	I suspect that he's heard about it	I suspect that she's heard about it	उसने ergative, verb agrees with the object
eng_for_hin:S0597L02U02	AMBIGUOUS	he's heard about it	she's heard about it	उसने ergative, verb agrees with the object
eng_for_hin:S0597L02U03	AMBIGUOUS	he's heard about it today	she's heard about it today	उसने ergative, verb agrees with the object
eng_for_hin:S0597L02U04	AMBIGUOUS	he's heard this	she's heard this	उसने ergative, verb agrees with the object
eng_for_hin:S0597L02U05	AMBIGUOUS	he's heard it	she's heard it	उसने ergative, verb agrees with the object
eng_for_hin:S0597L03U01	AMBIGUOUS	I suspect that he's heard a hundred stories about it	I suspect that she's heard a hundred stories about it	उसने ergative, verb agrees with the object
eng_for_hin:S0597L03U02	AMBIGUOUS	he's heard a hundred stories	she's heard a hundred stories	उसने ergative, verb agrees with the object
eng_for_hin:S0597L03U03	AMBIGUOUS	he's heard a hundred stories about it	she's heard a hundred stories about it	उसने ergative, verb agrees with the object
eng_for_hin:S0597L03U04	AMBIGUOUS	he's heard a hundred stories today	she's heard a hundred stories today	उसने ergative, verb agrees with the object
eng_for_hin:S0597L03U05	AMBIGUOUS	I suspect that he's heard a hundred stories	I suspect that she's heard a hundred stories	उसने ergative, verb agrees with the object
eng_for_hin:S0598L01U01	AMBIGUOUS	he's heard a thousand stories	she's heard a thousand stories	उसने ergative, verb agrees with the object
eng_for_hin:S0598L01U02	AMBIGUOUS	he's heard a thousand stories today	she's heard a thousand stories today	उसने ergative, verb agrees with the object
eng_for_hin:S0598L01U03	AMBIGUOUS	he's heard a thousand stories about it	she's heard a thousand stories about it	उसने ergative, verb agrees with the object
eng_for_hin:S0598L01U04	AMBIGUOUS	I suspect that he's heard a thousand stories	I suspect that she's heard a thousand stories	उसने ergative, verb agrees with the object
eng_for_hin:S0598L01U05	AMBIGUOUS	he's heard a thousand stories here	she's heard a thousand stories here	उसने ergative, verb agrees with the object
eng_for_hin:S0598L02U01	AMBIGUOUS	he's heard a thousand stories about what they were doing	she's heard a thousand stories about what they were doing	उसने ergative, verb agrees with the object
eng_for_hin:S0598L02U03	AMBIGUOUS	he's heard about what they were doing	she's heard about what they were doing	उसने ergative, verb agrees with the object
eng_for_hin:S0598L02U04	AMBIGUOUS	he's heard a hundred stories about what they were doing	she's heard a hundred stories about what they were doing	उसने ergative, verb agrees with the object
eng_for_hin:S0598L02U05	AMBIGUOUS	he's heard about what they were doing today	she's heard about what they were doing today	उसने ergative, verb agrees with the object
eng_for_hin:S0604L01B02	AMBIGUOUS	he offered to let us stay	she offered to let us stay	उसने ergative, की agrees with पेशकश
eng_for_hin:S0604L01B04	AMBIGUOUS	I thought he offered to let us stay	I thought she offered to let us stay	उसने ergative, की agrees with पेशकश
eng_for_hin:S0604L01U01	AMBIGUOUS	he offered to let us stay with him	she offered to let us stay with her	उसने ergative, की agrees with पेशकश
eng_for_hin:S0604L01U02	AMBIGUOUS	I know that he offered to let us stay	I know that she offered to let us stay	उसने ergative, की agrees with पेशकश
eng_for_hin:S0604L01U03	AMBIGUOUS	he offered to let us stay and we were very happy	she offered to let us stay and we were very happy	उसने ergative, की agrees with पेशकश
eng_for_hin:S0604L01U04	AMBIGUOUS	he offered to let us stay at the time	she offered to let us stay at the time	उसने ergative, की agrees with पेशकश
eng_for_hin:S0604L01U05	DETERMINED			जानती थी fixes वह; उसने coreferent
eng_for_hin:S0610L01B02	AMBIGUOUS	he needs to look for work	she needs to look for work	उसे dative + ...ना है obligation, invariant
eng_for_hin:S0610L01U01	AMBIGUOUS	he needs to look for work now	she needs to look for work now	उसे dative + ...ना है obligation, invariant
eng_for_hin:S0610L01U02	AMBIGUOUS	I think he needs to look for work	I think she needs to look for work	उसे dative + ...ना है obligation, invariant
eng_for_hin:S0610L01U04	DETERMINED			चाहता fixes the referent
eng_for_hin:S0610L01U05	AMBIGUOUS	he needs to look for work here because he has nothing	she needs to look for work here because she has nothing	उसे dative + ...ना है obligation, invariant
eng_for_hin:S0611L03U03	DETERMINED			गई fixes the referent
eng_for_hin:S0613L02U03	DETERMINED			गई fixes the referent
eng_for_hin:S0621L01B03	AMBIGUOUS	he said it was broken	she said it was broken	उसने ergative, verb agrees with the object
eng_for_hin:S0621L01U02	AMBIGUOUS	he thought it was broken	she thought it was broken	उसने ergative, verb agrees with the object
eng_for_hin:S0621L02B03	AMBIGUOUS	I wouldn't have dared to tell him	I wouldn't have dared to tell her	उसे dative, no agreement
eng_for_hin:S0621L02U01	AMBIGUOUS	I wouldn't have dared to tell him that it was broken	I wouldn't have dared to tell her that it was broken	उसे dative, no agreement
eng_for_hin:S0621L02U02	AMBIGUOUS	I wouldn't have dared to tell him that	I wouldn't have dared to tell her that	उसे dative, no agreement
eng_for_hin:S0637L01C01	AMBIGUOUS	his	her	उसका/उसकी possessive, owner unmarked
eng_for_hin:S0637L01B01	AMBIGUOUS	his bag	her bag	उसका/उसकी possessive, owner unmarked
eng_for_hin:S0637L01B02	AMBIGUOUS	his bag is here	her bag is here	उसका/उसकी possessive, owner unmarked
eng_for_hin:S0637L01B03	AMBIGUOUS	I like his bag	I like her bag	उसका/उसकी possessive, owner unmarked
eng_for_hin:S0637L01B04	AMBIGUOUS	his bag is ready	her bag is ready	उसका/उसकी possessive, owner unmarked
eng_for_hin:S0637L01U01	AMBIGUOUS	where is his bag?	where is her bag?	उसका/उसकी possessive, owner unmarked
eng_for_hin:S0637L01U02	AMBIGUOUS	is his bag here?	is her bag here?	उसका/उसकी possessive, owner unmarked
eng_for_hin:S0637L01U03	AMBIGUOUS	I don't know where his bag is	I don't know where her bag is	उसका/उसकी possessive, owner unmarked
eng_for_hin:S0637L01U04	AMBIGUOUS	his bag is not there	her bag is not there	उसका/उसकी possessive, owner unmarked
eng_for_hin:S0637L01U05	AMBIGUOUS	I think his bag is ready	I think her bag is ready	उसका/उसकी possessive, owner unmarked
S0016L04	DETERMINED			चाहता fixes the referent
S0017L04	DETERMINED			चाहती fixes the referent
S0020L01	AMBIGUOUS	his name	her name	उसका/उसकी possessive, owner unmarked
S0021L03	AMBIGUOUS	his name	her name	उसका/उसकी possessive, owner unmarked
S0034L01	DETERMINED			चाहता fixes the referent
S0035L01	DETERMINED			चाहती fixes the referent
S0052L01	DETERMINED			चाहता fixes the referent
S0052L04	AMBIGUOUS	to his friend	to her friend	अपना reflexive, no subject in the row
S0053L01	DETERMINED			चाहती fixes the referent
S0053L03	AMBIGUOUS	his letter	her letter	उसका/उसकी possessive, owner unmarked
S0053L04	AMBIGUOUS	in his bag	in her bag	अपना reflexive, no subject in the row
S0069L01	DETERMINED			चाहता fixes the referent
S0070L01	DETERMINED			चाहती fixes the referent
S0084L02	AMBIGUOUS	what he said	what she said	उसने ergative, verb agrees with the object
S0105L02	AMBIGUOUS	he didn't know	she didn't know	पता है/था invariant, उसे dative
S0130L02	DETERMINED			मेरा दोस्त fixes the referent
S0132L02	DETERMINED			रही fixes the referent
S0136L03	DETERMINED			मेरी दोस्त fixes the referent
S0147L01	DETERMINED			थी fixes the referent
S0147L02	AMBIGUOUS	when he saw me	when she saw me	उसने ergative, verb agrees with the object
S0148L01	AMBIGUOUS	he wasn't very patient	she wasn't very patient	उसने ergative, verb agrees with the object
S0176L02	DETERMINED			पाएगा fixes the referent
S0176L03	AMBIGUOUS	I'll ask him if	I'll ask her if	उससे oblique; the marked verb is the speaker's
S0177L02	DETERMINED			चाहती fixes the referent
S0177L03	AMBIGUOUS	I'll ask him where	I'll ask her where	उससे oblique; the marked verb is the speaker's
S0204L03	AMBIGUOUS	I wanted him to	I wanted her to	चाहता था is the speaker's; वह unmarked
S0222L01	DETERMINED			रहा fixes the referent
S0222L02	DETERMINED			चाहता fixes the referent
S0223L01	DETERMINED			वाला fixes the referent
S0223L02	DETERMINED			वाला fixes the referent
S0225L01	DETERMINED			देता fixes the referent
S0225L02	DETERMINED			सकता fixes the referent
S0229L02	DETERMINED			सकती fixes the referent
S0235L02	DETERMINED			चाहता fixes the referent
S0236L02	DETERMINED			वाली fixes the referent
S0246L01	AMBIGUOUS	I wanted him to	I wanted her to	चाहता था is the speaker's; वह unmarked
S0246L03	DETERMINED			थी fixes the referent
S0266L01	DETERMINED			वे थे honorific masculine
S0285L01	DETERMINED			बोलती fixes the referent
S0289L02	DETERMINED			होगी fixes the referent
S0290L01	AMBIGUOUS	he knows the answer	she knows the answer	पता है/था invariant, उसे dative
S0293L02	DETERMINED			वाला fixes the referent
S0299L01	DETERMINED			चाहता fixes the referent
S0300L01	DETERMINED			चाहती fixes the referent
S0301L01	DETERMINED			चाहता fixes the referent
S0302L01	DETERMINED			चाहती fixes the referent
S0303L02	DETERMINED			चाहता fixes the referent
S0304L02	DETERMINED			चाहती fixes the referent
S0308L02	DETERMINED			सहेली fixes the referent
S0309L02	AMBIGUOUS	him	her	उसे dative, no agreement
S0310L01	DETERMINED			सकती fixes the referent
S0311L01	DETERMINED			पाया fixes the referent
S0312L01	DETERMINED			सकती fixes the referent
S0313L01	DETERMINED			पाया fixes the referent
S0314L02	DETERMINED			सकती fixes the referent
S0315L02	DETERMINED			पाया fixes the referent
S0315L04	DETERMINED			चाहता fixes the referent
S0316L02	DETERMINED			सकती fixes the referent
S0317L03	DETERMINED			सकती fixes the referent
S0318L03	DETERMINED			सकती fixes the referent
S0319L01	AMBIGUOUS	he needs to move	she needs to move	उसे + जाना है obligation, invariant
S0320L01	AMBIGUOUS	he doesn't need to buy	she doesn't need to buy	ज़रूरत नहीं है invariant, उसे dative
S0322L03	AMBIGUOUS	he said that he	she said that she	उसने ergative + उसे dative, no agreement
S0324L02	DETERMINED			छात्रा is a feminine noun
S0328L01	AMBIGUOUS	he ought to	she ought to	चाहिए invariant, उसे dative
S0331L01	DETERMINED			सकती fixes the referent
S0332L01	DETERMINED			सकता fixes the referent
S0332L03	AMBIGUOUS	for his sister	for her sister	अपना reflexive, no subject in the row
S0333L01	DETERMINED			सकती fixes the referent
S0334L01	DETERMINED			सकता fixes the referent
S0335L02	DETERMINED			सकता fixes the referent
S0336L01	DETERMINED			सकती fixes the referent
S0337L02	DETERMINED			सकता fixes the referent
S0339L03	AMBIGUOUS	himself	herself	खुद invariant, no subject in the row
S0340L03	DETERMINED			जाएगा fixes the referent
S0343L03	AMBIGUOUS	he's worried	she's worried	चिंतित uninflecting, वह unmarked
S0344L03	AMBIGUOUS	he's happy	she's happy	खुश है invariant, वह unmarked
S0345L04	AMBIGUOUS	he's not ready	she's not ready	तैयार uninflecting, वह unmarked
S0346L01	AMBIGUOUS	his book	her book	उसका/उसकी possessive, owner unmarked
S0346L04	AMBIGUOUS	I wanted him to	I wanted her to	उसे dative; चाहता था is the speaker's
S0347L01	DETERMINED			चाहता fixes the referent
S0348L01	DETERMINED			चाहती fixes the referent
S0349L01	DETERMINED			चाहता fixes the referent
S0350L02	DETERMINED			चाहता fixes the referent
S0351L02	DETERMINED			चाहता fixes the referent
S0352L01	AMBIGUOUS	even if he wanted to	even if she wanted to	चाहे subjunctive, invariant
S0352L02	DETERMINED			सकता fixes the referent
S0355L03	AMBIGUOUS	did he	did she	उसे dative, no verb
S0357L03	AMBIGUOUS	he just	she just	वह with no gender-marked verb
S0358L02	DETERMINED			सकी fixes the referent
S0359L02	DETERMINED			सकता fixes the referent
S0361L01	DETERMINED			था fixes the referent
S0362L02	DETERMINED			था fixes the referent
S0365L02	AMBIGUOUS	what he said to him	what she said to her	उसने ergative + उसे dative, two open referents
S0366L02	DETERMINED			चाहता fixes the referent
S0368L03	DETERMINED			चाहता fixes the referent
S0372L02	DETERMINED			रही fixes the referent
S0375L03	DETERMINED			रही fixes the referent
S0380L02	DETERMINED			चाहती fixes the referent
S0381L02	DETERMINED			चाहता fixes the referent
S0382L02	DETERMINED			चाहता fixes the referent
S0383L02	DETERMINED			चाहता fixes the referent
S0384L02	AMBIGUOUS	what he said a moment ago	what she said a moment ago	उसने ergative, verb agrees with the object
S0385L01	AMBIGUOUS	agree with him	agree with her	उससे oblique; था/थे belongs to the subject
S0386L01	AMBIGUOUS	agreed with him	agreed with her	उससे oblique; था/थे belongs to the subject
S0387L03	DETERMINED			थी fixes the referent
S0420L02	DETERMINED			का है fixes the referent
S0421L03	DETERMINED			रहा fixes the referent
S0438L02	AMBIGUOUS	what he should do	what she should do	चाहिए invariant, उसे dative
S0456L01	DETERMINED			सकता fixes the referent
S0464L01	AMBIGUOUS	I told him	I told her	उसे dative, बताया agrees with the object
S0464L05	DETERMINED			गई fixes the referent
S0477L04	DETERMINED			रहा fixes the referent
S0480L03	DETERMINED			कहता fixes the referent
S0498L01	DETERMINED			अकेला fixes the referent
S0502L01	DETERMINED			गई fixes the referent
S0502L02	DETERMINED			गई fixes the referent
S0510L01	DETERMINED			गई fixes the referent
S0533L01	DETERMINED			सुनेगी fixes the referent
S0535L01	DETERMINED			चुनेगा fixes the referent
S0543L01	DETERMINED			थी fixes the referent
S0547L01	DETERMINED			खेलता fixes the referent
S0581L01	DETERMINED			चाहेगा fixes the referent
S0587L01	DETERMINED			देती fixes the referent
S0589L01	AMBIGUOUS	he told me	she told me	उसने ergative, verb agrees with the object
S0589L03	AMBIGUOUS	he'd just seen	she'd just seen	उसने ergative, verb agrees with the object
S0591L01	DETERMINED			आई fixes the referent
S0597L02	AMBIGUOUS	he's heard	she's heard	उसने ergative, verb agrees with the object
S0637L01	AMBIGUOUS	his bag	her bag	उसका/उसकी possessive, owner unmarked
S0016	DETERMINED			चाहता है fixes वह
S0017	DETERMINED			चाहती है fixes वह
S0020	AMBIGUOUS	You want to learn his name quickly.	You want to learn her name quickly.	उसका possessive, owner unmarked
S0021	AMBIGUOUS	Why are you learning his name?	Why are you learning her name?	उसका possessive, owner unmarked
S0034	DETERMINED			चाहता fixes वह
S0035	DETERMINED			चाहती fixes वह
S0052	DETERMINED			चाहता था fixes वह; अपने दोस्त is reflexive to subject
S0053	AMBIGUOUS	She wanted to put his letter in her bag.	She wanted to put her letter in her bag.	उसकी चिट्ठी open; चाहती थी + अपने fix she/her bag
S0069	DETERMINED			चाहता था fixes वह
S0070	DETERMINED			चाहती थी fixes वह
S0084	AMBIGUOUS	I don't agree with what he said about my friend.	I don't agree with what she said about my friend.	उसने ergative agrees with object, not subject
S0105	AMBIGUOUS	That is why he didn't know the answer.	That is why she didn't know the answer.	उसे dative + पता था invariant
S0130	DETERMINED			मेरा दोस्त masculine possessive
S0132	DETERMINED			कह रही थी fixes वह
S0136	DETERMINED			मेरी दोस्त feminine possessive
S0147	DETERMINED			उदार थी fixes वह
S0148	AMBIGUOUS	He wasn't very patient when I couldn't answer.	She wasn't very patient when I couldn't answer.	उसने ergative, दिखाया agrees with धैर्य
S0176	DETERMINED			पाएगा fixes वह
S0177	DETERMINED			चाहती है fixes वह
S0204	AMBIGUOUS	I wanted him to help you to deal with the arrangements.	I wanted her to help you to deal with the arrangements.	करे subjunctive; चाहता belongs to speaker
S0222	DETERMINED			रहा है/चाहता है fix वह
S0223	DETERMINED			पूछने वाला है fixes वह
S0224	AMBIGUOUS	He's just started to learn.	She's just started to learn.	उसने ergative, किया agrees with सीखना
S0225	DETERMINED			सकता/देता fix वह
S0229	DETERMINED			औरत is a feminine noun
S0235	DETERMINED			चाहता था fixes वह
S0236	DETERMINED			करने वाली है fixes वह
S0237	DETERMINED			चाहता था fixes वह
S0238	DETERMINED			चाहता था fixes वह
S0241	AMBIGUOUS	I don't want to give it to him.	I don't want to give it to her.	उसे dative; चाहता belongs to speaker
S0242	AMBIGUOUS	I want to give him more time.	I want to give her more time.	उसे dative; चाहता हूँ belongs to speaker
S0246	DETERMINED			व्यस्त थी fixes वह
S0266	DETERMINED			पुराने दोस्त थे masculine honorific
S0268	AMBIGUOUS	Yes he sent me two emails last week.	Yes she sent me two emails last week.	उसने ergative, भेजे agrees with ईमेल
S0285	DETERMINED			बोलती है fixes वह
S0289	DETERMINED			होगी fixes वह
S0290	AMBIGUOUS	I wonder if he knows the answer.	I wonder if she knows the answer.	उसे dative + पता है invariant
S0293	DETERMINED			मिलने वाला है fixes वह
S0299	DETERMINED			चाहता है fixes वह
S0300	DETERMINED			चाहती fixes वह
S0301	DETERMINED			चाहता है fixes वह
S0302	DETERMINED			चाहती fixes वह
S0303	DETERMINED			चाहता है fixes वह
S0304	DETERMINED			चाहती fixes वह
S0308	DETERMINED			सहेली is a feminine noun
S0309	AMBIGUOUS	No I've never seen him before.	No I've never seen her before.	उन्हें oblique, देखा default masculine
S0310	DETERMINED			लिख सकती थी fixes वह
S0311	DETERMINED			कर पाया fixes वह
S0312	DETERMINED			सकती है fixes वह
S0313	DETERMINED			पाया fixes वह
S0314	DETERMINED			सकती थी fixes वह
S0315	DETERMINED			पाया/चाहता था fix वह
S0316	DETERMINED			सकती है fixes वह; अपने भाई reflexive to subject
S0317	DETERMINED			ला सकती है fixes वह
S0318	DETERMINED			ला सकती है fixes वह
S0319	AMBIGUOUS	He needs to move to a different country.	She needs to move to a different country.	उसे dative + जाना है invariant
S0320	AMBIGUOUS	He doesn't need to buy another television this year.	She doesn't need to buy another television this year.	उसे dative + ज़रूरत नहीं है invariant
S0322	AMBIGUOUS	He said that he needs to read the same book.	She said that she needs to read the same book.	उसने ergative; पढ़नी agrees with किताब
S0323	AMBIGUOUS	He said that he doesn't need to walk to school.	She said that she doesn't need to walk to school.	उसने ergative + ज़रूरत invariant
S0324	DETERMINED			छात्रा is a feminine noun
S0325	AMBIGUOUS	I think that he needs to consider ten possible problems.	I think that she needs to consider ten possible problems.	उसे dative + करना होगा invariant; लगता is speaker
S0326	AMBIGUOUS	I don't think that he needs to sell the company.	I don't think that she needs to sell the company.	उसे dative + ज़रूरत है invariant; लगता is speaker
S0327	AMBIGUOUS	Do you think that he needs to offer another way?	Do you think that she needs to offer another way?	उसे dative + करना होगा invariant
S0328	AMBIGUOUS	Yes I think he should.	Yes I think she should.	उसे dative + चाहिए invariant
S0331	DETERMINED			सकती fixes वह
S0332	DETERMINED			सकता है fixes वह; अपनी बहन reflexive to subject
S0333	DETERMINED			सकती fixes वह
S0334	DETERMINED			सकता है fixes वह
S0335	DETERMINED			सकता है fixes वह
S0336	DETERMINED			सकती है fixes वह (लगता is the speaker frame)
S0337	DETERMINED			सकता है fixes वह
S0339	AMBIGUOUS	No I think he's hurt himself quite badly.	No I think she's hurt herself quite badly.	उसे dative + चोट लगी agrees with चोट
S0340	DETERMINED			हो जाएगा fixes वह
S0343	AMBIGUOUS	Who said that he's worried about the economy.	Who said that she's worried about the economy.	चिंतित uninflecting, जिसने ergative
S0344	AMBIGUOUS	Who said that he's happy to help you.	Who said that she's happy to help you.	उसे dative + ख़ुशी होती है invariant
S0345	AMBIGUOUS	Who said that he's not ready to leave yet.	Who said that she's not ready to leave yet.	तैयार uninflecting
S0346	AMBIGUOUS	I wanted him to know that I liked his book.	I wanted her to know that I liked her book.	उसे dative + पता हो invariant; उसकी possessive
S0347	DETERMINED			चाहता था fixes वह
S0348	DETERMINED			चाहती थी fixes वह
S0349	DETERMINED			चाहता था fixes वह
S0350	DETERMINED			चाहता था fixes वह
S0351	DETERMINED			चाहता था fixes वह
S0352	DETERMINED			नहीं कर सकता fixes वह
S0353	AMBIGUOUS	He needed to run around the field.	She needed to run around the field.	उसे dative + ज़रूरत थी invariant
S0354	AMBIGUOUS	He didn't need to appear angry.	She didn't need to appear angry.	उसे dative + दिखना था invariant
S0355	AMBIGUOUS	Did he need to talk to that woman you know?	Did she need to talk to that woman you know?	उसे dative; करनी agrees with बात
S0357	AMBIGUOUS	No she just wanted to send him a message.	No she just wanted to send her a message.	उसे dative open; चाहती थी fixes only वह
S0358	DETERMINED			आपकी दोस्त + पहुँच सकी fix her
S0359	DETERMINED			मुड़ सकता था fixes वह
S0361	DETERMINED			चुप था fixes वह
S0362	DETERMINED			चुप था fixes वह
S0363	AMBIGUOUS	Yes he felt like talking a lot.	Yes she felt like talking a lot.	उसका possessive + मन था invariant
S0364	AMBIGUOUS	I heard that he didn't like that place.	I heard that she didn't like that place.	उसे dative; आई agrees with जगह
S0365	AMBIGUOUS	I didn't hear what he said to him.	I didn't hear what she said to her.	उसने ergative + उससे oblique, two open referents
S0366	DETERMINED			चाहता था fixes वह
S0368	DETERMINED			चाहता था fixes वह
S0372	DETERMINED			कर रही थी fixes वह
S0375	DETERMINED			कर रही है fixes वह
S0380	DETERMINED			चाहती थी fixes वह
S0381	DETERMINED			चाहता था fixes वह
S0382	DETERMINED			चाहता था fixes वह
S0383	DETERMINED			चाहता था fixes वह
S0384	AMBIGUOUS	I couldn't agree with what he said a moment ago.	I couldn't agree with what she said a moment ago.	उसने ergative; पाया belongs to speaker
S0385	AMBIGUOUS	Did you agree with him?	Did you agree with her?	उससे oblique; थे agrees with आप
S0386	AMBIGUOUS	Yes I agreed with him.	Yes I agreed with her.	उससे oblique; था belongs to speaker
S0387	DETERMINED			सही थी fixes वह
S0420	DETERMINED			कितने साल का है fixes वह
S0421	DETERMINED			होता जा रहा है fixes वह
S0438	AMBIGUOUS	They didn't want to decide what he should do.	They didn't want to decide what she should do.	उसे dative + चाहिए invariant
S0456	DETERMINED			हो सकता है fixes वह
S0464	DETERMINED			भूल गई fixes वह
S0465	AMBIGUOUS	Next time I will ask him what his name is.	Next time I will ask her what her name is.	उससे oblique + उसका possessive
S0477	AMBIGUOUS	He's been sick since the second day of the holidays.	She's been sick since the second day of the holidays.	बीमार uninflecting
S0478	AMBIGUOUS	He has such a kind heart.	She has such a kind heart.	उसका possessive agrees with दिल
S0480	AMBIGUOUS	Whatever he says it's not far ahead now.	Whatever she says it's not far ahead now.	चाहे/कहे subjunctive, no gender marking
S0498	DETERMINED			अकेला खड़ा है fixes वह
S0502	DETERMINED			खो गई थी / मुड़ गई थी fix वह
S0510	DETERMINED			ढूँढ़ने गई है fixes वह
S0533	DETERMINED			नहीं सुनेगी fixes वह
S0535	DETERMINED			नहीं चुनेगा fixes वह
S0543	DETERMINED			सही थी fixes वह
S0547	DETERMINED			खेलता रहा है fixes वह
S0581	DETERMINED			जानना चाहेगा fixes वह
S0587	DETERMINED			ज़ोर देती थी fixes वह
S0589	AMBIGUOUS	He told me he'd just seen the last bus.	She told me she'd just seen the last bus.	उसने ergative; देखी agrees with बस
S0591	DETERMINED			मेरे पीछे आई fixes वह
S0597	AMBIGUOUS	I suspect that he's heard a hundred stories about it.	I suspect that she's heard a hundred stories about it.	उसने ergative; सुनी agrees with कहानियाँ
S0598	AMBIGUOUS	He's heard a thousand stories about what they were doing.	She's heard a thousand stories about what they were doing.	उसने ergative; सुनी agrees with कहानियाँ
S0604	AMBIGUOUS	He offered to let us stay with him.	She offered to let us stay with her.	उसने ergative, की agrees with पेशकश; उसके oblique
S0610	AMBIGUOUS	He needs to look for work.	She needs to look for work.	उसे dative + ढूँढ़ना है invariant
S0621	AMBIGUOUS	I wouldn't have dared to tell him that it was broken.	I wouldn't have dared to tell her that it was broken.	उसे dative; पाता belongs to speaker
S0637	AMBIGUOUS	Where is his bag?	Where is her bag?	उसका possessive, owner unmarked
