ara_eg_for_eng:pod-1	1	1	1	Neighbour (8 am)	f155a54886614093ffcff71b71e6b570	6ee0944e54db0524ecde74e6c629de1b
ara_eg_for_eng:pod-1	1	2	2	Sarah	1a94f75ad6b92898c35dea2416f1567d	aa26f2a183c4e0e6ed68f15e08ffe05a
ara_eg_for_eng:pod-1	1	3	3	Neighbour	71e8eef3cea2c7d30e79cad6c3cd5af8	cc464cfe2d26532c0418f4836ee5ebb5
ara_eg_for_eng:pod-1	1	4	4	Sarah	8c9fe40cbfe0aea1b8d545278af83ecc	35b94c213869adfc71dedf98d510b4a8
ara_eg_for_eng:pod-1	2	1	5	Sarah	5704db2f49dabdfd2a81c1139b26bec7	1ebc5a6271df1e0684e2e7b9c41bb18b
ara_eg_for_eng:pod-1	2	2	6	Passenger	f28aaa6e7fdb60ff52d4e9490ee26e57	5e5d8b3c6f8bc430e1479d0777a768e2
ara_eg_for_eng:pod-1	2	3	7	Sarah	4576fb3d7a61201934e9ab5eb66c6a06	10902ecda3dc2372dc9cf570f2c80a9b
ara_eg_for_eng:pod-1	2	4	8	Sarah	cc338e3b06c5bb2c652f937010536118	1fb41845d0728f8c10727a8ce966c6f9
ara_eg_for_eng:pod-1	2	5	9	Passenger	5ba8ef08fc610ad49dead0d32a84c6e0	7c8caa73ae0269729cf079b955fa2489
ara_eg_for_eng:pod-1	3	1	10	Barista (3 pm)	fa9a69aa4c4f19537cce48a5d8b98cbf	129b85d1178d6f963422c4224881b233
ara_eg_for_eng:pod-1	3	2	11	Sarah	30b8c3d862f13f39fc258ffee6e67e80	9e08c222b5d1a39384a1b5fddfbf25ea
ara_eg_for_eng:pod-1	3	3	12	Sarah	67c16e2b7612047e17ba657021933f27	6885fc15633ab4b868aa5151e79d7186
ara_eg_for_eng:pod-1	3	4	13	Sarah	eaea71953f2f751fb28a032b31fe9cf6	a60b2d126f8c7ff9ac38fbfa4364cb1c
ara_eg_for_eng:pod-1	3	5	14	Sarah	71ade04a201cdf1bfc952e2f8f2c2d95	31d093097e4bfea2a6dd0ab4c22a6b15
ara_eg_for_eng:pod-1	3	6	15	Barista	556c504278ff752d19f78e79f61c2466	f031182f541a00bfb1a31493235217b1
ara_eg_for_eng:pod-1	3	7	16	Barista	a40b292a46afff89509cdf1b4420f864	ef43722ddbda655542b7cdb02bb936b6
ara_eg_for_eng:pod-1	3	8	17	Sarah	80580139cdc1f8942d48a42bd8355831	cbf8659af4f5ca4c927d141bfe3faded
ara_eg_for_eng:pod-1	3	9	18	Barista	7d9e341412cf6521822c8062e555ce82	6f61d97ffddb4a91e45afc5f67e73c69
ara_eg_for_eng:pod-1	3	10	19	Sarah	211b02d129d97de1f46974311f5b603f	54cf197a5697f647ff03a2b52745b533
ara_eg_for_eng:pod-1	4	1	20	Friend (7 pm)	582ef7d39aef9aa24ee6439ccb30fcb9	de62d7bb305c2be6a133ea17a0af37b1
ara_eg_for_eng:pod-1	4	2	21	Sarah	fa5415cf44e08f4a4e24d9d9f6d75d2b	01495caf915e2d5c88205615c813d856
ara_eg_for_eng:pod-1	4	3	22	Friend	81e953d93d795b7b2fa36a68e2fa75f5	6c683c3f18a71bc5a60a51245f7ea8e3
ara_eg_for_eng:pod-1	5	1	23	Neighbour (10:30 pm)	e8b0f4d2f53ceda60f954b59688fd0b9	139e47766b4ab1bc6c2e30d8275d570d
ara_eg_for_eng:pod-1	5	2	24	Sarah	5c84a6f527dee48847cb3d4a0dff6093	5a620928d6e45913a894808d7501ec80
ara_eg_for_eng:pod-1	6	1	25	James	f94130b9e5d034045983ab6a8bdf8556	b37cd01c3b7738424f852aea2063a505
ara_eg_for_eng:pod-1	6	2	26	Anna	7ca537986fe3e25751ba6b2c06352652	b214d1387a552e4c9be132984796bcc1
ara_eg_for_eng:pod-1	6	3	27	James	b797553d5ad8092c4d3c860600dc9690	085e3c08f2ffecfb23cbb422d831688a
ara_eg_for_eng:pod-1	6	4	28	Anna	dda1014b8e5726aca3fd6d98d82c3d82	0639e512b88fa8fcaebd5b9666928c7c
ara_eg_for_eng:pod-1	6	5	29	James	154334145d816f16c70f1f482626e4a6	79426185551098a662d1143e775cea18
ara_eg_for_eng:pod-1	6	6	30	Anna	6851e9860622a530f69c61eac64291d4	755656594f1fed66195e576bafc459ce
ara_eg_for_eng:pod-1	6	7	31	James	4c718a11dc72c73f8dd63528d6124887	19d2869419a133d649ed42141a675cc0
ara_eg_for_eng:pod-1	6	8	32	Anna	b69668dd38e2cb694c3650f21a8093a4	9ebc765a5bc5d2479243dede501bd3a0
ara_eg_for_eng:pod-1	6	9	33	James	fcf16a4105e5a77fec740bcb3f107b70	e179250355984f5404e6949eeae2f2cb
ara_eg_for_eng:pod-1	6	10	34	Anna	d040e0aa8dd282a32dbf78f3bfdfe2e4	9611b73d7680bf9a3b5637d7685e689c
ara_eg_for_eng:pod-1	6	11	35	James	55fbf6697fa09700a9df9a7b77668ecf	5f34e333ac660776c7b01f074b5e1871
ara_eg_for_eng:pod-1	6	12	36	Anna	75107287cdefb7317439a165128eb945	7c9e94e54ff783200c75ad1afddf413b
ara_eg_for_eng:pod-1	6	13	37	Narrator	e831d74fb01006646aa17d3e2a0f9f0c	a9df7ad4db2e1971fb021f5644e1d0ed
ara_eg_for_eng:pod-1	7	1	38	Cafe Barista	4965b0a8661bef029b645b2e6e9b5912	cbc2167ecf008fb033b5ac98aa1b364b
ara_eg_for_eng:pod-1	7	2	39	Cafe Customer 1	703d0d545ee0125fc4482ef32825f5e3	501783348c585c978802f4fdc48329f4
ara_eg_for_eng:pod-1	7	3	40	Cafe Barista	554d298817314d66d81bca956e6c13de	7ac946487706bc9ebf9c41d16197e6de
ara_eg_for_eng:pod-1	7	4	41	Cafe Customer 1	7b4af86e446a2541efb03b3a238dfc3e	56d632d7eac284ed7db82ac6573a506e
ara_eg_for_eng:pod-1	7	5	42	Cafe Barista	5a81f0036f0690217129fc50236b1367	45787a9f76a00ef648b4e54a736ed6b5
ara_eg_for_eng:pod-1	7	6	43	Cafe Customer 1	e195c27ef8e5d30a6efc997fe1507134	c43ecbf12526a32e59d7eda3876fb7d4
ara_eg_for_eng:pod-1	7	7	44	Cafe Customer 2	5d8592e340064021749c65ab8424f45c	ce4240fcb8bb7b3e0431cc6ea45df5d2
ara_eg_for_eng:pod-1	7	8	45	Cafe Barista	d33a39eb58467f2862a984a6b8bb6796	92b16311b9402c95a838d93fb1501a31
ara_eg_for_eng:pod-1	7	9	46	Cafe Customer 2	801f36bd48b5fb3e26c5e09aefeba925	0ad80a8eecd77a5db88121c57e75b9bf
ara_eg_for_eng:pod-1	7	10	47	Cafe Barista	04ba81180a5114395267c060fba9520e	2de61305988afb0d32d84b087e36cd48
ara_eg_for_eng:pod-1	7	11	48	Cafe Customer 2	ef39b22b5d9e2d179dc4ed56aa229b42	83f6d2006a0205d1f04f37ad2cdb4223
ara_eg_for_eng:pod-1	7	12	49	Cafe Barista	c6bd61f250438b214e9a0729b00379a6	f4707ef64079b9bd3120486cd8cd1da6
ara_eg_for_eng:pod-1	7	13	50	Cafe Customer 3	a4f9367060840f57acc6986e80382164	440747e4c5a705e28463a93bdb2355ba
ara_eg_for_eng:pod-1	7	14	51	Cafe Barista	6c2b5d59c32269c433d117cc02170f5f	e53c40e2fc9be5922a1f67265e084b06
ara_eg_for_eng:pod-1	7	15	52	Narrator	82a25f2f9a5dec4048896ab5b9badf87	e2fd9610c4c8e82a1f7efcfc3206ffea
ara_eg_for_eng:pod-1	8	1	53	Bartender	fafb529c02ff414a77644a2aad2e36cf	95e5cc8503c5b06fc599d942c1b95aba
ara_eg_for_eng:pod-1	8	2	54	Bar Customer 1	31ceea442d7decce5ec640caebdf3c21	59d9c371c00f5aa6e9263c08a30a42b2
ara_eg_for_eng:pod-1	8	3	55	Bartender	d187205f83c724a510bf0dd93350a60a	4930a264ba1351fc1f2be2eeb0503e43
ara_eg_for_eng:pod-1	8	4	56	Bar Customer 1	1a630f955262dfb85011481e056c3406	1fb2b2c11bb3d11e65e41029d3da1abd
ara_eg_for_eng:pod-1	8	5	57	Bar Customer 2	2f8c904ba5a6d18d94281fd4a8320009	64e908148bb806be4c5b82b6cd67f3cc
ara_eg_for_eng:pod-1	8	6	58	Bar Customer 3	2dbd529398bce61559eaf940b10d8d17	5705209f2f526bf4a4e906fdff5e8666
ara_eg_for_eng:pod-1	8	7	59	Bartender	a654df6151c5a8f07295936f9cf13ad2	463cfc4e55bd3de5f4c5f6998798c8ff
ara_eg_for_eng:pod-1	8	8	60	Bar Customer 3	6963e3100e2b4284db6983b863a3a5fa	1caace2cdd8542fe8ae296efab852317
ara_eg_for_eng:pod-1	8	9	61	Bar Customer 1	0623569ff90c013ebf8a8a00c482c491	52bff53cb70f6415f72fa87fdc38b652
ara_eg_for_eng:pod-1	8	10	62	Bar Customer 2	069b5a8e4ad974cdcaa425f077b3c25d	913165018eb8739a5a0f0613c937fc94
ara_eg_for_eng:pod-1	8	11	63	Bartender	071f7d394f17418affd29f6f8b647f45	cb7282d0097a8ca0c2d2839f0095852d
ara_eg_for_eng:pod-1	8	12	64	Bar Customer 1	9a6a7310091c3d940d762db1e73b724b	54cb51c8fb37ecd2e04ce14848f2444d
ara_eg_for_eng:pod-1	8	13	65	Bartender	e48a240152c012dc8f21a85aa7ee069f	3feeb7bb1aa528b75366afe8ec9bfa2e
ara_eg_for_eng:pod-1	8	14	66	Bar Customer 1	329837cdb9f87485665c86c010bce817	db93cc48e1c5ade124d2f44fe0a847be
ara_eg_for_eng:pod-1	8	15	67	Bar Customer 2	3e33833b70a20d5638c4ffe894f475fe	423abcaa566f0bf44715381b375bf04e
ara_eg_for_eng:pod-1	8	16	68	Narrator	6a03f30e7ce65aee6d5ffed17ea527d4	9c0bcc5415e835cbe990d35954130c8b
ara_eg_for_eng:pod-1	9	1	69	Diner 1	94e4fd78728cd5e2d9f50175668f736d	f47c0ccfc3f79c83d8dbb18e994935a5
ara_eg_for_eng:pod-1	9	2	70	Waiter	8d4dc58db2ff443790359a758f6410f8	718e6f797347b8fd4b3f45a6622a4446
ara_eg_for_eng:pod-1	9	3	71	Waiter	2893428616dda187fd42c26879068f91	aecedd04a4e5cf7a1cd5b5239e80ae9c
ara_eg_for_eng:pod-1	9	4	72	Diner 2	d39a22bf39b0d2af729e412ba809a999	91ae74f00f07601e9babaa242c7a5d36
ara_eg_for_eng:pod-1	9	5	73	Diner 1	666355d613f7671ba5586dca980bf189	ea78ed82157a414c5169aef49b3b477e
ara_eg_for_eng:pod-1	9	6	74	Waiter	4586df63f7f5045a6840fef82df785b5	a86c30a79c6077cce89f3534133f9c30
ara_eg_for_eng:pod-1	9	7	75	Diner 1	3943c0fd778211cd064b1ce037f0b353	08f808be58b2d99c383869f4bd2b9e5f
ara_eg_for_eng:pod-1	9	8	76	Waiter	5039783fd0b52484466a318af14be273	63b23d49d9cc4cbfcd2e579d529fafa9
ara_eg_for_eng:pod-1	9	9	77	Diner 1	615ac33d28f2c102dfbb60ac868aab58	06214f9b4ac4ad391f2d5ea78b71cde7
ara_eg_for_eng:pod-1	9	10	78	Diner 2	483ff142eaccd731a8c44a6cd94dddde	9581444710a2c46fbe4893e417a9fa3d
ara_eg_for_eng:pod-1	9	11	79	Waiter	ff3d3fd6159b93f2bb70c515e2279efc	60358de534ece5a38b06fd63bc1f3b38
ara_eg_for_eng:pod-1	9	12	80	Diner 1	5472a261a070be8b1f1c2061f040af9a	98f46984f350be53caf0d8042b08fb4d
ara_eg_for_eng:pod-1	9	13	81	Diner 2	a6ffca3eba533ac6afb22bcb8a8b25d8	4e89e1708e54fa14e52a5316232da8c5
ara_eg_for_eng:pod-1	9	14	82	Waiter	1286f1170871a2872547ff2a58185b07	4d3da2ee5e65d6f8789ba8a5e3aa642c
ara_eg_for_eng:pod-1	9	15	83	Waiter	cc30c005897e13079d7179f78dfabfd6	de28fcf5d0a220f3654a7d2910a5b135
ara_eg_for_eng:pod-1	9	16	84	Diner 1	59737230b9310da053dfe522919d73b6	40123960824b4440b27f97076b2993df
ara_eg_for_eng:pod-1	9	17	85	Diner 2	14ef541ac6bf288afe6e4e057c4cfb85	1b6b76e0bdc8953ab878905b8cc52df9
ara_eg_for_eng:pod-1	9	18	86	Narrator	485de0876e88d0bb1a3912acb852386d	418fc34f8a619847c1ec0523c838a8a7
ara_eg_for_eng:pod-1	10	1	87	Customer	fdf2709d8ba5f0fee3470eb19b8af0a9	136151eba56ff0f31b5d130954df5f15
ara_eg_for_eng:pod-1	10	2	88	Assistant	b0f129a793fa54807fccf4d2ca6031de	e4cbe079c0dcc535e9cd8aaef51c9797
ara_eg_for_eng:pod-1	10	3	89	Customer	7998e8906fe72b9e6bb82212465426a0	93693bd14a65a0bf93904aa6a6980234
ara_eg_for_eng:pod-1	10	4	90	Assistant	668628d304f67d0ce0a4039147c71f47	d0f2cb73e1e5371d15cfeb2681bae7c5
ara_eg_for_eng:pod-1	10	5	91	Customer	3e4895baecc1d886ee226d7b383f7fa9	f1aa603fd2b80fab9a0764ddba8ba5da
ara_eg_for_eng:pod-1	10	6	92	Assistant	77356eeccd9434e3b6e762bde0d41818	27b11b3461c2c22a832ac7a15cc39f15
ara_eg_for_eng:pod-1	10	7	93	Customer	dbd9ea03078ea6fb2af920a30993fe33	1d40abee6285888e49c74dfb5bcf9927
ara_eg_for_eng:pod-1	10	8	94	Assistant	2e08f10c367994dc9038b59771f60145	929a5f7dbdae5828380240dbea0f0fc7
ara_eg_for_eng:pod-1	10	9	95	Customer	689a7553d2e8f2e87511d51b6b9d96e6	d3bf8a9e67b0ca9467a577e3638573fc
ara_eg_for_eng:pod-1	10	10	96	Narrator	6ae9a342bdc15f3e188770a4861e8790	88c1ab6fdafe008af86fe0b06f4c841b
ara_eg_for_eng:pod-1	11	1	97	Guest	b3cb5f82dabf3ee51b3b557fc2287e08	cc55707d7078fc7aa2cb496d4ff3f91e
ara_eg_for_eng:pod-1	11	2	98	Receptionist	de5f16c9318a2db4b6124ff0ed34dfda	f686f5ac142a24984957aaa44464e88f
ara_eg_for_eng:pod-1	11	3	99	Guest	6a3d07ae71eda12a48dca11d0be2705c	ec7626acc5bc14df9335862c416ea34f
ara_eg_for_eng:pod-1	11	4	100	Receptionist	0cbd381a2873cebd9ec797e12d43f046	552df0d976f1a2d84d4af72d95e5b59a
ara_eg_for_eng:pod-1	11	5	101	Guest	9a993e5de989bc97b7161a5fd744a6aa	7b0407dc87cc2c4961a945606a5eadc4
ara_eg_for_eng:pod-1	11	6	102	Receptionist	cd712ea4d7a824b2c2eefc57b5af1db7	bb3123fdb334f284bcb1af62f7f238e7
ara_eg_for_eng:pod-1	11	7	103	Guest	bb8a81d3afbf29e3b4de07514e7dde4e	225256efd81262ffe2b947381a8cf080
ara_eg_for_eng:pod-1	11	8	104	Receptionist	972a89fb295d1dda4ed3555e012aa153	7361204e12235a4165e525c8993dc914
ara_eg_for_eng:pod-1	11	9	105	Guest	48edaaf7424428ee71dc99b4a3c173b6	4c3bd72192248f3b689ac3bdb789ac2c
ara_eg_for_eng:pod-1	11	10	106	Receptionist	46785dd16034de19d1db21f83aac2be5	0598c0d2d13ded214ea462b251a0d013
ara_eg_for_eng:pod-1	11	11	107	Guest	0063e983114e50317ae686f432529f85	77bb11ec8afd06d6b134f6f69df41802
ara_eg_for_eng:pod-1	11	12	108	Receptionist	7f5edf01d3c097f28344d09a7d65889e	84e3ae341108982767642713c846233a
ara_eg_for_eng:pod-1	11	13	109	Narrator	b018f50d11104c0cf1a83261682da9b0	a039db0b2a75b9ef42c456afbf08acb2
ara_eg_for_eng:pod-1	12	1	110	Customer	0edc25b58d74779a8586c77f9fdae9c7	2e0c0d4948556b0a6de58e3ddc21395d
ara_eg_for_eng:pod-1	12	2	111	Pharmacist	00cf3b2b6b02b5aaa6e1005ae76d3e3d	64b835aa122947a9ec0e4602f081f977
ara_eg_for_eng:pod-1	12	3	112	Customer	51f48695145aaf868805ce1c9067ecbf	ffc7160bc08caa75a27c0e47e6829382
ara_eg_for_eng:pod-1	12	4	113	Pharmacist	dcc3e88a329b03c89e23bd5cf0e01920	48bcf2e67a7019da71d9e7c0f7c92a44
ara_eg_for_eng:pod-1	12	5	114	Customer	19c2473db85cbec8bdd0f0ae0756a77f	599ac705b6e160bfafeca6ee3ff9c0b7
ara_eg_for_eng:pod-1	12	6	115	Pharmacist	945bf7de5eb55249a619c25d9a9de3a1	e592ec2ece61a026f44312af940f04ab
ara_eg_for_eng:pod-1	12	7	116	Customer	d4b8d1402d18f4a08e27dda41c5a3da5	ac82c32fe908849dd80acbc6a9b1fe4e
ara_eg_for_eng:pod-1	12	8	117	Pharmacist	b2c5409f1527bb7682629b4e7a04df49	f0be03f62fc608c755238e341759c65c
ara_eg_for_eng:pod-1	12	9	118	Customer	e9c4ae9301ee9035f797822124857be3	e42037889344d661179702232365b051
ara_eg_for_eng:pod-1	12	10	119	Narrator	7ff685543dca14bb495465b4114fc9f1	7356639b43b69fb452e712e88ca612ea
ara_eg_for_eng:pod-1	13	1	120	Tourist	3f23bc71c0a97d479711bb668c44806e	daca79f72d2e3ffc8ed3cf8c833b5595
ara_eg_for_eng:pod-1	13	2	121	Local	3c4cdbbc238aed221c550fa647e20d4b	7c12a65de20b42e05db3777842ff80cb
ara_eg_for_eng:pod-1	13	3	122	Tourist	54b126ba1b06849707b103b508eb6cff	444f9aa0aa56ed882191729a3c3fe78e
ara_eg_for_eng:pod-1	13	4	123	Local	f073dbbd0b87feb05f9bbdfd8ef04209	7528fc391ebf65dd55f321c7dbb62608
ara_eg_for_eng:pod-1	13	5	124	Local	36758e162d24e08dc836ee3d86bff553	ed54becb0e49e16df83cc60466efa8d2
ara_eg_for_eng:pod-1	13	6	125	Tourist	9c12eb4258017f4d3a26941e87f4f86f	225eb9e5c0f9d0b57652f113e937f8e5
ara_eg_for_eng:pod-1	13	7	126	Local	98251b0c7cc4b8d631931c64e03ae2e1	7195a8c13810d9b9853c3c211f616a9e
ara_eg_for_eng:pod-1	13	8	127	Tourist	7e186ccbe437342878cafcd92e00d4ff	9c909612cff0b9fb58decf8506cb50db
ara_eg_for_eng:pod-1	13	9	128	Local	6c56fc93d1f488a17460f1b4b3b6a724	759bd7d3204fa55d3e3b463340506aa2
ara_eg_for_eng:pod-1	13	10	129	Tourist	83cd7dacd1b7621cfc1ac54dd5df22d2	d84dc29ab18369e040cfb3b3899f2394
ara_eg_for_eng:pod-1	13	11	130	Narrator	ba81666507e5db0de98ef57f96a98761	4ff53b91110304c96b46805771c7f4aa
ara_eg_for_eng:pod-1	14	1	131	Passenger	34e2a6b73e87f1c261020146c605a84a	c58ec5f5bbb7c695c418f6b4ea356da1
ara_eg_for_eng:pod-1	14	2	132	Driver	0d98ef4e9959976eaff85102ca1fd556	27652fc6bc26f1807c076c5dc3969133
ara_eg_for_eng:pod-1	14	3	133	Passenger	6bb5aafa858ae374a53d666b38df43d6	a4e86846455e65cdebe8cc6e028ec556
ara_eg_for_eng:pod-1	14	4	134	Driver	88fe5cd57e336d393c5b4f75de55dfb1	39d0ed883ef886cb909f83a13c8b51bf
ara_eg_for_eng:pod-1	14	5	135	Passenger	7c446bf40816aeee3eb686849f89ba8a	f33af4b471e77de0eee25686f789cab5
ara_eg_for_eng:pod-1	14	6	136	Driver	af7053403ee205c3ead80e7f339f8054	dcad5fc92e5bfad25efde3fd1acf1dee
ara_eg_for_eng:pod-1	14	7	137	Driver	a13fe3abfe9bbb200f998b88646b4c7e	50f60b36ab55c687d9418741fdbef5b1
ara_eg_for_eng:pod-1	14	8	138	Passenger	20b488cefd3cc7ba0d6be2597b4a264f	bd0f8de5afca3e57a99b1f58619dc6c9
ara_eg_for_eng:pod-1	14	9	139	Driver	ab9cb881b3ee685dc6e611296a6b6fee	9bbc74c3fab1a78c5d2faffeef46810f
ara_eg_for_eng:pod-1	14	10	140	Narrator	bbd0035ad1d4d3a527757a052726f17e	55c9f6473f40cdb17d4d7ab4409a232b
ara_eg_for_eng:pod-1	15	1	141	Learner	ed08165fd8f90a1bae8800d3b11a88b1	913bb5faa544c775b1fd10a63c47dbc3
ara_eg_for_eng:pod-1	15	2	142	Learner	78b366b8209d49f7c5dfb7a5c1547953	a09180b6842fda593edc9e60043a5a0a
ara_eg_for_eng:pod-1	15	3	143	Learner	eba6ecaaf61175f244a4297bf00f270e	af1da60e13065be4a6990b5e69892926
ara_eg_for_eng:pod-1	15	4	144	Learner	e051a97f5533b65d9da02dc6bb539172	47f8bf53caeeded147506c90240992b5
ara_eg_for_eng:pod-1	15	5	145	Learner	e5a2a2078c89f26305ba603bcc449c7c	a8eea28a3fa662b1ea97dfb76e81a785
ara_eg_for_eng:pod-1	15	6	146	Learner	0b2b8a0eee4efe4b886915aa6b80a1a5	e35e0984619771f391c8df3d2f8dad1c
ara_eg_for_eng:pod-1	15	7	147	Learner	166f30ffa2067d4b3a4d8746f30a42e6	376104b5c665287b33a4b3df71fb361b
ara_eg_for_eng:pod-1	15	8	148	Learner	9bd7633e44556ddb735e065bc1905484	0b3bff8c3cbd4993240fec74a9511cef
ara_eg_for_eng:pod-1	15	9	149	Learner	d2ceb95751c5e8fd7c1f8b9eb48253cc	f56a6fa0342d93687c324258b7196cd5
ara_eg_for_eng:pod-1	15	10	150	Learner	a36b0ddccf47f8dad1804d82e160fe80	9a86f7902fbd2894a9f4603da2f7ec9f
ara_eg_for_eng:pod-1	15	11	151	Narrator	430978df2e8c223448fc062356ced467	eba1245daf0d65cc1d6160ccf05bcab7
ara_eg_for_eng:pod-1	16	1	152	Learner	cf2f9c4482bb144d2c4ae04680d8f93c	9eafb4da0eef364b90375b55537d25bb
ara_eg_for_eng:pod-1	16	2	153	Learner	23b8dc283ff9cb65944d4555ea22284c	b3b90f8f5c48e9ab512dc566324ed037
ara_eg_for_eng:pod-1	16	3	154	Learner	6f84108c6b0096e59d08fee7c9eb8234	63d80cfa06344b7d9f4045b7fba0cb9f
ara_eg_for_eng:pod-1	16	4	155	Learner	cfc12c745168f5d2f60f63a330ece9e5	1077817e87520a09a8a2abc0190c9997
ara_eg_for_eng:pod-1	16	5	156	Learner	0c9a9a2215817fcc470e9f3dbe99fa66	875936a84ce3549b311ad51323c3ac94
ara_eg_for_eng:pod-1	16	6	157	Learner	e3a718f97b4065f70e45ea16edb23e11	2eacc883d508a1f175c2f2d0f3d324e4
ara_eg_for_eng:pod-1	16	7	158	Learner	36f07b5c002685cc619e3f607fbab67d	aa2623f2438db26bfc289ac08d18c9a8
ara_eg_for_eng:pod-1	16	8	159	Learner	916ed5e2b380f42a4de122b82b475505	65a2bf309c72a368908ff228b43e5c12
ara_eg_for_eng:pod-1	16	9	160	Staff	adc2eaf11e7573d0b5f125b62c15033a	9650460a658b8f5dd8a906f1782c3f5c
ara_eg_for_eng:pod-1	16	10	161	Learner	d5534c2d6490d63b451b4c7fb34674fd	6f81b411447233cc4554546d3485e6e5
ara_eg_for_eng:pod-1	16	11	162	Narrator	baf3fc37e62b2c93900ceddf6ae7e997	91f7b0696c7c0fc707420471e844af02
ara_eg_for_eng:pod-1	17	1	163	Learner	1e836e798fb43eed1737263c04c804ac	3f918556b4706fc38a4f66b38ee11e93
ara_eg_for_eng:pod-1	17	2	164	Staff	f774caf6e64d5b33307660761e2f2440	b89bf636041965ef6e44581a0e66405b
ara_eg_for_eng:pod-1	17	3	165	Learner	14d18739405e76bc15b8c322d8298e59	b2e9e73da95ff8e534a2c05be54469f1
ara_eg_for_eng:pod-1	17	4	166	Staff	48312ddb18d4b6c3eb2f928f5baf26d5	ee1a2848e1d6e5a016074ba8e5f9df67
ara_eg_for_eng:pod-1	17	5	167	Staff	e4c2a7a62921c3f89ed580a95df1f2c9	a2ac474dcab961749b90674a53304753
ara_eg_for_eng:pod-1	17	6	168	Learner	630a750ee8342af92ab73e3227852811	218566fe0117cad5e42b24674ac59854
ara_eg_for_eng:pod-1	17	7	169	Learner	d105ae969b710de1bcb63a41134fc26f	6f23d3e4fbf9fb84eadce090d6e21e0b
ara_eg_for_eng:pod-1	17	8	170	Learner	af35bda74588d57afad5384a7691b8a5	89d84b38c76d0c63271993c96159335c
ara_eg_for_eng:pod-1	17	9	171	Interlocutor	15e8eb3df89d944a606b35fd8d4c5ef7	60f59d8aa7095fbf4d63419a67291235
ara_eg_for_eng:pod-1	17	10	172	Learner	6d82e370151f7afd9cc11eb59d9054b4	cb2b984f6c5a6652552f5a52433e9043
ara_eg_for_eng:pod-1	17	11	173	Narrator	226b5e7457f94fec49bf61bb28eab499	e9b4223aa4445b27cd280248acac1ce9
ara_eg_for_eng:pod-1	18	1	174	Learner	03895a4ed871937f216406c793dd4422	200c3546a879a0ce8458e37ec1dea3f3
ara_eg_for_eng:pod-1	18	2	175	Learner	237063e869a29d029131fd5d4b6246cb	29a9cbbfaa50d8b1fba17c8ddf1af426
ara_eg_for_eng:pod-1	18	3	176	Learner	ec032e2aa169c353d840cf4832fd042f	a15f9ace48459a3c4e3c4d737c41f653
ara_eg_for_eng:pod-1	18	4	177	Learner	79b1ed7ae5c33f3b945e2c84e694eef2	1f1e50ef6f5759e0685d415825edfff4
ara_eg_for_eng:pod-1	18	5	178	Learner	e25ec44059f9a462d74342adad5131c9	bf2a03f0a7f78a5b14c9039a057ea050
ara_eg_for_eng:pod-1	18	6	179	Learner	42277f2470990b9c99b831d093f26820	ead58d7143eb35c36f5b78aa7009c68b
ara_eg_for_eng:pod-1	18	7	180	Learner	7c857f36392fe2e643a551ee016fbc02	d1d15242deb8a3a7bf0fae7c42c0a47a
ara_eg_for_eng:pod-1	18	8	181	Learner	70233b03eecd9ec3f2be1580502f0be3	deec3ef222041f80b3b966f9b6c515c1
ara_eg_for_eng:pod-1	18	9	182	Learner	3a63dc4945be6f6aa761a740083bf34b	5c40a0c454e9a7788820e3cce62aeda2
ara_eg_for_eng:pod-1	18	10	183	Learner	e5b8505e731a3c22192bb577b34fc340	ea174e84d89f9dce1d8ddc975990cf28
ara_eg_for_eng:pod-1	18	11	184	Narrator	eaf8bab168cba089f6015ceb80c124ad	4ae156b07d9bd5fae88713471a19e018
ara_eg_for_eng:pod-1	19	1	185	Learner	128569f242c51cd8e41e28c7a0c52bb3	7c15f463d5f03199782a2b1f30c3c846
ara_eg_for_eng:pod-1	19	2	186	Learner	ad55d03778c28eac4d615e22c003f54c	c8f053172ea3fa290e676bc9cde75458
ara_eg_for_eng:pod-1	19	3	187	Learner	08d7b9cd01d28b225db9433b6e8a939a	4140109bcdedb65463d59334e5e425f0
ara_eg_for_eng:pod-1	19	4	188	Learner	e14e0a225d467676642d7f1cc3adae9e	9e29640615f6f87aeff81f4e6c5b53bf
ara_eg_for_eng:pod-1	19	5	189	Learner	51ad1a71df15e5199abf304faa7a2bd8	84fc461be123eda48d5bf41b0d1a0f73
ara_eg_for_eng:pod-1	19	6	190	Learner	1efdb1669a37d90197b2443907089653	5263aa615a62dd65c071d15ead5cfb6f
ara_eg_for_eng:pod-1	19	7	191	Learner	3a9bc2601fcc6b69beaa300b837093cf	ac3e999e4f5bae18ce949597989cf25d
ara_eg_for_eng:pod-1	19	8	192	Learner	48d0e9662de58900e1d84bd347ef521c	db14e1d9c46d468ce0c2a1942c9e5547
ara_eg_for_eng:pod-1	19	9	193	Learner	54dedb28e7bb81172e8e5ef13cdd56a0	b4d53d399c40313615294a5dbc3ad920
ara_eg_for_eng:pod-1	19	10	194	Learner	bb7a75f970d3abf81b9b0d4772a05b68	380dc3308d4281d833de8337be86c632
ara_eg_for_eng:pod-1	19	11	195	Narrator	fac161409a4674f8170bcac4b25133dd	e1d859ceca82f3a29e9f5d6896683d70
ara_eg_for_eng:pod-1	20	1	196	Learner	8c3049d2a3123c66c8ff13ffbf68a829	a53e1713be20c3a621f4e8a3f6579843
ara_eg_for_eng:pod-1	20	2	197	Learner	d25a5a456c00f6131da4470fa71b5bc4	60ad360bce4d369112c2efa49f353165
ara_eg_for_eng:pod-1	20	3	198	Learner	ef5e8619341d30231d1e0f89c3eb1e04	c26678bd3218eaa94031c1fcfdc92338
ara_eg_for_eng:pod-1	20	4	199	Learner	693f5163e69f8cb213a80842ee62f80f	9f47f8766713f4c48173ed805c447f66
ara_eg_for_eng:pod-1	20	5	200	Learner	71c9abe8fb5c87762104edbf1bd2e20b	2b6b87c53a652020c2650090c91f7040
ara_eg_for_eng:pod-1	20	6	201	Learner	5c611cc09a4b19a760cb443dadb87c8f	c9596a3f82692ecbe36422e38d488d64
ara_eg_for_eng:pod-1	20	7	202	Learner	59dae75c8c4219c8666a8c0c4ce5bb67	c61460556c733cd480ba0b2038b17bce
ara_eg_for_eng:pod-1	20	8	203	Learner	9b9676a07992ae808ea0dd5c489ac0c3	251c226f2b72c6638554a1826535bdf3
ara_eg_for_eng:pod-1	20	9	204	Learner	ea80931a4ef33648c61faef41181d9dc	2badaa9753a0c2d89b8f7fc048141886
ara_eg_for_eng:pod-1	20	10	205	Learner	4094b0d961e30acc8009150e32114dd8	39a4a36539151c49ff0aea2901d6e46c
ara_eg_for_eng:pod-1	20	11	206	Narrator	46a0b144eb8fcaed18994e57d338b4d4	b00aa4bbb11b7c5b8a41297fedf164e4
ara_eg_for_eng:pod-1	21	1	207	Learner	ff1b5145872f7cb3ea770b2f21f0a859	31883c238e38aa97c19879601c538da8
ara_eg_for_eng:pod-1	21	2	208	Learner	905a95ca1882a4557296ca197f381401	9c9b76e67042fad2983f6f9bb337bc11
ara_eg_for_eng:pod-1	21	3	209	Learner	f3d1e5dd06ff1904b0196dfaa3521b92	fc2e6722bb0d2092c14338f4bc961cbc
ara_eg_for_eng:pod-1	21	4	210	Learner	70150d77863d710dd6511c716634fc88	6a301630a41e5723851c6251001c9cc4
ara_eg_for_eng:pod-1	21	5	211	Interlocutor	d9afeeff77a819197ba6748cf50552d0	69c80eebef962f3c3eeed4411205993d
ara_eg_for_eng:pod-1	21	6	212	Interlocutor	e140edb64fdec09400484acbb2d6178c	e687907c0087a79ee8305dd114fa50ea
ara_eg_for_eng:pod-1	21	7	213	Learner	4218dcc2235c6866af4099945471816b	8e4d431911a139dc828de7241d404d22
ara_eg_for_eng:pod-1	21	8	214	Interlocutor	0b4c5e9cb8f50cae92bc8c8a0a94dfca	11ea5656b70267c62d122e06d3f25ef2
ara_eg_for_eng:pod-1	21	9	215	Learner	722b73ace87f2127cfd26a56092a2466	f7a808574ea1968957fdacd409e5e52e
ara_eg_for_eng:pod-1	21	10	216	Learner	710ce89e9d1b35fb33b053d9bb994ba1	8f5bd996aacf8dd34f3367288430eebf
ara_eg_for_eng:pod-1	21	11	217	Interlocutor	1b232bf6bdd5369901e20da3dca26b1f	02cff8540cce3fccea77fea5e2829615
ara_eg_for_eng:pod-1	21	12	218	Interlocutor	5404bb567ebc0acac958652a3c14694b	a0065434b80f7195e6738e99841ac35a
ara_eg_for_eng:pod-1	21	13	219	Interlocutor	e6420a06f9383e17f89600f5df86e169	834c571189557c45f8dc2513b23484f5
ara_eg_for_eng:pod-1	21	14	220	Narrator	a75b96a3e8ab95267ff4f060464833ae	c8ed10c9fc68227d7fe17887b558a9c4
ara_eg_for_eng:pod-1	22	1	221	Learner	5fd533d9ec01bd932cde1f84ae39413d	619126f6592f5ab766c58e6abf2fb815
ara_eg_for_eng:pod-1	22	2	222	Friend	b9914d68295814fac1baf9b2dd775283	a8040b0a3d95ef89e87cf43deb00c5ca
ara_eg_for_eng:pod-1	22	3	223	Learner	34429598dda8f59f58900de9e4f9eca8	b4e60a590a50dc74baf7ed4bf5bc4be6
ara_eg_for_eng:pod-1	22	4	224	Friend	66c64a19712cf555a2b234b6adbe3dda	15d6200415181b8eb1c842a1a53a0917
ara_eg_for_eng:pod-1	22	5	225	Learner	5659ba4104ed670f6d4de77ddced7754	beb0394ce89cd9183e5d903dcf4183a8
ara_eg_for_eng:pod-1	22	6	226	Friend	7d48e75a34b657eb774067651d2cd12c	36557b4f0901002c15bdfcc82686cb8f
ara_eg_for_eng:pod-1	22	7	227	Learner	401e3436dba750b6d3dda34423350faa	a1c3d02f7c119f1dbfde1c0e56a04a97
ara_eg_for_eng:pod-1	22	8	228	Friend	d2b1a8de8d28fb2a2c890fd87a4bffe5	4f58f4573664f9efa73634407ac75947
ara_eg_for_eng:pod-1	22	9	229	Learner	d2f4dabdb25a6ef4b9a9c21ebfc7befe	95d5aca2db8946dea751606ddb0377ab
ara_eg_for_eng:pod-1	22	10	230	Friend	92d8996bb91289a65f7af76a3734bec3	29827b2e81eb3bb465dad6e9ef61e523
ara_eg_for_eng:pod-1	22	11	231	Learner	a6c2c29e7366367d3a45ef270bb4f3d7	e5731ee5d0709cc7bd90f62bc4d1d9b0
ara_for_eng:pod-1	1	1	1	Neighbour (8 am)	f155a54886614093ffcff71b71e6b570	6ee0944e54db0524ecde74e6c629de1b
ara_for_eng:pod-1	1	2	2	Sarah	1a94f75ad6b92898c35dea2416f1567d	aa26f2a183c4e0e6ed68f15e08ffe05a
ara_for_eng:pod-1	1	3	3	Neighbour	e8fd228c398832eb99d9120e142d2263	cc464cfe2d26532c0418f4836ee5ebb5
ara_for_eng:pod-1	1	4	4	Sarah	0dcb58d989160722c1db63f04bd5e0e1	35b94c213869adfc71dedf98d510b4a8
ara_for_eng:pod-1	2	1	5	Sarah	42b6df56b1790fc92ae329f019475a19	1ebc5a6271df1e0684e2e7b9c41bb18b
ara_for_eng:pod-1	2	2	6	Passenger	d5b0a74711fbb9af3f7ff90fb989650b	5e5d8b3c6f8bc430e1479d0777a768e2
ara_for_eng:pod-1	2	3	7	Sarah	1483ab3277b26cfd93e07d92fa7a7127	10902ecda3dc2372dc9cf570f2c80a9b
ara_for_eng:pod-1	2	4	8	Sarah	20b0a806cf0a50fa87f243c2904e4302	1fb41845d0728f8c10727a8ce966c6f9
ara_for_eng:pod-1	2	5	9	Passenger	c003d179398aa233a6faa8548a68d59b	7c8caa73ae0269729cf079b955fa2489
ara_for_eng:pod-1	3	1	10	Barista (3 pm)	eda9843cca17cf62332e4e683f180f40	129b85d1178d6f963422c4224881b233
ara_for_eng:pod-1	3	2	11	Sarah	12fe018bd6ac319ba09e61083c51b258	9e08c222b5d1a39384a1b5fddfbf25ea
ara_for_eng:pod-1	3	3	12	Sarah	2458c45cc5476f53bbaa64d1db43569c	6885fc15633ab4b868aa5151e79d7186
ara_for_eng:pod-1	3	4	13	Sarah	8e97d343f76f1195bcdb764dc00fa03e	a60b2d126f8c7ff9ac38fbfa4364cb1c
ara_for_eng:pod-1	3	5	14	Sarah	69f9121e50a0750f66ae7b8554a38380	31d093097e4bfea2a6dd0ab4c22a6b15
ara_for_eng:pod-1	3	6	15	Barista	771e9c9ec563bf6b7c7b2dc9710df504	f031182f541a00bfb1a31493235217b1
ara_for_eng:pod-1	3	7	16	Barista	cc7e5c58d0011dbf1b9472c69f461fe7	ef43722ddbda655542b7cdb02bb936b6
ara_for_eng:pod-1	3	8	17	Sarah	f99a5818878b79ce16628b423cc96e16	cbf8659af4f5ca4c927d141bfe3faded
ara_for_eng:pod-1	3	9	18	Barista	35f11d0aa494843d99703e3a31875716	6f61d97ffddb4a91e45afc5f67e73c69
ara_for_eng:pod-1	3	10	19	Sarah	fdf242369f20232af9a4e37c8b676fb7	54cf197a5697f647ff03a2b52745b533
ara_for_eng:pod-1	4	1	20	Friend (7 pm)	582ef7d39aef9aa24ee6439ccb30fcb9	de62d7bb305c2be6a133ea17a0af37b1
ara_for_eng:pod-1	4	2	21	Sarah	f657020087b42ec69c31b8a749643fe9	01495caf915e2d5c88205615c813d856
ara_for_eng:pod-1	4	3	22	Friend	4b5bf1d1ef0e4d4df5b3547d1baae25f	6c683c3f18a71bc5a60a51245f7ea8e3
ara_for_eng:pod-1	5	1	23	Neighbour (10:30 pm)	901da3c8eb9d548eccbc2d16176b38df	139e47766b4ab1bc6c2e30d8275d570d
ara_for_eng:pod-1	5	2	24	Sarah	9c1c42a2bed3ebc93a401d7711a23a9c	5a620928d6e45913a894808d7501ec80
ara_for_eng:pod-1	6	1	25	James	6d2c705799fceac9348fd651c518bf72	b37cd01c3b7738424f852aea2063a505
ara_for_eng:pod-1	6	2	26	Anna	7ca537986fe3e25751ba6b2c06352652	b214d1387a552e4c9be132984796bcc1
ara_for_eng:pod-1	6	3	27	James	b797553d5ad8092c4d3c860600dc9690	085e3c08f2ffecfb23cbb422d831688a
ara_for_eng:pod-1	6	4	28	Anna	dda1014b8e5726aca3fd6d98d82c3d82	0639e512b88fa8fcaebd5b9666928c7c
ara_for_eng:pod-1	6	5	29	James	dbded401a08878a33dd722ceb7267e92	79426185551098a662d1143e775cea18
ara_for_eng:pod-1	6	6	30	Anna	6851e9860622a530f69c61eac64291d4	755656594f1fed66195e576bafc459ce
ara_for_eng:pod-1	6	7	31	James	845e0685ec744144b88b125f10026ae8	19d2869419a133d649ed42141a675cc0
ara_for_eng:pod-1	6	8	32	Anna	20771f4e80615fadb68bb3b976bcf2f6	9ebc765a5bc5d2479243dede501bd3a0
ara_for_eng:pod-1	6	9	33	James	199b824f2b1f98fac8e3bd5b5aa4c4a1	487af2fbec9edc3a88d3942f08995d97
ara_for_eng:pod-1	6	10	34	Anna	933bfb8b8bfbafff2ee95ce81bc336ff	9611b73d7680bf9a3b5637d7685e689c
ara_for_eng:pod-1	6	11	35	James	1e311da15432b8dfdb173f44ecdf88f0	5f34e333ac660776c7b01f074b5e1871
ara_for_eng:pod-1	6	12	36	Anna	d6785ece4b8b071e5439edf53427634d	7c9e94e54ff783200c75ad1afddf413b
ara_for_eng:pod-1	6	13	37	Narrator	e831d74fb01006646aa17d3e2a0f9f0c	a9df7ad4db2e1971fb021f5644e1d0ed
ara_for_eng:pod-1	7	1	38	Cafe Barista	6fd567b7af292bc5f725137c6b980d16	cbc2167ecf008fb033b5ac98aa1b364b
ara_for_eng:pod-1	7	2	39	Cafe Customer 1	95724bf8921f9b9715a9f42629866ae1	501783348c585c978802f4fdc48329f4
ara_for_eng:pod-1	7	3	40	Cafe Barista	554d298817314d66d81bca956e6c13de	7ac946487706bc9ebf9c41d16197e6de
ara_for_eng:pod-1	7	4	41	Cafe Customer 1	61fd3c7ef2e82d6b9cf9402f345fc9be	56d632d7eac284ed7db82ac6573a506e
ara_for_eng:pod-1	7	5	42	Cafe Barista	ca68a1bf8f0e01dcdab4a453d3e2d14e	45787a9f76a00ef648b4e54a736ed6b5
ara_for_eng:pod-1	7	6	43	Cafe Customer 1	ec5b6d2be0bff4206c767a4a3b81c673	c43ecbf12526a32e59d7eda3876fb7d4
ara_for_eng:pod-1	7	7	44	Cafe Customer 2	d284423b3b20873dd9c61297f1402bd7	ce4240fcb8bb7b3e0431cc6ea45df5d2
ara_for_eng:pod-1	7	8	45	Cafe Barista	26f7927a637ac2224e3cf450f85bdb0f	92b16311b9402c95a838d93fb1501a31
ara_for_eng:pod-1	7	9	46	Cafe Customer 2	d90d5ff5aa491566610cf3444ed24ac3	0ad80a8eecd77a5db88121c57e75b9bf
ara_for_eng:pod-1	7	10	47	Cafe Barista	6acf7b064fb266d5551f315dc25a5708	2de61305988afb0d32d84b087e36cd48
ara_for_eng:pod-1	7	11	48	Cafe Customer 2	eaa8e5b72182338aff445340c200c245	83f6d2006a0205d1f04f37ad2cdb4223
ara_for_eng:pod-1	7	12	49	Cafe Barista	8b21606651a6258e30ef51fe2ec3a88c	f4707ef64079b9bd3120486cd8cd1da6
ara_for_eng:pod-1	7	13	50	Cafe Customer 3	4c3390ac4e86923748aa82086ffff2f2	440747e4c5a705e28463a93bdb2355ba
ara_for_eng:pod-1	7	14	51	Cafe Barista	44af98b2260c7179e7e9b42874065a2a	e53c40e2fc9be5922a1f67265e084b06
ara_for_eng:pod-1	7	15	52	Narrator	82a25f2f9a5dec4048896ab5b9badf87	e2fd9610c4c8e82a1f7efcfc3206ffea
ara_for_eng:pod-1	8	1	53	Bartender	e52d4fb83a5eb32b6da0e5bfa359ff84	95e5cc8503c5b06fc599d942c1b95aba
ara_for_eng:pod-1	8	2	54	Bar Customer 1	5dadef57b1bbb4b21fcda1d2511e0437	59d9c371c00f5aa6e9263c08a30a42b2
ara_for_eng:pod-1	8	3	55	Bartender	4488c396240589e5dde7d3e5bccfff37	4930a264ba1351fc1f2be2eeb0503e43
ara_for_eng:pod-1	8	4	56	Bar Customer 1	0654cbb554f27a8c8167d4e761e43226	1fb2b2c11bb3d11e65e41029d3da1abd
ara_for_eng:pod-1	8	5	57	Bar Customer 2	276ccdb3977c72b9bcd2bfb899ef97c8	64e908148bb806be4c5b82b6cd67f3cc
ara_for_eng:pod-1	8	6	58	Bar Customer 3	e9a827e245b5a3df14f9dd366f22490e	5705209f2f526bf4a4e906fdff5e8666
ara_for_eng:pod-1	8	7	59	Bartender	f181626401b112bb492cbd42aff6ab63	463cfc4e55bd3de5f4c5f6998798c8ff
ara_for_eng:pod-1	8	8	60	Bar Customer 3	6c8523bb454bc69ba688e61b41796433	1caace2cdd8542fe8ae296efab852317
ara_for_eng:pod-1	8	9	61	Bar Customer 1	f829a607123f8756356efee05d897716	52bff53cb70f6415f72fa87fdc38b652
ara_for_eng:pod-1	8	10	62	Bar Customer 2	76815c13aa5b5de8a0e231b4a9939650	913165018eb8739a5a0f0613c937fc94
ara_for_eng:pod-1	8	11	63	Bartender	720dc06ea526ae8f15f86d99da110a1d	cb7282d0097a8ca0c2d2839f0095852d
ara_for_eng:pod-1	8	12	64	Bar Customer 1	f37ed5bfd6556572ac4536481129e2ff	54cb51c8fb37ecd2e04ce14848f2444d
ara_for_eng:pod-1	8	13	65	Bartender	5ff44f010e384f4f26ff73e94c770d75	3feeb7bb1aa528b75366afe8ec9bfa2e
ara_for_eng:pod-1	8	14	66	Bar Customer 1	d812ba4b712b06e9e6f3ed2ae2147962	db93cc48e1c5ade124d2f44fe0a847be
ara_for_eng:pod-1	8	15	67	Bar Customer 2	524eb49152981315c363c59a6e891c8e	423abcaa566f0bf44715381b375bf04e
ara_for_eng:pod-1	8	16	68	Narrator	6a03f30e7ce65aee6d5ffed17ea527d4	9c0bcc5415e835cbe990d35954130c8b
ara_for_eng:pod-1	9	1	69	Diner 1	cbe07e71b967e9af7044c434a9ce9e24	f47c0ccfc3f79c83d8dbb18e994935a5
ara_for_eng:pod-1	9	2	70	Waiter	9d71720c5842e0d57317ec19c1cb6528	718e6f797347b8fd4b3f45a6622a4446
ara_for_eng:pod-1	9	3	71	Waiter	553db1a2eedc5494cce23de912d40610	aecedd04a4e5cf7a1cd5b5239e80ae9c
ara_for_eng:pod-1	9	4	72	Diner 2	6fb86d211731a7c5c41f96a5e2963f77	91ae74f00f07601e9babaa242c7a5d36
ara_for_eng:pod-1	9	5	73	Diner 1	666355d613f7671ba5586dca980bf189	ea78ed82157a414c5169aef49b3b477e
ara_for_eng:pod-1	9	6	74	Waiter	4586df63f7f5045a6840fef82df785b5	a86c30a79c6077cce89f3534133f9c30
ara_for_eng:pod-1	9	7	75	Diner 1	dc7e69c1cf321bbdff595e2f18fcb598	08f808be58b2d99c383869f4bd2b9e5f
ara_for_eng:pod-1	9	8	76	Waiter	645212cf7835c329e0d89773dd24526c	63b23d49d9cc4cbfcd2e579d529fafa9
ara_for_eng:pod-1	9	9	77	Diner 1	402665aba06568189135618ea1ec9446	06214f9b4ac4ad391f2d5ea78b71cde7
ara_for_eng:pod-1	9	10	78	Diner 2	93f592f4c8d8dcfce6a5baa6e3000ccd	9581444710a2c46fbe4893e417a9fa3d
ara_for_eng:pod-1	9	11	79	Waiter	e4e01bed973e75316f9686eb2f342a0b	60358de534ece5a38b06fd63bc1f3b38
ara_for_eng:pod-1	9	12	80	Diner 1	6c423aa4d03a5c8242a837c4d441b5ff	98f46984f350be53caf0d8042b08fb4d
ara_for_eng:pod-1	9	13	81	Diner 2	5419761a65c39a0fa8b5605b3a11e5c2	4e89e1708e54fa14e52a5316232da8c5
ara_for_eng:pod-1	9	14	82	Waiter	66154def047b8d1653639f6afac02ff3	4d3da2ee5e65d6f8789ba8a5e3aa642c
ara_for_eng:pod-1	9	15	83	Waiter	ea1e8c3060090c2293d914f86e7803a8	de28fcf5d0a220f3654a7d2910a5b135
ara_for_eng:pod-1	9	16	84	Diner 1	33c5f609054175bff02dfab175366020	40123960824b4440b27f97076b2993df
ara_for_eng:pod-1	9	17	85	Diner 2	e90f702f80f503a049a04587f2538d96	1b6b76e0bdc8953ab878905b8cc52df9
ara_for_eng:pod-1	9	18	86	Narrator	fe7bcea40f8229947aeb84ee332e66b1	418fc34f8a619847c1ec0523c838a8a7
ara_for_eng:pod-1	10	1	87	Customer	198ab914ef86254775fc4a128da4edf2	136151eba56ff0f31b5d130954df5f15
ara_for_eng:pod-1	10	2	88	Assistant	fe332268b813baa7cb357ebffe563e17	e4cbe079c0dcc535e9cd8aaef51c9797
ara_for_eng:pod-1	10	3	89	Customer	4cc28e638fb92fec9e0996682dcb8d3c	93693bd14a65a0bf93904aa6a6980234
ara_for_eng:pod-1	10	4	90	Assistant	668628d304f67d0ce0a4039147c71f47	d0f2cb73e1e5371d15cfeb2681bae7c5
ara_for_eng:pod-1	10	5	91	Customer	0008d043a2445d3821af1a3522ebf267	f1aa603fd2b80fab9a0764ddba8ba5da
ara_for_eng:pod-1	10	6	92	Assistant	0151e2729f5f14a5a109e25c05c17602	27b11b3461c2c22a832ac7a15cc39f15
ara_for_eng:pod-1	10	7	93	Customer	cf56781c96f8e010068e83e4edc6e52b	1d40abee6285888e49c74dfb5bcf9927
ara_for_eng:pod-1	10	8	94	Assistant	f8a1f0e53684a9c8d19fe2ec8f5a183c	d29554e3f98353257f12114338c9aa6e
ara_for_eng:pod-1	10	9	95	Customer	9068789d00b649b874db9c115cfebbbf	df2c7b476b0aaacacd52c9e95e735cbf
ara_for_eng:pod-1	10	10	96	Narrator	6ae9a342bdc15f3e188770a4861e8790	88c1ab6fdafe008af86fe0b06f4c841b
ara_for_eng:pod-1	11	1	97	Guest	9a1af6bd0f84ab79ca114380fc1e565d	cc55707d7078fc7aa2cb496d4ff3f91e
ara_for_eng:pod-1	11	2	98	Receptionist	5c48b12f0add4c017a589697189ae933	f686f5ac142a24984957aaa44464e88f
ara_for_eng:pod-1	11	3	99	Guest	5a62640c3f4ab7586f7edc37ba89b74e	ec7626acc5bc14df9335862c416ea34f
ara_for_eng:pod-1	11	4	100	Receptionist	0cbd381a2873cebd9ec797e12d43f046	552df0d976f1a2d84d4af72d95e5b59a
ara_for_eng:pod-1	11	5	101	Guest	e4e02ef77e49dd8d0aca239bc421dd4a	7b0407dc87cc2c4961a945606a5eadc4
ara_for_eng:pod-1	11	6	102	Receptionist	f1e47457e77ad03b3167c4452e499ec9	bb3123fdb334f284bcb1af62f7f238e7
ara_for_eng:pod-1	11	7	103	Guest	60086dbf64b429452b1fbfe370e9fd04	225256efd81262ffe2b947381a8cf080
ara_for_eng:pod-1	11	8	104	Receptionist	8ad865b72968bd97a138c7db218b7bb5	7361204e12235a4165e525c8993dc914
ara_for_eng:pod-1	11	9	105	Guest	b45a2e4c2c6e69918b0c4024c5555d31	4c3bd72192248f3b689ac3bdb789ac2c
ara_for_eng:pod-1	11	10	106	Receptionist	4d1924dc57e179d8c9a74cc1ec7f3256	0598c0d2d13ded214ea462b251a0d013
ara_for_eng:pod-1	11	11	107	Guest	0063e983114e50317ae686f432529f85	77bb11ec8afd06d6b134f6f69df41802
ara_for_eng:pod-1	11	12	108	Receptionist	7c2f447727f4003fd88c392785773559	84e3ae341108982767642713c846233a
ara_for_eng:pod-1	11	13	109	Narrator	1dfd7f321821a3b406697853ddbc5aac	a039db0b2a75b9ef42c456afbf08acb2
ara_for_eng:pod-1	12	1	110	Customer	69f73febc0629aa7ee877b77ca87288d	2e0c0d4948556b0a6de58e3ddc21395d
ara_for_eng:pod-1	12	2	111	Pharmacist	e4b4939d868cc7402fbe30e033ee7499	64b835aa122947a9ec0e4602f081f977
ara_for_eng:pod-1	12	3	112	Customer	46008adb3425d8fc89625c75301d049f	ffc7160bc08caa75a27c0e47e6829382
ara_for_eng:pod-1	12	4	113	Pharmacist	259f1032342bf922feb5e68d18f57db9	48bcf2e67a7019da71d9e7c0f7c92a44
ara_for_eng:pod-1	12	5	114	Customer	32614f848d43ab2677549e58c7335055	599ac705b6e160bfafeca6ee3ff9c0b7
ara_for_eng:pod-1	12	6	115	Pharmacist	7f4980a007c3cc480b6a4845538aa2e4	e592ec2ece61a026f44312af940f04ab
ara_for_eng:pod-1	12	7	116	Customer	d4b8d1402d18f4a08e27dda41c5a3da5	ac82c32fe908849dd80acbc6a9b1fe4e
ara_for_eng:pod-1	12	8	117	Pharmacist	c980fc9699a538309edf890e8bae60fb	f0be03f62fc608c755238e341759c65c
ara_for_eng:pod-1	12	9	118	Customer	dc3d487edcafffe350e1e511a18c53cf	e42037889344d661179702232365b051
ara_for_eng:pod-1	12	10	119	Narrator	9fcdd9d193ddae0e63c884899fd47f6f	7356639b43b69fb452e712e88ca612ea
ara_for_eng:pod-1	13	1	120	Tourist	3f23bc71c0a97d479711bb668c44806e	daca79f72d2e3ffc8ed3cf8c833b5595
ara_for_eng:pod-1	13	2	121	Local	3890c33ae4d116d4bab6d6e1f5d8c2c8	7c12a65de20b42e05db3777842ff80cb
ara_for_eng:pod-1	13	3	122	Tourist	54b126ba1b06849707b103b508eb6cff	444f9aa0aa56ed882191729a3c3fe78e
ara_for_eng:pod-1	13	4	123	Local	ef824791091e64664e82502c92b1400d	7528fc391ebf65dd55f321c7dbb62608
ara_for_eng:pod-1	13	5	124	Local	e0136c324fb71549d468c5a50d9fa2e6	ed54becb0e49e16df83cc60466efa8d2
ara_for_eng:pod-1	13	6	125	Tourist	9c12eb4258017f4d3a26941e87f4f86f	225eb9e5c0f9d0b57652f113e937f8e5
ara_for_eng:pod-1	13	7	126	Local	98251b0c7cc4b8d631931c64e03ae2e1	7195a8c13810d9b9853c3c211f616a9e
ara_for_eng:pod-1	13	8	127	Tourist	a3263d64b57b8330f6529ea08f3cd825	9c909612cff0b9fb58decf8506cb50db
ara_for_eng:pod-1	13	9	128	Local	650a210d64d85a1db51b8be60a31ce4c	759bd7d3204fa55d3e3b463340506aa2
ara_for_eng:pod-1	13	10	129	Tourist	daf53f1d0ae85d7d98b37b2f10a9f61e	d84dc29ab18369e040cfb3b3899f2394
ara_for_eng:pod-1	13	11	130	Narrator	ba81666507e5db0de98ef57f96a98761	4ff53b91110304c96b46805771c7f4aa
ara_for_eng:pod-1	14	1	131	Passenger	3c6db52701118dab249481f056c8400a	c58ec5f5bbb7c695c418f6b4ea356da1
ara_for_eng:pod-1	14	2	132	Driver	391d3eb18e639cf0df468f8f061652d2	27652fc6bc26f1807c076c5dc3969133
ara_for_eng:pod-1	14	3	133	Passenger	020a8d918dd5e0bd97e589116ee0e09c	a4e86846455e65cdebe8cc6e028ec556
ara_for_eng:pod-1	14	4	134	Driver	c004e5d287a76f8387f45a2fd440fa11	39d0ed883ef886cb909f83a13c8b51bf
ara_for_eng:pod-1	14	5	135	Passenger	05a87294c4d5bdeadcdf557e07d3d196	f33af4b471e77de0eee25686f789cab5
ara_for_eng:pod-1	14	6	136	Driver	758a52bf2dac2b64a78823ce179ba47c	dcad5fc92e5bfad25efde3fd1acf1dee
ara_for_eng:pod-1	14	7	137	Driver	2fffd02a8b3412994c4941fbc6160c5d	50f60b36ab55c687d9418741fdbef5b1
ara_for_eng:pod-1	14	8	138	Passenger	756ee01fb6aa38c3e92ee8de45ae13a2	bd0f8de5afca3e57a99b1f58619dc6c9
ara_for_eng:pod-1	14	9	139	Driver	e6fea3a90feb6c4fd01e70356d8b1655	9bbc74c3fab1a78c5d2faffeef46810f
ara_for_eng:pod-1	14	10	140	Narrator	6d41107658041168ce2ea276a71f7594	55c9f6473f40cdb17d4d7ab4409a232b
ara_for_eng:pod-1	15	1	141	Learner	31262b4486fdd4c5cbe3c55e053aafa5	913bb5faa544c775b1fd10a63c47dbc3
ara_for_eng:pod-1	15	2	142	Learner	06fa263cee3ed5841c26874d16a4ab50	a09180b6842fda593edc9e60043a5a0a
ara_for_eng:pod-1	15	3	143	Learner	bde2185c9524c0d875ee3bcaa48d4717	af1da60e13065be4a6990b5e69892926
ara_for_eng:pod-1	15	4	144	Learner	6bc18d2db6b3925f71dd2645025ffc47	47f8bf53caeeded147506c90240992b5
ara_for_eng:pod-1	15	5	145	Learner	177ef6c99b1c12451162938f6152a007	a8eea28a3fa662b1ea97dfb76e81a785
ara_for_eng:pod-1	15	6	146	Learner	bbfcae74203eae16d1309ea4907982bf	e35e0984619771f391c8df3d2f8dad1c
ara_for_eng:pod-1	15	7	147	Learner	c23906c05082d23122df94feea99cc6e	376104b5c665287b33a4b3df71fb361b
ara_for_eng:pod-1	15	8	148	Learner	2aaaa45abb0269eb6453beadfd42a562	0b3bff8c3cbd4993240fec74a9511cef
ara_for_eng:pod-1	15	9	149	Learner	4321e1bcb8d88655881d6d0b7a31469c	f56a6fa0342d93687c324258b7196cd5
ara_for_eng:pod-1	15	10	150	Learner	0f3e6be24343e990b1801871f6100062	9a86f7902fbd2894a9f4603da2f7ec9f
ara_for_eng:pod-1	15	11	151	Narrator	9051a9fae481880fc34c879dc56f27e6	eba1245daf0d65cc1d6160ccf05bcab7
ara_for_eng:pod-1	16	1	152	Learner	2a42218bfb394c680cbd057d2a495536	9eafb4da0eef364b90375b55537d25bb
ara_for_eng:pod-1	16	2	153	Learner	9e34675d5efcad4fcdd094a49e791502	b3b90f8f5c48e9ab512dc566324ed037
ara_for_eng:pod-1	16	3	154	Learner	0262425ec704e472e0a29d2c4f9f110b	63d80cfa06344b7d9f4045b7fba0cb9f
ara_for_eng:pod-1	16	4	155	Learner	0ed98367a9db14e8bb855f24f5a4b859	1077817e87520a09a8a2abc0190c9997
ara_for_eng:pod-1	16	5	156	Learner	ebcca970f9dad631a38060fa6460a7b9	875936a84ce3549b311ad51323c3ac94
ara_for_eng:pod-1	16	6	157	Learner	09860a34e284bc1ae37e7a87e91f8756	2eacc883d508a1f175c2f2d0f3d324e4
ara_for_eng:pod-1	16	7	158	Learner	031d5c054f4031e4bcb2c98668338510	aa2623f2438db26bfc289ac08d18c9a8
ara_for_eng:pod-1	16	8	159	Learner	7e4ebbaed9f58c912834ada1032ac329	65a2bf309c72a368908ff228b43e5c12
ara_for_eng:pod-1	16	9	160	Staff	96e8763f0d1a12d2cd3f1414715dbb05	9650460a658b8f5dd8a906f1782c3f5c
ara_for_eng:pod-1	16	10	161	Learner	2646d2373aaffa3191a5bc4a5f94f3bc	6f81b411447233cc4554546d3485e6e5
ara_for_eng:pod-1	16	11	162	Narrator	8a8b28003e234abe860a237c3d660a97	91f7b0696c7c0fc707420471e844af02
ara_for_eng:pod-1	17	1	163	Learner	f76114ccf300e32701c55ba50e4a768b	3f918556b4706fc38a4f66b38ee11e93
ara_for_eng:pod-1	17	2	164	Staff	416faebe2d4996f65e7b94083a23091c	b89bf636041965ef6e44581a0e66405b
ara_for_eng:pod-1	17	3	165	Learner	e63c13e525af2eceba83c13efa7fc861	b2e9e73da95ff8e534a2c05be54469f1
ara_for_eng:pod-1	17	4	166	Staff	1ef6185153a4370ec5a89cfbc2b70719	ee1a2848e1d6e5a016074ba8e5f9df67
ara_for_eng:pod-1	17	5	167	Staff	b9ed5f21668e11d19e8e4b0dd277c95a	a2ac474dcab961749b90674a53304753
ara_for_eng:pod-1	17	6	168	Learner	8e1250bd46decd66ea573c66e83c2bf9	218566fe0117cad5e42b24674ac59854
ara_for_eng:pod-1	17	7	169	Learner	fc2f9b304ff9bd61f30b6e5d83074113	6f23d3e4fbf9fb84eadce090d6e21e0b
ara_for_eng:pod-1	17	8	170	Learner	5767baeffbe093d717e4fef05de88df6	89d84b38c76d0c63271993c96159335c
ara_for_eng:pod-1	17	9	171	Interlocutor	45c286660f506ba1f0a7b9ff918b8477	60f59d8aa7095fbf4d63419a67291235
ara_for_eng:pod-1	17	10	172	Learner	8659ed471b9942f50948a4160fd481c5	cb2b984f6c5a6652552f5a52433e9043
ara_for_eng:pod-1	17	11	173	Narrator	29d466e1ef57b6bb09f8c1390fae267d	e9b4223aa4445b27cd280248acac1ce9
ara_for_eng:pod-1	18	1	174	Learner	f61c8c7838a292cab171fb1baaa48aa0	200c3546a879a0ce8458e37ec1dea3f3
ara_for_eng:pod-1	18	2	175	Learner	1e3a155b3a6d279a4c1ea96c7112719c	29a9cbbfaa50d8b1fba17c8ddf1af426
ara_for_eng:pod-1	18	3	176	Learner	924c7c71d0442b89016bfc490950596b	a15f9ace48459a3c4e3c4d737c41f653
ara_for_eng:pod-1	18	4	177	Learner	64832621fa043222c8f863fa6af5139c	1f1e50ef6f5759e0685d415825edfff4
ara_for_eng:pod-1	18	5	178	Learner	caa47769f60e13449364ca74b9cdbf25	bf2a03f0a7f78a5b14c9039a057ea050
ara_for_eng:pod-1	18	6	179	Learner	760b6aaeae7e4a2e6b1ccf9af88b288e	ead58d7143eb35c36f5b78aa7009c68b
ara_for_eng:pod-1	18	7	180	Learner	34532b88fd67bfb1920814bace87c091	d1d15242deb8a3a7bf0fae7c42c0a47a
ara_for_eng:pod-1	18	8	181	Learner	a0a83de266be8d39ba160b65d944fe90	deec3ef222041f80b3b966f9b6c515c1
ara_for_eng:pod-1	18	9	182	Learner	35f4cefda6002338064b5beb73e76628	5c40a0c454e9a7788820e3cce62aeda2
ara_for_eng:pod-1	18	10	183	Learner	61e402b85692421a077341296d692fad	ea174e84d89f9dce1d8ddc975990cf28
ara_for_eng:pod-1	18	11	184	Narrator	c0c666e270fb6e3b3e50e03669a0e65a	4ae156b07d9bd5fae88713471a19e018
ara_for_eng:pod-1	19	1	185	Learner	59d7c383f33deb73970fb4d07bd8d337	7c15f463d5f03199782a2b1f30c3c846
ara_for_eng:pod-1	19	2	186	Learner	58af365108ebdf5cc942e08466230d5b	c8f053172ea3fa290e676bc9cde75458
ara_for_eng:pod-1	19	3	187	Learner	3d798459b0b862c95accc6f2e962f2db	4140109bcdedb65463d59334e5e425f0
ara_for_eng:pod-1	19	4	188	Learner	7ec3760c2dac8bc217674fcebbea5bb7	9e29640615f6f87aeff81f4e6c5b53bf
ara_for_eng:pod-1	19	5	189	Learner	965c39d2b2967de19d584b64b45ec63a	84fc461be123eda48d5bf41b0d1a0f73
ara_for_eng:pod-1	19	6	190	Learner	d3486061faf62151440dbdd1c1b146cb	5263aa615a62dd65c071d15ead5cfb6f
ara_for_eng:pod-1	19	7	191	Learner	5d350fcae7de5ac828fef81be4bd8301	ac3e999e4f5bae18ce949597989cf25d
ara_for_eng:pod-1	19	8	192	Learner	2b00e2212b44ceca9e66b871628772b2	db14e1d9c46d468ce0c2a1942c9e5547
ara_for_eng:pod-1	19	9	193	Learner	fc8e0473dda0a65d24d414c98e86bd5e	b4d53d399c40313615294a5dbc3ad920
ara_for_eng:pod-1	19	10	194	Learner	907419f1d08fa018d44342542f61ec85	380dc3308d4281d833de8337be86c632
ara_for_eng:pod-1	19	11	195	Narrator	1bbf9626f42652b21013edee9b58e10e	e1d859ceca82f3a29e9f5d6896683d70
ara_for_eng:pod-1	20	1	196	Learner	bbf729938b4d564e96091fe0d70bd4dc	a53e1713be20c3a621f4e8a3f6579843
ara_for_eng:pod-1	20	2	197	Learner	e01b2f43bbb1450da8dde52e3f835d67	60ad360bce4d369112c2efa49f353165
ara_for_eng:pod-1	20	3	198	Learner	ff1b50ff27a38999639e18e178045aca	c26678bd3218eaa94031c1fcfdc92338
ara_for_eng:pod-1	20	4	199	Learner	eacf3451dafa06745a7f283fc8630750	9f47f8766713f4c48173ed805c447f66
ara_for_eng:pod-1	20	5	200	Learner	14b837cae34d42466512fa4cd5993bd5	2b6b87c53a652020c2650090c91f7040
ara_for_eng:pod-1	20	6	201	Learner	35febf4a71622b3e694fbe4f5c354beb	c9596a3f82692ecbe36422e38d488d64
ara_for_eng:pod-1	20	7	202	Learner	343363ec987d209287a7393d6f5e41d4	c61460556c733cd480ba0b2038b17bce
ara_for_eng:pod-1	20	8	203	Learner	9236266b4615bb82b53cad6ae7909b06	251c226f2b72c6638554a1826535bdf3
ara_for_eng:pod-1	20	9	204	Learner	e54ff48e0063b0333df17e09617055eb	2badaa9753a0c2d89b8f7fc048141886
ara_for_eng:pod-1	20	10	205	Learner	8d0f7772633e8a826470662a4b4cc8a2	39a4a36539151c49ff0aea2901d6e46c
ara_for_eng:pod-1	20	11	206	Narrator	1551495bebf508550232b883e45ef063	b00aa4bbb11b7c5b8a41297fedf164e4
ara_for_eng:pod-1	21	1	207	Learner	38d4f49612beda70987b6acf85112b25	31883c238e38aa97c19879601c538da8
ara_for_eng:pod-1	21	2	208	Learner	beac68b60cbea5bcb5cc66effe2dd526	9c9b76e67042fad2983f6f9bb337bc11
ara_for_eng:pod-1	21	3	209	Learner	354a290495f82c8a17edc78e6ac24e20	fc2e6722bb0d2092c14338f4bc961cbc
ara_for_eng:pod-1	21	4	210	Learner	61dd9391b9797a66c5820f9ff3d605fc	6a301630a41e5723851c6251001c9cc4
ara_for_eng:pod-1	21	5	211	Interlocutor	a221056230ddd08eb258dac4da884779	69c80eebef962f3c3eeed4411205993d
ara_for_eng:pod-1	21	6	212	Interlocutor	b4030776dee71e9eff767f1f87a0b08e	e687907c0087a79ee8305dd114fa50ea
ara_for_eng:pod-1	21	7	213	Learner	6ae2a40475a84e3e4d493e664044b498	8e4d431911a139dc828de7241d404d22
ara_for_eng:pod-1	21	8	214	Interlocutor	3c5b135128f26751593a1d0f998459b8	11ea5656b70267c62d122e06d3f25ef2
ara_for_eng:pod-1	21	9	215	Learner	6a684b900be8007d0afa5152982c34e1	f7a808574ea1968957fdacd409e5e52e
ara_for_eng:pod-1	21	10	216	Learner	5424f183774d05b5839f4eb6d084798d	8f5bd996aacf8dd34f3367288430eebf
ara_for_eng:pod-1	21	11	217	Interlocutor	ce6545545816777adfabf116c0181473	02cff8540cce3fccea77fea5e2829615
ara_for_eng:pod-1	21	12	218	Interlocutor	124577584427e3076be64522491a748b	a0065434b80f7195e6738e99841ac35a
ara_for_eng:pod-1	21	13	219	Interlocutor	a40a0b701c55da4778eeee911cc5618e	834c571189557c45f8dc2513b23484f5
ara_for_eng:pod-1	21	14	220	Narrator	5142b96745cdbcc4ba142a6c550cff47	c8ed10c9fc68227d7fe17887b558a9c4
ara_for_eng:pod-1	22	1	221	Learner	61a7c0c67e6e3a2ad520ca841de1473e	e4080a40d22015b027c723d6a9c3d806
ara_for_eng:pod-1	22	2	222	Friend	225e5dcd1e428c62d76cf2864dd6a6b9	a8040b0a3d95ef89e87cf43deb00c5ca
ara_for_eng:pod-1	22	3	223	Learner	2bf991829bb1cdad94c673b397efb443	b4e60a590a50dc74baf7ed4bf5bc4be6
ara_for_eng:pod-1	22	4	224	Friend	66c64a19712cf555a2b234b6adbe3dda	15d6200415181b8eb1c842a1a53a0917
ara_for_eng:pod-1	22	5	225	Learner	a0c6b96e0bdf967c6075f4417cd659ae	beb0394ce89cd9183e5d903dcf4183a8
ara_for_eng:pod-1	22	6	226	Friend	2622b73fa804fecda0362d02ab210d82	6f6bc65b93f75994ff9c05db526d3644
ara_for_eng:pod-1	22	7	227	Learner	8faba7b37d3b4dd75432bfbb68b586ba	a1c3d02f7c119f1dbfde1c0e56a04a97
ara_for_eng:pod-1	22	8	228	Friend	943c9375cf01dd2955c9c9eb6cac0f43	4f58f4573664f9efa73634407ac75947
ara_for_eng:pod-1	22	9	229	Learner	c0d1cac1e32f4b95864d5d296588d00b	95d5aca2db8946dea751606ddb0377ab
ara_for_eng:pod-1	22	10	230	Friend	92d8996bb91289a65f7af76a3734bec3	29827b2e81eb3bb465dad6e9ef61e523
ara_for_eng:pod-1	22	11	231	Learner	65509339b255713de6e1049038e408eb	e5731ee5d0709cc7bd90f62bc4d1d9b0
deu_at_for_eng:pod-1	1	1	1	Neighbour (8 am)	fefbd7daaca937a6bcab380214213714	6ee0944e54db0524ecde74e6c629de1b
deu_at_for_eng:pod-1	1	2	2	Sarah	fcf9baae7df836005cff3013b75e5fe1	aa26f2a183c4e0e6ed68f15e08ffe05a
deu_at_for_eng:pod-1	1	3	3	Neighbour	97ae44a65a54b2286ff7cb6e85dc3ea0	cc464cfe2d26532c0418f4836ee5ebb5
deu_at_for_eng:pod-1	1	4	4	Sarah	7342d0a56c86bbab0dd05c334b898c3e	35b94c213869adfc71dedf98d510b4a8
deu_at_for_eng:pod-1	2	1	5	Sarah	bb2eb2ea0e504b0332b6a14bf3822466	1ebc5a6271df1e0684e2e7b9c41bb18b
deu_at_for_eng:pod-1	2	2	6	Passenger	f716389a006a3b3657d8d8de0d6dcb36	5e5d8b3c6f8bc430e1479d0777a768e2
deu_at_for_eng:pod-1	2	3	7	Sarah	80c037af6eaf968593d567d645ed1765	10902ecda3dc2372dc9cf570f2c80a9b
deu_at_for_eng:pod-1	2	4	8	Sarah	f81b3b56bebe441ec9090ec200766415	1fb41845d0728f8c10727a8ce966c6f9
deu_at_for_eng:pod-1	2	5	9	Passenger	9f8509926766afe79436e6b114cf2be0	7c8caa73ae0269729cf079b955fa2489
deu_at_for_eng:pod-1	3	1	10	Barista (3 pm)	e9bc119f6e6538cf4181528ae591d970	129b85d1178d6f963422c4224881b233
deu_at_for_eng:pod-1	3	2	11	Sarah	adbc1358d993e87574b6c733950fbe3e	9e08c222b5d1a39384a1b5fddfbf25ea
deu_at_for_eng:pod-1	3	3	12	Sarah	5b7f9ce85da58d02f8bf722ef026fae7	6885fc15633ab4b868aa5151e79d7186
deu_at_for_eng:pod-1	3	4	13	Sarah	c8e75aa495114bbb4ece0b6d30cf3d08	a60b2d126f8c7ff9ac38fbfa4364cb1c
deu_at_for_eng:pod-1	3	5	14	Sarah	cd071c56010ed45f6efe2580ec1b0236	31d093097e4bfea2a6dd0ab4c22a6b15
deu_at_for_eng:pod-1	3	6	15	Barista	d0f3ebea24b47b0dfb18b382446587be	f031182f541a00bfb1a31493235217b1
deu_at_for_eng:pod-1	3	7	16	Barista	cdbed16ce130b33d579e061bb282a614	ef43722ddbda655542b7cdb02bb936b6
deu_at_for_eng:pod-1	3	8	17	Sarah	8e4493e7f89bb46771836f64f7561ef3	cbf8659af4f5ca4c927d141bfe3faded
deu_at_for_eng:pod-1	3	9	18	Barista	3a7dd3e5af616239f3dd51c19c70d595	6f61d97ffddb4a91e45afc5f67e73c69
deu_at_for_eng:pod-1	3	10	19	Sarah	896ca59f63d668ff492778b6aec00451	54cf197a5697f647ff03a2b52745b533
deu_at_for_eng:pod-1	4	1	20	Friend (7 pm)	a8be29f119308937460ce7bd535f2294	de62d7bb305c2be6a133ea17a0af37b1
deu_at_for_eng:pod-1	4	2	21	Sarah	589331c879152064b5fd96f462485aaa	01495caf915e2d5c88205615c813d856
deu_at_for_eng:pod-1	4	3	22	Friend	c66b81bad4b2a0f868a7f65f2c85cc06	6c683c3f18a71bc5a60a51245f7ea8e3
deu_at_for_eng:pod-1	5	1	23	Neighbour (10:30 pm)	663a6c652c468595b32005e786aa76c9	139e47766b4ab1bc6c2e30d8275d570d
deu_at_for_eng:pod-1	5	2	24	Sarah	5cedd5893781f30660269e939d9a1592	5a620928d6e45913a894808d7501ec80
deu_at_for_eng:pod-1	6	1	25	James	808773201ffa3dfcb44c038853bd2ee1	b37cd01c3b7738424f852aea2063a505
deu_at_for_eng:pod-1	6	2	26	Anna	ac0c2336bf713013af1b3e233a7962fb	b214d1387a552e4c9be132984796bcc1
deu_at_for_eng:pod-1	6	3	27	James	085ae813c115cdc91cc19d51123043e1	085e3c08f2ffecfb23cbb422d831688a
deu_at_for_eng:pod-1	6	4	28	Anna	a15a445b410e51e2d8ecfb929a7b9b17	0639e512b88fa8fcaebd5b9666928c7c
deu_at_for_eng:pod-1	6	5	29	James	0c893fb7f944e8ffa5175ca05895e8aa	79426185551098a662d1143e775cea18
deu_at_for_eng:pod-1	6	6	30	Anna	9cac6808e2734db58c092075ee49e55d	755656594f1fed66195e576bafc459ce
deu_at_for_eng:pod-1	6	7	31	James	6a57386b32f634d3640b3249777025d8	19d2869419a133d649ed42141a675cc0
deu_at_for_eng:pod-1	6	8	32	Anna	6f82096a376e67dc7ebab5b19d6f8d74	9ebc765a5bc5d2479243dede501bd3a0
deu_at_for_eng:pod-1	6	9	33	James	07f3c9de70f42602a940e3b1eed47dc6	e4b4feb8123c07862677ff62c743babd
deu_at_for_eng:pod-1	6	10	34	Anna	5d6139a9f3add0017564c4eb90800c7e	9611b73d7680bf9a3b5637d7685e689c
deu_at_for_eng:pod-1	6	11	35	James	6268aafcc1b60ff6f21604f12a107152	5f34e333ac660776c7b01f074b5e1871
deu_at_for_eng:pod-1	6	12	36	Anna	2be1ba9a84337873edd834e16f82a7cc	7c9e94e54ff783200c75ad1afddf413b
deu_at_for_eng:pod-1	6	13	37	Narrator	45b01629c5e93d518cdeccb393642c6d	a9df7ad4db2e1971fb021f5644e1d0ed
deu_at_for_eng:pod-1	7	1	38	Cafe Barista	e85cf35da37eeebb593157a03617f18b	cbc2167ecf008fb033b5ac98aa1b364b
deu_at_for_eng:pod-1	7	2	39	Cafe Customer 1	bac7772b725550b577ed550a75558c76	501783348c585c978802f4fdc48329f4
deu_at_for_eng:pod-1	7	3	40	Cafe Barista	ba49c47cf13308b20c16ac407c456434	7ac946487706bc9ebf9c41d16197e6de
deu_at_for_eng:pod-1	7	4	41	Cafe Customer 1	1f38bedc4829a2108c6070f2546c36f3	56d632d7eac284ed7db82ac6573a506e
deu_at_for_eng:pod-1	7	5	42	Cafe Barista	041987dff9d10e36932019517fd5279a	45787a9f76a00ef648b4e54a736ed6b5
deu_at_for_eng:pod-1	7	6	43	Cafe Customer 1	3970b2c81b1ca3174e0ddd0ba193d056	c43ecbf12526a32e59d7eda3876fb7d4
deu_at_for_eng:pod-1	7	7	44	Cafe Customer 2	cbd992f1ced7aa43a5936370af619fcc	ce4240fcb8bb7b3e0431cc6ea45df5d2
deu_at_for_eng:pod-1	7	8	45	Cafe Barista	ad88b766223fb2256e8cf2cdb3a5451d	92b16311b9402c95a838d93fb1501a31
deu_at_for_eng:pod-1	7	9	46	Cafe Customer 2	11a3e24f08cde6586ff7d345f07db586	0ad80a8eecd77a5db88121c57e75b9bf
deu_at_for_eng:pod-1	7	10	47	Cafe Barista	1b65ab81d397fd0cd9e54545d52b7a40	2de61305988afb0d32d84b087e36cd48
deu_at_for_eng:pod-1	7	11	48	Cafe Customer 2	f32898c9bfeb0ecff6f201c47176cfb7	83f6d2006a0205d1f04f37ad2cdb4223
deu_at_for_eng:pod-1	7	12	49	Cafe Barista	78198f5e3789e85854a5ef2c5e4f58b1	f4707ef64079b9bd3120486cd8cd1da6
deu_at_for_eng:pod-1	7	13	50	Cafe Customer 3	3006a849cc94ee5c7d889d3cd9095a68	440747e4c5a705e28463a93bdb2355ba
deu_at_for_eng:pod-1	7	14	51	Cafe Barista	e68f67d6552619ee6b01b1a88dc4e18c	e53c40e2fc9be5922a1f67265e084b06
deu_at_for_eng:pod-1	7	15	52	Narrator	3f4bd233be249493503183130bc2eaea	e2fd9610c4c8e82a1f7efcfc3206ffea
deu_at_for_eng:pod-1	8	1	53	Bartender	b35bc2be2be23fb0b614ab9d0eb3b4ad	95e5cc8503c5b06fc599d942c1b95aba
deu_at_for_eng:pod-1	8	2	54	Bar Customer 1	6fe8cb1cb1a3ceb2ef2b7aaa26d1ec53	59d9c371c00f5aa6e9263c08a30a42b2
deu_at_for_eng:pod-1	8	3	55	Bartender	7ad0428d12ad6ce7d18b53d19e4e8a5a	4930a264ba1351fc1f2be2eeb0503e43
deu_at_for_eng:pod-1	8	4	56	Bar Customer 1	b410149eff4904474ae04c47eb18c357	1fb2b2c11bb3d11e65e41029d3da1abd
deu_at_for_eng:pod-1	8	5	57	Bar Customer 2	13253affae366b4e6a9c8750815d5658	64e908148bb806be4c5b82b6cd67f3cc
deu_at_for_eng:pod-1	8	6	58	Bar Customer 3	aa8921218207dba627bee73eb497deac	5705209f2f526bf4a4e906fdff5e8666
deu_at_for_eng:pod-1	8	7	59	Bartender	ec735108dfd66ea06ec262fecb6ffdbd	463cfc4e55bd3de5f4c5f6998798c8ff
deu_at_for_eng:pod-1	8	8	60	Bar Customer 3	630406131db5ab5da40e16aae8db7f4a	1caace2cdd8542fe8ae296efab852317
deu_at_for_eng:pod-1	8	9	61	Bar Customer 1	755ea5e52e18bf5023bea7b69d56ebba	52bff53cb70f6415f72fa87fdc38b652
deu_at_for_eng:pod-1	8	10	62	Bar Customer 2	38f230470a209ad7c6f6b8c59bdc9383	913165018eb8739a5a0f0613c937fc94
deu_at_for_eng:pod-1	8	11	63	Bartender	73506a8c7d4ce60465c42042876cdaec	cb7282d0097a8ca0c2d2839f0095852d
deu_at_for_eng:pod-1	8	12	64	Bar Customer 1	5e28af841ade2981b4527da748e74edb	54cb51c8fb37ecd2e04ce14848f2444d
deu_at_for_eng:pod-1	8	13	65	Bartender	6418447d23a4e49fd63c0d2f4227dab4	3feeb7bb1aa528b75366afe8ec9bfa2e
deu_at_for_eng:pod-1	8	14	66	Bar Customer 1	2130a279695df8095067b486bba7c48a	db93cc48e1c5ade124d2f44fe0a847be
deu_at_for_eng:pod-1	8	15	67	Bar Customer 2	35b5d31effd3eea4f60fd3d2da561b96	423abcaa566f0bf44715381b375bf04e
deu_at_for_eng:pod-1	8	16	68	Narrator	4e85c661e84caa97a5ff5403320e936e	9c0bcc5415e835cbe990d35954130c8b
deu_at_for_eng:pod-1	9	1	69	Diner 1	eb4603ff597b2f0d6bf0a9ee2041b0ad	f47c0ccfc3f79c83d8dbb18e994935a5
deu_at_for_eng:pod-1	9	2	70	Waiter	28a353ad4b6cc7b9367f153d8350fd5a	718e6f797347b8fd4b3f45a6622a4446
deu_at_for_eng:pod-1	9	3	71	Waiter	7830462766b05938509eb9577212839c	aecedd04a4e5cf7a1cd5b5239e80ae9c
deu_at_for_eng:pod-1	9	4	72	Diner 2	5a6f7c189b1b8531b8f52e77635795b5	91ae74f00f07601e9babaa242c7a5d36
deu_at_for_eng:pod-1	9	5	73	Diner 1	56715a3590bfe37c5ae0e3bdf167e48c	ea78ed82157a414c5169aef49b3b477e
deu_at_for_eng:pod-1	9	6	74	Waiter	c0b228a2eecb1f7655400d75c01bad55	a86c30a79c6077cce89f3534133f9c30
deu_at_for_eng:pod-1	9	7	75	Diner 1	31e99ffcb28f6bb0ae4e0678c22684f3	08f808be58b2d99c383869f4bd2b9e5f
deu_at_for_eng:pod-1	9	8	76	Waiter	4665b3dce3971a74b674ba10580e3fc3	63b23d49d9cc4cbfcd2e579d529fafa9
deu_at_for_eng:pod-1	9	9	77	Diner 1	94563ea6dc1e9207a65fb316b3d06140	06214f9b4ac4ad391f2d5ea78b71cde7
deu_at_for_eng:pod-1	9	10	78	Diner 2	24b0e20490aed50a042cc954350d29fa	9581444710a2c46fbe4893e417a9fa3d
deu_at_for_eng:pod-1	9	11	79	Waiter	df987cc9534e3e1937d970ff3e5e66a0	60358de534ece5a38b06fd63bc1f3b38
deu_at_for_eng:pod-1	9	12	80	Diner 1	816e4f98932040ae642ae09f236d98a9	98f46984f350be53caf0d8042b08fb4d
deu_at_for_eng:pod-1	9	13	81	Diner 2	dbb73517f5e316418ff1855f30593a1c	4e89e1708e54fa14e52a5316232da8c5
deu_at_for_eng:pod-1	9	14	82	Waiter	549d5abcf3b096c4266d132453f0d8ba	4d3da2ee5e65d6f8789ba8a5e3aa642c
deu_at_for_eng:pod-1	9	15	83	Waiter	9ba56e1a5e81a97147012c0bd571798f	de28fcf5d0a220f3654a7d2910a5b135
deu_at_for_eng:pod-1	9	16	84	Diner 1	592566967970e6a4e1b46168c500fa0c	40123960824b4440b27f97076b2993df
deu_at_for_eng:pod-1	9	17	85	Diner 2	af99db2991679f81d9ddc30d39352695	1b6b76e0bdc8953ab878905b8cc52df9
deu_at_for_eng:pod-1	9	18	86	Narrator	414204938ec2ea7848a34b3c3df2356d	418fc34f8a619847c1ec0523c838a8a7
deu_at_for_eng:pod-1	10	1	87	Customer	c160425aebd178249b1cb2595cad50c0	136151eba56ff0f31b5d130954df5f15
deu_at_for_eng:pod-1	10	2	88	Assistant	981a5ab5dee2f1fe8afbf41e5eea1afc	e4cbe079c0dcc535e9cd8aaef51c9797
deu_at_for_eng:pod-1	10	3	89	Customer	547d1c0b165211e25bbb369c9e74cfbe	93693bd14a65a0bf93904aa6a6980234
deu_at_for_eng:pod-1	10	4	90	Assistant	ffd05652c6dbae1eca78a70f4539f2e1	d0f2cb73e1e5371d15cfeb2681bae7c5
deu_at_for_eng:pod-1	10	5	91	Customer	d57c3fa4aedaea184395cabccb3e748d	f1aa603fd2b80fab9a0764ddba8ba5da
deu_at_for_eng:pod-1	10	6	92	Assistant	f66698347239cdbdff1d25ed4ff240db	27b11b3461c2c22a832ac7a15cc39f15
deu_at_for_eng:pod-1	10	7	93	Customer	a908ac63b41ba004c79770b5e63ccd28	1d40abee6285888e49c74dfb5bcf9927
deu_at_for_eng:pod-1	10	8	94	Assistant	a26ce8f93422ca6497b1fe810d9cd274	4c7e33d9d3fbc03c95ae233508b3a098
deu_at_for_eng:pod-1	10	9	95	Customer	1bb6c982fe5f7bf901f488282312ce3b	a3e8711b0df3eb8588b3a56e4634d594
deu_at_for_eng:pod-1	10	10	96	Narrator	4d7a14989145d542e244ce248774e5a2	88c1ab6fdafe008af86fe0b06f4c841b
deu_at_for_eng:pod-1	11	1	97	Guest	68fc8e9dc8d5fc611c8d1dc700cef7c3	cc55707d7078fc7aa2cb496d4ff3f91e
deu_at_for_eng:pod-1	11	2	98	Receptionist	0a8426f119eb88c035a6a9c547d40f2a	f686f5ac142a24984957aaa44464e88f
deu_at_for_eng:pod-1	11	3	99	Guest	e456ace5c9837d8eb3e6ecd640bee78b	ec7626acc5bc14df9335862c416ea34f
deu_at_for_eng:pod-1	11	4	100	Receptionist	656833d3b943f196efa16dd261a9ffd6	552df0d976f1a2d84d4af72d95e5b59a
deu_at_for_eng:pod-1	11	5	101	Guest	f32f315c8b6abb786d103002c3578d1d	7b0407dc87cc2c4961a945606a5eadc4
deu_at_for_eng:pod-1	11	6	102	Receptionist	7d28759462bd4cc54a20eff59637ae66	bb3123fdb334f284bcb1af62f7f238e7
deu_at_for_eng:pod-1	11	7	103	Guest	6a6e0388bb8fb424f171a6c9ed128c7c	225256efd81262ffe2b947381a8cf080
deu_at_for_eng:pod-1	11	8	104	Receptionist	f0c877e601244aedaa6187edacb6d298	7361204e12235a4165e525c8993dc914
deu_at_for_eng:pod-1	11	9	105	Guest	0da4c1b1066e413d755d046cbecb103b	4c3bd72192248f3b689ac3bdb789ac2c
deu_at_for_eng:pod-1	11	10	106	Receptionist	3eb1d67faf263b26db896e5179cd4d89	0598c0d2d13ded214ea462b251a0d013
deu_at_for_eng:pod-1	11	11	107	Guest	275ee6dbeea19b5348cff16fadea98f5	77bb11ec8afd06d6b134f6f69df41802
deu_at_for_eng:pod-1	11	12	108	Receptionist	0422bca0ef89efe7cb738047c722b878	84e3ae341108982767642713c846233a
deu_at_for_eng:pod-1	11	13	109	Narrator	f2ec970610be894250a568bd8270beac	a039db0b2a75b9ef42c456afbf08acb2
deu_at_for_eng:pod-1	12	1	110	Customer	89cb2430238ab014769198c010fc6c9c	2e0c0d4948556b0a6de58e3ddc21395d
deu_at_for_eng:pod-1	12	2	111	Pharmacist	a5a13f5f827689ededf1f54016c2055d	64b835aa122947a9ec0e4602f081f977
deu_at_for_eng:pod-1	12	3	112	Customer	1585f1dd583ebfa67fe8c694a2c50ffb	ffc7160bc08caa75a27c0e47e6829382
deu_at_for_eng:pod-1	12	4	113	Pharmacist	c1dda9122840d4c726b07edba61b2791	48bcf2e67a7019da71d9e7c0f7c92a44
deu_at_for_eng:pod-1	12	5	114	Customer	13b270a12b0e0a679be9afdb06c25a40	599ac705b6e160bfafeca6ee3ff9c0b7
deu_at_for_eng:pod-1	12	6	115	Pharmacist	3c1258a222d7aad728ba5df356687807	e592ec2ece61a026f44312af940f04ab
deu_at_for_eng:pod-1	12	7	116	Customer	169ac2b7eb4b97f64c1b76df65b34046	ac82c32fe908849dd80acbc6a9b1fe4e
deu_at_for_eng:pod-1	12	8	117	Pharmacist	b2cf4451e1c6a2ab77d1e549337cf107	f0be03f62fc608c755238e341759c65c
deu_at_for_eng:pod-1	12	9	118	Customer	aa2fcdc37fb3e688adc5c8be5ab4f48a	e42037889344d661179702232365b051
deu_at_for_eng:pod-1	12	10	119	Narrator	54ac01c62a392675d9b3dfdf7f79f700	7356639b43b69fb452e712e88ca612ea
deu_at_for_eng:pod-1	13	1	120	Tourist	01bd2db46ea3ec5fcf78473e9d0857e2	daca79f72d2e3ffc8ed3cf8c833b5595
deu_at_for_eng:pod-1	13	2	121	Local	f86781e531bd2f8e4ef8f3367e45c77c	7c12a65de20b42e05db3777842ff80cb
deu_at_for_eng:pod-1	13	3	122	Tourist	4c2e205fb9d37994789bc8c84c102111	444f9aa0aa56ed882191729a3c3fe78e
deu_at_for_eng:pod-1	13	4	123	Local	48c997ce08e003acc12bd2434950c72c	7528fc391ebf65dd55f321c7dbb62608
deu_at_for_eng:pod-1	13	5	124	Local	b3f1dcb5c2c8ddb085ca6b0a598d1ee9	ed54becb0e49e16df83cc60466efa8d2
deu_at_for_eng:pod-1	13	6	125	Tourist	204d216d122e178598323146d4ac5c00	225eb9e5c0f9d0b57652f113e937f8e5
deu_at_for_eng:pod-1	13	7	126	Local	1ce645f3e2aee4cec9f2662c6f8f17bf	7195a8c13810d9b9853c3c211f616a9e
deu_at_for_eng:pod-1	13	8	127	Tourist	c776dda6d3aa830758f8529b287d9195	9c909612cff0b9fb58decf8506cb50db
deu_at_for_eng:pod-1	13	9	128	Local	317c5a0f6c78426ea5ee5d892729d14e	759bd7d3204fa55d3e3b463340506aa2
deu_at_for_eng:pod-1	13	10	129	Tourist	bde534ff2e3145dc3f024292cd2ceabf	d84dc29ab18369e040cfb3b3899f2394
deu_at_for_eng:pod-1	13	11	130	Narrator	5296a1944daa2958170077e53cce5452	4ff53b91110304c96b46805771c7f4aa
deu_at_for_eng:pod-1	14	1	131	Passenger	902b8682d9f0bad661dbc7342ebd359d	c58ec5f5bbb7c695c418f6b4ea356da1
deu_at_for_eng:pod-1	14	2	132	Driver	80953b3a95d3d3af2183bc77d4c3b3cf	27652fc6bc26f1807c076c5dc3969133
deu_at_for_eng:pod-1	14	3	133	Passenger	b7ae09b2a6590e2da49b1d15448ffb29	a4e86846455e65cdebe8cc6e028ec556
deu_at_for_eng:pod-1	14	4	134	Driver	af4f7d8c6a2e2cc8d4abf8c328e81264	39d0ed883ef886cb909f83a13c8b51bf
deu_at_for_eng:pod-1	14	5	135	Passenger	ad3ccdea2a86ccedc1d1226f3b7c70e9	f33af4b471e77de0eee25686f789cab5
deu_at_for_eng:pod-1	14	6	136	Driver	dcc13afdd6b73457612bbcf8412553d6	dcad5fc92e5bfad25efde3fd1acf1dee
deu_at_for_eng:pod-1	14	7	137	Driver	d2979c6cebdf3597947c9d9fc7206d7b	50f60b36ab55c687d9418741fdbef5b1
deu_at_for_eng:pod-1	14	8	138	Passenger	78f188feff0b459c7a655e0952c48720	bd0f8de5afca3e57a99b1f58619dc6c9
deu_at_for_eng:pod-1	14	9	139	Driver	22fb6cfb5a00a2c628685c6c362add31	9bbc74c3fab1a78c5d2faffeef46810f
deu_at_for_eng:pod-1	14	10	140	Narrator	25e3c93caa1c7fd131525483fe1ee247	55c9f6473f40cdb17d4d7ab4409a232b
deu_at_for_eng:pod-1	15	1	141	Learner	92720caa884737775220fbc2a9908be4	913bb5faa544c775b1fd10a63c47dbc3
deu_at_for_eng:pod-1	15	2	142	Learner	fe9ad51ad42c26871cdab95f8db0648d	a09180b6842fda593edc9e60043a5a0a
deu_at_for_eng:pod-1	15	3	143	Learner	27dcf91fee725bae45f435429af4001a	af1da60e13065be4a6990b5e69892926
deu_at_for_eng:pod-1	15	4	144	Learner	d9f09dc248497e065a993303225cb5c9	47f8bf53caeeded147506c90240992b5
deu_at_for_eng:pod-1	15	5	145	Learner	f7b8fadee996986699cb9b87793dcb3e	a8eea28a3fa662b1ea97dfb76e81a785
deu_at_for_eng:pod-1	15	6	146	Learner	f15bd2b03912170b3887bfd351d63e43	e35e0984619771f391c8df3d2f8dad1c
deu_at_for_eng:pod-1	15	7	147	Learner	5d42e23b42bf02da6fd825a4e4568d11	376104b5c665287b33a4b3df71fb361b
deu_at_for_eng:pod-1	15	8	148	Learner	51258c3295da40ef402f1732a6998419	0b3bff8c3cbd4993240fec74a9511cef
deu_at_for_eng:pod-1	15	9	149	Learner	3f6f9624cbde21da134128ef1764da4c	f56a6fa0342d93687c324258b7196cd5
deu_at_for_eng:pod-1	15	10	150	Learner	71d8259ddc5bb77d2c2120e59716d27c	9a86f7902fbd2894a9f4603da2f7ec9f
deu_at_for_eng:pod-1	15	11	151	Narrator	1a9f289cd60fef2c64ad6670cbe08b74	eba1245daf0d65cc1d6160ccf05bcab7
deu_at_for_eng:pod-1	16	1	152	Learner	d9a7cdf5bab091a62277dd2cc4004a01	9eafb4da0eef364b90375b55537d25bb
deu_at_for_eng:pod-1	16	2	153	Learner	afefb1d48a68707011d782ce453e0442	b3b90f8f5c48e9ab512dc566324ed037
deu_at_for_eng:pod-1	16	3	154	Learner	44367355faea3f85576a383f5da9fd8c	63d80cfa06344b7d9f4045b7fba0cb9f
deu_at_for_eng:pod-1	16	4	155	Learner	d207746061803cda28496984c84c684f	1077817e87520a09a8a2abc0190c9997
deu_at_for_eng:pod-1	16	5	156	Learner	badce11461a4d3c525c59b4c268ebec8	875936a84ce3549b311ad51323c3ac94
deu_at_for_eng:pod-1	16	6	157	Learner	db77bd63f922b40ffc30d0b40f1caecd	2eacc883d508a1f175c2f2d0f3d324e4
deu_at_for_eng:pod-1	16	7	158	Learner	f0961bf2e75c97178194720a58798324	aa2623f2438db26bfc289ac08d18c9a8
deu_at_for_eng:pod-1	16	8	159	Learner	558444e1a8ed29b56728a8413f711983	65a2bf309c72a368908ff228b43e5c12
deu_at_for_eng:pod-1	16	9	160	Staff	7946bc7b26fbb3fcb569585962a8581f	9650460a658b8f5dd8a906f1782c3f5c
deu_at_for_eng:pod-1	16	10	161	Learner	39e921bfa743cd31cb6d3bf13f5d4fd0	6f81b411447233cc4554546d3485e6e5
deu_at_for_eng:pod-1	16	11	162	Narrator	3fc28364728fe891b005599a52f60ca8	91f7b0696c7c0fc707420471e844af02
deu_at_for_eng:pod-1	17	1	163	Learner	d46e794f148044d3d8e388e4c01907a6	3f918556b4706fc38a4f66b38ee11e93
deu_at_for_eng:pod-1	17	2	164	Staff	f4d6e9e7c6849d5f7e07013b6d2bb4cd	b89bf636041965ef6e44581a0e66405b
deu_at_for_eng:pod-1	17	3	165	Learner	01ed5beaa0a9c7ac3be500cce4d6439d	b2e9e73da95ff8e534a2c05be54469f1
deu_at_for_eng:pod-1	17	4	166	Staff	b1819218b5a5a9c6b7ec9265939be767	ee1a2848e1d6e5a016074ba8e5f9df67
deu_at_for_eng:pod-1	17	5	167	Staff	f6de84e8db9aad525665e927ac52341f	a2ac474dcab961749b90674a53304753
deu_at_for_eng:pod-1	17	6	168	Learner	b5104250e9508f858dc443e4881df0f2	218566fe0117cad5e42b24674ac59854
deu_at_for_eng:pod-1	17	7	169	Learner	05bc9db3427c284d0b4f6ad396266232	6f23d3e4fbf9fb84eadce090d6e21e0b
deu_at_for_eng:pod-1	17	8	170	Learner	373dd512fbf8e16337467f96e02cf678	89d84b38c76d0c63271993c96159335c
deu_at_for_eng:pod-1	17	9	171	Interlocutor	3f72378a153748e4c185a84a6576ad0e	60f59d8aa7095fbf4d63419a67291235
deu_at_for_eng:pod-1	17	10	172	Learner	307944b7d6373db35e3120630392058f	cb2b984f6c5a6652552f5a52433e9043
deu_at_for_eng:pod-1	17	11	173	Narrator	0e3ab60645c32fc5613c928726ebc609	e9b4223aa4445b27cd280248acac1ce9
deu_at_for_eng:pod-1	18	1	174	Learner	0df432924c0f709b9ce07daa335126c3	200c3546a879a0ce8458e37ec1dea3f3
deu_at_for_eng:pod-1	18	2	175	Learner	ebeebe71dccf27c27364a2b53631f3a1	29a9cbbfaa50d8b1fba17c8ddf1af426
deu_at_for_eng:pod-1	18	3	176	Learner	1aa1ee97b6a884f6cedd313e141dce4f	a15f9ace48459a3c4e3c4d737c41f653
deu_at_for_eng:pod-1	18	4	177	Learner	144a419cdc2b8280807f9afba266b16d	1f1e50ef6f5759e0685d415825edfff4
deu_at_for_eng:pod-1	18	5	178	Learner	2c264a8ab5e849a2df1f33b44fedb095	bf2a03f0a7f78a5b14c9039a057ea050
deu_at_for_eng:pod-1	18	6	179	Learner	83d5395edfcc0681b32cf0f93659f540	ead58d7143eb35c36f5b78aa7009c68b
deu_at_for_eng:pod-1	18	7	180	Learner	b5c2cc4f20c37682e66eaf89cade5683	d1d15242deb8a3a7bf0fae7c42c0a47a
deu_at_for_eng:pod-1	18	8	181	Learner	34397ca33fbf91d49159b1a1f968e452	deec3ef222041f80b3b966f9b6c515c1
deu_at_for_eng:pod-1	18	9	182	Learner	8dacff4e0ef4dbd46ed9f0cf6d4dad98	5c40a0c454e9a7788820e3cce62aeda2
deu_at_for_eng:pod-1	18	10	183	Learner	da32d310ceb4a3ca4a1ecba372c97f40	ea174e84d89f9dce1d8ddc975990cf28
deu_at_for_eng:pod-1	18	11	184	Narrator	daf258179d10927e98fcf68b0e541e2f	4ae156b07d9bd5fae88713471a19e018
deu_at_for_eng:pod-1	19	1	185	Learner	754b752abe947c3c5d50a13af1d0525e	7c15f463d5f03199782a2b1f30c3c846
deu_at_for_eng:pod-1	19	2	186	Learner	b4dc485dd2fed8b9c4fec5fc00bcb231	c8f053172ea3fa290e676bc9cde75458
deu_at_for_eng:pod-1	19	3	187	Learner	0d2f80e673445d428bff93222a48d2ca	4140109bcdedb65463d59334e5e425f0
deu_at_for_eng:pod-1	19	4	188	Learner	b0a61e07939a4cd1b3bfe51d1c1f72fb	9e29640615f6f87aeff81f4e6c5b53bf
deu_at_for_eng:pod-1	19	5	189	Learner	6c6fd0dd14ad1b59cdef46b9a35d1aff	84fc461be123eda48d5bf41b0d1a0f73
deu_at_for_eng:pod-1	19	6	190	Learner	ad0d3af0a691c0eee3b0c3ff685bcec2	5263aa615a62dd65c071d15ead5cfb6f
deu_at_for_eng:pod-1	19	7	191	Learner	701cb63a796408ffab5ff77a930ef8f7	ac3e999e4f5bae18ce949597989cf25d
deu_at_for_eng:pod-1	19	8	192	Learner	540ab65088ac2f12f203471fb28951eb	db14e1d9c46d468ce0c2a1942c9e5547
deu_at_for_eng:pod-1	19	9	193	Learner	5029b20a18710539f9e46affc5e10af5	b4d53d399c40313615294a5dbc3ad920
deu_at_for_eng:pod-1	19	10	194	Learner	7fe25a7a185b55e73cf216a976d038ad	380dc3308d4281d833de8337be86c632
deu_at_for_eng:pod-1	19	11	195	Narrator	b8b44884b8030e537042f45bdb89279a	e1d859ceca82f3a29e9f5d6896683d70
deu_at_for_eng:pod-1	20	1	196	Learner	126938d36319937e85a717ce9214e662	a53e1713be20c3a621f4e8a3f6579843
deu_at_for_eng:pod-1	20	2	197	Learner	136ee198741fc9e4983200101869c0d7	60ad360bce4d369112c2efa49f353165
deu_at_for_eng:pod-1	20	3	198	Learner	3d132eab617d2c70dcf56f09f5d111ea	c26678bd3218eaa94031c1fcfdc92338
deu_at_for_eng:pod-1	20	4	199	Learner	cfb083b74625027963089ce90f66407b	9f47f8766713f4c48173ed805c447f66
deu_at_for_eng:pod-1	20	5	200	Learner	430cc5a0fea3e28c54b4863ad77e439e	2b6b87c53a652020c2650090c91f7040
deu_at_for_eng:pod-1	20	6	201	Learner	ca06eb9137bc0a7b2495c4e36c4dd17e	c9596a3f82692ecbe36422e38d488d64
deu_at_for_eng:pod-1	20	7	202	Learner	69e76e1ca6df0cf9019016beeaddbcbc	c61460556c733cd480ba0b2038b17bce
deu_at_for_eng:pod-1	20	8	203	Learner	6de6168603e390e13f7f96cc8f4dbda6	251c226f2b72c6638554a1826535bdf3
deu_at_for_eng:pod-1	20	9	204	Learner	c079057cee4fc9f22a72e82a246496db	2badaa9753a0c2d89b8f7fc048141886
deu_at_for_eng:pod-1	20	10	205	Learner	32d08672ef0c2dd9225cde8aafa773a3	39a4a36539151c49ff0aea2901d6e46c
deu_at_for_eng:pod-1	20	11	206	Narrator	91d313d80de6eac364e5517b4cd5e382	b00aa4bbb11b7c5b8a41297fedf164e4
deu_at_for_eng:pod-1	21	1	207	Learner	a225bfbeb9ebfedca7561da7089799bb	31883c238e38aa97c19879601c538da8
deu_at_for_eng:pod-1	21	2	208	Learner	d47f8267c6357d46f8fe8adc8477f118	9c9b76e67042fad2983f6f9bb337bc11
deu_at_for_eng:pod-1	21	3	209	Learner	d7234eef08b60d2ede27525146b8fe9c	fc2e6722bb0d2092c14338f4bc961cbc
deu_at_for_eng:pod-1	21	4	210	Learner	ca8a380a49241c5801985ca199cb5319	6a301630a41e5723851c6251001c9cc4
deu_at_for_eng:pod-1	21	5	211	Interlocutor	ec49da522453e72d15741fd708c499d9	69c80eebef962f3c3eeed4411205993d
deu_at_for_eng:pod-1	21	6	212	Interlocutor	bd0c2701b8d33c43d001e2ec17071457	e687907c0087a79ee8305dd114fa50ea
deu_at_for_eng:pod-1	21	7	213	Learner	182b2288152ccb151700c103138f071c	8e4d431911a139dc828de7241d404d22
deu_at_for_eng:pod-1	21	8	214	Interlocutor	c73289d98ee2b1e2df30a9e329c31607	11ea5656b70267c62d122e06d3f25ef2
deu_at_for_eng:pod-1	21	9	215	Learner	62ed2293640e022b892830deff6d01db	f7a808574ea1968957fdacd409e5e52e
deu_at_for_eng:pod-1	21	10	216	Learner	b68d6c1d9d8bdd7a8ddfd40319ab664b	8f5bd996aacf8dd34f3367288430eebf
deu_at_for_eng:pod-1	21	11	217	Interlocutor	24b302ad735915cb9703680a22fdb03d	02cff8540cce3fccea77fea5e2829615
deu_at_for_eng:pod-1	21	12	218	Interlocutor	3e1583e40500b710fc039a845dedbc55	a0065434b80f7195e6738e99841ac35a
deu_at_for_eng:pod-1	21	13	219	Interlocutor	cef9fe2c65c20647a8c6a38717bd14b4	834c571189557c45f8dc2513b23484f5
deu_at_for_eng:pod-1	21	14	220	Narrator	797033265e654df62c0355ed62b66597	c8ed10c9fc68227d7fe17887b558a9c4
deu_at_for_eng:pod-1	22	1	221	Learner	f71084fb49ee4f4e310082cb9a128579	a7f5aca99d57d7f16ee37db982afb02d
deu_at_for_eng:pod-1	22	2	222	Friend	d6638c9b124efebd967bf83531525df1	a8040b0a3d95ef89e87cf43deb00c5ca
deu_at_for_eng:pod-1	22	3	223	Learner	83164f8273ae27e764231a82ed353d01	b4e60a590a50dc74baf7ed4bf5bc4be6
deu_at_for_eng:pod-1	22	4	224	Friend	782ce3dbb23b2cca8e61e4534d01b4f9	15d6200415181b8eb1c842a1a53a0917
deu_at_for_eng:pod-1	22	5	225	Learner	151bab2d45117f423a5a5d2daadb6515	beb0394ce89cd9183e5d903dcf4183a8
deu_at_for_eng:pod-1	22	6	226	Friend	7bf5bf1bedb52d62290b4bb4cf12bb3e	69ee7116f84c2f9ac86c2c07f9edc9db
deu_at_for_eng:pod-1	22	7	227	Learner	d4fc6e5c8df23346233a4e09e222cd3e	a1c3d02f7c119f1dbfde1c0e56a04a97
deu_at_for_eng:pod-1	22	8	228	Friend	01a976ec815186b924c773df19e28ee8	4f58f4573664f9efa73634407ac75947
deu_at_for_eng:pod-1	22	9	229	Learner	24ef5707a82da4f729eaee51753c1c5c	95d5aca2db8946dea751606ddb0377ab
deu_at_for_eng:pod-1	22	10	230	Friend	4933ca526bfeb89686999fe5510ea7d4	29827b2e81eb3bb465dad6e9ef61e523
deu_at_for_eng:pod-1	22	11	231	Learner	6ec83f0113d80430c93605b09991e8f3	e5731ee5d0709cc7bd90f62bc4d1d9b0
deu_for_eng:pod-1	1	1	1	Neighbour (8 am)	fefbd7daaca937a6bcab380214213714	6ee0944e54db0524ecde74e6c629de1b
deu_for_eng:pod-1	1	2	2	Sarah	262b60b68c3c1850bc25fc0f809d16cd	aa26f2a183c4e0e6ed68f15e08ffe05a
deu_for_eng:pod-1	1	3	3	Neighbour	2f5b56532b8c8e9c03142f4adcc2e0c1	cc464cfe2d26532c0418f4836ee5ebb5
deu_for_eng:pod-1	1	4	4	Sarah	e0ae9f0b0a8930efc01661d156be6e66	35b94c213869adfc71dedf98d510b4a8
deu_for_eng:pod-1	2	1	5	Sarah	0dd91381777da1eb61409bb975bdb87e	1ebc5a6271df1e0684e2e7b9c41bb18b
deu_for_eng:pod-1	2	2	6	Passenger	db5733aadc284d2c2f9a98a79b1e3470	5e5d8b3c6f8bc430e1479d0777a768e2
deu_for_eng:pod-1	2	3	7	Sarah	62d9de38e8194a5257a2780b542c7b93	10902ecda3dc2372dc9cf570f2c80a9b
deu_for_eng:pod-1	2	4	8	Sarah	c199061c40c15a843449bb4bd730283e	1fb41845d0728f8c10727a8ce966c6f9
deu_for_eng:pod-1	2	5	9	Passenger	b7d2a202117b61fb36896261318a4ca8	7c8caa73ae0269729cf079b955fa2489
deu_for_eng:pod-1	3	1	10	Barista (3 pm)	2ae669a7eee6c3e143bd5105e20a5090	129b85d1178d6f963422c4224881b233
deu_for_eng:pod-1	3	2	11	Sarah	45355c11927eaf8ec80c563faac6925a	9e08c222b5d1a39384a1b5fddfbf25ea
deu_for_eng:pod-1	3	3	12	Sarah	b5b121a92814b4f555d55089e9b30f94	6885fc15633ab4b868aa5151e79d7186
deu_for_eng:pod-1	3	4	13	Sarah	2293421447faccebb4ef075fbc8bf406	a60b2d126f8c7ff9ac38fbfa4364cb1c
deu_for_eng:pod-1	3	5	14	Sarah	59571bc1fe6406d581a8b8f32abe80fb	31d093097e4bfea2a6dd0ab4c22a6b15
deu_for_eng:pod-1	3	6	15	Barista	ba76776d9563cbbd2365de4aa62fb426	f031182f541a00bfb1a31493235217b1
deu_for_eng:pod-1	3	7	16	Barista	fa5b75e3784036d7ae1813a732406ffa	ef43722ddbda655542b7cdb02bb936b6
deu_for_eng:pod-1	3	8	17	Sarah	2000eb170d619dfdce017fade863947c	cbf8659af4f5ca4c927d141bfe3faded
deu_for_eng:pod-1	3	9	18	Barista	29cca6ae9f4f3e90fe1fb2fa61762120	6f61d97ffddb4a91e45afc5f67e73c69
deu_for_eng:pod-1	3	10	19	Sarah	54e9e235895f6e2f619ff0cbabaf7486	54cf197a5697f647ff03a2b52745b533
deu_for_eng:pod-1	4	1	20	Friend (7 pm)	5b13f427d7f0e339cb71e449edb4366d	de62d7bb305c2be6a133ea17a0af37b1
deu_for_eng:pod-1	4	2	21	Sarah	e97477575b1fddfe09322aeea073feb3	01495caf915e2d5c88205615c813d856
deu_for_eng:pod-1	4	3	22	Friend	ff76649bc7e4d4e10dfcacdc3a7f4299	6c683c3f18a71bc5a60a51245f7ea8e3
deu_for_eng:pod-1	5	1	23	Neighbour (10:30 pm)	226b7c00476b9d2b566aee4d11bf33f9	139e47766b4ab1bc6c2e30d8275d570d
deu_for_eng:pod-1	5	2	24	Sarah	940d67c8741541d1514125dfa90f053d	5a620928d6e45913a894808d7501ec80
deu_for_eng:pod-1	6	1	25	James	0ce713d6b61b13ee947b03826e1dc0e4	b37cd01c3b7738424f852aea2063a505
deu_for_eng:pod-1	6	2	26	Anna	8eb44f171ca30eb2aceec5fa4f1a7897	b214d1387a552e4c9be132984796bcc1
deu_for_eng:pod-1	6	3	27	James	052b50827d1f3e9aee10fcea6ff7573c	085e3c08f2ffecfb23cbb422d831688a
deu_for_eng:pod-1	6	4	28	Anna	8ce1683662a27403d0a34f8dff7375b3	0639e512b88fa8fcaebd5b9666928c7c
deu_for_eng:pod-1	6	5	29	James	6b2a03b47fda13f6ee089b0db2953c11	79426185551098a662d1143e775cea18
deu_for_eng:pod-1	6	6	30	Anna	350464cd8f6e06401f477cd33cf4389a	755656594f1fed66195e576bafc459ce
deu_for_eng:pod-1	6	7	31	James	e14dca501911262bd82ab41531b4bba7	19d2869419a133d649ed42141a675cc0
deu_for_eng:pod-1	6	8	32	Anna	b5b66023970ba50c48fd513a6ba965fd	9ebc765a5bc5d2479243dede501bd3a0
deu_for_eng:pod-1	6	9	33	James	ebd131c0a07c3f56a68900011dd2ae21	e4b4feb8123c07862677ff62c743babd
deu_for_eng:pod-1	6	10	34	Anna	8b63e14375cb061898ad7240ad06e458	9611b73d7680bf9a3b5637d7685e689c
deu_for_eng:pod-1	6	11	35	James	f277a50f9a2a5e9980699551b0bf689d	5f34e333ac660776c7b01f074b5e1871
deu_for_eng:pod-1	6	12	36	Anna	fe78411495653832490463dddc19d523	7c9e94e54ff783200c75ad1afddf413b
deu_for_eng:pod-1	6	13	37	Narrator	057392465218cc49e99d7159beb86324	a9df7ad4db2e1971fb021f5644e1d0ed
deu_for_eng:pod-1	7	1	38	Cafe Barista	3c32180f6fd0aa744365c94942cd704c	cbc2167ecf008fb033b5ac98aa1b364b
deu_for_eng:pod-1	7	2	39	Cafe Customer 1	4ee11b4751b2796e1d50864a4eb828ba	501783348c585c978802f4fdc48329f4
deu_for_eng:pod-1	7	3	40	Cafe Barista	843e3f9e49bc73ab0661cbcde949a14e	7ac946487706bc9ebf9c41d16197e6de
deu_for_eng:pod-1	7	4	41	Cafe Customer 1	eaf60c0113a2167ef0a0dae80b3e6b1e	56d632d7eac284ed7db82ac6573a506e
deu_for_eng:pod-1	7	5	42	Cafe Barista	06d30278905867a6fce1e421e24acbac	45787a9f76a00ef648b4e54a736ed6b5
deu_for_eng:pod-1	7	6	43	Cafe Customer 1	17cc4116b3a2236f96d98cd75cee00c8	c43ecbf12526a32e59d7eda3876fb7d4
deu_for_eng:pod-1	7	7	44	Cafe Customer 2	1ae649e00cd4bf6d5aad8cd4442b868c	ce4240fcb8bb7b3e0431cc6ea45df5d2
deu_for_eng:pod-1	7	8	45	Cafe Barista	f515771ca18cacb6a9652b14f419d2b8	92b16311b9402c95a838d93fb1501a31
deu_for_eng:pod-1	7	9	46	Cafe Customer 2	2e382781b98c6117f8d41b9a8af39d55	0ad80a8eecd77a5db88121c57e75b9bf
deu_for_eng:pod-1	7	10	47	Cafe Barista	2e3390441f06b575be0b7d7678780b97	2de61305988afb0d32d84b087e36cd48
deu_for_eng:pod-1	7	11	48	Cafe Customer 2	abd19ea2bfb389fcd0d4f216528938d2	83f6d2006a0205d1f04f37ad2cdb4223
deu_for_eng:pod-1	7	12	49	Cafe Barista	99227a0b4b22a2c573d84b08c01c129f	f4707ef64079b9bd3120486cd8cd1da6
deu_for_eng:pod-1	7	13	50	Cafe Customer 3	33bf0977bf169f0d21f962cdd1b55991	440747e4c5a705e28463a93bdb2355ba
deu_for_eng:pod-1	7	14	51	Cafe Barista	7f753404146573b580a6117707700ba3	e53c40e2fc9be5922a1f67265e084b06
deu_for_eng:pod-1	7	15	52	Narrator	3f4bd233be249493503183130bc2eaea	e2fd9610c4c8e82a1f7efcfc3206ffea
deu_for_eng:pod-1	8	1	53	Bartender	8a39a2ab5ffc0d75b7875d376449470c	95e5cc8503c5b06fc599d942c1b95aba
deu_for_eng:pod-1	8	2	54	Bar Customer 1	bfce30128d6f71bcd5f3778bd3f4b45d	59d9c371c00f5aa6e9263c08a30a42b2
deu_for_eng:pod-1	8	3	55	Bartender	704c5d3cacdb18e9e17a9468285d2abe	4930a264ba1351fc1f2be2eeb0503e43
deu_for_eng:pod-1	8	4	56	Bar Customer 1	e197022da7a694d9d8f697d5aeece664	1fb2b2c11bb3d11e65e41029d3da1abd
deu_for_eng:pod-1	8	5	57	Bar Customer 2	e96334f303be4d083497bbe888a83035	64e908148bb806be4c5b82b6cd67f3cc
deu_for_eng:pod-1	8	6	58	Bar Customer 3	a5df98673e79eadb7847ed1948b5ce20	5705209f2f526bf4a4e906fdff5e8666
deu_for_eng:pod-1	8	7	59	Bartender	600cc90ee56e74cdf7953f5ae7c3eadc	463cfc4e55bd3de5f4c5f6998798c8ff
deu_for_eng:pod-1	8	8	60	Bar Customer 3	21d51f114be56c436f885d739fa22074	1caace2cdd8542fe8ae296efab852317
deu_for_eng:pod-1	8	9	61	Bar Customer 1	769e0c12eea85934e6d1f6063bbd11eb	52bff53cb70f6415f72fa87fdc38b652
deu_for_eng:pod-1	8	10	62	Bar Customer 2	6168118b08f9a632f1406418f7a0ff21	913165018eb8739a5a0f0613c937fc94
deu_for_eng:pod-1	8	11	63	Bartender	fa2d40145673ee701d79aed9220184ac	cb7282d0097a8ca0c2d2839f0095852d
deu_for_eng:pod-1	8	12	64	Bar Customer 1	19e28161e5e283f77e908deb80312d27	54cb51c8fb37ecd2e04ce14848f2444d
deu_for_eng:pod-1	8	13	65	Bartender	a31ca303c45cb4da6fe0407aa67f7740	3feeb7bb1aa528b75366afe8ec9bfa2e
deu_for_eng:pod-1	8	14	66	Bar Customer 1	630ebef6196fcc4fd36312c45d1faae7	db93cc48e1c5ade124d2f44fe0a847be
deu_for_eng:pod-1	8	15	67	Bar Customer 2	bc06375f00f03ec21659f35a696c977f	423abcaa566f0bf44715381b375bf04e
deu_for_eng:pod-1	8	16	68	Narrator	b9685ad6462df1e5193659f82c14bc9f	9c0bcc5415e835cbe990d35954130c8b
deu_for_eng:pod-1	9	1	69	Diner 1	6e6e5837946b29322a606d54fba7577c	f47c0ccfc3f79c83d8dbb18e994935a5
deu_for_eng:pod-1	9	2	70	Waiter	94f0da8ebe3d621740835ea66552c0e1	718e6f797347b8fd4b3f45a6622a4446
deu_for_eng:pod-1	9	3	71	Waiter	5db115f386bb8ccd4465d4b1bd479bcf	aecedd04a4e5cf7a1cd5b5239e80ae9c
deu_for_eng:pod-1	9	4	72	Diner 2	d6254ca361a84366699ec4cc8908edf7	91ae74f00f07601e9babaa242c7a5d36
deu_for_eng:pod-1	9	5	73	Diner 1	0a629e8504c11b85e9e1ba51837d4839	ea78ed82157a414c5169aef49b3b477e
deu_for_eng:pod-1	9	6	74	Waiter	b3234fb2e248f52490db091e16f7920c	a86c30a79c6077cce89f3534133f9c30
deu_for_eng:pod-1	9	7	75	Diner 1	eb047e4548578753d1332186814b7acd	08f808be58b2d99c383869f4bd2b9e5f
deu_for_eng:pod-1	9	8	76	Waiter	a7883f27864e6734407f48f7aacdbd5a	63b23d49d9cc4cbfcd2e579d529fafa9
deu_for_eng:pod-1	9	9	77	Diner 1	319393691ee5e2d6b15d8f1da9330e07	06214f9b4ac4ad391f2d5ea78b71cde7
deu_for_eng:pod-1	9	10	78	Diner 2	85119603d0fcae4bea2c1bf7e31c76fd	9581444710a2c46fbe4893e417a9fa3d
deu_for_eng:pod-1	9	11	79	Waiter	88336e4082974507d63ed24ebcdeda5d	60358de534ece5a38b06fd63bc1f3b38
deu_for_eng:pod-1	9	12	80	Diner 1	83d3b096d79e73ab95cb8d773dde7473	98f46984f350be53caf0d8042b08fb4d
deu_for_eng:pod-1	9	13	81	Diner 2	fb6c3cac16b64837bc9d8fe0c2613383	4e89e1708e54fa14e52a5316232da8c5
deu_for_eng:pod-1	9	14	82	Waiter	4167aa1b7859835feea9ad1149f06b5a	4d3da2ee5e65d6f8789ba8a5e3aa642c
deu_for_eng:pod-1	9	15	83	Waiter	a5b35ed646ca744779aee2e1aacde2d7	de28fcf5d0a220f3654a7d2910a5b135
deu_for_eng:pod-1	9	16	84	Diner 1	b14de2e142ada9af4ef1bc02fc3b5e6e	40123960824b4440b27f97076b2993df
deu_for_eng:pod-1	9	17	85	Diner 2	024a8d807042d084e07939935ff55700	1b6b76e0bdc8953ab878905b8cc52df9
deu_for_eng:pod-1	9	18	86	Narrator	e47cdad5522e43af8e1bf920c13a9111	418fc34f8a619847c1ec0523c838a8a7
deu_for_eng:pod-1	10	1	87	Customer	25435d123c5fde163c58c9d520f7a8b4	136151eba56ff0f31b5d130954df5f15
deu_for_eng:pod-1	10	2	88	Assistant	e8c200e8936acfc772a0d7e3e996658c	e4cbe079c0dcc535e9cd8aaef51c9797
deu_for_eng:pod-1	10	3	89	Customer	13d72aaf897681fcdd9cdf368ad6e613	93693bd14a65a0bf93904aa6a6980234
deu_for_eng:pod-1	10	4	90	Assistant	984481f07c9e8ce9d8f939609dc665ec	d0f2cb73e1e5371d15cfeb2681bae7c5
deu_for_eng:pod-1	10	5	91	Customer	335fa0214e422da1a18b956940ea32ff	f1aa603fd2b80fab9a0764ddba8ba5da
deu_for_eng:pod-1	10	6	92	Assistant	4078fae3e33bd28b127cd4948e89d8d0	27b11b3461c2c22a832ac7a15cc39f15
deu_for_eng:pod-1	10	7	93	Customer	6d26691d85fca70b8d1d1edd3ba94d77	1d40abee6285888e49c74dfb5bcf9927
deu_for_eng:pod-1	10	8	94	Assistant	600b29478658e1b652b6b0151483518b	4c7e33d9d3fbc03c95ae233508b3a098
deu_for_eng:pod-1	10	9	95	Customer	b556c998fd7b2bb66f067d9a77e205b6	a3e8711b0df3eb8588b3a56e4634d594
deu_for_eng:pod-1	10	10	96	Narrator	4d7a14989145d542e244ce248774e5a2	88c1ab6fdafe008af86fe0b06f4c841b
deu_for_eng:pod-1	11	1	97	Guest	bd3c86be9b0ef9ed8eb31eb28af4eb0a	cc55707d7078fc7aa2cb496d4ff3f91e
deu_for_eng:pod-1	11	2	98	Receptionist	6489e3f08ebe7a6fad2c81de4fa63f0e	f686f5ac142a24984957aaa44464e88f
deu_for_eng:pod-1	11	3	99	Guest	77964deabaac4698be74c310811a2bbf	ec7626acc5bc14df9335862c416ea34f
deu_for_eng:pod-1	11	4	100	Receptionist	362c19a00a9f5fc8f4e9b64f376de78a	552df0d976f1a2d84d4af72d95e5b59a
deu_for_eng:pod-1	11	5	101	Guest	52722ac44b3d1db4ca1df2877c60a324	7b0407dc87cc2c4961a945606a5eadc4
deu_for_eng:pod-1	11	6	102	Receptionist	112fe93b999debad9484a8936d08c72a	bb3123fdb334f284bcb1af62f7f238e7
deu_for_eng:pod-1	11	7	103	Guest	9d5a181f5498bf7e0ac108bbb868d4a3	225256efd81262ffe2b947381a8cf080
deu_for_eng:pod-1	11	8	104	Receptionist	d269b0394399575a6bdfd75aba669de6	7361204e12235a4165e525c8993dc914
deu_for_eng:pod-1	11	9	105	Guest	e1387898e1773439b8ac4abf61586214	4c3bd72192248f3b689ac3bdb789ac2c
deu_for_eng:pod-1	11	10	106	Receptionist	c9f1048c5aa5c4602583751f2a711ce5	0598c0d2d13ded214ea462b251a0d013
deu_for_eng:pod-1	11	11	107	Guest	b5424ace9a6f188d10fc7e1851208baa	77bb11ec8afd06d6b134f6f69df41802
deu_for_eng:pod-1	11	12	108	Receptionist	6a23fd8b7dac146d7196f079e4ea3859	84e3ae341108982767642713c846233a
deu_for_eng:pod-1	11	13	109	Narrator	96bd8f4581b9f803b4da4a60076221ef	a039db0b2a75b9ef42c456afbf08acb2
deu_for_eng:pod-1	12	1	110	Customer	a02296f2fd510bb37da33fb736ab1f31	2e0c0d4948556b0a6de58e3ddc21395d
deu_for_eng:pod-1	12	2	111	Pharmacist	a1d6cb610626c66f53547430691bb3a9	64b835aa122947a9ec0e4602f081f977
deu_for_eng:pod-1	12	3	112	Customer	472f8255ca7455032a6c7bcb19b432bd	ffc7160bc08caa75a27c0e47e6829382
deu_for_eng:pod-1	12	4	113	Pharmacist	a99bfc57f8475c70662adf2faa3ddc9b	48bcf2e67a7019da71d9e7c0f7c92a44
deu_for_eng:pod-1	12	5	114	Customer	cc4e66706db44e4b51e3c1d5f359f915	599ac705b6e160bfafeca6ee3ff9c0b7
deu_for_eng:pod-1	12	6	115	Pharmacist	e0dd618cc569d1c36da05a5147dba2b1	e592ec2ece61a026f44312af940f04ab
deu_for_eng:pod-1	12	7	116	Customer	3f163891ea1bb070bb8fc3412132756f	ac82c32fe908849dd80acbc6a9b1fe4e
deu_for_eng:pod-1	12	8	117	Pharmacist	424fad0fbc82e1a247bee9d186831580	f0be03f62fc608c755238e341759c65c
deu_for_eng:pod-1	12	9	118	Customer	ee021918abc129f30759b86a1827eedb	e42037889344d661179702232365b051
deu_for_eng:pod-1	12	10	119	Narrator	54ac01c62a392675d9b3dfdf7f79f700	7356639b43b69fb452e712e88ca612ea
deu_for_eng:pod-1	13	1	120	Tourist	6cfda853c4c753f60d71bfed5ab79255	daca79f72d2e3ffc8ed3cf8c833b5595
deu_for_eng:pod-1	13	2	121	Local	2cfb10b0dce399aab2f7860dae166bf3	7c12a65de20b42e05db3777842ff80cb
deu_for_eng:pod-1	13	3	122	Tourist	016e9778ef7311c54afd02d1757c953d	444f9aa0aa56ed882191729a3c3fe78e
deu_for_eng:pod-1	13	4	123	Local	53f9bd9877722e4da7bfc36db7748a56	7528fc391ebf65dd55f321c7dbb62608
deu_for_eng:pod-1	13	5	124	Local	ea438dc210634bdd6e09a34877fd2a78	ed54becb0e49e16df83cc60466efa8d2
deu_for_eng:pod-1	13	6	125	Tourist	204d216d122e178598323146d4ac5c00	225eb9e5c0f9d0b57652f113e937f8e5
deu_for_eng:pod-1	13	7	126	Local	3ac694cca6de5562c7c274b6f3244c66	7195a8c13810d9b9853c3c211f616a9e
deu_for_eng:pod-1	13	8	127	Tourist	e13bd2955702d598f855616f146ce1e1	9c909612cff0b9fb58decf8506cb50db
deu_for_eng:pod-1	13	9	128	Local	36af188c1331ec7556c7304a4ec96c25	759bd7d3204fa55d3e3b463340506aa2
deu_for_eng:pod-1	13	10	129	Tourist	1118c5f4eac4fa0f727bc5eb36b7b468	d84dc29ab18369e040cfb3b3899f2394
deu_for_eng:pod-1	13	11	130	Narrator	bf656779d741556581e62af3f9acaab2	4ff53b91110304c96b46805771c7f4aa
deu_for_eng:pod-1	14	1	131	Passenger	cf9c0eeb3e9e3f50fa52df378cec0892	c58ec5f5bbb7c695c418f6b4ea356da1
deu_for_eng:pod-1	14	2	132	Driver	8ba1dd23068cc14705d88a7ecda16725	27652fc6bc26f1807c076c5dc3969133
deu_for_eng:pod-1	14	3	133	Passenger	368772423464c0c059ca0518a79f4132	a4e86846455e65cdebe8cc6e028ec556
deu_for_eng:pod-1	14	4	134	Driver	783165c55a6191aa4b820fa80572566a	39d0ed883ef886cb909f83a13c8b51bf
deu_for_eng:pod-1	14	5	135	Passenger	36193d2ce386871f83dea5d980b21ba0	f33af4b471e77de0eee25686f789cab5
deu_for_eng:pod-1	14	6	136	Driver	a86b0799f9b23c291b00532f961a8df4	dcad5fc92e5bfad25efde3fd1acf1dee
deu_for_eng:pod-1	14	7	137	Driver	630c774d576fef4f0d56446206cecefc	50f60b36ab55c687d9418741fdbef5b1
deu_for_eng:pod-1	14	8	138	Passenger	a476f7b6a166c2cbc443f10cb5fcd3de	bd0f8de5afca3e57a99b1f58619dc6c9
deu_for_eng:pod-1	14	9	139	Driver	b224578ff287c18c41cd170ff84c3b06	9bbc74c3fab1a78c5d2faffeef46810f
deu_for_eng:pod-1	14	10	140	Narrator	25e3c93caa1c7fd131525483fe1ee247	55c9f6473f40cdb17d4d7ab4409a232b
deu_for_eng:pod-1	15	1	141	Learner	f28196981a29e01dff44d98e3a1d2269	913bb5faa544c775b1fd10a63c47dbc3
deu_for_eng:pod-1	15	2	142	Learner	0660e8274a67e5ee645a19e4e876ede4	a09180b6842fda593edc9e60043a5a0a
deu_for_eng:pod-1	15	3	143	Learner	a54c1526aff7413df54be072a2d6a7a5	af1da60e13065be4a6990b5e69892926
deu_for_eng:pod-1	15	4	144	Learner	723c8eebf300dceddf3dfcc032724ed1	47f8bf53caeeded147506c90240992b5
deu_for_eng:pod-1	15	5	145	Learner	2a4e454299926489faddac54e366a62b	a8eea28a3fa662b1ea97dfb76e81a785
deu_for_eng:pod-1	15	6	146	Learner	2f34422ccbb42189fc843d9f8e359bac	e35e0984619771f391c8df3d2f8dad1c
deu_for_eng:pod-1	15	7	147	Learner	5d6bacf74749168c889ea8d28ca894e5	376104b5c665287b33a4b3df71fb361b
deu_for_eng:pod-1	15	8	148	Learner	17e52a49853d9c866372df80679c3443	0b3bff8c3cbd4993240fec74a9511cef
deu_for_eng:pod-1	15	9	149	Learner	3570a452e2ed988ef0c655a0caa2125c	f56a6fa0342d93687c324258b7196cd5
deu_for_eng:pod-1	15	10	150	Learner	2cdc091ad269a48519b60bd980005644	9a86f7902fbd2894a9f4603da2f7ec9f
deu_for_eng:pod-1	15	11	151	Narrator	1a9f289cd60fef2c64ad6670cbe08b74	eba1245daf0d65cc1d6160ccf05bcab7
deu_for_eng:pod-1	16	1	152	Learner	55c61947ffd382f54dc5bb60cd504a60	9eafb4da0eef364b90375b55537d25bb
deu_for_eng:pod-1	16	2	153	Learner	94fb0f38434f6aaadc966166371bfa91	b3b90f8f5c48e9ab512dc566324ed037
deu_for_eng:pod-1	16	3	154	Learner	37e1b6ad6065216403d93c35aa35b438	63d80cfa06344b7d9f4045b7fba0cb9f
deu_for_eng:pod-1	16	4	155	Learner	d99ae6f523a3ee0b84765658a3303600	1077817e87520a09a8a2abc0190c9997
deu_for_eng:pod-1	16	5	156	Learner	db4d2af3cadb30d1a2436ff09399b5bd	875936a84ce3549b311ad51323c3ac94
deu_for_eng:pod-1	16	6	157	Learner	b5b121a92814b4f555d55089e9b30f94	2eacc883d508a1f175c2f2d0f3d324e4
deu_for_eng:pod-1	16	7	158	Learner	3445588004c8905490580f5d53ebb829	aa2623f2438db26bfc289ac08d18c9a8
deu_for_eng:pod-1	16	8	159	Learner	f20cbbdbaa4e4f28652d1e8671a030b9	65a2bf309c72a368908ff228b43e5c12
deu_for_eng:pod-1	16	9	160	Staff	b7459757d80024d1367b8b29adf46238	9650460a658b8f5dd8a906f1782c3f5c
deu_for_eng:pod-1	16	10	161	Learner	c4f84a743e58868bafa1a1bc9e51ccf8	6f81b411447233cc4554546d3485e6e5
deu_for_eng:pod-1	16	11	162	Narrator	31d162cd29e85d6944f21547d71bbdbc	91f7b0696c7c0fc707420471e844af02
deu_for_eng:pod-1	17	1	163	Learner	a520f35d4e78150127042827fa313a3b	3f918556b4706fc38a4f66b38ee11e93
deu_for_eng:pod-1	17	2	164	Staff	29074daeaa05e563a0ce2efaf5e27296	b89bf636041965ef6e44581a0e66405b
deu_for_eng:pod-1	17	3	165	Learner	850d78338e89cd5e9cfde6e879800ac2	b2e9e73da95ff8e534a2c05be54469f1
deu_for_eng:pod-1	17	4	166	Staff	469def0ba93e75e70af251b21dd64a43	ee1a2848e1d6e5a016074ba8e5f9df67
deu_for_eng:pod-1	17	5	167	Staff	7c64f0d064d3d6ee00f4fefb253402ea	a2ac474dcab961749b90674a53304753
deu_for_eng:pod-1	17	6	168	Learner	a9c4da542a228f6547098e9b045e04f7	218566fe0117cad5e42b24674ac59854
deu_for_eng:pod-1	17	7	169	Learner	4b8e09bf0f66f51d025ca921f0a7488f	6f23d3e4fbf9fb84eadce090d6e21e0b
deu_for_eng:pod-1	17	8	170	Learner	ad63727ad8138eb3377b362cc705e5d9	89d84b38c76d0c63271993c96159335c
deu_for_eng:pod-1	17	9	171	Interlocutor	1d73854e9a08bd128a1c649e704f54a4	60f59d8aa7095fbf4d63419a67291235
deu_for_eng:pod-1	17	10	172	Learner	f0905e4bbff5370c3fd652638a6a80c4	cb2b984f6c5a6652552f5a52433e9043
deu_for_eng:pod-1	17	11	173	Narrator	f74664a53fe0b17035e9dda61791de58	e9b4223aa4445b27cd280248acac1ce9
deu_for_eng:pod-1	18	1	174	Learner	42b1fd2956c3733ab35bb4b6cdf53cd3	200c3546a879a0ce8458e37ec1dea3f3
deu_for_eng:pod-1	18	2	175	Learner	394c50016e80e31a232cd1bfa6d35448	29a9cbbfaa50d8b1fba17c8ddf1af426
deu_for_eng:pod-1	18	3	176	Learner	4b31452d49a0d1f13fa5e168b0a27508	a15f9ace48459a3c4e3c4d737c41f653
deu_for_eng:pod-1	18	4	177	Learner	22727a93e0c7d2c6ee1a77af1097f469	1f1e50ef6f5759e0685d415825edfff4
deu_for_eng:pod-1	18	5	178	Learner	3a4ff724303f6bb348566fd29c3c692f	bf2a03f0a7f78a5b14c9039a057ea050
deu_for_eng:pod-1	18	6	179	Learner	fbc083142dc1b0a4b9c541c58ac5cf1a	ead58d7143eb35c36f5b78aa7009c68b
deu_for_eng:pod-1	18	7	180	Learner	142b20e9c680c327314cdcc8db455ba3	d1d15242deb8a3a7bf0fae7c42c0a47a
deu_for_eng:pod-1	18	8	181	Learner	3f4d8166d9b06279d007c00e66806daf	deec3ef222041f80b3b966f9b6c515c1
deu_for_eng:pod-1	18	9	182	Learner	b480c2fa69fef9740780e9dc648abe7b	5c40a0c454e9a7788820e3cce62aeda2
deu_for_eng:pod-1	18	10	183	Learner	8fee0aac7ff6f967a5e6ec67bb2c1035	ea174e84d89f9dce1d8ddc975990cf28
deu_for_eng:pod-1	18	11	184	Narrator	daf258179d10927e98fcf68b0e541e2f	4ae156b07d9bd5fae88713471a19e018
deu_for_eng:pod-1	19	1	185	Learner	9ca8cbe9cc1dfa41c0789e2d5fce4e94	7c15f463d5f03199782a2b1f30c3c846
deu_for_eng:pod-1	19	2	186	Learner	54018c38d5a80c179b9870be9283e9f7	c8f053172ea3fa290e676bc9cde75458
deu_for_eng:pod-1	19	3	187	Learner	e25c5b460f6e8db75d91709e9251224c	4140109bcdedb65463d59334e5e425f0
deu_for_eng:pod-1	19	4	188	Learner	c1335f4b634bf73ce3a935c767d44b44	9e29640615f6f87aeff81f4e6c5b53bf
deu_for_eng:pod-1	19	5	189	Learner	d902009649433d961edbdb26e4c5b0bb	84fc461be123eda48d5bf41b0d1a0f73
deu_for_eng:pod-1	19	6	190	Learner	723eab814109e962c8bd356c9abb7cad	5263aa615a62dd65c071d15ead5cfb6f
deu_for_eng:pod-1	19	7	191	Learner	fda46d664bd0563554573f31f0490af3	ac3e999e4f5bae18ce949597989cf25d
deu_for_eng:pod-1	19	8	192	Learner	e1340bc0efadf98550ad9d0d5509d668	db14e1d9c46d468ce0c2a1942c9e5547
deu_for_eng:pod-1	19	9	193	Learner	1db7f4ce0c158e036ca82a59fe016b6b	b4d53d399c40313615294a5dbc3ad920
deu_for_eng:pod-1	19	10	194	Learner	efb38e26822c2b6074c3c41999000918	380dc3308d4281d833de8337be86c632
deu_for_eng:pod-1	19	11	195	Narrator	b8b44884b8030e537042f45bdb89279a	e1d859ceca82f3a29e9f5d6896683d70
deu_for_eng:pod-1	20	1	196	Learner	0b9cbbaab9b7ec64c3a3bbad03c4f39a	a53e1713be20c3a621f4e8a3f6579843
deu_for_eng:pod-1	20	2	197	Learner	9b45a8963f15f7e14fd007256e2c4574	60ad360bce4d369112c2efa49f353165
deu_for_eng:pod-1	20	3	198	Learner	50000cac2212c50cd9babab6b350b427	c26678bd3218eaa94031c1fcfdc92338
deu_for_eng:pod-1	20	4	199	Learner	1fa60357df955b4b8605b5258c45a473	9f47f8766713f4c48173ed805c447f66
deu_for_eng:pod-1	20	5	200	Learner	aa0857faa3e37195998fb2b00220d484	2b6b87c53a652020c2650090c91f7040
deu_for_eng:pod-1	20	6	201	Learner	6dfee8d4c05dfd25ca63c3107b6b60da	c9596a3f82692ecbe36422e38d488d64
deu_for_eng:pod-1	20	7	202	Learner	78f2e6abe8a6e6feb135de1e76dbdc9f	c61460556c733cd480ba0b2038b17bce
deu_for_eng:pod-1	20	8	203	Learner	61777508e43b0f9a1118b16903b9675a	251c226f2b72c6638554a1826535bdf3
deu_for_eng:pod-1	20	9	204	Learner	c079057cee4fc9f22a72e82a246496db	2badaa9753a0c2d89b8f7fc048141886
deu_for_eng:pod-1	20	10	205	Learner	101de5eaed5f8f990cd53b799fd6d44e	39a4a36539151c49ff0aea2901d6e46c
deu_for_eng:pod-1	20	11	206	Narrator	91d313d80de6eac364e5517b4cd5e382	b00aa4bbb11b7c5b8a41297fedf164e4
deu_for_eng:pod-1	21	1	207	Learner	2c3e2620a16c8d18183f3f52440e42ed	31883c238e38aa97c19879601c538da8
deu_for_eng:pod-1	21	2	208	Learner	4010fa0775d89708e82b1c554748954e	9c9b76e67042fad2983f6f9bb337bc11
deu_for_eng:pod-1	21	3	209	Learner	45e053c27187a53f54c21ecdc540bc01	fc2e6722bb0d2092c14338f4bc961cbc
deu_for_eng:pod-1	21	4	210	Learner	af5b6334f8f6b3cdeccf9a9ca152f355	6a301630a41e5723851c6251001c9cc4
deu_for_eng:pod-1	21	5	211	Interlocutor	457f4fddf5421c0d2cb28cef1dbcab9e	69c80eebef962f3c3eeed4411205993d
deu_for_eng:pod-1	21	6	212	Interlocutor	ceb40f370808a9193c6d6ac1b70e9b09	e687907c0087a79ee8305dd114fa50ea
deu_for_eng:pod-1	21	7	213	Learner	55ea0161569a8af2cb479f8beac4698c	8e4d431911a139dc828de7241d404d22
deu_for_eng:pod-1	21	8	214	Interlocutor	d95e167a04170c9862a723b722203006	11ea5656b70267c62d122e06d3f25ef2
deu_for_eng:pod-1	21	9	215	Learner	6d69faf5d516fe788b58b043ca9fb7b9	f7a808574ea1968957fdacd409e5e52e
deu_for_eng:pod-1	21	10	216	Learner	2d7b73cf391dd09d78bbe8988ed7e8fd	8f5bd996aacf8dd34f3367288430eebf
deu_for_eng:pod-1	21	11	217	Interlocutor	9ddf2a2bfb02061a8e09ca07f4ed18c4	02cff8540cce3fccea77fea5e2829615
deu_for_eng:pod-1	21	12	218	Interlocutor	fcd9776d4199a163a264fc81ba5799df	a0065434b80f7195e6738e99841ac35a
deu_for_eng:pod-1	21	13	219	Interlocutor	9adab31778299c639136f3a5b6f05d17	834c571189557c45f8dc2513b23484f5
deu_for_eng:pod-1	21	14	220	Narrator	797033265e654df62c0355ed62b66597	c8ed10c9fc68227d7fe17887b558a9c4
deu_for_eng:pod-1	22	1	221	Learner	8495e9e29a7d89185180cef68d0cbc71	a7f5aca99d57d7f16ee37db982afb02d
deu_for_eng:pod-1	22	2	222	Friend	02e84c300e5e4ff44d03f840240e08c5	a8040b0a3d95ef89e87cf43deb00c5ca
deu_for_eng:pod-1	22	3	223	Learner	e3f65fcac03f648e087c6578ca6eb37c	b4e60a590a50dc74baf7ed4bf5bc4be6
deu_for_eng:pod-1	22	4	224	Friend	f5b273b403d5ed40b25ac947bcf962e2	15d6200415181b8eb1c842a1a53a0917
deu_for_eng:pod-1	22	5	225	Learner	8df6edac7a5bcd0dbf4475141d86225f	beb0394ce89cd9183e5d903dcf4183a8
deu_for_eng:pod-1	22	6	226	Friend	95e743eab092dc1ea1d0241c9edfd2ed	69ee7116f84c2f9ac86c2c07f9edc9db
deu_for_eng:pod-1	22	7	227	Learner	a2c918a1a26ae221b01704b520e5767a	a1c3d02f7c119f1dbfde1c0e56a04a97
deu_for_eng:pod-1	22	8	228	Friend	cbe5befa56f31472f7c442a98e94251f	4f58f4573664f9efa73634407ac75947
deu_for_eng:pod-1	22	9	229	Learner	e207b8ae820eb46930a6e68eb45f5445	95d5aca2db8946dea751606ddb0377ab
deu_for_eng:pod-1	22	10	230	Friend	4fca29350d02fe59996dba161940a74d	29827b2e81eb3bb465dad6e9ef61e523
deu_for_eng:pod-1	22	11	231	Learner	ed02b9e6af8b29dca649e04d4fce6261	e5731ee5d0709cc7bd90f62bc4d1d9b0
eus_for_eng:pod-1	1	1	1	Neighbour (8 am)	b06c3f09c36a4a3c9549d11f330ce138	6ee0944e54db0524ecde74e6c629de1b
eus_for_eng:pod-1	1	2	2	Sarah	f700209f6da9d71b2152fa587a6160ff	aa26f2a183c4e0e6ed68f15e08ffe05a
eus_for_eng:pod-1	1	3	3	Neighbour	e76e497b4a7e20c28292c010ca2a7cdb	cc464cfe2d26532c0418f4836ee5ebb5
eus_for_eng:pod-1	1	4	4	Sarah	d9c4a5e27f2946f0aa31d53be8723d08	35b94c213869adfc71dedf98d510b4a8
eus_for_eng:pod-1	2	1	5	Sarah	df07661d8cf0035966be37cef35e953d	1ebc5a6271df1e0684e2e7b9c41bb18b
eus_for_eng:pod-1	2	2	6	Passenger	c0147fc58b11cb1f5e7a8a4ae1ddc52a	5e5d8b3c6f8bc430e1479d0777a768e2
eus_for_eng:pod-1	2	3	7	Sarah	59f4ecb960af4bbc70a76ebd32caf8e2	10902ecda3dc2372dc9cf570f2c80a9b
eus_for_eng:pod-1	2	4	8	Sarah	84f15f04b45ec565f1bc564c62a5a322	1fb41845d0728f8c10727a8ce966c6f9
eus_for_eng:pod-1	2	5	9	Passenger	4257f8ee00ad8a8f3ca2906eeff185ea	7c8caa73ae0269729cf079b955fa2489
eus_for_eng:pod-1	3	1	10	Barista (3 pm)	8f8ca0959a96c30c127471b98a5b48a9	129b85d1178d6f963422c4224881b233
eus_for_eng:pod-1	3	2	11	Sarah	3911d275dc41fdfff60e4512d5e2469a	9e08c222b5d1a39384a1b5fddfbf25ea
eus_for_eng:pod-1	3	3	12	Sarah	9568742ff8bf6788a6a19795048e724a	6885fc15633ab4b868aa5151e79d7186
eus_for_eng:pod-1	3	4	13	Sarah	d1ff5b4ad9276f7d839c3f5f143117d5	a60b2d126f8c7ff9ac38fbfa4364cb1c
eus_for_eng:pod-1	3	5	14	Sarah	e40140d0b548f941ea629229472506b8	31d093097e4bfea2a6dd0ab4c22a6b15
eus_for_eng:pod-1	3	6	15	Barista	6a7d34d96edf119c735015a0781884d3	f031182f541a00bfb1a31493235217b1
eus_for_eng:pod-1	3	7	16	Barista	38749372fde8d76522f4ceac242945c2	ef43722ddbda655542b7cdb02bb936b6
eus_for_eng:pod-1	3	8	17	Sarah	5be591adf9e6685706dc2480e3e61bc2	cbf8659af4f5ca4c927d141bfe3faded
eus_for_eng:pod-1	3	9	18	Barista	2ecd78086d7ad4ede8a18ccd47335394	6f61d97ffddb4a91e45afc5f67e73c69
eus_for_eng:pod-1	3	10	19	Sarah	d08f6da902fbf25509ab19a1257d637c	54cf197a5697f647ff03a2b52745b533
eus_for_eng:pod-1	4	1	20	Friend (7 pm)	af45368a42242044fb9fd447477b73ca	de62d7bb305c2be6a133ea17a0af37b1
eus_for_eng:pod-1	4	2	21	Sarah	d34bd92aea1c0b256e8f3f37af289367	01495caf915e2d5c88205615c813d856
eus_for_eng:pod-1	4	3	22	Friend	e8626ddc2c9e95fed4a66f657ee892ee	6c683c3f18a71bc5a60a51245f7ea8e3
eus_for_eng:pod-1	5	1	23	Neighbour (10:30 pm)	f649fe686e52fb9a100fa0a46f7c4300	139e47766b4ab1bc6c2e30d8275d570d
eus_for_eng:pod-1	5	2	24	Sarah	69811a4b708c7f88ff4e54c860a283da	5a620928d6e45913a894808d7501ec80
eus_for_eng:pod-1	6	1	25	James	ed38c2fa2f410d86069f1ae1664b850f	b37cd01c3b7738424f852aea2063a505
eus_for_eng:pod-1	6	2	26	Anna	bee3c35bdaea0d75ea2f7db2693c21ae	b214d1387a552e4c9be132984796bcc1
eus_for_eng:pod-1	6	3	27	James	bb663ec409702efb8dbbe45cb09d45d0	085e3c08f2ffecfb23cbb422d831688a
eus_for_eng:pod-1	6	4	28	Anna	b04cebd89e27254be9fd42b855f26ef8	0639e512b88fa8fcaebd5b9666928c7c
eus_for_eng:pod-1	6	5	29	James	c01b6c09de328357800ea1610aa26169	79426185551098a662d1143e775cea18
eus_for_eng:pod-1	6	6	30	Anna	a3bf063fea5da36ed3dd8d46144a5dee	755656594f1fed66195e576bafc459ce
eus_for_eng:pod-1	6	7	31	James	756c6fe44092cb2c5237b64d680e1074	19d2869419a133d649ed42141a675cc0
eus_for_eng:pod-1	6	8	32	Anna	9e9ed2fa93e5f349105d1a3243b658bb	9ebc765a5bc5d2479243dede501bd3a0
eus_for_eng:pod-1	6	9	33	James	d59483f44fd7bf88f7e354572d33f1c8	a655134c55c5e6e200435ee93e186e33
eus_for_eng:pod-1	6	10	34	Anna	790887ddef5d95ac91bcc2d6cca5f481	9611b73d7680bf9a3b5637d7685e689c
eus_for_eng:pod-1	6	11	35	James	2206d7b717057aee09da09200a001a9d	5f34e333ac660776c7b01f074b5e1871
eus_for_eng:pod-1	6	12	36	Anna	67ecf9e4d021a23a342b7142dfc13ab8	7c9e94e54ff783200c75ad1afddf413b
eus_for_eng:pod-1	6	13	37	Narrator	e9e3c1b441f9bbf91eaa93c748c58313	a9df7ad4db2e1971fb021f5644e1d0ed
eus_for_eng:pod-1	7	1	38	Cafe Barista	cd283710e4120c8c33c8ec260b405273	cbc2167ecf008fb033b5ac98aa1b364b
eus_for_eng:pod-1	7	2	39	Cafe Customer 1	6032216de7f3435e76b04057579834ad	501783348c585c978802f4fdc48329f4
eus_for_eng:pod-1	7	3	40	Cafe Barista	a318a0a9bcc643270a18e4912549157d	7ac946487706bc9ebf9c41d16197e6de
eus_for_eng:pod-1	7	4	41	Cafe Customer 1	24732372c846ac8fd4bcff3e061fbfb9	56d632d7eac284ed7db82ac6573a506e
eus_for_eng:pod-1	7	5	42	Cafe Barista	e9de066e27e9cbc69d153215657bc652	45787a9f76a00ef648b4e54a736ed6b5
eus_for_eng:pod-1	7	6	43	Cafe Customer 1	8145b5528485011f2c9b35a85522aa8d	c43ecbf12526a32e59d7eda3876fb7d4
eus_for_eng:pod-1	7	7	44	Cafe Customer 2	c8364a3f9da28780a5aa1b7390db35ed	ce4240fcb8bb7b3e0431cc6ea45df5d2
eus_for_eng:pod-1	7	8	45	Cafe Barista	c5ceb35fbcd4304ad2162ebb6c6e2d82	92b16311b9402c95a838d93fb1501a31
eus_for_eng:pod-1	7	9	46	Cafe Customer 2	bfc57587d4676cf763f6856331c4d2d6	0ad80a8eecd77a5db88121c57e75b9bf
eus_for_eng:pod-1	7	10	47	Cafe Barista	d38d0cb0f3911a23a841c272052de145	2de61305988afb0d32d84b087e36cd48
eus_for_eng:pod-1	7	11	48	Cafe Customer 2	33857b2df7f267831d0e74df2cb121e3	83f6d2006a0205d1f04f37ad2cdb4223
eus_for_eng:pod-1	7	12	49	Cafe Barista	83c90c36e68f140ff8ab9206fed818e0	f4707ef64079b9bd3120486cd8cd1da6
eus_for_eng:pod-1	7	13	50	Cafe Customer 3	29c3920690ee4f013e719427cf5f2c04	440747e4c5a705e28463a93bdb2355ba
eus_for_eng:pod-1	7	14	51	Cafe Barista	13c106d96360c667a30acf9fa606f0fa	e53c40e2fc9be5922a1f67265e084b06
eus_for_eng:pod-1	7	15	52	Narrator	94b3df0af7047d2b0fa84db658ed52b4	e2fd9610c4c8e82a1f7efcfc3206ffea
eus_for_eng:pod-1	8	1	53	Bartender	29ad3e92f2ce80948e77c6d765c555e7	95e5cc8503c5b06fc599d942c1b95aba
eus_for_eng:pod-1	8	2	54	Bar Customer 1	365efbe2e501b4f26b69669f094a6cd5	59d9c371c00f5aa6e9263c08a30a42b2
eus_for_eng:pod-1	8	3	55	Bartender	0eafa13dc0c50375a3e05619994351ff	4930a264ba1351fc1f2be2eeb0503e43
eus_for_eng:pod-1	8	4	56	Bar Customer 1	91f9e29e1875e01250589e07ae7262f3	1fb2b2c11bb3d11e65e41029d3da1abd
eus_for_eng:pod-1	8	5	57	Bar Customer 2	60b3b472fa1259dab0425483ca754a87	64e908148bb806be4c5b82b6cd67f3cc
eus_for_eng:pod-1	8	6	58	Bar Customer 3	6e0110bf5ad761eb6d1da1899d13dd30	5705209f2f526bf4a4e906fdff5e8666
eus_for_eng:pod-1	8	7	59	Bartender	7deb035549c166d33edeae1b77fb0dcf	463cfc4e55bd3de5f4c5f6998798c8ff
eus_for_eng:pod-1	8	8	60	Bar Customer 3	c632e6aa9a20c882e23b09611223c939	1caace2cdd8542fe8ae296efab852317
eus_for_eng:pod-1	8	9	61	Bar Customer 1	7d0b944b44a9ef6fd2f909961510f58a	52bff53cb70f6415f72fa87fdc38b652
eus_for_eng:pod-1	8	10	62	Bar Customer 2	16ba158b616e3216e5f6a35ac9f482e2	913165018eb8739a5a0f0613c937fc94
eus_for_eng:pod-1	8	11	63	Bartender	c9fffdd20eb3c7f1c077d469e4435085	cb7282d0097a8ca0c2d2839f0095852d
eus_for_eng:pod-1	8	12	64	Bar Customer 1	3680936b70ac88e9ac259fb8105eb346	54cb51c8fb37ecd2e04ce14848f2444d
eus_for_eng:pod-1	8	13	65	Bartender	228acb03ce6ae85b1012d51a71d3c36d	3feeb7bb1aa528b75366afe8ec9bfa2e
eus_for_eng:pod-1	8	14	66	Bar Customer 1	906feba056b8108660ab20f523821429	db93cc48e1c5ade124d2f44fe0a847be
eus_for_eng:pod-1	8	15	67	Bar Customer 2	e6c306bbe8c08cf80aaa1f86388271f0	423abcaa566f0bf44715381b375bf04e
eus_for_eng:pod-1	8	16	68	Narrator	a3a48b3167d4683d8352798f87bcbe31	9c0bcc5415e835cbe990d35954130c8b
eus_for_eng:pod-1	9	1	69	Diner 1	a39e9f7df2c10c11b92e7dfb2bc92ff3	f47c0ccfc3f79c83d8dbb18e994935a5
eus_for_eng:pod-1	9	2	70	Waiter	f04357c7f4e022e1d40bd2989be15cd1	718e6f797347b8fd4b3f45a6622a4446
eus_for_eng:pod-1	9	3	71	Waiter	c750965ab7c7d5064ffb7711c6d62bc6	aecedd04a4e5cf7a1cd5b5239e80ae9c
eus_for_eng:pod-1	9	4	72	Diner 2	6987c28c7ae5876b9373bb1f4cee0902	91ae74f00f07601e9babaa242c7a5d36
eus_for_eng:pod-1	9	5	73	Diner 1	c8cf839dfa5dcd999f8988742e512a16	ea78ed82157a414c5169aef49b3b477e
eus_for_eng:pod-1	9	6	74	Waiter	11d670dc805c13f4238fb7d35e85032e	a86c30a79c6077cce89f3534133f9c30
eus_for_eng:pod-1	9	7	75	Diner 1	e2ec74dd729f81c0996abeda6d0b6b27	08f808be58b2d99c383869f4bd2b9e5f
eus_for_eng:pod-1	9	8	76	Waiter	2a75fb751ee23b7fa558ce598ab87fbb	63b23d49d9cc4cbfcd2e579d529fafa9
eus_for_eng:pod-1	9	9	77	Diner 1	cd4857431250c38da1c8d1a53a832078	06214f9b4ac4ad391f2d5ea78b71cde7
eus_for_eng:pod-1	9	10	78	Diner 2	d510014e1f0128b9c3137c93c221acd7	9581444710a2c46fbe4893e417a9fa3d
eus_for_eng:pod-1	9	11	79	Waiter	2c6a0e67a203759adec4e0543e200a21	60358de534ece5a38b06fd63bc1f3b38
eus_for_eng:pod-1	9	12	80	Diner 1	2b60b59bca58fea3d759173bcf470992	98f46984f350be53caf0d8042b08fb4d
eus_for_eng:pod-1	9	13	81	Diner 2	728da3bff2dd979f2d1625dde00bc7b7	4e89e1708e54fa14e52a5316232da8c5
eus_for_eng:pod-1	9	14	82	Waiter	7df46e95f271a9923fe8cfae13d6a0f3	4d3da2ee5e65d6f8789ba8a5e3aa642c
eus_for_eng:pod-1	9	15	83	Waiter	27aa36a113895706a96fc29dd7f0a769	de28fcf5d0a220f3654a7d2910a5b135
eus_for_eng:pod-1	9	16	84	Diner 1	6b38ac769910f15c564e554a2b114931	40123960824b4440b27f97076b2993df
eus_for_eng:pod-1	9	17	85	Diner 2	12e43302a404624e549ebd9c0f22ced4	1b6b76e0bdc8953ab878905b8cc52df9
eus_for_eng:pod-1	9	18	86	Narrator	3ccd6c5ac73fb4a3e786bbdd25f03f53	418fc34f8a619847c1ec0523c838a8a7
eus_for_eng:pod-1	10	1	87	Customer	f878bd577ea62f883c4f4d9c494084e7	136151eba56ff0f31b5d130954df5f15
eus_for_eng:pod-1	10	2	88	Assistant	f18ec40300c3e45b18b5901ce3213a96	e4cbe079c0dcc535e9cd8aaef51c9797
eus_for_eng:pod-1	10	3	89	Customer	c1c06f43f48b4bd95984bc5f2805c177	93693bd14a65a0bf93904aa6a6980234
eus_for_eng:pod-1	10	4	90	Assistant	27c6aba59b9423cf199873983fff1b47	d0f2cb73e1e5371d15cfeb2681bae7c5
eus_for_eng:pod-1	10	5	91	Customer	3fe7b839a89494b033bc8cc839db894f	f1aa603fd2b80fab9a0764ddba8ba5da
eus_for_eng:pod-1	10	6	92	Assistant	a049c54247807583b942ce8648a18e85	27b11b3461c2c22a832ac7a15cc39f15
eus_for_eng:pod-1	10	7	93	Customer	bbdbd90d6aa360b450ef160b17caa4d0	1d40abee6285888e49c74dfb5bcf9927
eus_for_eng:pod-1	10	8	94	Assistant	e2c490684e0dc81d41970af1e43739f8	bfb7f8df21398aa5cc4f94a0771c942a
eus_for_eng:pod-1	10	9	95	Customer	fec1bda9e2cf954d46cfaf580b511a20	32483c9d39f7f206cc590779527a9b6b
eus_for_eng:pod-1	10	10	96	Narrator	938d9708532df01d582b6b36488cbaa0	88c1ab6fdafe008af86fe0b06f4c841b
eus_for_eng:pod-1	11	1	97	Guest	7789ccc8c796c8c909d3f05dcc72718f	cc55707d7078fc7aa2cb496d4ff3f91e
eus_for_eng:pod-1	11	2	98	Receptionist	cc290468ecbec088f769dc4f2916385a	f686f5ac142a24984957aaa44464e88f
eus_for_eng:pod-1	11	3	99	Guest	c8efd39a573b6a17473f0a90b98ca163	ec7626acc5bc14df9335862c416ea34f
eus_for_eng:pod-1	11	4	100	Receptionist	30f4f168d27607bd97ead5be67cca337	552df0d976f1a2d84d4af72d95e5b59a
eus_for_eng:pod-1	11	5	101	Guest	ce0e14513389984c1082a3a886738f6e	7b0407dc87cc2c4961a945606a5eadc4
eus_for_eng:pod-1	11	6	102	Receptionist	33d6becc6f9599f34abe4643e661a7ba	bb3123fdb334f284bcb1af62f7f238e7
eus_for_eng:pod-1	11	7	103	Guest	e01108dbeca38ee47c0cbc9777ce8311	225256efd81262ffe2b947381a8cf080
eus_for_eng:pod-1	11	8	104	Receptionist	e90313605ac8eb83c14e403b0d4fc18e	7361204e12235a4165e525c8993dc914
eus_for_eng:pod-1	11	9	105	Guest	07ebb70c59d479f13b248bf1a5d7cdea	4c3bd72192248f3b689ac3bdb789ac2c
eus_for_eng:pod-1	11	10	106	Receptionist	5d27b4c63d18bcd87f920f809eb81eeb	0598c0d2d13ded214ea462b251a0d013
eus_for_eng:pod-1	11	11	107	Guest	265ebb49279940a90713529c3558779b	77bb11ec8afd06d6b134f6f69df41802
eus_for_eng:pod-1	11	12	108	Receptionist	9a9d8d775eaaa5d9e92490d51f93ee1f	84e3ae341108982767642713c846233a
eus_for_eng:pod-1	11	13	109	Narrator	3d57723c598b9cad35ed5bf92463524d	a039db0b2a75b9ef42c456afbf08acb2
eus_for_eng:pod-1	12	1	110	Customer	f586326cf1c01d52f6339aed7326b1aa	2e0c0d4948556b0a6de58e3ddc21395d
eus_for_eng:pod-1	12	2	111	Pharmacist	636f8555ef932dd77ee411280c16a4a6	64b835aa122947a9ec0e4602f081f977
eus_for_eng:pod-1	12	3	112	Customer	38d0b84a74d0485de44fe4d34a6f7382	ffc7160bc08caa75a27c0e47e6829382
eus_for_eng:pod-1	12	4	113	Pharmacist	75de0a0fc56204e1694eae95b1f44eb4	48bcf2e67a7019da71d9e7c0f7c92a44
eus_for_eng:pod-1	12	5	114	Customer	afc9350943e9b6652b179837315844eb	599ac705b6e160bfafeca6ee3ff9c0b7
eus_for_eng:pod-1	12	6	115	Pharmacist	136bd98d1472dc408d8c08c717a62ded	e592ec2ece61a026f44312af940f04ab
eus_for_eng:pod-1	12	7	116	Customer	175cb3eee436dbd6913c982e8c7f1fce	ac82c32fe908849dd80acbc6a9b1fe4e
eus_for_eng:pod-1	12	8	117	Pharmacist	52d55f086f6549e13f130230546bbc0e	f0be03f62fc608c755238e341759c65c
eus_for_eng:pod-1	12	9	118	Customer	c728b8d3d971e8fd0f064b863ea68a3f	e42037889344d661179702232365b051
eus_for_eng:pod-1	12	10	119	Narrator	82f87708c54f85297676e7ce227a9abb	7356639b43b69fb452e712e88ca612ea
eus_for_eng:pod-1	13	1	120	Tourist	dac4881d6f709185d2a6ce5dc70d9576	daca79f72d2e3ffc8ed3cf8c833b5595
eus_for_eng:pod-1	13	2	121	Local	6c1ace403b61f6354c366122659ae42a	7c12a65de20b42e05db3777842ff80cb
eus_for_eng:pod-1	13	3	122	Tourist	3b1f672fee67cc890d8f13140dd108dd	444f9aa0aa56ed882191729a3c3fe78e
eus_for_eng:pod-1	13	4	123	Local	82335e6d5e649076fcfa73b48cc1e172	7528fc391ebf65dd55f321c7dbb62608
eus_for_eng:pod-1	13	5	124	Local	03f2b81f7ba3eb80b9e7259fafbdaf4c	ed54becb0e49e16df83cc60466efa8d2
eus_for_eng:pod-1	13	6	125	Tourist	917146010a319171422215ad05356521	225eb9e5c0f9d0b57652f113e937f8e5
eus_for_eng:pod-1	13	7	126	Local	9b4d0b8a1e2f01d11e6bf79e14437ef7	7195a8c13810d9b9853c3c211f616a9e
eus_for_eng:pod-1	13	8	127	Tourist	343f046d7ece018cda436e928be5bc2c	9c909612cff0b9fb58decf8506cb50db
eus_for_eng:pod-1	13	9	128	Local	d498bf6e664c276e5393a7792686a6c6	759bd7d3204fa55d3e3b463340506aa2
eus_for_eng:pod-1	13	10	129	Tourist	819ec86a1b205901dd4f0bd897950cb8	d84dc29ab18369e040cfb3b3899f2394
eus_for_eng:pod-1	13	11	130	Narrator	ea1862d1002b89bdf931124650fad484	4ff53b91110304c96b46805771c7f4aa
eus_for_eng:pod-1	14	1	131	Passenger	089e4b06ff9142d98104e794805cad40	c58ec5f5bbb7c695c418f6b4ea356da1
eus_for_eng:pod-1	14	2	132	Driver	6644adf89fb5a2f4909b94ebc2ce4eb3	27652fc6bc26f1807c076c5dc3969133
eus_for_eng:pod-1	14	3	133	Passenger	ee1dcd216e2f475558adb0e8c414447f	a4e86846455e65cdebe8cc6e028ec556
eus_for_eng:pod-1	14	4	134	Driver	25cca033f08dcca5a3872781916ed64f	39d0ed883ef886cb909f83a13c8b51bf
eus_for_eng:pod-1	14	5	135	Passenger	d4dc7b12dfd30e4d641b716255e3b0e6	f33af4b471e77de0eee25686f789cab5
eus_for_eng:pod-1	14	6	136	Driver	da1f4819824f2047c1add7aed6f114d7	dcad5fc92e5bfad25efde3fd1acf1dee
eus_for_eng:pod-1	14	7	137	Driver	06fa295ac5f1dc5acc25d22489b6b88b	50f60b36ab55c687d9418741fdbef5b1
eus_for_eng:pod-1	14	8	138	Passenger	cdc7e4db67da82a78dfe7311821da4c2	bd0f8de5afca3e57a99b1f58619dc6c9
eus_for_eng:pod-1	14	9	139	Driver	bc46592e8f96da562901b3c03137848f	9bbc74c3fab1a78c5d2faffeef46810f
eus_for_eng:pod-1	14	10	140	Narrator	8c4b8c65b27f3419df4fdf9a9c6f4c6b	55c9f6473f40cdb17d4d7ab4409a232b
eus_for_eng:pod-1	15	1	141	Learner	ea1f60252a5099a1e7378309eea8e263	913bb5faa544c775b1fd10a63c47dbc3
eus_for_eng:pod-1	15	2	142	Learner	5ee10fe6d1eae2315b1e9812716bf908	a09180b6842fda593edc9e60043a5a0a
eus_for_eng:pod-1	15	3	143	Learner	2e714c2f7ea05855725f379ed9add3d3	af1da60e13065be4a6990b5e69892926
eus_for_eng:pod-1	15	4	144	Learner	9e157ed8f6e24f8c79e76f4d8e5605cb	47f8bf53caeeded147506c90240992b5
eus_for_eng:pod-1	15	5	145	Learner	86a167410c2ee923e14db00a5598243d	a8eea28a3fa662b1ea97dfb76e81a785
eus_for_eng:pod-1	15	6	146	Learner	e4523e2f3752e5523f58ba9f44546b7a	e35e0984619771f391c8df3d2f8dad1c
eus_for_eng:pod-1	15	7	147	Learner	c09083d851fdc6a0265a82364196e9ff	376104b5c665287b33a4b3df71fb361b
eus_for_eng:pod-1	15	8	148	Learner	06025b90104bc40c8a3c1973ba5dffb1	0b3bff8c3cbd4993240fec74a9511cef
eus_for_eng:pod-1	15	9	149	Learner	2eb9ca606d33a7760e7ef26d6a14477b	f56a6fa0342d93687c324258b7196cd5
eus_for_eng:pod-1	15	10	150	Learner	591ba6830cfbaa31df9e54e1ece7bb2c	9a86f7902fbd2894a9f4603da2f7ec9f
eus_for_eng:pod-1	15	11	151	Narrator	2ce97744315e008bb957db7147624b7a	eba1245daf0d65cc1d6160ccf05bcab7
eus_for_eng:pod-1	16	1	152	Learner	4752c404f75c7367f20a0ecb5a945602	9eafb4da0eef364b90375b55537d25bb
eus_for_eng:pod-1	16	2	153	Learner	0f6a8800769fbb34f85caece3ca933b7	b3b90f8f5c48e9ab512dc566324ed037
eus_for_eng:pod-1	16	3	154	Learner	40afb7e81e8c46121334ff232375cf1e	63d80cfa06344b7d9f4045b7fba0cb9f
eus_for_eng:pod-1	16	4	155	Learner	d396697fdf320376b4f5f4b101b1fb81	1077817e87520a09a8a2abc0190c9997
eus_for_eng:pod-1	16	5	156	Learner	8cc7060391f248b1690eb0eeddfcf802	875936a84ce3549b311ad51323c3ac94
eus_for_eng:pod-1	16	6	157	Learner	50a71d9aa6dc1effa51b69f618da8270	2eacc883d508a1f175c2f2d0f3d324e4
eus_for_eng:pod-1	16	7	158	Learner	65ca71345a5fa056d5da9aae5a560758	aa2623f2438db26bfc289ac08d18c9a8
eus_for_eng:pod-1	16	8	159	Learner	384731a9bcfc967b388ca646d49eca6e	65a2bf309c72a368908ff228b43e5c12
eus_for_eng:pod-1	16	9	160	Staff	7b2f57fe63406a94d8a8a9be184a7355	9650460a658b8f5dd8a906f1782c3f5c
eus_for_eng:pod-1	16	10	161	Learner	bd7cd186f8772bf1afd91e2e002b7097	6f81b411447233cc4554546d3485e6e5
eus_for_eng:pod-1	16	11	162	Narrator	bb46976a672123d08f9f0dfb92ccda02	91f7b0696c7c0fc707420471e844af02
eus_for_eng:pod-1	17	1	163	Learner	9af9afafade4d7a89c67a64ddfc21f0d	3f918556b4706fc38a4f66b38ee11e93
eus_for_eng:pod-1	17	2	164	Staff	a18e352eef9e9b3e4e29ce815a0e492d	b89bf636041965ef6e44581a0e66405b
eus_for_eng:pod-1	17	3	165	Learner	2c34802d05598a735e6d81cd34740c8e	b2e9e73da95ff8e534a2c05be54469f1
eus_for_eng:pod-1	17	4	166	Staff	64df77fc87d8c25777e526354508fa52	ee1a2848e1d6e5a016074ba8e5f9df67
eus_for_eng:pod-1	17	5	167	Staff	d7a4905eb1031f2099f1e4021e24cf5e	a2ac474dcab961749b90674a53304753
eus_for_eng:pod-1	17	6	168	Learner	9f5006c85dcfd88093a98bbfdae6c254	218566fe0117cad5e42b24674ac59854
eus_for_eng:pod-1	17	7	169	Learner	09c7466eb6ceeaf3d7eefbe8d3f050de	6f23d3e4fbf9fb84eadce090d6e21e0b
eus_for_eng:pod-1	17	8	170	Learner	f5bc5f47ca9fe00f9be2a0bb69e72c4d	89d84b38c76d0c63271993c96159335c
eus_for_eng:pod-1	17	9	171	Interlocutor	f29cccf1054398ccbb475329d1197634	60f59d8aa7095fbf4d63419a67291235
eus_for_eng:pod-1	17	10	172	Learner	8a129d5f55126b3319eeb26468590ba1	cb2b984f6c5a6652552f5a52433e9043
eus_for_eng:pod-1	17	11	173	Narrator	50a689bdc3325f8f17984335810804e8	e9b4223aa4445b27cd280248acac1ce9
eus_for_eng:pod-1	18	1	174	Learner	d2ebbd2a1f36201cae98662a4de5cbd5	200c3546a879a0ce8458e37ec1dea3f3
eus_for_eng:pod-1	18	2	175	Learner	11ad1f8bf4abc4a1ce54caba65bdd588	29a9cbbfaa50d8b1fba17c8ddf1af426
eus_for_eng:pod-1	18	3	176	Learner	703fd08cab74773e5e5a12af44767d19	a15f9ace48459a3c4e3c4d737c41f653
eus_for_eng:pod-1	18	4	177	Learner	566216d5bc5b6fb75ac4f8b74d04a7b0	1f1e50ef6f5759e0685d415825edfff4
eus_for_eng:pod-1	18	5	178	Learner	6a91e25c09a904f17f5bbac69c0348e1	bf2a03f0a7f78a5b14c9039a057ea050
eus_for_eng:pod-1	18	6	179	Learner	b88ff1273449206401cac9f0bd59a3a4	ead58d7143eb35c36f5b78aa7009c68b
eus_for_eng:pod-1	18	7	180	Learner	e7290891e52e5d0ca920957514dc0738	d1d15242deb8a3a7bf0fae7c42c0a47a
eus_for_eng:pod-1	18	8	181	Learner	41e294fb26dcf9a5b6191d961303e63a	deec3ef222041f80b3b966f9b6c515c1
eus_for_eng:pod-1	18	9	182	Learner	bcb293cc7a4c9e8041ae6afa33e18b11	5c40a0c454e9a7788820e3cce62aeda2
eus_for_eng:pod-1	18	10	183	Learner	699bf702a020fd764177d2f6b5e1f210	ea174e84d89f9dce1d8ddc975990cf28
eus_for_eng:pod-1	18	11	184	Narrator	42659165231f883ee9ac229616cdeffc	4ae156b07d9bd5fae88713471a19e018
eus_for_eng:pod-1	19	1	185	Learner	776b1b0e4929325809bdb309b27e685d	7c15f463d5f03199782a2b1f30c3c846
eus_for_eng:pod-1	19	2	186	Learner	4886d92191e0f4efdf781537b3d95a4f	c8f053172ea3fa290e676bc9cde75458
eus_for_eng:pod-1	19	3	187	Learner	41c6ab7f8e6b78e57b697f30d1dcefa8	4140109bcdedb65463d59334e5e425f0
eus_for_eng:pod-1	19	4	188	Learner	e5d16de42175f17e045e681702de95a6	9e29640615f6f87aeff81f4e6c5b53bf
eus_for_eng:pod-1	19	5	189	Learner	0fcec25021972f117709115d4b1c9f7d	84fc461be123eda48d5bf41b0d1a0f73
eus_for_eng:pod-1	19	6	190	Learner	c8b69a68beac788bd6b1bb083790d3a2	5263aa615a62dd65c071d15ead5cfb6f
eus_for_eng:pod-1	19	7	191	Learner	377bd1b43af7cf83c4dde9de3a8904d8	ac3e999e4f5bae18ce949597989cf25d
eus_for_eng:pod-1	19	8	192	Learner	863ebfad27a1a0eae0098c3fcb0dbe56	db14e1d9c46d468ce0c2a1942c9e5547
eus_for_eng:pod-1	19	9	193	Learner	23fc2307a053c6dcc277673a609bc10f	b4d53d399c40313615294a5dbc3ad920
eus_for_eng:pod-1	19	10	194	Learner	4cc27f12ef3af693b4d62ef3778edce0	380dc3308d4281d833de8337be86c632
eus_for_eng:pod-1	19	11	195	Narrator	8a9c0204e3c8030aed35bb339e717a3c	e1d859ceca82f3a29e9f5d6896683d70
eus_for_eng:pod-1	20	1	196	Learner	bd037a27b3704cf319db29a70d1723cd	a53e1713be20c3a621f4e8a3f6579843
eus_for_eng:pod-1	20	2	197	Learner	e680c9af791cdb5f8626fe0d5334924c	60ad360bce4d369112c2efa49f353165
eus_for_eng:pod-1	20	3	198	Learner	7f5cae19f116875c69f131fa17dc89be	c26678bd3218eaa94031c1fcfdc92338
eus_for_eng:pod-1	20	4	199	Learner	d13d7bc6877d2d4baab8331996e6d688	9f47f8766713f4c48173ed805c447f66
eus_for_eng:pod-1	20	5	200	Learner	332307f31eea374b3ac544fbda09f907	2b6b87c53a652020c2650090c91f7040
eus_for_eng:pod-1	20	6	201	Learner	c159de1f80e33c511d7fee68d127b15c	c9596a3f82692ecbe36422e38d488d64
eus_for_eng:pod-1	20	7	202	Learner	26be96340ade6c74cb563a7aa8751316	c61460556c733cd480ba0b2038b17bce
eus_for_eng:pod-1	20	8	203	Learner	7a4949cdb5c3b159c8c955587ae4fe1d	251c226f2b72c6638554a1826535bdf3
eus_for_eng:pod-1	20	9	204	Learner	03e3b8517557e1c9a813d3df874398c4	2badaa9753a0c2d89b8f7fc048141886
eus_for_eng:pod-1	20	10	205	Learner	d4902e7de4fe60f95dc1820ae656c21e	39a4a36539151c49ff0aea2901d6e46c
eus_for_eng:pod-1	20	11	206	Narrator	de5e990c4eeec0ca14747db2075fedab	b00aa4bbb11b7c5b8a41297fedf164e4
eus_for_eng:pod-1	21	1	207	Learner	b9cc12adb2891e907fc5fdcd021db442	31883c238e38aa97c19879601c538da8
eus_for_eng:pod-1	21	2	208	Learner	74a7f4f837d2ba800b48553d5c901a16	9c9b76e67042fad2983f6f9bb337bc11
eus_for_eng:pod-1	21	3	209	Learner	1e77ea22d40352e89e30640ff25da9d5	fc2e6722bb0d2092c14338f4bc961cbc
eus_for_eng:pod-1	21	4	210	Learner	92b704b5c8949a5e8861027d98c0592d	6a301630a41e5723851c6251001c9cc4
eus_for_eng:pod-1	21	5	211	Interlocutor	9c7d3e15fa9ac4b7148dfb891a7667a0	69c80eebef962f3c3eeed4411205993d
eus_for_eng:pod-1	21	6	212	Interlocutor	fe5fe263e88b122c7bc386f432e8b28a	e687907c0087a79ee8305dd114fa50ea
eus_for_eng:pod-1	21	7	213	Learner	7c2949a515a05909e5e0d1afc0a8fe72	8e4d431911a139dc828de7241d404d22
eus_for_eng:pod-1	21	8	214	Interlocutor	a8688bf26a3e59d59923e8b7cfcf188e	11ea5656b70267c62d122e06d3f25ef2
eus_for_eng:pod-1	21	9	215	Learner	b0a30346f522c12a0a8344c4f2cf741a	f7a808574ea1968957fdacd409e5e52e
eus_for_eng:pod-1	21	10	216	Learner	dbecf4ba931a55ebf358e66004754291	8f5bd996aacf8dd34f3367288430eebf
eus_for_eng:pod-1	21	11	217	Interlocutor	1887332de88f8e3f6db786e37ff1b2d9	02cff8540cce3fccea77fea5e2829615
eus_for_eng:pod-1	21	12	218	Interlocutor	53d06b346a6f79329d25f16b91213dcb	a0065434b80f7195e6738e99841ac35a
eus_for_eng:pod-1	21	13	219	Interlocutor	4daddd707ebd7aeb2dc6c5d3e58058e7	834c571189557c45f8dc2513b23484f5
eus_for_eng:pod-1	21	14	220	Narrator	e55e0f3cea04195dd9538b60440f58bf	c8ed10c9fc68227d7fe17887b558a9c4
eus_for_eng:pod-1	22	1	221	Learner	56789092b059861a49710b53da6fbf93	82e44eb6b73600bbf34a3c59d04e6449
eus_for_eng:pod-1	22	2	222	Friend	8ebda980a89c218001523a52c9a702d6	a8040b0a3d95ef89e87cf43deb00c5ca
eus_for_eng:pod-1	22	3	223	Learner	0b4ef914209f203687e1e76f47606a8d	b4e60a590a50dc74baf7ed4bf5bc4be6
eus_for_eng:pod-1	22	4	224	Friend	d2d932bd4ab95cf90f15463040efac76	15d6200415181b8eb1c842a1a53a0917
eus_for_eng:pod-1	22	5	225	Learner	3ba52ce64e65447708b2e00b2f27ebe2	beb0394ce89cd9183e5d903dcf4183a8
eus_for_eng:pod-1	22	6	226	Friend	056d1eb100e645a24988c35fd12ae5e0	2c7352d8bb47162784111a759b24dd22
eus_for_eng:pod-1	22	7	227	Learner	3833f26ff0e76da00828fa4f68e2e1b0	a1c3d02f7c119f1dbfde1c0e56a04a97
eus_for_eng:pod-1	22	8	228	Friend	aeea39e37dfad60c28241df3d48ab149	4f58f4573664f9efa73634407ac75947
eus_for_eng:pod-1	22	9	229	Learner	543622996afb5bbc096209615451443e	95d5aca2db8946dea751606ddb0377ab
eus_for_eng:pod-1	22	10	230	Friend	8864a409ca75fc4f18557f96657bdb21	29827b2e81eb3bb465dad6e9ef61e523
eus_for_eng:pod-1	22	11	231	Learner	5396c21df1aae048e75bc073c7c43a7d	e5731ee5d0709cc7bd90f62bc4d1d9b0
fra_ca_for_eng:pod-1	1	1	1	Neighbour (8 am)	aa43a0d7fdf20b3c117b89fba02572bd	6ee0944e54db0524ecde74e6c629de1b
fra_ca_for_eng:pod-1	1	2	2	Sarah	9352e0660423259b2effa11d60867eb7	aa26f2a183c4e0e6ed68f15e08ffe05a
fra_ca_for_eng:pod-1	1	3	3	Neighbour	c8745f2963b11d064f75dc61f2bf1720	cc464cfe2d26532c0418f4836ee5ebb5
fra_ca_for_eng:pod-1	1	4	4	Sarah	712c020f58ea0b5305ea54813c713086	35b94c213869adfc71dedf98d510b4a8
fra_ca_for_eng:pod-1	2	1	5	Sarah	5b4d5d3a071538d07473ddd372d72b7a	1ebc5a6271df1e0684e2e7b9c41bb18b
fra_ca_for_eng:pod-1	2	2	6	Passenger	3e22c54dfd578675c5d066c5a544cce6	5e5d8b3c6f8bc430e1479d0777a768e2
fra_ca_for_eng:pod-1	2	3	7	Sarah	dbbf9ae70e30fe61fe1fb3aab197b768	10902ecda3dc2372dc9cf570f2c80a9b
fra_ca_for_eng:pod-1	2	4	8	Sarah	f99055f4a91a8780dabc5c07e806a0ac	1fb41845d0728f8c10727a8ce966c6f9
fra_ca_for_eng:pod-1	2	5	9	Passenger	54c1d1ea059d5c84d6fbc4dd8c9db6e9	7c8caa73ae0269729cf079b955fa2489
fra_ca_for_eng:pod-1	3	1	10	Barista (3 pm)	8643b87c29f76b4c92f0ac8911dbb47a	129b85d1178d6f963422c4224881b233
fra_ca_for_eng:pod-1	3	2	11	Sarah	4d1c6bc8f99374ea1dc6a30de872cda6	9e08c222b5d1a39384a1b5fddfbf25ea
fra_ca_for_eng:pod-1	3	3	12	Sarah	31e805bd121837ec30ab48f1ecad814d	6885fc15633ab4b868aa5151e79d7186
fra_ca_for_eng:pod-1	3	4	13	Sarah	530087af3845be55846798ab4c97131f	a60b2d126f8c7ff9ac38fbfa4364cb1c
fra_ca_for_eng:pod-1	3	5	14	Sarah	a7147ca47574901578f0b11e8a3b7ac0	31d093097e4bfea2a6dd0ab4c22a6b15
fra_ca_for_eng:pod-1	3	6	15	Barista	bd239d9229c10b8eeb023b99eb9d2de3	f031182f541a00bfb1a31493235217b1
fra_ca_for_eng:pod-1	3	7	16	Barista	e2d90aff52491f03248a377b46214cf9	ef43722ddbda655542b7cdb02bb936b6
fra_ca_for_eng:pod-1	3	8	17	Sarah	e909f0fa0e54043482b0796ad12f32aa	cbf8659af4f5ca4c927d141bfe3faded
fra_ca_for_eng:pod-1	3	9	18	Barista	eb2e611f9a7742412ce927eef038a94e	6f61d97ffddb4a91e45afc5f67e73c69
fra_ca_for_eng:pod-1	3	10	19	Sarah	1372a4e7368525a142eda6e0ac4cca43	54cf197a5697f647ff03a2b52745b533
fra_ca_for_eng:pod-1	4	1	20	Friend (7 pm)	ab801e9ba4c40bacdeb94893483f319d	de62d7bb305c2be6a133ea17a0af37b1
fra_ca_for_eng:pod-1	4	2	21	Sarah	0964a0001814a6527112c50a03f58644	01495caf915e2d5c88205615c813d856
fra_ca_for_eng:pod-1	4	3	22	Friend	3537e5f8d754289b3858bc41b585f967	6c683c3f18a71bc5a60a51245f7ea8e3
fra_ca_for_eng:pod-1	5	1	23	Neighbour (10:30 pm)	7df7c83003c3f836b6c175ac10dc2d56	139e47766b4ab1bc6c2e30d8275d570d
fra_ca_for_eng:pod-1	5	2	24	Sarah	167731d610f349854b4c004168f7fddb	5a620928d6e45913a894808d7501ec80
fra_ca_for_eng:pod-1	6	1	25	James	e78129f5c6860c32b091977d03b09df5	b37cd01c3b7738424f852aea2063a505
fra_ca_for_eng:pod-1	6	2	26	Anna	b736d6a392990d2c62c013e623985739	b214d1387a552e4c9be132984796bcc1
fra_ca_for_eng:pod-1	6	3	27	James	089930379ce21f3345a64aba257cc2f6	085e3c08f2ffecfb23cbb422d831688a
fra_ca_for_eng:pod-1	6	4	28	Anna	05c53b4a4ec7efac12d39c134c356bb9	0639e512b88fa8fcaebd5b9666928c7c
fra_ca_for_eng:pod-1	6	5	29	James	f43b202f9d16a6438c1d0792bf658a76	79426185551098a662d1143e775cea18
fra_ca_for_eng:pod-1	6	6	30	Anna	973afe85474821be06a9d0076125234c	755656594f1fed66195e576bafc459ce
fra_ca_for_eng:pod-1	6	7	31	James	4d16c3f246302c9b3394404d818b00de	19d2869419a133d649ed42141a675cc0
fra_ca_for_eng:pod-1	6	8	32	Anna	edceeda7c9bdfca3e3b37687b3005ad7	9ebc765a5bc5d2479243dede501bd3a0
fra_ca_for_eng:pod-1	6	9	33	James	21c1da28f388366074461f59aaa62057	f71f3350c6b7d9f262b9af5e0213f913
fra_ca_for_eng:pod-1	6	10	34	Anna	88454ed4f0ffdef219dbd05ffdaa55d9	9611b73d7680bf9a3b5637d7685e689c
fra_ca_for_eng:pod-1	6	11	35	James	580e3f63332a6d2046299ae8fcfd7735	5f34e333ac660776c7b01f074b5e1871
fra_ca_for_eng:pod-1	6	12	36	Anna	4991d310d75e43d3fd37be7c0973d782	7c9e94e54ff783200c75ad1afddf413b
fra_ca_for_eng:pod-1	6	13	37	Narrator	065d197d76426e27616f88c0464f041a	a9df7ad4db2e1971fb021f5644e1d0ed
fra_ca_for_eng:pod-1	7	1	38	Cafe Barista	8643b87c29f76b4c92f0ac8911dbb47a	cbc2167ecf008fb033b5ac98aa1b364b
fra_ca_for_eng:pod-1	7	2	39	Cafe Customer 1	8d0d13706b28f2b8cbd435468304223e	501783348c585c978802f4fdc48329f4
fra_ca_for_eng:pod-1	7	3	40	Cafe Barista	e361be562984ab7b10798a6b852ee032	7ac946487706bc9ebf9c41d16197e6de
fra_ca_for_eng:pod-1	7	4	41	Cafe Customer 1	6132cd0e2bc37ad1a3d26355ab8c1499	56d632d7eac284ed7db82ac6573a506e
fra_ca_for_eng:pod-1	7	5	42	Cafe Barista	bff367c3c0163c293118caa300197999	45787a9f76a00ef648b4e54a736ed6b5
fra_ca_for_eng:pod-1	7	6	43	Cafe Customer 1	e9de332316ce061e721af488737e0bbe	c43ecbf12526a32e59d7eda3876fb7d4
fra_ca_for_eng:pod-1	7	7	44	Cafe Customer 2	e262670cbab52b592d379e2f8155ff37	ce4240fcb8bb7b3e0431cc6ea45df5d2
fra_ca_for_eng:pod-1	7	8	45	Cafe Barista	c0b7cad5acbaf9ebab1b76b46bbc9a79	92b16311b9402c95a838d93fb1501a31
fra_ca_for_eng:pod-1	7	9	46	Cafe Customer 2	104f1a38b13d0c16573b9e43590851a6	0ad80a8eecd77a5db88121c57e75b9bf
fra_ca_for_eng:pod-1	7	10	47	Cafe Barista	a618fa3875a82757173754f8aefe5c43	2de61305988afb0d32d84b087e36cd48
fra_ca_for_eng:pod-1	7	11	48	Cafe Customer 2	11ef8007f0d8174d16ac3e1ee3d83420	83f6d2006a0205d1f04f37ad2cdb4223
fra_ca_for_eng:pod-1	7	12	49	Cafe Barista	3b368e135c2e0bf63b4a2ebbaa7afdd6	f4707ef64079b9bd3120486cd8cd1da6
fra_ca_for_eng:pod-1	7	13	50	Cafe Customer 3	9eaa334c5476c4e539c2bf6c9f7b4ab8	440747e4c5a705e28463a93bdb2355ba
fra_ca_for_eng:pod-1	7	14	51	Cafe Barista	b5e436da68c9f1d12385359c0cc33f7e	e53c40e2fc9be5922a1f67265e084b06
fra_ca_for_eng:pod-1	7	15	52	Narrator	d3dbfff32129ca97058a474f83b3c006	e2fd9610c4c8e82a1f7efcfc3206ffea
fra_ca_for_eng:pod-1	8	1	53	Bartender	fef8c8d7a6c5e02c76459aa5a498624b	95e5cc8503c5b06fc599d942c1b95aba
fra_ca_for_eng:pod-1	8	2	54	Bar Customer 1	e54ca86baba54d6b6687e0d7839b188e	59d9c371c00f5aa6e9263c08a30a42b2
fra_ca_for_eng:pod-1	8	3	55	Bartender	100065e6c4bacbe8e17905bc4dbc5bd4	4930a264ba1351fc1f2be2eeb0503e43
fra_ca_for_eng:pod-1	8	4	56	Bar Customer 1	7d994618abf45518717672768460e1d2	1fb2b2c11bb3d11e65e41029d3da1abd
fra_ca_for_eng:pod-1	8	5	57	Bar Customer 2	1862c7167d6cbc6d346775a97983a2a9	64e908148bb806be4c5b82b6cd67f3cc
fra_ca_for_eng:pod-1	8	6	58	Bar Customer 3	164eee568516d4ed34eb00d24972e17f	5705209f2f526bf4a4e906fdff5e8666
fra_ca_for_eng:pod-1	8	7	59	Bartender	e9c1748cff0146c7aaf26e6867a4c022	463cfc4e55bd3de5f4c5f6998798c8ff
fra_ca_for_eng:pod-1	8	8	60	Bar Customer 3	e4537f9a7f081ece8ad68ac7161cb4ae	1caace2cdd8542fe8ae296efab852317
fra_ca_for_eng:pod-1	8	9	61	Bar Customer 1	1c1bbf16861e69e5959f74e68bb024ec	52bff53cb70f6415f72fa87fdc38b652
fra_ca_for_eng:pod-1	8	10	62	Bar Customer 2	ba5d03b5ffdf28ce913fe50aa8f74ca9	913165018eb8739a5a0f0613c937fc94
fra_ca_for_eng:pod-1	8	11	63	Bartender	0ce8502137ae0d11acc4b496e9b1c31c	cb7282d0097a8ca0c2d2839f0095852d
fra_ca_for_eng:pod-1	8	12	64	Bar Customer 1	ab35dd9e9bbe7011b0db27f2c6ebf827	54cb51c8fb37ecd2e04ce14848f2444d
fra_ca_for_eng:pod-1	8	13	65	Bartender	a37527411a8df1dc4b54a2dd73630fd1	3feeb7bb1aa528b75366afe8ec9bfa2e
fra_ca_for_eng:pod-1	8	14	66	Bar Customer 1	a623ad70bd75d33b2e471f2b35843e46	db93cc48e1c5ade124d2f44fe0a847be
fra_ca_for_eng:pod-1	8	15	67	Bar Customer 2	ce1e275514d45916efe4dccd144419a4	423abcaa566f0bf44715381b375bf04e
fra_ca_for_eng:pod-1	8	16	68	Narrator	f78681c66386d00676785c9bf12e24a9	9c0bcc5415e835cbe990d35954130c8b
fra_ca_for_eng:pod-1	9	1	69	Diner 1	09672871cb11e86f5526af3fa7c2c18d	f47c0ccfc3f79c83d8dbb18e994935a5
fra_ca_for_eng:pod-1	9	2	70	Waiter	7cd16b615a4b3e40b648598146a62701	718e6f797347b8fd4b3f45a6622a4446
fra_ca_for_eng:pod-1	9	3	71	Waiter	9b2b8bc2fdcb6173091ae30cd30eaf98	aecedd04a4e5cf7a1cd5b5239e80ae9c
fra_ca_for_eng:pod-1	9	4	72	Diner 2	07c491819db36a9da39a9f3e36e2e264	91ae74f00f07601e9babaa242c7a5d36
fra_ca_for_eng:pod-1	9	5	73	Diner 1	e03b761bff443f3ad8fea2f8ac6564ef	ea78ed82157a414c5169aef49b3b477e
fra_ca_for_eng:pod-1	9	6	74	Waiter	7f551f3c014d2483b24238e417f6a29c	a86c30a79c6077cce89f3534133f9c30
fra_ca_for_eng:pod-1	9	7	75	Diner 1	5e5dff9b1a454990293c3cee17ca2033	08f808be58b2d99c383869f4bd2b9e5f
fra_ca_for_eng:pod-1	9	8	76	Waiter	24b8330decfb2b906ed7ebed6fbdc387	63b23d49d9cc4cbfcd2e579d529fafa9
fra_ca_for_eng:pod-1	9	9	77	Diner 1	62129355845e55c169d073b2865de2ea	06214f9b4ac4ad391f2d5ea78b71cde7
fra_ca_for_eng:pod-1	9	10	78	Diner 2	748a69ccf01d92aa9554fc1edb005159	9581444710a2c46fbe4893e417a9fa3d
fra_ca_for_eng:pod-1	9	11	79	Waiter	508dd8b69f2cad5c09e58ca48203be53	60358de534ece5a38b06fd63bc1f3b38
fra_ca_for_eng:pod-1	9	12	80	Diner 1	4b3dacb7de9875d310108de8ae2d85a6	98f46984f350be53caf0d8042b08fb4d
fra_ca_for_eng:pod-1	9	13	81	Diner 2	1bd1c75ee2ae3fb10c298ac5e5431cd3	4e89e1708e54fa14e52a5316232da8c5
fra_ca_for_eng:pod-1	9	14	82	Waiter	228b4a11a26f727a72e5a4df3554fd14	4d3da2ee5e65d6f8789ba8a5e3aa642c
fra_ca_for_eng:pod-1	9	15	83	Waiter	275a70d6464f8f65f91ce653f2e8bcf0	de28fcf5d0a220f3654a7d2910a5b135
fra_ca_for_eng:pod-1	9	16	84	Diner 1	fb6a0e8c412b03dc36fe4c775eaac23f	40123960824b4440b27f97076b2993df
fra_ca_for_eng:pod-1	9	17	85	Diner 2	67d54bef0f5aa6e8cd4a1428d41981c1	1b6b76e0bdc8953ab878905b8cc52df9
fra_ca_for_eng:pod-1	9	18	86	Narrator	00dfaa293e05053642fd0a7ec86c767e	418fc34f8a619847c1ec0523c838a8a7
fra_ca_for_eng:pod-1	10	1	87	Customer	29d389ec4144a7fe0fa7717528ec67e7	136151eba56ff0f31b5d130954df5f15
fra_ca_for_eng:pod-1	10	2	88	Assistant	801602f0f4b60ac2eade58954001ab7a	e4cbe079c0dcc535e9cd8aaef51c9797
fra_ca_for_eng:pod-1	10	3	89	Customer	1fef3be74efdf35a5f0b2df5ae104012	93693bd14a65a0bf93904aa6a6980234
fra_ca_for_eng:pod-1	10	4	90	Assistant	bb05fd5bf332f5d0d1c1228c8cf63403	d0f2cb73e1e5371d15cfeb2681bae7c5
fra_ca_for_eng:pod-1	10	5	91	Customer	969fbbc0e10ab78147536703a636546c	f1aa603fd2b80fab9a0764ddba8ba5da
fra_ca_for_eng:pod-1	10	6	92	Assistant	d2dc5dd3475fb5d2db65296e936c14f8	27b11b3461c2c22a832ac7a15cc39f15
fra_ca_for_eng:pod-1	10	7	93	Customer	762fa25f4f9fc04cbd19adfa72721d7a	1d40abee6285888e49c74dfb5bcf9927
fra_ca_for_eng:pod-1	10	8	94	Assistant	68757969409bdc03b18e24922d664082	4ae52acd396118d664e9df453ec963a5
fra_ca_for_eng:pod-1	10	9	95	Customer	d2bf2ef6bd29341b470c772f9abb0bd0	4c61dac9cdd0ad851301bb2df97ff623
fra_ca_for_eng:pod-1	10	10	96	Narrator	ff38b77253721166f91c1c6fea84fd98	88c1ab6fdafe008af86fe0b06f4c841b
fra_ca_for_eng:pod-1	11	1	97	Guest	f562c142ad7e349dfd787ac31324e817	cc55707d7078fc7aa2cb496d4ff3f91e
fra_ca_for_eng:pod-1	11	2	98	Receptionist	870dfc77c6dc818f0961718b8e46a4e3	f686f5ac142a24984957aaa44464e88f
fra_ca_for_eng:pod-1	11	3	99	Guest	09d5637f743acad303ea3e9f95e6c060	ec7626acc5bc14df9335862c416ea34f
fra_ca_for_eng:pod-1	11	4	100	Receptionist	2605f67cf95091dbfbbace1146908a54	552df0d976f1a2d84d4af72d95e5b59a
fra_ca_for_eng:pod-1	11	5	101	Guest	6cf9d58b07a5b8e87d1384a1c500ebc3	7b0407dc87cc2c4961a945606a5eadc4
fra_ca_for_eng:pod-1	11	6	102	Receptionist	dac8992d3e7522003b3cb54920b217cf	bb3123fdb334f284bcb1af62f7f238e7
fra_ca_for_eng:pod-1	11	7	103	Guest	eaf40854fa66892629bf5b9931f87a5d	225256efd81262ffe2b947381a8cf080
fra_ca_for_eng:pod-1	11	8	104	Receptionist	cbf59c877fe63f1c6026b0edd1f43442	7361204e12235a4165e525c8993dc914
fra_ca_for_eng:pod-1	11	9	105	Guest	9389df43117b74336155308cae7a135e	4c3bd72192248f3b689ac3bdb789ac2c
fra_ca_for_eng:pod-1	11	10	106	Receptionist	7fa3b1be47bdf94abae71ff282c274f6	0598c0d2d13ded214ea462b251a0d013
fra_ca_for_eng:pod-1	11	11	107	Guest	904faa2c6162587b475bc134fbfb576a	77bb11ec8afd06d6b134f6f69df41802
fra_ca_for_eng:pod-1	11	12	108	Receptionist	fb123c74ec624026edbadde66d7ac9ec	84e3ae341108982767642713c846233a
fra_ca_for_eng:pod-1	11	13	109	Narrator	7a55dac486c19d0617714c1ba58d6fc7	a039db0b2a75b9ef42c456afbf08acb2
fra_ca_for_eng:pod-1	12	1	110	Customer	2a1e6c6daa939d13a9fdc2fb36df9419	2e0c0d4948556b0a6de58e3ddc21395d
fra_ca_for_eng:pod-1	12	2	111	Pharmacist	d95bdca2979758db6f75200e60e4d938	64b835aa122947a9ec0e4602f081f977
fra_ca_for_eng:pod-1	12	3	112	Customer	97c42da78c3a3fc9adea3f60a762b4d8	ffc7160bc08caa75a27c0e47e6829382
fra_ca_for_eng:pod-1	12	4	113	Pharmacist	0d41971bc641481359e7c3c51449ca2d	48bcf2e67a7019da71d9e7c0f7c92a44
fra_ca_for_eng:pod-1	12	5	114	Customer	1ad331e2fa01dc92e6e0d66856c09a49	599ac705b6e160bfafeca6ee3ff9c0b7
fra_ca_for_eng:pod-1	12	6	115	Pharmacist	8d05619f14d70f9a6b5304047a64a96e	e592ec2ece61a026f44312af940f04ab
fra_ca_for_eng:pod-1	12	7	116	Customer	8107027927a754723dafb49b7ceacf1b	ac82c32fe908849dd80acbc6a9b1fe4e
fra_ca_for_eng:pod-1	12	8	117	Pharmacist	9f2ba7e3535324a7808aa27f8492782a	f0be03f62fc608c755238e341759c65c
fra_ca_for_eng:pod-1	12	9	118	Customer	4f64e0dcb0ba72f8e934aa16c713ef7d	e42037889344d661179702232365b051
fra_ca_for_eng:pod-1	12	10	119	Narrator	b15d84b9d09840763daa3f824aca9180	7356639b43b69fb452e712e88ca612ea
fra_ca_for_eng:pod-1	13	1	120	Tourist	52c59b80e88636273805543accb756df	daca79f72d2e3ffc8ed3cf8c833b5595
fra_ca_for_eng:pod-1	13	2	121	Local	82acf0c900ab4bd749f3ef13257c9724	7c12a65de20b42e05db3777842ff80cb
fra_ca_for_eng:pod-1	13	3	122	Tourist	bd46e4b9684dbe29accb7d11bc9fde6e	444f9aa0aa56ed882191729a3c3fe78e
fra_ca_for_eng:pod-1	13	4	123	Local	41214d69b422e6ff9d60f8e9f4902bc6	7528fc391ebf65dd55f321c7dbb62608
fra_ca_for_eng:pod-1	13	5	124	Local	6c67e1e187a7685a17b32830859ec73f	ed54becb0e49e16df83cc60466efa8d2
fra_ca_for_eng:pod-1	13	6	125	Tourist	3b492460398f30156cf5d7431a17c066	225eb9e5c0f9d0b57652f113e937f8e5
fra_ca_for_eng:pod-1	13	7	126	Local	110745156a4d3c6ae654a12cfb0a1598	7195a8c13810d9b9853c3c211f616a9e
fra_ca_for_eng:pod-1	13	8	127	Tourist	af89db77278992745cec1ce5c3c9007a	9c909612cff0b9fb58decf8506cb50db
fra_ca_for_eng:pod-1	13	9	128	Local	f847370e0149ebbe96b69b58e3e344db	759bd7d3204fa55d3e3b463340506aa2
fra_ca_for_eng:pod-1	13	10	129	Tourist	f9db01fe767add2d423f449ee67adf06	d84dc29ab18369e040cfb3b3899f2394
fra_ca_for_eng:pod-1	13	11	130	Narrator	689c498852711deb3e826ab03c80f3e3	4ff53b91110304c96b46805771c7f4aa
fra_ca_for_eng:pod-1	14	1	131	Passenger	0ed00b08d7bb2acbec3d2967729fb0cc	c58ec5f5bbb7c695c418f6b4ea356da1
fra_ca_for_eng:pod-1	14	2	132	Driver	c95a64138de9f721cbcf11b04a8b89ed	27652fc6bc26f1807c076c5dc3969133
fra_ca_for_eng:pod-1	14	3	133	Passenger	74399b83b26463c101fc2649e9450299	a4e86846455e65cdebe8cc6e028ec556
fra_ca_for_eng:pod-1	14	4	134	Driver	cacab315d37170ae0633fce71dc2bb16	39d0ed883ef886cb909f83a13c8b51bf
fra_ca_for_eng:pod-1	14	5	135	Passenger	65b775581399291cd8d1bb4aefb89bca	f33af4b471e77de0eee25686f789cab5
fra_ca_for_eng:pod-1	14	6	136	Driver	098ebc46ae4f1a7ec6fd212990c1107c	dcad5fc92e5bfad25efde3fd1acf1dee
fra_ca_for_eng:pod-1	14	7	137	Driver	b417aa44ceca7f52de656d765b663f3d	50f60b36ab55c687d9418741fdbef5b1
fra_ca_for_eng:pod-1	14	8	138	Passenger	8247df6aa47494de429d0630eceae21d	bd0f8de5afca3e57a99b1f58619dc6c9
fra_ca_for_eng:pod-1	14	9	139	Driver	9e6b51a55473bccd949389fd0346d6a6	9bbc74c3fab1a78c5d2faffeef46810f
fra_ca_for_eng:pod-1	14	10	140	Narrator	1ce168dc0d1499a7a8009139139e83cd	55c9f6473f40cdb17d4d7ab4409a232b
fra_ca_for_eng:pod-1	15	1	141	Learner	f918bd301968f790bcc7c22dadfcc820	913bb5faa544c775b1fd10a63c47dbc3
fra_ca_for_eng:pod-1	15	2	142	Learner	9263511cacd8cd8db6a3320e98470d1f	a09180b6842fda593edc9e60043a5a0a
fra_ca_for_eng:pod-1	15	3	143	Learner	ace7a4f6864146a037089b0468211301	af1da60e13065be4a6990b5e69892926
fra_ca_for_eng:pod-1	15	4	144	Learner	2a2cfd36bd183e16315ba8536cf77585	47f8bf53caeeded147506c90240992b5
fra_ca_for_eng:pod-1	15	5	145	Learner	f1e4b1a37c1293473f4b26d791ba3115	a8eea28a3fa662b1ea97dfb76e81a785
fra_ca_for_eng:pod-1	15	6	146	Learner	3805035fc70f690f57b49f905624b6ad	e35e0984619771f391c8df3d2f8dad1c
fra_ca_for_eng:pod-1	15	7	147	Learner	708404196d08497fded12f2e364f0c46	376104b5c665287b33a4b3df71fb361b
fra_ca_for_eng:pod-1	15	8	148	Learner	9314c96572686afcb20528c4193e0212	0b3bff8c3cbd4993240fec74a9511cef
fra_ca_for_eng:pod-1	15	9	149	Learner	9c3a4e0f9b6a534dc0b9c08b1f9a0e9d	f56a6fa0342d93687c324258b7196cd5
fra_ca_for_eng:pod-1	15	10	150	Learner	57b6f0d7ca23df280513d9bde4a652dc	9a86f7902fbd2894a9f4603da2f7ec9f
fra_ca_for_eng:pod-1	15	11	151	Narrator	c3ece988c6d5d2bf33318f9363456242	eba1245daf0d65cc1d6160ccf05bcab7
fra_ca_for_eng:pod-1	16	1	152	Learner	2ab0a4464154c6ef1a815228f530342a	9eafb4da0eef364b90375b55537d25bb
fra_ca_for_eng:pod-1	16	2	153	Learner	2f9a44777be6cb799281c6148da17a5e	b3b90f8f5c48e9ab512dc566324ed037
fra_ca_for_eng:pod-1	16	3	154	Learner	2bbd17d031fb496bc5f6eb3f5900de3c	63d80cfa06344b7d9f4045b7fba0cb9f
fra_ca_for_eng:pod-1	16	4	155	Learner	7276ba9f0467e6cd3c9faeec4ec588d4	1077817e87520a09a8a2abc0190c9997
fra_ca_for_eng:pod-1	16	5	156	Learner	f77cf6050b0c6057bbd229683b1827fa	875936a84ce3549b311ad51323c3ac94
fra_ca_for_eng:pod-1	16	6	157	Learner	d3a25f701e25b456d795fe1c5c692328	2eacc883d508a1f175c2f2d0f3d324e4
fra_ca_for_eng:pod-1	16	7	158	Learner	1392c6b497bf8e444ee2d2541b7760bf	aa2623f2438db26bfc289ac08d18c9a8
fra_ca_for_eng:pod-1	16	8	159	Learner	380eec7c7f83a4ea35999735627b1dc6	65a2bf309c72a368908ff228b43e5c12
fra_ca_for_eng:pod-1	16	9	160	Staff	616441fe0d40bf10abf8e90010c12ac0	9650460a658b8f5dd8a906f1782c3f5c
fra_ca_for_eng:pod-1	16	10	161	Learner	05d2e1249b918271a17af1e2fce735c5	6f81b411447233cc4554546d3485e6e5
fra_ca_for_eng:pod-1	16	11	162	Narrator	f9c19d1281385546672320e9bb26154d	91f7b0696c7c0fc707420471e844af02
fra_ca_for_eng:pod-1	17	1	163	Learner	1b34b42830ed79ee1cf37312dc0df935	3f918556b4706fc38a4f66b38ee11e93
fra_ca_for_eng:pod-1	17	2	164	Staff	54225ed547ddefde9373bee955498fa7	b89bf636041965ef6e44581a0e66405b
fra_ca_for_eng:pod-1	17	3	165	Learner	0061de5fe029de6dcf30774716565c18	b2e9e73da95ff8e534a2c05be54469f1
fra_ca_for_eng:pod-1	17	4	166	Staff	ada7c5ea82b48f909308983826c8b8d6	ee1a2848e1d6e5a016074ba8e5f9df67
fra_ca_for_eng:pod-1	17	5	167	Staff	26293a8096fa83ccdd3f115d1b3733ef	a2ac474dcab961749b90674a53304753
fra_ca_for_eng:pod-1	17	6	168	Learner	8c72fb9531c30a09d2592e0e19e6abd9	218566fe0117cad5e42b24674ac59854
fra_ca_for_eng:pod-1	17	7	169	Learner	93e13c02107e073eac5350c73f9f32f5	6f23d3e4fbf9fb84eadce090d6e21e0b
fra_ca_for_eng:pod-1	17	8	170	Learner	e3a8f303d00e34c364351f6adb825f8d	89d84b38c76d0c63271993c96159335c
fra_ca_for_eng:pod-1	17	9	171	Interlocutor	bf8515cac60e439294f539fdcd8b5769	60f59d8aa7095fbf4d63419a67291235
fra_ca_for_eng:pod-1	17	10	172	Learner	67ff2aca5ff63a605ccef3669ef4e70a	cb2b984f6c5a6652552f5a52433e9043
fra_ca_for_eng:pod-1	17	11	173	Narrator	ef335bbf70ba8a8957bbf40882078561	e9b4223aa4445b27cd280248acac1ce9
fra_ca_for_eng:pod-1	18	1	174	Learner	6472c8f2e3cb15df748c722317e07e00	200c3546a879a0ce8458e37ec1dea3f3
fra_ca_for_eng:pod-1	18	2	175	Learner	a7b0ffc67f1c3a3ecd85f7b7fe2441e0	29a9cbbfaa50d8b1fba17c8ddf1af426
fra_ca_for_eng:pod-1	18	3	176	Learner	c2b5f6a6fcfc2ccfd2d8fe4038ef1b99	a15f9ace48459a3c4e3c4d737c41f653
fra_ca_for_eng:pod-1	18	4	177	Learner	761e448d7c63c05882e6a5cf4c693302	1f1e50ef6f5759e0685d415825edfff4
fra_ca_for_eng:pod-1	18	5	178	Learner	6651b2f40ed118607f1c314efa103666	bf2a03f0a7f78a5b14c9039a057ea050
fra_ca_for_eng:pod-1	18	6	179	Learner	eb46273d97f76598b774c204b34d59f9	ead58d7143eb35c36f5b78aa7009c68b
fra_ca_for_eng:pod-1	18	7	180	Learner	9ccc18f590b93749c1b0cea25bd2b45e	d1d15242deb8a3a7bf0fae7c42c0a47a
fra_ca_for_eng:pod-1	18	8	181	Learner	ad6fbf5524c12bc5c4144b7b85521641	deec3ef222041f80b3b966f9b6c515c1
fra_ca_for_eng:pod-1	18	9	182	Learner	10120efdd68999ecab81aa011e90bf08	5c40a0c454e9a7788820e3cce62aeda2
fra_ca_for_eng:pod-1	18	10	183	Learner	865800d9707a6d500ce84e8583555cf1	ea174e84d89f9dce1d8ddc975990cf28
fra_ca_for_eng:pod-1	18	11	184	Narrator	05fedc696125d0cd5ebe0ffe846b595a	4ae156b07d9bd5fae88713471a19e018
fra_ca_for_eng:pod-1	19	1	185	Learner	eae444626436a0323321e60aede2e838	7c15f463d5f03199782a2b1f30c3c846
fra_ca_for_eng:pod-1	19	2	186	Learner	77162b43f20c6c135ab72b44d6adb359	c8f053172ea3fa290e676bc9cde75458
fra_ca_for_eng:pod-1	19	3	187	Learner	f4f79af61ac71e9d3c9e84c37c622664	4140109bcdedb65463d59334e5e425f0
fra_ca_for_eng:pod-1	19	4	188	Learner	af94325ad86ff97b0312a245e5321471	9e29640615f6f87aeff81f4e6c5b53bf
fra_ca_for_eng:pod-1	19	5	189	Learner	abb700f205a1a11b37d8c801ce0ce903	84fc461be123eda48d5bf41b0d1a0f73
fra_ca_for_eng:pod-1	19	6	190	Learner	b8830b516dc013b585f54a49c33523e0	5263aa615a62dd65c071d15ead5cfb6f
fra_ca_for_eng:pod-1	19	7	191	Learner	f4ea14d65420470a75a2fd3ed5ae4cec	ac3e999e4f5bae18ce949597989cf25d
fra_ca_for_eng:pod-1	19	8	192	Learner	12081dc62eede7ef979fd2153c244e77	db14e1d9c46d468ce0c2a1942c9e5547
fra_ca_for_eng:pod-1	19	9	193	Learner	2bbe24e32634aa40f5aefde7f79ab173	b4d53d399c40313615294a5dbc3ad920
fra_ca_for_eng:pod-1	19	10	194	Learner	96960f77ca47a555f9a557cf90d4f0f8	380dc3308d4281d833de8337be86c632
fra_ca_for_eng:pod-1	19	11	195	Narrator	b4912a26ea7b890e3c737d3aecd4e610	e1d859ceca82f3a29e9f5d6896683d70
fra_ca_for_eng:pod-1	20	1	196	Learner	ad9b35e51b774f0da3f19112289c8037	a53e1713be20c3a621f4e8a3f6579843
fra_ca_for_eng:pod-1	20	2	197	Learner	ac975b3a9e0139a262a504fc39dd7f7d	60ad360bce4d369112c2efa49f353165
fra_ca_for_eng:pod-1	20	3	198	Learner	6dd76097b38d16e1e6dafc33d88efc0e	c26678bd3218eaa94031c1fcfdc92338
fra_ca_for_eng:pod-1	20	4	199	Learner	4c5fce9f7a9974204ab65696b34f2d9c	9f47f8766713f4c48173ed805c447f66
fra_ca_for_eng:pod-1	20	5	200	Learner	7964f0aa009776fdd56aa5dd6d926eae	2b6b87c53a652020c2650090c91f7040
fra_ca_for_eng:pod-1	20	6	201	Learner	dfe828257eb3f4937cef6248a693b880	c9596a3f82692ecbe36422e38d488d64
fra_ca_for_eng:pod-1	20	7	202	Learner	00d4c667fccbd3f782fca5c1d29c936d	c61460556c733cd480ba0b2038b17bce
fra_ca_for_eng:pod-1	20	8	203	Learner	7a0f177ff04cc069ba65fde0ddbf30b2	251c226f2b72c6638554a1826535bdf3
fra_ca_for_eng:pod-1	20	9	204	Learner	1b584d07e69df7890c1b885b9d03b023	2badaa9753a0c2d89b8f7fc048141886
fra_ca_for_eng:pod-1	20	10	205	Learner	1fc9cacf78d6a2caae6ef298851841ba	39a4a36539151c49ff0aea2901d6e46c
fra_ca_for_eng:pod-1	20	11	206	Narrator	aade5858e4ce0a9bfff635040abff77e	b00aa4bbb11b7c5b8a41297fedf164e4
fra_ca_for_eng:pod-1	21	1	207	Learner	851eb98e9fda3f2bca3f7b897df67b71	31883c238e38aa97c19879601c538da8
fra_ca_for_eng:pod-1	21	2	208	Learner	908234ce5eb3083cc6bd758c8fd4a32a	9c9b76e67042fad2983f6f9bb337bc11
fra_ca_for_eng:pod-1	21	3	209	Learner	ed54d298b0eb1184ee89fd965b7d3abb	fc2e6722bb0d2092c14338f4bc961cbc
fra_ca_for_eng:pod-1	21	4	210	Learner	b91d9af4de1dd63fa60532bba36794f2	6a301630a41e5723851c6251001c9cc4
fra_ca_for_eng:pod-1	21	5	211	Interlocutor	a6efd34b998a35aff66d2907425c9f2f	69c80eebef962f3c3eeed4411205993d
fra_ca_for_eng:pod-1	21	6	212	Interlocutor	a23991a246f7b9980074040bce83cc19	e687907c0087a79ee8305dd114fa50ea
fra_ca_for_eng:pod-1	21	7	213	Learner	f5c37a964d9c0690b75afb79cef25a0a	8e4d431911a139dc828de7241d404d22
fra_ca_for_eng:pod-1	21	8	214	Interlocutor	9ab2dd6426722dba422f4ebb1627e096	11ea5656b70267c62d122e06d3f25ef2
fra_ca_for_eng:pod-1	21	9	215	Learner	ee5633306899bfcfb02c7e76ee31d397	f7a808574ea1968957fdacd409e5e52e
fra_ca_for_eng:pod-1	21	10	216	Learner	e0e764dd73b8263e2f9e48caa614e7f3	8f5bd996aacf8dd34f3367288430eebf
fra_ca_for_eng:pod-1	21	11	217	Interlocutor	694da17bce1fc38bb6dfa61e791ed970	02cff8540cce3fccea77fea5e2829615
fra_ca_for_eng:pod-1	21	12	218	Interlocutor	102422f1e332c3763251ad5d875a6aa5	a0065434b80f7195e6738e99841ac35a
fra_ca_for_eng:pod-1	21	13	219	Interlocutor	3b769250f566197a7a93526461807152	834c571189557c45f8dc2513b23484f5
fra_ca_for_eng:pod-1	21	14	220	Narrator	91038ea71386dd3e01631dbb5ba324f5	c8ed10c9fc68227d7fe17887b558a9c4
fra_ca_for_eng:pod-1	22	1	221	Learner	ccee46da4dc5fc1f2cdced33214d5d15	37a85ad0283cc150de0a8077082a9838
fra_ca_for_eng:pod-1	22	2	222	Friend	dc1cc9c1767a78336a92383655c6b6ab	a8040b0a3d95ef89e87cf43deb00c5ca
fra_ca_for_eng:pod-1	22	3	223	Learner	a54b086ee19e64cbd6bc54f0a31d645d	b4e60a590a50dc74baf7ed4bf5bc4be6
fra_ca_for_eng:pod-1	22	4	224	Friend	d4585b647fd95351e3410609db25b640	15d6200415181b8eb1c842a1a53a0917
fra_ca_for_eng:pod-1	22	5	225	Learner	3380c1d6b954cff7f08f4792702e34ac	beb0394ce89cd9183e5d903dcf4183a8
fra_ca_for_eng:pod-1	22	6	226	Friend	ec28b574fc65983e67574ef81114a0fb	eb092a7c7130d90d082afe1900e2f8f3
fra_ca_for_eng:pod-1	22	7	227	Learner	21f4d72d0969396cbf15f93efcc16c76	a1c3d02f7c119f1dbfde1c0e56a04a97
fra_ca_for_eng:pod-1	22	8	228	Friend	5e0fb111f3d470cab46b76a100792473	4f58f4573664f9efa73634407ac75947
fra_ca_for_eng:pod-1	22	9	229	Learner	1b6f21052c355e9ebe02fd701444dffd	95d5aca2db8946dea751606ddb0377ab
fra_ca_for_eng:pod-1	22	10	230	Friend	3546c0f0f840dfd55d194e55d1b403d7	29827b2e81eb3bb465dad6e9ef61e523
fra_ca_for_eng:pod-1	22	11	231	Learner	f8edc256175dbc782b81fcf11691dbe1	e5731ee5d0709cc7bd90f62bc4d1d9b0
fra_for_eng:pod-1	1	1	1	Neighbour (8 am)	a96c6383e7db69ca07d7d645c97ce357	6ee0944e54db0524ecde74e6c629de1b
fra_for_eng:pod-1	1	2	2	Sarah	7c4d0023e1e14253e7d7484622ac4ae4	aa26f2a183c4e0e6ed68f15e08ffe05a
fra_for_eng:pod-1	1	3	3	Neighbour	d9f880412d86f8b409696ef1b21dee98	cc464cfe2d26532c0418f4836ee5ebb5
fra_for_eng:pod-1	1	4	4	Sarah	00008861a8a09f882498404f24ffc616	35b94c213869adfc71dedf98d510b4a8
fra_for_eng:pod-1	2	1	5	Sarah	ff8c4f37202cde57105c2aa227a65f2b	1ebc5a6271df1e0684e2e7b9c41bb18b
fra_for_eng:pod-1	2	2	6	Passenger	be0a2ab614e8642123d7e9eb6a80c221	5e5d8b3c6f8bc430e1479d0777a768e2
fra_for_eng:pod-1	2	3	7	Sarah	05142324ca9e215151e0cdec8718284c	10902ecda3dc2372dc9cf570f2c80a9b
fra_for_eng:pod-1	2	4	8	Sarah	67461ae23df51d248128837b754bdf16	1fb41845d0728f8c10727a8ce966c6f9
fra_for_eng:pod-1	2	5	9	Passenger	34decf8581bec235083f7915ecad5814	7c8caa73ae0269729cf079b955fa2489
fra_for_eng:pod-1	3	1	10	Barista (3 pm)	5f46f41e589e83ec9c374e1e2863b6eb	129b85d1178d6f963422c4224881b233
fra_for_eng:pod-1	3	2	11	Sarah	4e2a85b34e78da43148f13bc13abea58	9e08c222b5d1a39384a1b5fddfbf25ea
fra_for_eng:pod-1	3	3	12	Sarah	26f06bf01f82dbca331646005e42f249	6885fc15633ab4b868aa5151e79d7186
fra_for_eng:pod-1	3	4	13	Sarah	190d5249894d3b6484525574510c4b3f	a60b2d126f8c7ff9ac38fbfa4364cb1c
fra_for_eng:pod-1	3	5	14	Sarah	2b87af1f8871de49049d214bc52d8a6c	31d093097e4bfea2a6dd0ab4c22a6b15
fra_for_eng:pod-1	3	6	15	Barista	7249d47536ca903d2aad7072df5bc4e9	f031182f541a00bfb1a31493235217b1
fra_for_eng:pod-1	3	7	16	Barista	0a8a92670229ae17a0547666b98aaa4d	ef43722ddbda655542b7cdb02bb936b6
fra_for_eng:pod-1	3	8	17	Sarah	34f01a123a3acad1eee46b373b86f57f	cbf8659af4f5ca4c927d141bfe3faded
fra_for_eng:pod-1	3	9	18	Barista	eb2e611f9a7742412ce927eef038a94e	6f61d97ffddb4a91e45afc5f67e73c69
fra_for_eng:pod-1	3	10	19	Sarah	1372a4e7368525a142eda6e0ac4cca43	54cf197a5697f647ff03a2b52745b533
fra_for_eng:pod-1	4	1	20	Friend (7 pm)	9b8bbe95c11f69977168d949c7ee5f48	de62d7bb305c2be6a133ea17a0af37b1
fra_for_eng:pod-1	4	2	21	Sarah	75ef63cea3b84e36db1b95cf621aed8d	01495caf915e2d5c88205615c813d856
fra_for_eng:pod-1	4	3	22	Friend	b2a0dc0c1935d8bf3b6d84e2670d08f9	6c683c3f18a71bc5a60a51245f7ea8e3
fra_for_eng:pod-1	5	1	23	Neighbour (10:30 pm)	d3633640b2efc881bd58c86de99cb365	139e47766b4ab1bc6c2e30d8275d570d
fra_for_eng:pod-1	5	2	24	Sarah	2007690482d4225e48776f3c02488038	5a620928d6e45913a894808d7501ec80
fra_for_eng:pod-1	6	1	25	James	b0dcfab05408c527426e3b7ef9d8ec81	b37cd01c3b7738424f852aea2063a505
fra_for_eng:pod-1	6	2	26	Anna	3b11898fbe1801e51ce984e093bff7fc	b214d1387a552e4c9be132984796bcc1
fra_for_eng:pod-1	6	3	27	James	52a67b52d595d3a46dfe1feea440d7b8	085e3c08f2ffecfb23cbb422d831688a
fra_for_eng:pod-1	6	4	28	Anna	4174d65e5680292a7cd96d87818d5c68	0639e512b88fa8fcaebd5b9666928c7c
fra_for_eng:pod-1	6	5	29	James	16b93d23d10a8d11f61c33b41384b4b1	79426185551098a662d1143e775cea18
fra_for_eng:pod-1	6	6	30	Anna	b126a380dd6ce3306719558049f077e5	755656594f1fed66195e576bafc459ce
fra_for_eng:pod-1	6	7	31	James	451cbbbb9f5190a75c0f0b4a03377cc4	19d2869419a133d649ed42141a675cc0
fra_for_eng:pod-1	6	8	32	Anna	ded987d585865ab87a959a1fd3cc4a3d	9ebc765a5bc5d2479243dede501bd3a0
fra_for_eng:pod-1	6	9	33	James	d3c778aab687fa75bd4071c193eec8f8	88c6615bc11d11b5b753770fbade9243
fra_for_eng:pod-1	6	10	34	Anna	6f4f11e8309ff5ce852faa11a7fc2164	9611b73d7680bf9a3b5637d7685e689c
fra_for_eng:pod-1	6	11	35	James	c2cf5577a8d1c7fff214287ba1cf1562	5f34e333ac660776c7b01f074b5e1871
fra_for_eng:pod-1	6	12	36	Anna	f01a38e1fb1c2f46d55095721cb806f3	7c9e94e54ff783200c75ad1afddf413b
fra_for_eng:pod-1	6	13	37	Narrator	065d197d76426e27616f88c0464f041a	a9df7ad4db2e1971fb021f5644e1d0ed
fra_for_eng:pod-1	7	1	38	Cafe Barista	6466e26122b42af3164d2ff8188a129e	cbc2167ecf008fb033b5ac98aa1b364b
fra_for_eng:pod-1	7	2	39	Cafe Customer 1	f56cc25605d6a045cc9a0ee271b9d424	501783348c585c978802f4fdc48329f4
fra_for_eng:pod-1	7	3	40	Cafe Barista	0b851aa4a64a442996d23dee3f219660	7ac946487706bc9ebf9c41d16197e6de
fra_for_eng:pod-1	7	4	41	Cafe Customer 1	aea916f2b055d2877422d00e49feb1b2	56d632d7eac284ed7db82ac6573a506e
fra_for_eng:pod-1	7	5	42	Cafe Barista	83a0204901cbf48175feef566609763d	45787a9f76a00ef648b4e54a736ed6b5
fra_for_eng:pod-1	7	6	43	Cafe Customer 1	ed91f9936d8ac60817fb5ba30c652198	c43ecbf12526a32e59d7eda3876fb7d4
fra_for_eng:pod-1	7	7	44	Cafe Customer 2	99e0c1f77d2847eab8ff5696dd6c0a7e	ce4240fcb8bb7b3e0431cc6ea45df5d2
fra_for_eng:pod-1	7	8	45	Cafe Barista	e3d7a94de5ea0acbdcaa1eb2ff0daa41	92b16311b9402c95a838d93fb1501a31
fra_for_eng:pod-1	7	9	46	Cafe Customer 2	b61990a94c4a6388edd9b85501ce30cd	0ad80a8eecd77a5db88121c57e75b9bf
fra_for_eng:pod-1	7	10	47	Cafe Barista	a618fa3875a82757173754f8aefe5c43	2de61305988afb0d32d84b087e36cd48
fra_for_eng:pod-1	7	11	48	Cafe Customer 2	dcfa0b60fb739e06ef3a217c6852795f	83f6d2006a0205d1f04f37ad2cdb4223
fra_for_eng:pod-1	7	12	49	Cafe Barista	9b58fd7113df445293369aed4da7c7d5	f4707ef64079b9bd3120486cd8cd1da6
fra_for_eng:pod-1	7	13	50	Cafe Customer 3	ef2db1382b17f2c488c11098e7697f3f	440747e4c5a705e28463a93bdb2355ba
fra_for_eng:pod-1	7	14	51	Cafe Barista	d81ec65184ae9a63ac166642a0828ff3	e53c40e2fc9be5922a1f67265e084b06
fra_for_eng:pod-1	7	15	52	Narrator	d3dbfff32129ca97058a474f83b3c006	e2fd9610c4c8e82a1f7efcfc3206ffea
fra_for_eng:pod-1	8	1	53	Bartender	849f97f0550158062a4996b5fe170350	95e5cc8503c5b06fc599d942c1b95aba
fra_for_eng:pod-1	8	2	54	Bar Customer 1	7ef7dff4199feec86c3116ff12f4489f	59d9c371c00f5aa6e9263c08a30a42b2
fra_for_eng:pod-1	8	3	55	Bartender	78828d75806952b1d01b3a8025dbc908	4930a264ba1351fc1f2be2eeb0503e43
fra_for_eng:pod-1	8	4	56	Bar Customer 1	f457e0689fb15d7e6f7791444bcb6404	1fb2b2c11bb3d11e65e41029d3da1abd
fra_for_eng:pod-1	8	5	57	Bar Customer 2	c43c26d8911b1b26d0c729b02d000601	64e908148bb806be4c5b82b6cd67f3cc
fra_for_eng:pod-1	8	6	58	Bar Customer 3	1b5f0b201a21f332ada709fbcb98e3da	5705209f2f526bf4a4e906fdff5e8666
fra_for_eng:pod-1	8	7	59	Bartender	27f7d3b6c1df1eaaa1197abfe21a0f5c	463cfc4e55bd3de5f4c5f6998798c8ff
fra_for_eng:pod-1	8	8	60	Bar Customer 3	4233c809306571993763ffc1734d2116	1caace2cdd8542fe8ae296efab852317
fra_for_eng:pod-1	8	9	61	Bar Customer 1	4e5f61f8a8295341364a0f68c4540192	52bff53cb70f6415f72fa87fdc38b652
fra_for_eng:pod-1	8	10	62	Bar Customer 2	ba5d03b5ffdf28ce913fe50aa8f74ca9	913165018eb8739a5a0f0613c937fc94
fra_for_eng:pod-1	8	11	63	Bartender	5dd6009369a17e7fe655a8f233c74c4e	cb7282d0097a8ca0c2d2839f0095852d
fra_for_eng:pod-1	8	12	64	Bar Customer 1	265d5849420ce0cce94371c2122e5996	54cb51c8fb37ecd2e04ce14848f2444d
fra_for_eng:pod-1	8	13	65	Bartender	cd9f8bb57725200e5f491b94d171e395	3feeb7bb1aa528b75366afe8ec9bfa2e
fra_for_eng:pod-1	8	14	66	Bar Customer 1	e81e709a7a449f94548c50563d3cb2c7	db93cc48e1c5ade124d2f44fe0a847be
fra_for_eng:pod-1	8	15	67	Bar Customer 2	3af4865616c43d68ddcacf7cee2bbfa7	423abcaa566f0bf44715381b375bf04e
fra_for_eng:pod-1	8	16	68	Narrator	f78681c66386d00676785c9bf12e24a9	9c0bcc5415e835cbe990d35954130c8b
fra_for_eng:pod-1	9	1	69	Diner 1	6b873ef80cf002126486680ec7a43c1c	f47c0ccfc3f79c83d8dbb18e994935a5
fra_for_eng:pod-1	9	2	70	Waiter	1e562d19891f4635c0c5edc2191460e6	718e6f797347b8fd4b3f45a6622a4446
fra_for_eng:pod-1	9	3	71	Waiter	ef8093c53fb93f26836b300a500a8218	aecedd04a4e5cf7a1cd5b5239e80ae9c
fra_for_eng:pod-1	9	4	72	Diner 2	298997744017b54e4b04af1bfc40d3cd	91ae74f00f07601e9babaa242c7a5d36
fra_for_eng:pod-1	9	5	73	Diner 1	c8d4a302df2b278dadca233a660f69f1	ea78ed82157a414c5169aef49b3b477e
fra_for_eng:pod-1	9	6	74	Waiter	657a8a499f7891cb817ed7d80a2bf401	a86c30a79c6077cce89f3534133f9c30
fra_for_eng:pod-1	9	7	75	Diner 1	7154001021c3267e7ee7339c929c1410	08f808be58b2d99c383869f4bd2b9e5f
fra_for_eng:pod-1	9	8	76	Waiter	24b8330decfb2b906ed7ebed6fbdc387	63b23d49d9cc4cbfcd2e579d529fafa9
fra_for_eng:pod-1	9	9	77	Diner 1	62129355845e55c169d073b2865de2ea	06214f9b4ac4ad391f2d5ea78b71cde7
fra_for_eng:pod-1	9	10	78	Diner 2	748a69ccf01d92aa9554fc1edb005159	9581444710a2c46fbe4893e417a9fa3d
fra_for_eng:pod-1	9	11	79	Waiter	5b3e1d4a0a340fd019876dc4bd7dcfc3	60358de534ece5a38b06fd63bc1f3b38
fra_for_eng:pod-1	9	12	80	Diner 1	2d28558e618c3dd29423ce2dd9187b71	98f46984f350be53caf0d8042b08fb4d
fra_for_eng:pod-1	9	13	81	Diner 2	b3eb693a60dafa0992934eaef0c5adad	4e89e1708e54fa14e52a5316232da8c5
fra_for_eng:pod-1	9	14	82	Waiter	228b4a11a26f727a72e5a4df3554fd14	4d3da2ee5e65d6f8789ba8a5e3aa642c
fra_for_eng:pod-1	9	15	83	Waiter	30436eba8734a59a96d0b05e5d4385d5	de28fcf5d0a220f3654a7d2910a5b135
fra_for_eng:pod-1	9	16	84	Diner 1	6bc49d8be91fc8a9de592fd0fef5853b	40123960824b4440b27f97076b2993df
fra_for_eng:pod-1	9	17	85	Diner 2	9ff7132f6a72b81e01ac977cc37f6183	1b6b76e0bdc8953ab878905b8cc52df9
fra_for_eng:pod-1	9	18	86	Narrator	00dfaa293e05053642fd0a7ec86c767e	418fc34f8a619847c1ec0523c838a8a7
fra_for_eng:pod-1	10	1	87	Customer	e4d51322337d675c9d8b36734d186f2d	136151eba56ff0f31b5d130954df5f15
fra_for_eng:pod-1	10	2	88	Assistant	ed3687da5b75786a0e2a918f4e24b855	e4cbe079c0dcc535e9cd8aaef51c9797
fra_for_eng:pod-1	10	3	89	Customer	0fc4cd2ecf4a4642096b491227d2f91d	93693bd14a65a0bf93904aa6a6980234
fra_for_eng:pod-1	10	4	90	Assistant	2e6a5c4ff837ad53d00cfa5f259d5978	d0f2cb73e1e5371d15cfeb2681bae7c5
fra_for_eng:pod-1	10	5	91	Customer	ce85c986831cdc967db91b3ecbbd2233	f1aa603fd2b80fab9a0764ddba8ba5da
fra_for_eng:pod-1	10	6	92	Assistant	aa181687b209241b0dcfe7e7d3de5d43	27b11b3461c2c22a832ac7a15cc39f15
fra_for_eng:pod-1	10	7	93	Customer	5ab48bcc3df5f868c24d8ad5fd6d2e66	1d40abee6285888e49c74dfb5bcf9927
fra_for_eng:pod-1	10	8	94	Assistant	f8aba0e3518374d107a65a3334db5340	aed1996140ad7fccab3927f36faa34df
fra_for_eng:pod-1	10	9	95	Customer	b0d7fff620587a45bcb4714f4d1f0648	c557fb2f67be823ccd2cb8877199bf8e
fra_for_eng:pod-1	10	10	96	Narrator	ff38b77253721166f91c1c6fea84fd98	88c1ab6fdafe008af86fe0b06f4c841b
fra_for_eng:pod-1	11	1	97	Guest	c6e37a428bff1dd4725777dba55bff84	cc55707d7078fc7aa2cb496d4ff3f91e
fra_for_eng:pod-1	11	2	98	Receptionist	a6a5ae0425ff68157ebe35c770d568c7	f686f5ac142a24984957aaa44464e88f
fra_for_eng:pod-1	11	3	99	Guest	09d5637f743acad303ea3e9f95e6c060	ec7626acc5bc14df9335862c416ea34f
fra_for_eng:pod-1	11	4	100	Receptionist	796fc7f50ea309f7cfefda6fc29b376d	552df0d976f1a2d84d4af72d95e5b59a
fra_for_eng:pod-1	11	5	101	Guest	93ef5e710f72d7ef01c7a18e27725d41	7b0407dc87cc2c4961a945606a5eadc4
fra_for_eng:pod-1	11	6	102	Receptionist	dac8992d3e7522003b3cb54920b217cf	bb3123fdb334f284bcb1af62f7f238e7
fra_for_eng:pod-1	11	7	103	Guest	8947f61806243947ccbfba48a263b0a5	225256efd81262ffe2b947381a8cf080
fra_for_eng:pod-1	11	8	104	Receptionist	78140deb9edd8fe85c1f05b7f7f7b113	7361204e12235a4165e525c8993dc914
fra_for_eng:pod-1	11	9	105	Guest	6acd60975d303799549ddcb1c0463aa3	4c3bd72192248f3b689ac3bdb789ac2c
fra_for_eng:pod-1	11	10	106	Receptionist	aff6a66d59b3ea869f3e75a199b045b6	0598c0d2d13ded214ea462b251a0d013
fra_for_eng:pod-1	11	11	107	Guest	6fc096797c86b09f37edbb1ff177b10f	77bb11ec8afd06d6b134f6f69df41802
fra_for_eng:pod-1	11	12	108	Receptionist	8bdb2a669a0cc8e636b01dc2d1df130b	84e3ae341108982767642713c846233a
fra_for_eng:pod-1	11	13	109	Narrator	7a55dac486c19d0617714c1ba58d6fc7	a039db0b2a75b9ef42c456afbf08acb2
fra_for_eng:pod-1	12	1	110	Customer	d4e947f7afae5c469fca6c2de0be8ac2	2e0c0d4948556b0a6de58e3ddc21395d
fra_for_eng:pod-1	12	2	111	Pharmacist	4d861aea43e37605ef1d39619fe6c770	64b835aa122947a9ec0e4602f081f977
fra_for_eng:pod-1	12	3	112	Customer	b66a5549cce3464d1cab9ea83d6c86da	ffc7160bc08caa75a27c0e47e6829382
fra_for_eng:pod-1	12	4	113	Pharmacist	44fb4dad02a332d19f7eab5a66256455	48bcf2e67a7019da71d9e7c0f7c92a44
fra_for_eng:pod-1	12	5	114	Customer	4d0cf0f48cf9fadb885f705831d449ef	599ac705b6e160bfafeca6ee3ff9c0b7
fra_for_eng:pod-1	12	6	115	Pharmacist	20fe54a9d50dd89e2dd24083e5eab705	e592ec2ece61a026f44312af940f04ab
fra_for_eng:pod-1	12	7	116	Customer	eee8abb9679e0dee147f45dc0e629c6d	ac82c32fe908849dd80acbc6a9b1fe4e
fra_for_eng:pod-1	12	8	117	Pharmacist	b9f5f9f3caf7f190cebac100d97bdfcc	f0be03f62fc608c755238e341759c65c
fra_for_eng:pod-1	12	9	118	Customer	45b18298422ec11c8009bc169935ed16	e42037889344d661179702232365b051
fra_for_eng:pod-1	12	10	119	Narrator	b15d84b9d09840763daa3f824aca9180	7356639b43b69fb452e712e88ca612ea
fra_for_eng:pod-1	13	1	120	Tourist	ac78c21af1483ff6c95ff8c0d8f342f0	daca79f72d2e3ffc8ed3cf8c833b5595
fra_for_eng:pod-1	13	2	121	Local	d8ca9e9685a62bf7bd640b332304520a	7c12a65de20b42e05db3777842ff80cb
fra_for_eng:pod-1	13	3	122	Tourist	4d325b4e9234a75a7f8fd39b6cadc3b7	444f9aa0aa56ed882191729a3c3fe78e
fra_for_eng:pod-1	13	4	123	Local	c711ad6c6043fbfc4ebdccc057b04c30	7528fc391ebf65dd55f321c7dbb62608
fra_for_eng:pod-1	13	5	124	Local	3bb09168f8ec0dde996902cd66f06ff8	ed54becb0e49e16df83cc60466efa8d2
fra_for_eng:pod-1	13	6	125	Tourist	ccf459ef7f045995c246c70a09dcfe98	225eb9e5c0f9d0b57652f113e937f8e5
fra_for_eng:pod-1	13	7	126	Local	893d3ffafaa24a0598a7d7bf658d0e6a	7195a8c13810d9b9853c3c211f616a9e
fra_for_eng:pod-1	13	8	127	Tourist	4bac393ac9a706870b2a715f58f9fcbf	9c909612cff0b9fb58decf8506cb50db
fra_for_eng:pod-1	13	9	128	Local	1d6908c785f04ad3c97d6e6b0dc18de6	759bd7d3204fa55d3e3b463340506aa2
fra_for_eng:pod-1	13	10	129	Tourist	42327808332526fb34bd7e2d25f739c4	d84dc29ab18369e040cfb3b3899f2394
fra_for_eng:pod-1	13	11	130	Narrator	689c498852711deb3e826ab03c80f3e3	4ff53b91110304c96b46805771c7f4aa
fra_for_eng:pod-1	14	1	131	Passenger	bc8e4355a1eee8c1868c425e3cb74dfe	c58ec5f5bbb7c695c418f6b4ea356da1
fra_for_eng:pod-1	14	2	132	Driver	8c3c743931fce5eb5c51218dd818ff12	27652fc6bc26f1807c076c5dc3969133
fra_for_eng:pod-1	14	3	133	Passenger	b9fe06d6589a38ced4003ecc7b7c208e	a4e86846455e65cdebe8cc6e028ec556
fra_for_eng:pod-1	14	4	134	Driver	2fe031500bc42c7d7cb7b511ad603c80	39d0ed883ef886cb909f83a13c8b51bf
fra_for_eng:pod-1	14	5	135	Passenger	ba2255be377e07c4a59c7cbb37bc6d8e	f33af4b471e77de0eee25686f789cab5
fra_for_eng:pod-1	14	6	136	Driver	b3346bcd4cf7df022af80b76c542ffaa	dcad5fc92e5bfad25efde3fd1acf1dee
fra_for_eng:pod-1	14	7	137	Driver	b417aa44ceca7f52de656d765b663f3d	50f60b36ab55c687d9418741fdbef5b1
fra_for_eng:pod-1	14	8	138	Passenger	21eefda8c48d20ba73c4f0191ed54abb	bd0f8de5afca3e57a99b1f58619dc6c9
fra_for_eng:pod-1	14	9	139	Driver	6d8f2186ecacb03147bec15bebccb9aa	9bbc74c3fab1a78c5d2faffeef46810f
fra_for_eng:pod-1	14	10	140	Narrator	1ce168dc0d1499a7a8009139139e83cd	55c9f6473f40cdb17d4d7ab4409a232b
fra_for_eng:pod-1	15	1	141	Learner	6b24e6025e34b4f16387ea16d94e9bbc	913bb5faa544c775b1fd10a63c47dbc3
fra_for_eng:pod-1	15	2	142	Learner	1db8c1431fc39c979a18300864551515	a09180b6842fda593edc9e60043a5a0a
fra_for_eng:pod-1	15	3	143	Learner	4353e2091129a25e969bf4a6844e8faa	af1da60e13065be4a6990b5e69892926
fra_for_eng:pod-1	15	4	144	Learner	4dbdba7bffad8c1738c571c03303a6cb	47f8bf53caeeded147506c90240992b5
fra_for_eng:pod-1	15	5	145	Learner	ce8cf3afd5827904a6eaaa9554c6f9f8	a8eea28a3fa662b1ea97dfb76e81a785
fra_for_eng:pod-1	15	6	146	Learner	21665f3f9e41e1722e6ad92505df1940	e35e0984619771f391c8df3d2f8dad1c
fra_for_eng:pod-1	15	7	147	Learner	cf6029566639484d793fe38739b6f89d	376104b5c665287b33a4b3df71fb361b
fra_for_eng:pod-1	15	8	148	Learner	4a1fe29a7f72f26a22a50d1fbb638564	0b3bff8c3cbd4993240fec74a9511cef
fra_for_eng:pod-1	15	9	149	Learner	736784a8d3c2523fa9450d7cb4691da5	f56a6fa0342d93687c324258b7196cd5
fra_for_eng:pod-1	15	10	150	Learner	bd7521ac9124911ff15e99b82b000ef6	9a86f7902fbd2894a9f4603da2f7ec9f
fra_for_eng:pod-1	15	11	151	Narrator	c3ece988c6d5d2bf33318f9363456242	eba1245daf0d65cc1d6160ccf05bcab7
fra_for_eng:pod-1	16	1	152	Learner	3c5ccb1235b7511de0df0521c716de3e	9eafb4da0eef364b90375b55537d25bb
fra_for_eng:pod-1	16	2	153	Learner	35165517fdc63d10226cc9485fa98fbc	b3b90f8f5c48e9ab512dc566324ed037
fra_for_eng:pod-1	16	3	154	Learner	29163f23d340655c1f1641d63e1f1b5b	63d80cfa06344b7d9f4045b7fba0cb9f
fra_for_eng:pod-1	16	4	155	Learner	3fa4b9326cf814fa8c34f164606863b8	1077817e87520a09a8a2abc0190c9997
fra_for_eng:pod-1	16	5	156	Learner	676249f80c2629c653371b62a64f0bc8	875936a84ce3549b311ad51323c3ac94
fra_for_eng:pod-1	16	6	157	Learner	0dbbf56ab77117043721e481e85fc4d1	2eacc883d508a1f175c2f2d0f3d324e4
fra_for_eng:pod-1	16	7	158	Learner	28a9461fbb133d877755c03e58d6b702	aa2623f2438db26bfc289ac08d18c9a8
fra_for_eng:pod-1	16	8	159	Learner	3eddad021c20d26bb0e4f8cde002a890	65a2bf309c72a368908ff228b43e5c12
fra_for_eng:pod-1	16	9	160	Staff	84e407403aeaaae43cfd84adc1d46032	9650460a658b8f5dd8a906f1782c3f5c
fra_for_eng:pod-1	16	10	161	Learner	fcc8cb9585b2c4fc7af4fab542859b8c	6f81b411447233cc4554546d3485e6e5
fra_for_eng:pod-1	16	11	162	Narrator	f9c19d1281385546672320e9bb26154d	91f7b0696c7c0fc707420471e844af02
fra_for_eng:pod-1	17	1	163	Learner	a3086987879e4d697ac2f6c05c0404be	3f918556b4706fc38a4f66b38ee11e93
fra_for_eng:pod-1	17	2	164	Staff	c800ec6a5b8ba0f90d275de429dac018	b89bf636041965ef6e44581a0e66405b
fra_for_eng:pod-1	17	3	165	Learner	6204ae652dcc18b89df134dff34ddc85	b2e9e73da95ff8e534a2c05be54469f1
fra_for_eng:pod-1	17	4	166	Staff	b378796f5c96d268812491e2003dfa5f	ee1a2848e1d6e5a016074ba8e5f9df67
fra_for_eng:pod-1	17	5	167	Staff	4c82a7a078d60cb3f214a83ab0fe4512	a2ac474dcab961749b90674a53304753
fra_for_eng:pod-1	17	6	168	Learner	466e581d2269d0cb178c1b699570b2b1	218566fe0117cad5e42b24674ac59854
fra_for_eng:pod-1	17	7	169	Learner	da4f477ecf186b7a1229c2a2196cb70c	6f23d3e4fbf9fb84eadce090d6e21e0b
fra_for_eng:pod-1	17	8	170	Learner	86ddc39fddfadef7651179d97762f338	89d84b38c76d0c63271993c96159335c
fra_for_eng:pod-1	17	9	171	Interlocutor	034f7147d0fede1bcf0a30161c43be65	60f59d8aa7095fbf4d63419a67291235
fra_for_eng:pod-1	17	10	172	Learner	32ad38b4cb4339588ad8674a4e4439cf	cb2b984f6c5a6652552f5a52433e9043
fra_for_eng:pod-1	17	11	173	Narrator	ef335bbf70ba8a8957bbf40882078561	e9b4223aa4445b27cd280248acac1ce9
fra_for_eng:pod-1	18	1	174	Learner	6472c8f2e3cb15df748c722317e07e00	200c3546a879a0ce8458e37ec1dea3f3
fra_for_eng:pod-1	18	2	175	Learner	852e8fd0fcebaba27050cb5c85ce4d0d	29a9cbbfaa50d8b1fba17c8ddf1af426
fra_for_eng:pod-1	18	3	176	Learner	7cd486ab0ba7ceba725b224920de762b	a15f9ace48459a3c4e3c4d737c41f653
fra_for_eng:pod-1	18	4	177	Learner	76caa4002f2576e2d26b0eeaa60d1bb5	1f1e50ef6f5759e0685d415825edfff4
fra_for_eng:pod-1	18	5	178	Learner	9e245dde2dd8e1adc56e90f203f48349	bf2a03f0a7f78a5b14c9039a057ea050
fra_for_eng:pod-1	18	6	179	Learner	d73d7742c4342930368c2ba29664582c	ead58d7143eb35c36f5b78aa7009c68b
fra_for_eng:pod-1	18	7	180	Learner	036dfb2c3c3410c3b49fb31f653a5e2e	d1d15242deb8a3a7bf0fae7c42c0a47a
fra_for_eng:pod-1	18	8	181	Learner	0dd39ab4051e38465669f8090ff803a4	deec3ef222041f80b3b966f9b6c515c1
fra_for_eng:pod-1	18	9	182	Learner	4446b388e064ea35a5c1896c66351baf	5c40a0c454e9a7788820e3cce62aeda2
fra_for_eng:pod-1	18	10	183	Learner	865800d9707a6d500ce84e8583555cf1	ea174e84d89f9dce1d8ddc975990cf28
fra_for_eng:pod-1	18	11	184	Narrator	05fedc696125d0cd5ebe0ffe846b595a	4ae156b07d9bd5fae88713471a19e018
fra_for_eng:pod-1	19	1	185	Learner	2693275b5f673f34173489b21ebbcdd6	7c15f463d5f03199782a2b1f30c3c846
fra_for_eng:pod-1	19	2	186	Learner	e81d3e67dab0478fb20baf348d758bb3	c8f053172ea3fa290e676bc9cde75458
fra_for_eng:pod-1	19	3	187	Learner	c21241d1d5606393841a3ddff6ab100f	4140109bcdedb65463d59334e5e425f0
fra_for_eng:pod-1	19	4	188	Learner	16a25b00d4e9e7738d221ffb791148b6	9e29640615f6f87aeff81f4e6c5b53bf
fra_for_eng:pod-1	19	5	189	Learner	6e46a370df3b28ed6be9ec212a6ebc0f	84fc461be123eda48d5bf41b0d1a0f73
fra_for_eng:pod-1	19	6	190	Learner	2afe1bb14259ed9df4e5926500d69a7f	5263aa615a62dd65c071d15ead5cfb6f
fra_for_eng:pod-1	19	7	191	Learner	44e367771d48b8807602ebf74fc48196	ac3e999e4f5bae18ce949597989cf25d
fra_for_eng:pod-1	19	8	192	Learner	a3a4f1f913ef95979f46a56356498822	db14e1d9c46d468ce0c2a1942c9e5547
fra_for_eng:pod-1	19	9	193	Learner	2053b4ace3a55679080a6595e2545255	b4d53d399c40313615294a5dbc3ad920
fra_for_eng:pod-1	19	10	194	Learner	c30f49630594619ddd84db3ab2af8cc7	380dc3308d4281d833de8337be86c632
fra_for_eng:pod-1	19	11	195	Narrator	b4912a26ea7b890e3c737d3aecd4e610	e1d859ceca82f3a29e9f5d6896683d70
fra_for_eng:pod-1	20	1	196	Learner	8c1af1b68c5936d1cdc4531f3bdf4ff7	a53e1713be20c3a621f4e8a3f6579843
fra_for_eng:pod-1	20	2	197	Learner	dd73e4c215df5917ba4a83dcae2121eb	60ad360bce4d369112c2efa49f353165
fra_for_eng:pod-1	20	3	198	Learner	e14b70ab5ae8645e1a883aefcaf832e2	c26678bd3218eaa94031c1fcfdc92338
fra_for_eng:pod-1	20	4	199	Learner	4c5fce9f7a9974204ab65696b34f2d9c	9f47f8766713f4c48173ed805c447f66
fra_for_eng:pod-1	20	5	200	Learner	9d2351250f43ddc6c05fd58fd245095e	2b6b87c53a652020c2650090c91f7040
fra_for_eng:pod-1	20	6	201	Learner	83863b1a840f0712a04311ed0d2feb9a	c9596a3f82692ecbe36422e38d488d64
fra_for_eng:pod-1	20	7	202	Learner	90b49490046d2b1427f13054b9d471e4	c61460556c733cd480ba0b2038b17bce
fra_for_eng:pod-1	20	8	203	Learner	136a413607767545df6051104355ee8c	251c226f2b72c6638554a1826535bdf3
fra_for_eng:pod-1	20	9	204	Learner	46dcf0684b328b93d18aa74d2468ac07	2badaa9753a0c2d89b8f7fc048141886
fra_for_eng:pod-1	20	10	205	Learner	6f4f97996b437f6446f9cfe298cfa6ba	39a4a36539151c49ff0aea2901d6e46c
fra_for_eng:pod-1	20	11	206	Narrator	aade5858e4ce0a9bfff635040abff77e	b00aa4bbb11b7c5b8a41297fedf164e4
fra_for_eng:pod-1	21	1	207	Learner	851eb98e9fda3f2bca3f7b897df67b71	31883c238e38aa97c19879601c538da8
fra_for_eng:pod-1	21	2	208	Learner	93b5417b5f2c67871556565c6a4323aa	9c9b76e67042fad2983f6f9bb337bc11
fra_for_eng:pod-1	21	3	209	Learner	27bcd04c41f9153e709c956f85aaf103	fc2e6722bb0d2092c14338f4bc961cbc
fra_for_eng:pod-1	21	4	210	Learner	afc575b7af0d0757ac8cf393dc5ac072	6a301630a41e5723851c6251001c9cc4
fra_for_eng:pod-1	21	5	211	Interlocutor	a6efd34b998a35aff66d2907425c9f2f	69c80eebef962f3c3eeed4411205993d
fra_for_eng:pod-1	21	6	212	Interlocutor	a23991a246f7b9980074040bce83cc19	e687907c0087a79ee8305dd114fa50ea
fra_for_eng:pod-1	21	7	213	Learner	5cc4149db3ceed3d623e07120e9d6175	8e4d431911a139dc828de7241d404d22
fra_for_eng:pod-1	21	8	214	Interlocutor	9a97ead91cc4e11179de880923c2fbae	11ea5656b70267c62d122e06d3f25ef2
fra_for_eng:pod-1	21	9	215	Learner	983dd42f1b58f1da2504f80bdd2c9bbf	f7a808574ea1968957fdacd409e5e52e
fra_for_eng:pod-1	21	10	216	Learner	35f91c8fea1cece02cad1507221bcc37	8f5bd996aacf8dd34f3367288430eebf
fra_for_eng:pod-1	21	11	217	Interlocutor	b10a3a2ee7ef2d94c9a53b5a669f5996	02cff8540cce3fccea77fea5e2829615
fra_for_eng:pod-1	21	12	218	Interlocutor	01cb1a57c776e0057baac6ddf969878b	a0065434b80f7195e6738e99841ac35a
fra_for_eng:pod-1	21	13	219	Interlocutor	945a9edafd1515864217c1226f5503ca	834c571189557c45f8dc2513b23484f5
fra_for_eng:pod-1	21	14	220	Narrator	91038ea71386dd3e01631dbb5ba324f5	c8ed10c9fc68227d7fe17887b558a9c4
fra_for_eng:pod-1	22	1	221	Learner	26072e68826ed7ed428e0ead4ee3c0b5	ff6ae46f064196d6d1b67979460c8c28
fra_for_eng:pod-1	22	2	222	Friend	2adb942d07a110ddb09d263dfffcc7ca	a8040b0a3d95ef89e87cf43deb00c5ca
fra_for_eng:pod-1	22	3	223	Learner	580d3d285f0edfe8baf67196d0628cc9	b4e60a590a50dc74baf7ed4bf5bc4be6
fra_for_eng:pod-1	22	4	224	Friend	9c88887d9e2c48e6665a26d5d4e19bcd	15d6200415181b8eb1c842a1a53a0917
fra_for_eng:pod-1	22	5	225	Learner	263abfdc5f7cbc8a9b3a66f61a7b3201	beb0394ce89cd9183e5d903dcf4183a8
fra_for_eng:pod-1	22	6	226	Friend	bb4eb9750e43617ba79870fe00743512	0fb1e97d4287b0bf029bfc7f18d36f78
fra_for_eng:pod-1	22	7	227	Learner	11a80bc2129efd14d4116690afa6f361	a1c3d02f7c119f1dbfde1c0e56a04a97
fra_for_eng:pod-1	22	8	228	Friend	d2a7583e5b6e8703048c330d6071074f	4f58f4573664f9efa73634407ac75947
fra_for_eng:pod-1	22	9	229	Learner	f2961c722e191275c7737ae5ea4ab014	95d5aca2db8946dea751606ddb0377ab
fra_for_eng:pod-1	22	10	230	Friend	29b983f19772dd9348782b5b1d0e9488	29827b2e81eb3bb465dad6e9ef61e523
fra_for_eng:pod-1	22	11	231	Learner	b0d13e900e3e4bc87f82c60fcdccde25	e5731ee5d0709cc7bd90f62bc4d1d9b0
gle_for_eng:pod-1	1	1	1	Neighbour (8 am)	7a156acfabb04bcc63f78d32093a3d26	6ee0944e54db0524ecde74e6c629de1b
gle_for_eng:pod-1	1	2	2	Sarah	4d545c37e72ce50ad54c35f86a7b1aa6	aa26f2a183c4e0e6ed68f15e08ffe05a
gle_for_eng:pod-1	1	3	3	Neighbour	c6d42c113eeebf41744df4020a07b396	cc464cfe2d26532c0418f4836ee5ebb5
gle_for_eng:pod-1	1	4	4	Sarah	75851ed22014ed7c6b1192d25cdc8e2b	35b94c213869adfc71dedf98d510b4a8
gle_for_eng:pod-1	2	1	5	Sarah	526606ae74a495a5b46442d3ea7a3701	1ebc5a6271df1e0684e2e7b9c41bb18b
gle_for_eng:pod-1	2	2	6	Passenger	500985d81315230730ebb3fb5eecdec8	5e5d8b3c6f8bc430e1479d0777a768e2
gle_for_eng:pod-1	2	3	7	Sarah	afc9746f6edcae701c384ad7dc4d9afc	10902ecda3dc2372dc9cf570f2c80a9b
gle_for_eng:pod-1	2	4	8	Sarah	3d800d8f604f5fb101834e4c66f1252f	1fb41845d0728f8c10727a8ce966c6f9
gle_for_eng:pod-1	2	5	9	Passenger	240d89ee3fe16d968471d3708db0a0fe	7c8caa73ae0269729cf079b955fa2489
gle_for_eng:pod-1	3	1	10	Barista (3 pm)	9e2a3f28aab9f2cdf5bd922dd2071fd4	129b85d1178d6f963422c4224881b233
gle_for_eng:pod-1	3	2	11	Sarah	ab2b4ae92990a82e9e87877e1ace4b50	9e08c222b5d1a39384a1b5fddfbf25ea
gle_for_eng:pod-1	3	3	12	Sarah	3e3c27d931945413cb2758b0b5379013	6885fc15633ab4b868aa5151e79d7186
gle_for_eng:pod-1	3	4	13	Sarah	725e24360ed37d1cc184838c42c83005	a60b2d126f8c7ff9ac38fbfa4364cb1c
gle_for_eng:pod-1	3	5	14	Sarah	34af6e1b227a021167eb8208e8c4f3d6	31d093097e4bfea2a6dd0ab4c22a6b15
gle_for_eng:pod-1	3	6	15	Barista	b1b8c7e1c808ccc40c2244a8400e4b41	f031182f541a00bfb1a31493235217b1
gle_for_eng:pod-1	3	7	16	Barista	f0b24faadaa26d05cf6bd761d81e36ce	ef43722ddbda655542b7cdb02bb936b6
gle_for_eng:pod-1	3	8	17	Sarah	812897d712cbc6777f6d7b308678ff92	cbf8659af4f5ca4c927d141bfe3faded
gle_for_eng:pod-1	3	9	18	Barista	309d7377e90266cede0a18e883c2794f	6f61d97ffddb4a91e45afc5f67e73c69
gle_for_eng:pod-1	3	10	19	Sarah	add6fab982ead034e00e67d849881380	54cf197a5697f647ff03a2b52745b533
gle_for_eng:pod-1	4	1	20	Friend (7 pm)	baaa5053587bd0244f9b47b5483b134f	de62d7bb305c2be6a133ea17a0af37b1
gle_for_eng:pod-1	4	2	21	Sarah	d1cf9eefe022f8a66d9383967df0d6ba	01495caf915e2d5c88205615c813d856
gle_for_eng:pod-1	4	3	22	Friend	8463fb7608383fa490544cba610af1c9	6c683c3f18a71bc5a60a51245f7ea8e3
gle_for_eng:pod-1	5	1	23	Neighbour (10:30 pm)	6bc23edbb46da62146dcd4c538c0943b	139e47766b4ab1bc6c2e30d8275d570d
gle_for_eng:pod-1	5	2	24	Sarah	ef505995b3018621e133fb8b05f6d8b5	5a620928d6e45913a894808d7501ec80
gle_for_eng:pod-1	6	1	25	James	9dc8d89233983d2e3af238218f42f525	b37cd01c3b7738424f852aea2063a505
gle_for_eng:pod-1	6	2	26	Anna	2629957af72cb4aa3dc6a3c3e9c269ac	b214d1387a552e4c9be132984796bcc1
gle_for_eng:pod-1	6	3	27	James	2111ee2c47b145988fa2fedc2d06e445	085e3c08f2ffecfb23cbb422d831688a
gle_for_eng:pod-1	6	4	28	Anna	2831e9cf773c4c2bd9dd7cdc783315be	0639e512b88fa8fcaebd5b9666928c7c
gle_for_eng:pod-1	6	5	29	James	d0a89aad27c364b623f6b42fbdfc9f7d	79426185551098a662d1143e775cea18
gle_for_eng:pod-1	6	6	30	Anna	b2625574e6bcf6ed58fdaa50b47d51d2	755656594f1fed66195e576bafc459ce
gle_for_eng:pod-1	6	7	31	James	60ee21d7b49281352748a4fc11f41e48	19d2869419a133d649ed42141a675cc0
gle_for_eng:pod-1	6	8	32	Anna	dee4ae9901144f9edbd79d5e3a1653d7	9ebc765a5bc5d2479243dede501bd3a0
gle_for_eng:pod-1	6	9	33	James	42e0081b22733d9340803298d9108115	d5b0945c7867c27973fb174e9c83d22d
gle_for_eng:pod-1	6	10	34	Anna	9e88dac0ec40e11fafab0ca29db0d939	9611b73d7680bf9a3b5637d7685e689c
gle_for_eng:pod-1	6	11	35	James	04de1aa7548484da80e504677014ec42	5f34e333ac660776c7b01f074b5e1871
gle_for_eng:pod-1	6	12	36	Anna	a7047429b83f7195c6a167c7f48b7edc	7c9e94e54ff783200c75ad1afddf413b
gle_for_eng:pod-1	6	13	37	Narrator	b9ecd0c233e71dad6ebe1e7c70f4439e	a9df7ad4db2e1971fb021f5644e1d0ed
gle_for_eng:pod-1	7	1	38	Cafe Barista	88484dbb653cd1c53ef27dc59d1f83b7	cbc2167ecf008fb033b5ac98aa1b364b
gle_for_eng:pod-1	7	2	39	Cafe Customer 1	37364e3fe5da3830888f7ecac4b03913	501783348c585c978802f4fdc48329f4
gle_for_eng:pod-1	7	3	40	Cafe Barista	7d9e416d023f90c1bcb30a9f4e259752	7ac946487706bc9ebf9c41d16197e6de
gle_for_eng:pod-1	7	4	41	Cafe Customer 1	0856c0d351a8218faec2159e2b62ce26	56d632d7eac284ed7db82ac6573a506e
gle_for_eng:pod-1	7	5	42	Cafe Barista	7d4ae682acfb2f3b5da77773b6d6bf52	45787a9f76a00ef648b4e54a736ed6b5
gle_for_eng:pod-1	7	6	43	Cafe Customer 1	e5a44ba1c7f28f307e5a9ed7db477a10	c43ecbf12526a32e59d7eda3876fb7d4
gle_for_eng:pod-1	7	7	44	Cafe Customer 2	4b73cf2d50fc10f151bd80dc182734eb	ce4240fcb8bb7b3e0431cc6ea45df5d2
gle_for_eng:pod-1	7	8	45	Cafe Barista	55377ecb4be3afe685f1779bdbe1c427	92b16311b9402c95a838d93fb1501a31
gle_for_eng:pod-1	7	9	46	Cafe Customer 2	c61615ba86d36afd5735818269736bf0	0ad80a8eecd77a5db88121c57e75b9bf
gle_for_eng:pod-1	7	10	47	Cafe Barista	5f75803cc67b146d35ad5c2e35c87b52	2de61305988afb0d32d84b087e36cd48
gle_for_eng:pod-1	7	11	48	Cafe Customer 2	93dd31fb650a77d7217792a93af59fbe	83f6d2006a0205d1f04f37ad2cdb4223
gle_for_eng:pod-1	7	12	49	Cafe Barista	a12ea264d486e048d9eec0d603ad4b36	f4707ef64079b9bd3120486cd8cd1da6
gle_for_eng:pod-1	7	13	50	Cafe Customer 3	3a53efd1ed5683c1ab3b4479f8484c38	440747e4c5a705e28463a93bdb2355ba
gle_for_eng:pod-1	7	14	51	Cafe Barista	076cbf459442ce24421ee593d87b37b3	e53c40e2fc9be5922a1f67265e084b06
gle_for_eng:pod-1	7	15	52	Narrator	4c5d624bc6bbd094fd0771feba3af333	e2fd9610c4c8e82a1f7efcfc3206ffea
gle_for_eng:pod-1	8	1	53	Bartender	ab461aab8d0675a66cb2dc4006c7bdff	95e5cc8503c5b06fc599d942c1b95aba
gle_for_eng:pod-1	8	2	54	Bar Customer 1	c76635bca88a5be869ee7ea539310712	59d9c371c00f5aa6e9263c08a30a42b2
gle_for_eng:pod-1	8	3	55	Bartender	11d860f7a39e61779fcbd3a47b90c3a2	4930a264ba1351fc1f2be2eeb0503e43
gle_for_eng:pod-1	8	4	56	Bar Customer 1	5d6d525e50cbc181aff25998698ebddb	1fb2b2c11bb3d11e65e41029d3da1abd
gle_for_eng:pod-1	8	5	57	Bar Customer 2	d755e7caa7dd32c25af0ab7a5bb03670	64e908148bb806be4c5b82b6cd67f3cc
gle_for_eng:pod-1	8	6	58	Bar Customer 3	5dd9b51b15088a986ce04f300c70c5b6	5705209f2f526bf4a4e906fdff5e8666
gle_for_eng:pod-1	8	7	59	Bartender	ac6686829eecd436df99185997f97631	463cfc4e55bd3de5f4c5f6998798c8ff
gle_for_eng:pod-1	8	8	60	Bar Customer 3	d952fa49a5b960900de6076d9d24c0dc	1caace2cdd8542fe8ae296efab852317
gle_for_eng:pod-1	8	9	61	Bar Customer 1	6f69000fbebc40193640a37982951b13	52bff53cb70f6415f72fa87fdc38b652
gle_for_eng:pod-1	8	10	62	Bar Customer 2	bd2f2c6e33a50bb0ba33bf7cf7165b5d	913165018eb8739a5a0f0613c937fc94
gle_for_eng:pod-1	8	11	63	Bartender	18fd884c571aed89f0bf875a025bc805	cb7282d0097a8ca0c2d2839f0095852d
gle_for_eng:pod-1	8	12	64	Bar Customer 1	215dc13d637d6bf678c236566915024d	54cb51c8fb37ecd2e04ce14848f2444d
gle_for_eng:pod-1	8	13	65	Bartender	09d30ab7bbbd71cebbf013c2f2649bf9	3feeb7bb1aa528b75366afe8ec9bfa2e
gle_for_eng:pod-1	8	14	66	Bar Customer 1	4a4830b7c890b3642b042a01832fb89e	db93cc48e1c5ade124d2f44fe0a847be
gle_for_eng:pod-1	8	15	67	Bar Customer 2	5e357f81f31a58a2188a21d5002c1108	423abcaa566f0bf44715381b375bf04e
gle_for_eng:pod-1	8	16	68	Narrator	35d588ab4f04074f916528a3c1718371	9c0bcc5415e835cbe990d35954130c8b
gle_for_eng:pod-1	9	1	69	Diner 1	47cae4b943dde2c760f86765c9235c73	f47c0ccfc3f79c83d8dbb18e994935a5
gle_for_eng:pod-1	9	2	70	Waiter	e8c5f868bf14aff027cbf8c09fedb182	718e6f797347b8fd4b3f45a6622a4446
gle_for_eng:pod-1	9	3	71	Waiter	af6168075e50ff2b7982258ab0d51313	aecedd04a4e5cf7a1cd5b5239e80ae9c
gle_for_eng:pod-1	9	4	72	Diner 2	6e9e2d2367490fe32038e0cad3c7ff2f	91ae74f00f07601e9babaa242c7a5d36
gle_for_eng:pod-1	9	5	73	Diner 1	037804005c15a385677e678f118a804b	ea78ed82157a414c5169aef49b3b477e
gle_for_eng:pod-1	9	6	74	Waiter	c8d24c69f14b1460322fc3d0961ac75d	a86c30a79c6077cce89f3534133f9c30
gle_for_eng:pod-1	9	7	75	Diner 1	a4a2c23aff7013e5c5a386ca13643d0e	08f808be58b2d99c383869f4bd2b9e5f
gle_for_eng:pod-1	9	8	76	Waiter	9578e989990d96b1c79a739d7a355c29	63b23d49d9cc4cbfcd2e579d529fafa9
gle_for_eng:pod-1	9	9	77	Diner 1	f299a219534998e5fe688819dd7a87f1	06214f9b4ac4ad391f2d5ea78b71cde7
gle_for_eng:pod-1	9	10	78	Diner 2	1510604a3734d165f82625d8d024f4c3	9581444710a2c46fbe4893e417a9fa3d
gle_for_eng:pod-1	9	11	79	Waiter	f86d15dcce609dc8f66527445be94468	60358de534ece5a38b06fd63bc1f3b38
gle_for_eng:pod-1	9	12	80	Diner 1	c9a0f2cf8e2aac4b25de7ffe8f6afd3d	98f46984f350be53caf0d8042b08fb4d
gle_for_eng:pod-1	9	13	81	Diner 2	01ad793e3f399b67489f56bbcb1c529f	4e89e1708e54fa14e52a5316232da8c5
gle_for_eng:pod-1	9	14	82	Waiter	3c47bbe9039701d695fa43e38a82d411	4d3da2ee5e65d6f8789ba8a5e3aa642c
gle_for_eng:pod-1	9	15	83	Waiter	a07b8712d90918025e7c5f2b5156e21d	de28fcf5d0a220f3654a7d2910a5b135
gle_for_eng:pod-1	9	16	84	Diner 1	d7fd41cbb90df8e7d6c88ba5bd998574	40123960824b4440b27f97076b2993df
gle_for_eng:pod-1	9	17	85	Diner 2	e7e315a74b55529410b450bec466102c	1b6b76e0bdc8953ab878905b8cc52df9
gle_for_eng:pod-1	9	18	86	Narrator	d78219107abba66464043083d1608847	418fc34f8a619847c1ec0523c838a8a7
gle_for_eng:pod-1	10	1	87	Customer	926e73c222c8cf164463d5c82463dfb8	136151eba56ff0f31b5d130954df5f15
gle_for_eng:pod-1	10	2	88	Assistant	f9c7b5826ecedeee5c6e2e29e4f6298e	e4cbe079c0dcc535e9cd8aaef51c9797
gle_for_eng:pod-1	10	3	89	Customer	1ca24cc4df56cdea3e132581013e790d	93693bd14a65a0bf93904aa6a6980234
gle_for_eng:pod-1	10	4	90	Assistant	e6c7edbd1709d2a6c3fcc5a56fcd6483	d0f2cb73e1e5371d15cfeb2681bae7c5
gle_for_eng:pod-1	10	5	91	Customer	33fd58f070438d8d912818e97c8d5819	f1aa603fd2b80fab9a0764ddba8ba5da
gle_for_eng:pod-1	10	6	92	Assistant	6f85ff01c4110fab897d59b8054415f2	27b11b3461c2c22a832ac7a15cc39f15
gle_for_eng:pod-1	10	7	93	Customer	94d178eb390a4c7fdb5cbae5fc6adf85	1d40abee6285888e49c74dfb5bcf9927
gle_for_eng:pod-1	10	8	94	Assistant	4732f5c1c80af5e19b9cb93e478e16bb	f3ece2bc999b98ab977a597fe8456278
gle_for_eng:pod-1	10	9	95	Customer	56ddeb09ef74e8da602e18731702efda	e89ac0506de9d0c1aebd9e841fa55ba2
gle_for_eng:pod-1	10	10	96	Narrator	80af6ac8631361eedd56140cbc21d4f1	88c1ab6fdafe008af86fe0b06f4c841b
gle_for_eng:pod-1	11	1	97	Guest	261b5a680757b94561744c8d8b7a2b1c	cc55707d7078fc7aa2cb496d4ff3f91e
gle_for_eng:pod-1	11	2	98	Receptionist	6eee18352e1bad6c928707fe93f8ad7f	f686f5ac142a24984957aaa44464e88f
gle_for_eng:pod-1	11	3	99	Guest	6a3f28e510e828636785d4e0aadda8f9	ec7626acc5bc14df9335862c416ea34f
gle_for_eng:pod-1	11	4	100	Receptionist	4d9b9a4931da65e353af9d6a26460a3e	552df0d976f1a2d84d4af72d95e5b59a
gle_for_eng:pod-1	11	5	101	Guest	50a55ef2df851a08fd993c56f927a8ff	7b0407dc87cc2c4961a945606a5eadc4
gle_for_eng:pod-1	11	6	102	Receptionist	77f0d7e27c71589f834045995c13f7b6	bb3123fdb334f284bcb1af62f7f238e7
gle_for_eng:pod-1	11	7	103	Guest	2ffda738d8681350b647f6c5da34418b	225256efd81262ffe2b947381a8cf080
gle_for_eng:pod-1	11	8	104	Receptionist	00d35937605a0b7176e74f33ab20965f	7361204e12235a4165e525c8993dc914
gle_for_eng:pod-1	11	9	105	Guest	cda623edd01dd8c8109e0e3cf1ccac32	4c3bd72192248f3b689ac3bdb789ac2c
gle_for_eng:pod-1	11	10	106	Receptionist	17d1fe7e1b04e531955684864fb4f0aa	0598c0d2d13ded214ea462b251a0d013
gle_for_eng:pod-1	11	11	107	Guest	61a9ac047efb528234f7dd6f9b4dd427	77bb11ec8afd06d6b134f6f69df41802
gle_for_eng:pod-1	11	12	108	Receptionist	1f7a584e8bacc728ebf6d070cff3823d	84e3ae341108982767642713c846233a
gle_for_eng:pod-1	11	13	109	Narrator	a1294a492a0266450b40a8b9d27a8479	a039db0b2a75b9ef42c456afbf08acb2
gle_for_eng:pod-1	12	1	110	Customer	03e99a1161062b72375957a7fd3db5f6	2e0c0d4948556b0a6de58e3ddc21395d
gle_for_eng:pod-1	12	2	111	Pharmacist	bb819c6779ac61c735e78076f829acd5	64b835aa122947a9ec0e4602f081f977
gle_for_eng:pod-1	12	3	112	Customer	53e2624f367fa47141bbe0480e72bc87	ffc7160bc08caa75a27c0e47e6829382
gle_for_eng:pod-1	12	4	113	Pharmacist	9944d0e4bade754a3682fbc97fae915d	48bcf2e67a7019da71d9e7c0f7c92a44
gle_for_eng:pod-1	12	5	114	Customer	8385a6858b1e38a2f78d2ee976906be5	599ac705b6e160bfafeca6ee3ff9c0b7
gle_for_eng:pod-1	12	6	115	Pharmacist	9ea0cbd28790409e18b788e352b5904a	e592ec2ece61a026f44312af940f04ab
gle_for_eng:pod-1	12	7	116	Customer	30b7740be65f0c81ae00603c56699174	ac82c32fe908849dd80acbc6a9b1fe4e
gle_for_eng:pod-1	12	8	117	Pharmacist	67115da6e629040c1c01fc52c2a23f01	f0be03f62fc608c755238e341759c65c
gle_for_eng:pod-1	12	9	118	Customer	99bd78b05ae0bc49d4331d2c8d3779ac	e42037889344d661179702232365b051
gle_for_eng:pod-1	12	10	119	Narrator	2e2c81e6faf63b293557d1dc4a13ebf2	7356639b43b69fb452e712e88ca612ea
gle_for_eng:pod-1	13	1	120	Tourist	bc2ba1c381466c17d997494d4f1e07b2	daca79f72d2e3ffc8ed3cf8c833b5595
gle_for_eng:pod-1	13	2	121	Local	69c3d07e610ad58235a57373ac4162fb	7c12a65de20b42e05db3777842ff80cb
gle_for_eng:pod-1	13	3	122	Tourist	b641eda31f12a605d49cac96b99793a2	444f9aa0aa56ed882191729a3c3fe78e
gle_for_eng:pod-1	13	4	123	Local	651ede0b05c9445beb8914904fa9f9d3	7528fc391ebf65dd55f321c7dbb62608
gle_for_eng:pod-1	13	5	124	Local	4d7f5a43f5b7e270fa61ab715c3f3b5c	ed54becb0e49e16df83cc60466efa8d2
gle_for_eng:pod-1	13	6	125	Tourist	63abe294ee15882bafe7275950fc5e14	225eb9e5c0f9d0b57652f113e937f8e5
gle_for_eng:pod-1	13	7	126	Local	ad591ccfefac5508167c4d096b68f80c	7195a8c13810d9b9853c3c211f616a9e
gle_for_eng:pod-1	13	8	127	Tourist	c1ce32bd49d9cb44a942cda27b81b1f2	9c909612cff0b9fb58decf8506cb50db
gle_for_eng:pod-1	13	9	128	Local	f5de6a80a82e663f56a929ddc9f0f8ad	759bd7d3204fa55d3e3b463340506aa2
gle_for_eng:pod-1	13	10	129	Tourist	a871dca9b0279033aa3ae063e2bdd4b9	d84dc29ab18369e040cfb3b3899f2394
gle_for_eng:pod-1	13	11	130	Narrator	3beb7001afe666a9445bd5f4f29771be	4ff53b91110304c96b46805771c7f4aa
gle_for_eng:pod-1	14	1	131	Passenger	5f059d7cbd242ce1418bfd739141638c	c58ec5f5bbb7c695c418f6b4ea356da1
gle_for_eng:pod-1	14	2	132	Driver	7f374ffd7c2d251984b4b620fae239c7	27652fc6bc26f1807c076c5dc3969133
gle_for_eng:pod-1	14	3	133	Passenger	be0d55e0db84c0a94e14feae8e915c12	a4e86846455e65cdebe8cc6e028ec556
gle_for_eng:pod-1	14	4	134	Driver	561476c642ba7e3d8139409b587dfc72	39d0ed883ef886cb909f83a13c8b51bf
gle_for_eng:pod-1	14	5	135	Passenger	5525c0b861bf7aace6dfc7db54f01e4c	f33af4b471e77de0eee25686f789cab5
gle_for_eng:pod-1	14	6	136	Driver	d3e96cc61dde54ce9299881490e8fb8c	dcad5fc92e5bfad25efde3fd1acf1dee
gle_for_eng:pod-1	14	7	137	Driver	fc2a9c7672bc2856c9e2b22907548da5	50f60b36ab55c687d9418741fdbef5b1
gle_for_eng:pod-1	14	8	138	Passenger	0b771a5647b2901fc3c228ba5eb57370	bd0f8de5afca3e57a99b1f58619dc6c9
gle_for_eng:pod-1	14	9	139	Driver	00d80a3fa4a8b57e346f856f44252d61	9bbc74c3fab1a78c5d2faffeef46810f
gle_for_eng:pod-1	14	10	140	Narrator	5ae3693d578b7706850f1df7a829a82f	55c9f6473f40cdb17d4d7ab4409a232b
gle_for_eng:pod-1	15	1	141	Learner	70187c820be095eb65ab97f2460006bf	913bb5faa544c775b1fd10a63c47dbc3
gle_for_eng:pod-1	15	2	142	Learner	8ba4a158079b08d8a4cde9232df21909	a09180b6842fda593edc9e60043a5a0a
gle_for_eng:pod-1	15	3	143	Learner	4970acb12b1d7b70919458371f6dc60c	af1da60e13065be4a6990b5e69892926
gle_for_eng:pod-1	15	4	144	Learner	c0340b89b44e6892c6226fed59d6799f	47f8bf53caeeded147506c90240992b5
gle_for_eng:pod-1	15	5	145	Learner	17d93a2c76b32c6d57e228c5e37b9695	a8eea28a3fa662b1ea97dfb76e81a785
gle_for_eng:pod-1	15	6	146	Learner	5e772a70ab5f339dd559d6da766a53ce	e35e0984619771f391c8df3d2f8dad1c
gle_for_eng:pod-1	15	7	147	Learner	8c51d7c91ad6bddd52ed4d67ebe80924	376104b5c665287b33a4b3df71fb361b
gle_for_eng:pod-1	15	8	148	Learner	f2abda2181c9e4300e5ef42256624ff4	0b3bff8c3cbd4993240fec74a9511cef
gle_for_eng:pod-1	15	9	149	Learner	100ab97c8ea21f6424589af8f7fc4e90	f56a6fa0342d93687c324258b7196cd5
gle_for_eng:pod-1	15	10	150	Learner	2faa5353d33c897a8002b9f4d5876c56	9a86f7902fbd2894a9f4603da2f7ec9f
gle_for_eng:pod-1	15	11	151	Narrator	9219a385fb82112f6eb52817df5884bd	eba1245daf0d65cc1d6160ccf05bcab7
gle_for_eng:pod-1	16	1	152	Learner	ee6b1a13edffc2def66a0ed963ebb5c8	9eafb4da0eef364b90375b55537d25bb
gle_for_eng:pod-1	16	2	153	Learner	a4340d8c0d0ee7927c27b100308d97f5	b3b90f8f5c48e9ab512dc566324ed037
gle_for_eng:pod-1	16	3	154	Learner	2b33363ec9ad959b1ba3ddf7ed437312	63d80cfa06344b7d9f4045b7fba0cb9f
gle_for_eng:pod-1	16	4	155	Learner	076573447b27934bebede6205a3d69de	1077817e87520a09a8a2abc0190c9997
gle_for_eng:pod-1	16	5	156	Learner	b4b476ca8213a787cf466d26497e02f8	875936a84ce3549b311ad51323c3ac94
gle_for_eng:pod-1	16	6	157	Learner	9ddf1d8f76edb814b2390cd98c5bf8ee	2eacc883d508a1f175c2f2d0f3d324e4
gle_for_eng:pod-1	16	7	158	Learner	84b728fa4ae202509bde21e7df19a39d	aa2623f2438db26bfc289ac08d18c9a8
gle_for_eng:pod-1	16	8	159	Learner	07f58d926a41e1018111c9fade5dbcc8	65a2bf309c72a368908ff228b43e5c12
gle_for_eng:pod-1	16	9	160	Staff	9929cfbb9580e2a477ee760ab59928a9	9650460a658b8f5dd8a906f1782c3f5c
gle_for_eng:pod-1	16	10	161	Learner	1d49e241dcd2a8eb805aad2315f43a8f	6f81b411447233cc4554546d3485e6e5
gle_for_eng:pod-1	16	11	162	Narrator	81bbf75d2f76d00763c0f5e0bad04cd8	91f7b0696c7c0fc707420471e844af02
gle_for_eng:pod-1	17	1	163	Learner	49a826cb805ddac6b72f87cb6cb055c8	3f918556b4706fc38a4f66b38ee11e93
gle_for_eng:pod-1	17	2	164	Staff	3eb53cba2b464fa45f8024e4357fa64d	b89bf636041965ef6e44581a0e66405b
gle_for_eng:pod-1	17	3	165	Learner	6791f0b3d689725a8bb6666bbd53931e	b2e9e73da95ff8e534a2c05be54469f1
gle_for_eng:pod-1	17	4	166	Staff	cec632a6c244c33ffb2aa90c5c995f5f	ee1a2848e1d6e5a016074ba8e5f9df67
gle_for_eng:pod-1	17	5	167	Staff	72537edd46d0df1b269454ee86514719	a2ac474dcab961749b90674a53304753
gle_for_eng:pod-1	17	6	168	Learner	9f8d13a3972b0de9ed5e6139414236d2	218566fe0117cad5e42b24674ac59854
gle_for_eng:pod-1	17	7	169	Learner	e9c7fe822d507d6ca95142c6478ca73c	6f23d3e4fbf9fb84eadce090d6e21e0b
gle_for_eng:pod-1	17	8	170	Learner	14d585753402c4122895c87e474f9344	89d84b38c76d0c63271993c96159335c
gle_for_eng:pod-1	17	9	171	Interlocutor	cd0715ecf89215a7301de8be96e46f43	60f59d8aa7095fbf4d63419a67291235
gle_for_eng:pod-1	17	10	172	Learner	062758f48aef446290a3a44096ddc17c	cb2b984f6c5a6652552f5a52433e9043
gle_for_eng:pod-1	17	11	173	Narrator	191469f8f1e945b73bfd99bf4ecd6fb6	e9b4223aa4445b27cd280248acac1ce9
gle_for_eng:pod-1	18	1	174	Learner	723aa537bf70ae840b572beb3d60fd7b	200c3546a879a0ce8458e37ec1dea3f3
gle_for_eng:pod-1	18	2	175	Learner	557b42308feedffd88b29988d0f2aab0	29a9cbbfaa50d8b1fba17c8ddf1af426
gle_for_eng:pod-1	18	3	176	Learner	819c8d2b976b7ece78664f4fd673958d	a15f9ace48459a3c4e3c4d737c41f653
gle_for_eng:pod-1	18	4	177	Learner	f0aca989165a12d863608183e74e7a62	1f1e50ef6f5759e0685d415825edfff4
gle_for_eng:pod-1	18	5	178	Learner	5d337715d41cd200a9924e8073f7a307	bf2a03f0a7f78a5b14c9039a057ea050
gle_for_eng:pod-1	18	6	179	Learner	64eee3f76189661014862e72e05e1487	ead58d7143eb35c36f5b78aa7009c68b
gle_for_eng:pod-1	18	7	180	Learner	c365f0d1ef9c2d25f58181a0c6a3089a	d1d15242deb8a3a7bf0fae7c42c0a47a
gle_for_eng:pod-1	18	8	181	Learner	34f0a0fd8849690d2f7404a294c88f90	deec3ef222041f80b3b966f9b6c515c1
gle_for_eng:pod-1	18	9	182	Learner	ad82f9c4444f4daebdefbc0aefbeed09	5c40a0c454e9a7788820e3cce62aeda2
gle_for_eng:pod-1	18	10	183	Learner	15a7d190c8f5f905594ef8d1ccb9a739	ea174e84d89f9dce1d8ddc975990cf28
gle_for_eng:pod-1	18	11	184	Narrator	95d70bd47a9f825932ad0ba4b53be96e	4ae156b07d9bd5fae88713471a19e018
gle_for_eng:pod-1	19	1	185	Learner	103d6c6283e48a1a34d684b8b8441765	7c15f463d5f03199782a2b1f30c3c846
gle_for_eng:pod-1	19	2	186	Learner	5ee05a1aa72682df185c3642db923f14	c8f053172ea3fa290e676bc9cde75458
gle_for_eng:pod-1	19	3	187	Learner	0fad8fe3220be802559f5e661162ef05	4140109bcdedb65463d59334e5e425f0
gle_for_eng:pod-1	19	4	188	Learner	603789e77844bdab89ec959026ab67cf	9e29640615f6f87aeff81f4e6c5b53bf
gle_for_eng:pod-1	19	5	189	Learner	e08732fdfb47fb4df205be207baeda4c	84fc461be123eda48d5bf41b0d1a0f73
gle_for_eng:pod-1	19	6	190	Learner	d361cb1845b4185355ca5db96e5fd661	5263aa615a62dd65c071d15ead5cfb6f
gle_for_eng:pod-1	19	7	191	Learner	452e682204df709834ee7630cbf4b1eb	ac3e999e4f5bae18ce949597989cf25d
gle_for_eng:pod-1	19	8	192	Learner	f08887e53bc2e32bb8e0b7688355353b	db14e1d9c46d468ce0c2a1942c9e5547
gle_for_eng:pod-1	19	9	193	Learner	4b5aa1ba2af3f4e2f5bcf9d1c7065c55	b4d53d399c40313615294a5dbc3ad920
gle_for_eng:pod-1	19	10	194	Learner	76788f9dd01cd2a1ea039ade1944e09c	380dc3308d4281d833de8337be86c632
gle_for_eng:pod-1	19	11	195	Narrator	9b2cd1dc37e7f61e02a5446e19c16492	e1d859ceca82f3a29e9f5d6896683d70
gle_for_eng:pod-1	20	1	196	Learner	d585bdd95d7848c63b9def48883599f1	a53e1713be20c3a621f4e8a3f6579843
gle_for_eng:pod-1	20	2	197	Learner	a8296af74b9652d4229f5359cfa88a96	60ad360bce4d369112c2efa49f353165
gle_for_eng:pod-1	20	3	198	Learner	2c41a075c85ff260700e34b5af08ebbe	c26678bd3218eaa94031c1fcfdc92338
gle_for_eng:pod-1	20	4	199	Learner	996dfd2b630e14b0f28edc8d8a42be66	9f47f8766713f4c48173ed805c447f66
gle_for_eng:pod-1	20	5	200	Learner	ff3f3849ecc432a483ee5b6895374662	2b6b87c53a652020c2650090c91f7040
gle_for_eng:pod-1	20	6	201	Learner	7d5883f8f095955b3e136320d2550b43	c9596a3f82692ecbe36422e38d488d64
gle_for_eng:pod-1	20	7	202	Learner	fd21b77cb107fb229845680df3c9c3d8	c61460556c733cd480ba0b2038b17bce
gle_for_eng:pod-1	20	8	203	Learner	b954cda7ac89d2232f7281177af7baf9	251c226f2b72c6638554a1826535bdf3
gle_for_eng:pod-1	20	9	204	Learner	8fd3dfd59fa05cac17d8dfc1f5337b20	2badaa9753a0c2d89b8f7fc048141886
gle_for_eng:pod-1	20	10	205	Learner	0deb090d389fc16b3e4af9a9d63062e2	39a4a36539151c49ff0aea2901d6e46c
gle_for_eng:pod-1	20	11	206	Narrator	87308342379c8144b3c1efb9542ac95f	b00aa4bbb11b7c5b8a41297fedf164e4
gle_for_eng:pod-1	21	1	207	Learner	ceb4e1f11c6a85d77749c0e47c16fffe	31883c238e38aa97c19879601c538da8
gle_for_eng:pod-1	21	2	208	Learner	db663d303bec43236937fca41015a087	9c9b76e67042fad2983f6f9bb337bc11
gle_for_eng:pod-1	21	3	209	Learner	252dd1bc6337e8ad989cb803eef20051	fc2e6722bb0d2092c14338f4bc961cbc
gle_for_eng:pod-1	21	4	210	Learner	9d6c5ce52c18cbacd329bd8b52cf8577	6a301630a41e5723851c6251001c9cc4
gle_for_eng:pod-1	21	5	211	Interlocutor	e9b8a411170281811f64400061e2671b	69c80eebef962f3c3eeed4411205993d
gle_for_eng:pod-1	21	6	212	Interlocutor	c99a7c123fdb001d73d7409c82142e3c	e687907c0087a79ee8305dd114fa50ea
gle_for_eng:pod-1	21	7	213	Learner	a51bb40e1126600ce39fba7e407b263e	8e4d431911a139dc828de7241d404d22
gle_for_eng:pod-1	21	8	214	Interlocutor	dde881bd46c969db367314feaff2c7e5	11ea5656b70267c62d122e06d3f25ef2
gle_for_eng:pod-1	21	9	215	Learner	95c6a8848e450cff1fcc4936729386f5	f7a808574ea1968957fdacd409e5e52e
gle_for_eng:pod-1	21	10	216	Learner	805e0e56648ac32f036c27033c9a424c	8f5bd996aacf8dd34f3367288430eebf
gle_for_eng:pod-1	21	11	217	Interlocutor	1cf1b95a8a2cf3d298b06188f66f39fc	02cff8540cce3fccea77fea5e2829615
gle_for_eng:pod-1	21	12	218	Interlocutor	0c481dd0b0ae099dde7366349d8c39a4	a0065434b80f7195e6738e99841ac35a
gle_for_eng:pod-1	21	13	219	Interlocutor	d7faaac648910b71dd41170651956fa0	834c571189557c45f8dc2513b23484f5
gle_for_eng:pod-1	21	14	220	Narrator	8dce8b24ad7fcd8e5ac1e57741923394	c8ed10c9fc68227d7fe17887b558a9c4
gle_for_eng:pod-1	22	1	221	Learner	7c10297f636eda1efc0566d4ee2825ca	2699651c262da941e0550378404235db
gle_for_eng:pod-1	22	2	222	Friend	c5c0f00c18ee78659d91e6f99d208cdf	a8040b0a3d95ef89e87cf43deb00c5ca
gle_for_eng:pod-1	22	3	223	Learner	b1c2a3d461be73743f8ba86496453d65	b4e60a590a50dc74baf7ed4bf5bc4be6
gle_for_eng:pod-1	22	4	224	Friend	6b40362b68758f2a6be632ce8b23daf8	15d6200415181b8eb1c842a1a53a0917
gle_for_eng:pod-1	22	5	225	Learner	f02afeb1504195f554d0f3c630c088e5	beb0394ce89cd9183e5d903dcf4183a8
gle_for_eng:pod-1	22	6	226	Friend	c9f9402a0fd82b2180120a0ed2d22db4	bebeebdc22ddf518ee0b2db4484e1949
gle_for_eng:pod-1	22	7	227	Learner	dd65034c71d94723e490acce1c8fa652	a1c3d02f7c119f1dbfde1c0e56a04a97
gle_for_eng:pod-1	22	8	228	Friend	2a7e9a1ba42a16524bec4061f529aec5	4f58f4573664f9efa73634407ac75947
gle_for_eng:pod-1	22	9	229	Learner	be9bc1ec622e0143c737caefb137fefe	95d5aca2db8946dea751606ddb0377ab
gle_for_eng:pod-1	22	10	230	Friend	b8fdd57967beda84297e8e3b25b993c0	29827b2e81eb3bb465dad6e9ef61e523
gle_for_eng:pod-1	22	11	231	Learner	e79b25e2682282406a4e781aa35b8668	e5731ee5d0709cc7bd90f62bc4d1d9b0
hin_for_eng:pod-1	1	1	1	Neighbour (8 am)	d1d09cc8b5a4b2a51e3266b61edc4970	6ee0944e54db0524ecde74e6c629de1b
hin_for_eng:pod-1	1	2	2	Sarah	889b831246aa2c56d2ce0a01c2078003	aa26f2a183c4e0e6ed68f15e08ffe05a
hin_for_eng:pod-1	1	3	3	Neighbour	fa0afc9e76ecc2bf081b78fa1589f5da	cc464cfe2d26532c0418f4836ee5ebb5
hin_for_eng:pod-1	1	4	4	Sarah	80a00b25c87276cc95e94695069ed91a	35b94c213869adfc71dedf98d510b4a8
hin_for_eng:pod-1	2	1	5	Sarah	d37ac6703cd08f0b4bdb486a3fbd5815	1ebc5a6271df1e0684e2e7b9c41bb18b
hin_for_eng:pod-1	2	2	6	Passenger	c07fc343d4947d6d02438105b3efc21d	5e5d8b3c6f8bc430e1479d0777a768e2
hin_for_eng:pod-1	2	3	7	Sarah	d0e40b3ad8668eed23ea9511dc61830d	10902ecda3dc2372dc9cf570f2c80a9b
hin_for_eng:pod-1	2	4	8	Sarah	58bfa17dd4b45ec8608fc2fa914ef6da	1fb41845d0728f8c10727a8ce966c6f9
hin_for_eng:pod-1	2	5	9	Passenger	86315ea095088e2b06d36668548d8510	7c8caa73ae0269729cf079b955fa2489
hin_for_eng:pod-1	3	1	10	Barista (3 pm)	b680d2b78073d5b81a1faa1d359f8242	129b85d1178d6f963422c4224881b233
hin_for_eng:pod-1	3	2	11	Sarah	bf3ebb72346403fb42166d018168c501	9e08c222b5d1a39384a1b5fddfbf25ea
hin_for_eng:pod-1	3	3	12	Sarah	a7aecf837c5b95d449db174ae6d064dd	6885fc15633ab4b868aa5151e79d7186
hin_for_eng:pod-1	3	4	13	Sarah	c88c714b926840c967f831913146c02d	a60b2d126f8c7ff9ac38fbfa4364cb1c
hin_for_eng:pod-1	3	5	14	Sarah	e38671c3cec18e03716093696ed0500b	31d093097e4bfea2a6dd0ab4c22a6b15
hin_for_eng:pod-1	3	6	15	Barista	a17ab5b0c05284972a425e7e6aa5c199	f031182f541a00bfb1a31493235217b1
hin_for_eng:pod-1	3	7	16	Barista	71edf6a7843e86f1e34d8223eda24c47	ef43722ddbda655542b7cdb02bb936b6
hin_for_eng:pod-1	3	8	17	Sarah	c8b914bda48dc4a2b999a3e08b63114c	cbf8659af4f5ca4c927d141bfe3faded
hin_for_eng:pod-1	3	9	18	Barista	fcda3f6f384ba917f049b23aceb8e138	6f61d97ffddb4a91e45afc5f67e73c69
hin_for_eng:pod-1	3	10	19	Sarah	3905a1aeedc2270329b186324af871aa	54cf197a5697f647ff03a2b52745b533
hin_for_eng:pod-1	4	1	20	Friend (7 pm)	775e8ac4fd920c7bb0f18e0729174172	de62d7bb305c2be6a133ea17a0af37b1
hin_for_eng:pod-1	4	2	21	Sarah	ab2158dd023b8e4aa8a7288b5b1f96ba	01495caf915e2d5c88205615c813d856
hin_for_eng:pod-1	4	3	22	Friend	e495f8345b7c43b4450f749936b77698	6c683c3f18a71bc5a60a51245f7ea8e3
hin_for_eng:pod-1	5	1	23	Neighbour (10:30 pm)	2f7d532973e9f66bec171d52489808e8	139e47766b4ab1bc6c2e30d8275d570d
hin_for_eng:pod-1	5	2	24	Sarah	2260db70d9093295363a368bbd076270	5a620928d6e45913a894808d7501ec80
hin_for_eng:pod-1	6	1	25	James	e79b5d7fc53bd7c82a39710a64de4f57	b37cd01c3b7738424f852aea2063a505
hin_for_eng:pod-1	6	2	26	Anna	f2eaf3c77f9739badb11719e5bfcd384	b214d1387a552e4c9be132984796bcc1
hin_for_eng:pod-1	6	3	27	James	47a158889369eb49063a826e435989ab	085e3c08f2ffecfb23cbb422d831688a
hin_for_eng:pod-1	6	4	28	Anna	6e0676430833a389b531a3214664d2cd	0639e512b88fa8fcaebd5b9666928c7c
hin_for_eng:pod-1	6	5	29	James	4765ad0f78aabc9bcef602c4c6ead40e	79426185551098a662d1143e775cea18
hin_for_eng:pod-1	6	6	30	Anna	dc66ebf6894a952f5016c794344e4137	755656594f1fed66195e576bafc459ce
hin_for_eng:pod-1	6	7	31	James	081efbc67fb28013a0bd89a297270a6d	19d2869419a133d649ed42141a675cc0
hin_for_eng:pod-1	6	8	32	Anna	738742bc8c96982c181a8f6580eaedbc	9ebc765a5bc5d2479243dede501bd3a0
hin_for_eng:pod-1	6	9	33	James	a2cd5962c9f271721b5d39d4c7109072	f0204f2101b6c87cd3ac3ff00ece9715
hin_for_eng:pod-1	6	10	34	Anna	8c1123c7d2107b7227270e5074b8260e	9611b73d7680bf9a3b5637d7685e689c
hin_for_eng:pod-1	6	11	35	James	ed3e83b4acd819d9e11094e51c9590d4	5f34e333ac660776c7b01f074b5e1871
hin_for_eng:pod-1	6	12	36	Anna	57d9c6b39b5ff3ba358d64257acf7b4a	7c9e94e54ff783200c75ad1afddf413b
hin_for_eng:pod-1	6	13	37	Narrator	65524e7a28f4290bb5cb39e00604af3b	a9df7ad4db2e1971fb021f5644e1d0ed
hin_for_eng:pod-1	7	1	38	Cafe Barista	b680d2b78073d5b81a1faa1d359f8242	cbc2167ecf008fb033b5ac98aa1b364b
hin_for_eng:pod-1	7	2	39	Cafe Customer 1	382b4bf63a4b153166ef45a4fa85d4fe	501783348c585c978802f4fdc48329f4
hin_for_eng:pod-1	7	3	40	Cafe Barista	3bb4d9122556961673d2c34ecb726c7b	7ac946487706bc9ebf9c41d16197e6de
hin_for_eng:pod-1	7	4	41	Cafe Customer 1	5f01f606aae27b83d77f897e6515f7c2	56d632d7eac284ed7db82ac6573a506e
hin_for_eng:pod-1	7	5	42	Cafe Barista	61808f26bb19c998ecbdd873d0fa34f5	45787a9f76a00ef648b4e54a736ed6b5
hin_for_eng:pod-1	7	6	43	Cafe Customer 1	b28ec578fd4b13a0a32604f312af4db1	c43ecbf12526a32e59d7eda3876fb7d4
hin_for_eng:pod-1	7	7	44	Cafe Customer 2	6a2d7ea0f3373e2c45125b03f6f4f56b	ce4240fcb8bb7b3e0431cc6ea45df5d2
hin_for_eng:pod-1	7	8	45	Cafe Barista	67ed5559696a788239efc72534417353	92b16311b9402c95a838d93fb1501a31
hin_for_eng:pod-1	7	9	46	Cafe Customer 2	f088182b926c012f0c246e4df74b65f5	0ad80a8eecd77a5db88121c57e75b9bf
hin_for_eng:pod-1	7	10	47	Cafe Barista	5bf1eb4bcdd7137e0681d3c1f043c451	2de61305988afb0d32d84b087e36cd48
hin_for_eng:pod-1	7	11	48	Cafe Customer 2	3578073c5808fef1052546cbcd88080a	83f6d2006a0205d1f04f37ad2cdb4223
hin_for_eng:pod-1	7	12	49	Cafe Barista	01c44777b6078c4ff057194e7b64c519	f4707ef64079b9bd3120486cd8cd1da6
hin_for_eng:pod-1	7	13	50	Cafe Customer 3	44d2604f6c06082a0ad34ed226f6f8b2	440747e4c5a705e28463a93bdb2355ba
hin_for_eng:pod-1	7	14	51	Cafe Barista	65cef2abe8e3b87ba2961e8487d1aaf5	e53c40e2fc9be5922a1f67265e084b06
hin_for_eng:pod-1	7	15	52	Narrator	5932f42f62d804172014dc34751b387d	e2fd9610c4c8e82a1f7efcfc3206ffea
hin_for_eng:pod-1	8	1	53	Bartender	b680d2b78073d5b81a1faa1d359f8242	95e5cc8503c5b06fc599d942c1b95aba
hin_for_eng:pod-1	8	2	54	Bar Customer 1	2376817a10bcd7ff43088f7b0838677c	59d9c371c00f5aa6e9263c08a30a42b2
hin_for_eng:pod-1	8	3	55	Bartender	1b0a465a7c9472791dc0457257018e9c	4930a264ba1351fc1f2be2eeb0503e43
hin_for_eng:pod-1	8	4	56	Bar Customer 1	9591ef38bd1d190546bfbec3d6a9b287	1fb2b2c11bb3d11e65e41029d3da1abd
hin_for_eng:pod-1	8	5	57	Bar Customer 2	8151b1acb13b92df6305dc01c5995a95	64e908148bb806be4c5b82b6cd67f3cc
hin_for_eng:pod-1	8	6	58	Bar Customer 3	1ec9476515bc9ae3aa45db00bfa05ef8	5705209f2f526bf4a4e906fdff5e8666
hin_for_eng:pod-1	8	7	59	Bartender	27724e58c6a93d7afc1c1c0d6ba064ee	463cfc4e55bd3de5f4c5f6998798c8ff
hin_for_eng:pod-1	8	8	60	Bar Customer 3	584a1b97e1dc0c90caf78fadb953a698	1caace2cdd8542fe8ae296efab852317
hin_for_eng:pod-1	8	9	61	Bar Customer 1	8d73016b169a3629a624c3997843b288	52bff53cb70f6415f72fa87fdc38b652
hin_for_eng:pod-1	8	10	62	Bar Customer 2	292e5a9434adc90767eecaf773a952b4	913165018eb8739a5a0f0613c937fc94
hin_for_eng:pod-1	8	11	63	Bartender	b00f00ad1031e26fbcdcd5f5b2f89f0b	cb7282d0097a8ca0c2d2839f0095852d
hin_for_eng:pod-1	8	12	64	Bar Customer 1	05a835010f9a8faef6765991ba2dcb79	54cb51c8fb37ecd2e04ce14848f2444d
hin_for_eng:pod-1	8	13	65	Bartender	8a1c5de27b32d0d21dc46351e6e4167c	3feeb7bb1aa528b75366afe8ec9bfa2e
hin_for_eng:pod-1	8	14	66	Bar Customer 1	28ceb23a2d30841d7c2515e1b0cf1951	db93cc48e1c5ade124d2f44fe0a847be
hin_for_eng:pod-1	8	15	67	Bar Customer 2	6b06188f8afe69862834baec4903d86f	423abcaa566f0bf44715381b375bf04e
hin_for_eng:pod-1	8	16	68	Narrator	7c4d989cd46a26a8de469e7d6b22c412	9c0bcc5415e835cbe990d35954130c8b
hin_for_eng:pod-1	9	1	69	Diner 1	4256aeac546244524f7375238f9b31fa	f47c0ccfc3f79c83d8dbb18e994935a5
hin_for_eng:pod-1	9	2	70	Waiter	724f80d613440930928a5870b565c45a	718e6f797347b8fd4b3f45a6622a4446
hin_for_eng:pod-1	9	3	71	Waiter	cff218ea144c5525362bed4a34a89a4f	aecedd04a4e5cf7a1cd5b5239e80ae9c
hin_for_eng:pod-1	9	4	72	Diner 2	e1d7733d9c85bf3817e977af00c57236	91ae74f00f07601e9babaa242c7a5d36
hin_for_eng:pod-1	9	5	73	Diner 1	2bc9ae4aa47277e12c3cf756a0c0bbc7	ea78ed82157a414c5169aef49b3b477e
hin_for_eng:pod-1	9	6	74	Waiter	355129486cbf51effb10591dae5b3404	a86c30a79c6077cce89f3534133f9c30
hin_for_eng:pod-1	9	7	75	Diner 1	b8a17b219cda0cd008d6617acd4d275f	08f808be58b2d99c383869f4bd2b9e5f
hin_for_eng:pod-1	9	8	76	Waiter	c027c164a330ddc27ba40f88b9fdf2cf	63b23d49d9cc4cbfcd2e579d529fafa9
hin_for_eng:pod-1	9	9	77	Diner 1	0de634e5311a51166945c46533d4ef5e	06214f9b4ac4ad391f2d5ea78b71cde7
hin_for_eng:pod-1	9	10	78	Diner 2	8aa730e03ff091cd8f47026418dee3ef	9581444710a2c46fbe4893e417a9fa3d
hin_for_eng:pod-1	9	11	79	Waiter	f5edf72f1a8e1baf63dbe4d8ca9fb1e6	60358de534ece5a38b06fd63bc1f3b38
hin_for_eng:pod-1	9	12	80	Diner 1	623a2953276a84ee874943478fcf20c2	98f46984f350be53caf0d8042b08fb4d
hin_for_eng:pod-1	9	13	81	Diner 2	32889724ca1d8ac1a19d5fc6d57db76d	4e89e1708e54fa14e52a5316232da8c5
hin_for_eng:pod-1	9	14	82	Waiter	d57858653cae77cdacecabc37048c3d5	4d3da2ee5e65d6f8789ba8a5e3aa642c
hin_for_eng:pod-1	9	15	83	Waiter	be391e87d5bd3e6a3ed070da8a5eb50f	de28fcf5d0a220f3654a7d2910a5b135
hin_for_eng:pod-1	9	16	84	Diner 1	f8af95bdf554a3182bc37b8a416a6bfa	40123960824b4440b27f97076b2993df
hin_for_eng:pod-1	9	17	85	Diner 2	a4715ca308f62ff2a05b2a54ce8daab3	1b6b76e0bdc8953ab878905b8cc52df9
hin_for_eng:pod-1	9	18	86	Narrator	6da120456f77cbcf2ce65be7a097a2bc	418fc34f8a619847c1ec0523c838a8a7
hin_for_eng:pod-1	10	1	87	Customer	2d74adc2f7844d827c6a323d0f6dc113	136151eba56ff0f31b5d130954df5f15
hin_for_eng:pod-1	10	2	88	Assistant	831594dc5aad988e2de8fc573e00f8ef	e4cbe079c0dcc535e9cd8aaef51c9797
hin_for_eng:pod-1	10	3	89	Customer	d82b9d3a77cbe079ec4ee248b8d24afd	93693bd14a65a0bf93904aa6a6980234
hin_for_eng:pod-1	10	4	90	Assistant	f6207ad37c2be1207c9132df3a1b4df4	d0f2cb73e1e5371d15cfeb2681bae7c5
hin_for_eng:pod-1	10	5	91	Customer	952e76afae3ec6a1ebb6f86208c8bfd7	f1aa603fd2b80fab9a0764ddba8ba5da
hin_for_eng:pod-1	10	6	92	Assistant	0d69d157fb9e6b6717a1608c268102ab	27b11b3461c2c22a832ac7a15cc39f15
hin_for_eng:pod-1	10	7	93	Customer	9b68d19fd940e704514377c81a4c9403	1d40abee6285888e49c74dfb5bcf9927
hin_for_eng:pod-1	10	8	94	Assistant	0ab0c8f2a1ecf78fbb874ae785a12d0d	c5b456cfacaf26627f58ff45a922ddf3
hin_for_eng:pod-1	10	9	95	Customer	224dae5c2e6d91918b324cfe0eb81e9c	b5ec0721075b847ecc7c78a7d5d32aa0
hin_for_eng:pod-1	10	10	96	Narrator	d10ceb821f2ba941abc5e0ed79b92041	88c1ab6fdafe008af86fe0b06f4c841b
hin_for_eng:pod-1	11	1	97	Guest	6d96f9d10fd70c65445b28f9ed109afe	cc55707d7078fc7aa2cb496d4ff3f91e
hin_for_eng:pod-1	11	2	98	Receptionist	3b6863a7f242fc2bec56be29eb482f5f	f686f5ac142a24984957aaa44464e88f
hin_for_eng:pod-1	11	3	99	Guest	bff1824b74d4347b6dbf19559f82afc3	ec7626acc5bc14df9335862c416ea34f
hin_for_eng:pod-1	11	4	100	Receptionist	802529c68dfa4ca62ab7c0686950c5fd	552df0d976f1a2d84d4af72d95e5b59a
hin_for_eng:pod-1	11	5	101	Guest	18fb074941f469f9056b89ec185ada9c	7b0407dc87cc2c4961a945606a5eadc4
hin_for_eng:pod-1	11	6	102	Receptionist	80007c06220f1f76fb016059156b00ec	bb3123fdb334f284bcb1af62f7f238e7
hin_for_eng:pod-1	11	7	103	Guest	84d9175b62942ff203e4636d701e1453	225256efd81262ffe2b947381a8cf080
hin_for_eng:pod-1	11	8	104	Receptionist	17a5df08337ef10e0a9b05c40419971f	7361204e12235a4165e525c8993dc914
hin_for_eng:pod-1	11	9	105	Guest	b493d41b8a95921bc99818bf2dca1d2b	4c3bd72192248f3b689ac3bdb789ac2c
hin_for_eng:pod-1	11	10	106	Receptionist	372a3b961fc07e219c07db88bb6eb224	0598c0d2d13ded214ea462b251a0d013
hin_for_eng:pod-1	11	11	107	Guest	50fb86e86cc292b0e661da8a180dfc33	77bb11ec8afd06d6b134f6f69df41802
hin_for_eng:pod-1	11	12	108	Receptionist	2cc368515d3db28e0c492ee0ecead585	84e3ae341108982767642713c846233a
hin_for_eng:pod-1	11	13	109	Narrator	8b365bf56e6cf1b936493dbab909cc30	a039db0b2a75b9ef42c456afbf08acb2
hin_for_eng:pod-1	12	1	110	Customer	48af94e396aeca3f38a2fb6759fa4bd3	2e0c0d4948556b0a6de58e3ddc21395d
hin_for_eng:pod-1	12	2	111	Pharmacist	f244a6bff8d46ee6e7dd597728c76d71	64b835aa122947a9ec0e4602f081f977
hin_for_eng:pod-1	12	3	112	Customer	190889e2059ba49bf6a637c0ab87a4a3	ffc7160bc08caa75a27c0e47e6829382
hin_for_eng:pod-1	12	4	113	Pharmacist	f22073a34cf3d8b8aec19254169bc6c8	48bcf2e67a7019da71d9e7c0f7c92a44
hin_for_eng:pod-1	12	5	114	Customer	bc681091d495d4105f1e2fee04329623	599ac705b6e160bfafeca6ee3ff9c0b7
hin_for_eng:pod-1	12	6	115	Pharmacist	c75c938e0aede10f1cf2bbfd16ec16b9	e592ec2ece61a026f44312af940f04ab
hin_for_eng:pod-1	12	7	116	Customer	7c0b636ab2077d175606950ced6ec26c	ac82c32fe908849dd80acbc6a9b1fe4e
hin_for_eng:pod-1	12	8	117	Pharmacist	360893ff960922385e8ca24e31a25143	f0be03f62fc608c755238e341759c65c
hin_for_eng:pod-1	12	9	118	Customer	220551b68482432543cf175745f45bf0	e42037889344d661179702232365b051
hin_for_eng:pod-1	12	10	119	Narrator	018eec667681bbebd5b22a8853d72af5	7356639b43b69fb452e712e88ca612ea
hin_for_eng:pod-1	13	1	120	Tourist	b89687cc0ddbc7581e559d1f29720444	daca79f72d2e3ffc8ed3cf8c833b5595
hin_for_eng:pod-1	13	2	121	Local	be6279589a5831794d5b3866e8d5e408	7c12a65de20b42e05db3777842ff80cb
hin_for_eng:pod-1	13	3	122	Tourist	7615b804f3c91af52cfc880bb597f164	444f9aa0aa56ed882191729a3c3fe78e
hin_for_eng:pod-1	13	4	123	Local	5e6e031eead9eb0cec9479606947711f	7528fc391ebf65dd55f321c7dbb62608
hin_for_eng:pod-1	13	5	124	Local	d2513270914ad8a678304bc5d95bc707	ed54becb0e49e16df83cc60466efa8d2
hin_for_eng:pod-1	13	6	125	Tourist	28c8afc3f033293ba2895e6495daff48	225eb9e5c0f9d0b57652f113e937f8e5
hin_for_eng:pod-1	13	7	126	Local	c941e136b673cd0f3535a8293dd1ab44	7195a8c13810d9b9853c3c211f616a9e
hin_for_eng:pod-1	13	8	127	Tourist	65a39fe4b43d15d5f0053bd2b0ef2d0d	9c909612cff0b9fb58decf8506cb50db
hin_for_eng:pod-1	13	9	128	Local	fb7ebca6c4d67aec7975b1bf367170e9	759bd7d3204fa55d3e3b463340506aa2
hin_for_eng:pod-1	13	10	129	Tourist	3a36ac19059f890c13f882502b2d24b6	d84dc29ab18369e040cfb3b3899f2394
hin_for_eng:pod-1	13	11	130	Narrator	78b2bb25f7e2e7cbc51de7bcf81945b9	4ff53b91110304c96b46805771c7f4aa
hin_for_eng:pod-1	14	1	131	Passenger	02492a102de2d8e28db118a7619918ef	c58ec5f5bbb7c695c418f6b4ea356da1
hin_for_eng:pod-1	14	2	132	Driver	762316f444eca8f2caa7055521cfe282	27652fc6bc26f1807c076c5dc3969133
hin_for_eng:pod-1	14	3	133	Passenger	7d71e1b602e45de448cfe1c2c298aa33	a4e86846455e65cdebe8cc6e028ec556
hin_for_eng:pod-1	14	4	134	Driver	35b724cbb7e9abd8a515dd5d5d425fd3	39d0ed883ef886cb909f83a13c8b51bf
hin_for_eng:pod-1	14	5	135	Passenger	abbf89efb84e7387396faa482e9592ca	f33af4b471e77de0eee25686f789cab5
hin_for_eng:pod-1	14	6	136	Driver	f832ceddd64304ec30f259d7ad582137	dcad5fc92e5bfad25efde3fd1acf1dee
hin_for_eng:pod-1	14	7	137	Driver	2099a984af349483a4c25115a788227c	50f60b36ab55c687d9418741fdbef5b1
hin_for_eng:pod-1	14	8	138	Passenger	dda92d9cd34b2c88d3bc12a114c54b32	bd0f8de5afca3e57a99b1f58619dc6c9
hin_for_eng:pod-1	14	9	139	Driver	6291ac52b6796ccea4da2e71adbad881	9bbc74c3fab1a78c5d2faffeef46810f
hin_for_eng:pod-1	14	10	140	Narrator	10ea42bbea42165570dac774e0b0de1b	55c9f6473f40cdb17d4d7ab4409a232b
hin_for_eng:pod-1	15	1	141	Learner	db5bba6c5a385ce3fbfeea3e4c2b25b9	913bb5faa544c775b1fd10a63c47dbc3
hin_for_eng:pod-1	15	2	142	Learner	31b5dd5453fc2cd460c593f0511de8bd	a09180b6842fda593edc9e60043a5a0a
hin_for_eng:pod-1	15	3	143	Learner	200a37a1af458d80f4d07f532f98dcf4	af1da60e13065be4a6990b5e69892926
hin_for_eng:pod-1	15	4	144	Learner	a9037129f7eba06351952e0310486d7a	47f8bf53caeeded147506c90240992b5
hin_for_eng:pod-1	15	5	145	Learner	e9bc121e5340cd8ecb6529c67c3b74b1	a8eea28a3fa662b1ea97dfb76e81a785
hin_for_eng:pod-1	15	6	146	Learner	80f25a02e35f6e9487e4b709ed4f0b8c	e35e0984619771f391c8df3d2f8dad1c
hin_for_eng:pod-1	15	7	147	Learner	70629025a85eb2667cba1d7fab60c082	376104b5c665287b33a4b3df71fb361b
hin_for_eng:pod-1	15	8	148	Learner	f427ea9e45c1ad793c0069dd1500bc92	0b3bff8c3cbd4993240fec74a9511cef
hin_for_eng:pod-1	15	9	149	Learner	b8390fcc64e6d497c3e9406b6788f130	f56a6fa0342d93687c324258b7196cd5
hin_for_eng:pod-1	15	10	150	Learner	70053182c5f76388677f20b00677f3ac	9a86f7902fbd2894a9f4603da2f7ec9f
hin_for_eng:pod-1	15	11	151	Narrator	bcfb55af916bf425958832a603153094	eba1245daf0d65cc1d6160ccf05bcab7
hin_for_eng:pod-1	16	1	152	Learner	db4378a9b76a069ece0324030077b068	9eafb4da0eef364b90375b55537d25bb
hin_for_eng:pod-1	16	2	153	Learner	95873551afcbee9ea6fa7b30327ce1e5	b3b90f8f5c48e9ab512dc566324ed037
hin_for_eng:pod-1	16	3	154	Learner	adbfa71e9a482240313aa576254e4697	63d80cfa06344b7d9f4045b7fba0cb9f
hin_for_eng:pod-1	16	4	155	Learner	b7fb05cbb04780d07ad4b1c6f8dc5ccc	1077817e87520a09a8a2abc0190c9997
hin_for_eng:pod-1	16	5	156	Learner	8f94614f9913662f68cf4a3657c8fac5	875936a84ce3549b311ad51323c3ac94
hin_for_eng:pod-1	16	6	157	Learner	6fb601545f74200b3326e0c6e2e4f3b4	2eacc883d508a1f175c2f2d0f3d324e4
hin_for_eng:pod-1	16	7	158	Learner	c0f74bc1db23f75ff2a4e51714879d3b	aa2623f2438db26bfc289ac08d18c9a8
hin_for_eng:pod-1	16	8	159	Learner	2f37f25356ad35af75823f3aee5f2c44	65a2bf309c72a368908ff228b43e5c12
hin_for_eng:pod-1	16	9	160	Staff	1c619c1b76b07c5e4a5ead92ca91ddc4	9650460a658b8f5dd8a906f1782c3f5c
hin_for_eng:pod-1	16	10	161	Learner	ab40f11c596ce963e83381a8a2d50d2a	6f81b411447233cc4554546d3485e6e5
hin_for_eng:pod-1	16	11	162	Narrator	b1b89dd2135b7ce7c3ef00320305c885	91f7b0696c7c0fc707420471e844af02
hin_for_eng:pod-1	17	1	163	Learner	081f76132d6754cd72bfac6e397c85cf	3f918556b4706fc38a4f66b38ee11e93
hin_for_eng:pod-1	17	2	164	Staff	ea555562967bd34a1114de67bbed2feb	b89bf636041965ef6e44581a0e66405b
hin_for_eng:pod-1	17	3	165	Learner	a8eb0afeaa9d86bbbd35f203b5d94bf7	b2e9e73da95ff8e534a2c05be54469f1
hin_for_eng:pod-1	17	4	166	Staff	5a02aa9832dccc3edb47e5488370f9ae	ee1a2848e1d6e5a016074ba8e5f9df67
hin_for_eng:pod-1	17	5	167	Staff	0d87e51a20d1ad089e927d8848e9dee7	a2ac474dcab961749b90674a53304753
hin_for_eng:pod-1	17	6	168	Learner	a15546157ca1b3e9ce2177f4be402137	218566fe0117cad5e42b24674ac59854
hin_for_eng:pod-1	17	7	169	Learner	6114300922da94c153f23eb0e5305258	6f23d3e4fbf9fb84eadce090d6e21e0b
hin_for_eng:pod-1	17	8	170	Learner	905551520db70eb952f1a66b433c096f	89d84b38c76d0c63271993c96159335c
hin_for_eng:pod-1	17	9	171	Interlocutor	9ddf99853f5440577ae38f6b11d9df30	60f59d8aa7095fbf4d63419a67291235
hin_for_eng:pod-1	17	10	172	Learner	6263222e9e22ae6d7b66fc30748ecf4c	cb2b984f6c5a6652552f5a52433e9043
hin_for_eng:pod-1	17	11	173	Narrator	e757aae26e6b05c6286b20a992355a1f	e9b4223aa4445b27cd280248acac1ce9
hin_for_eng:pod-1	18	1	174	Learner	896f49ac979a6fbbd65b3f42d2addb27	200c3546a879a0ce8458e37ec1dea3f3
hin_for_eng:pod-1	18	2	175	Learner	33627c2c7c238af481873d86e08fce71	29a9cbbfaa50d8b1fba17c8ddf1af426
hin_for_eng:pod-1	18	3	176	Learner	d40f0e68955cf6b40cfeceb9778b9325	a15f9ace48459a3c4e3c4d737c41f653
hin_for_eng:pod-1	18	4	177	Learner	3ba4e57b8fe2cd34f3086c9bb7bdbd02	1f1e50ef6f5759e0685d415825edfff4
hin_for_eng:pod-1	18	5	178	Learner	d05190148a219999fe4f97889842d675	bf2a03f0a7f78a5b14c9039a057ea050
hin_for_eng:pod-1	18	6	179	Learner	2952bf942c810b87919e30cba2060fb4	ead58d7143eb35c36f5b78aa7009c68b
hin_for_eng:pod-1	18	7	180	Learner	610b5bf88423ec95e71998d3c487aa01	d1d15242deb8a3a7bf0fae7c42c0a47a
hin_for_eng:pod-1	18	8	181	Learner	e30382c99ff1196820a2b409032aeb6b	deec3ef222041f80b3b966f9b6c515c1
hin_for_eng:pod-1	18	9	182	Learner	e61e645a96967b0104230054a1e2bf04	5c40a0c454e9a7788820e3cce62aeda2
hin_for_eng:pod-1	18	10	183	Learner	fab2cae769a86e3691d2c2dc510c7987	ea174e84d89f9dce1d8ddc975990cf28
hin_for_eng:pod-1	18	11	184	Narrator	79f2ebe3e6e46b48ad48e69c089441a3	4ae156b07d9bd5fae88713471a19e018
hin_for_eng:pod-1	19	1	185	Learner	1a4c78b9f538d56b77ae8bf6d22b85fc	7c15f463d5f03199782a2b1f30c3c846
hin_for_eng:pod-1	19	2	186	Learner	125a7d8263405298b6d800c79ffb432f	c8f053172ea3fa290e676bc9cde75458
hin_for_eng:pod-1	19	3	187	Learner	55a11820e4e080b936edde87133d223a	4140109bcdedb65463d59334e5e425f0
hin_for_eng:pod-1	19	4	188	Learner	87b7a71d1de669bb261baf160ab784a0	9e29640615f6f87aeff81f4e6c5b53bf
hin_for_eng:pod-1	19	5	189	Learner	d79814dc1ee9fd26ff3678d6e4ab173a	84fc461be123eda48d5bf41b0d1a0f73
hin_for_eng:pod-1	19	6	190	Learner	3fdeea04445b4ffdf202852cba56f6e7	5263aa615a62dd65c071d15ead5cfb6f
hin_for_eng:pod-1	19	7	191	Learner	232fb93222b753cd89e97b5dacb443f3	ac3e999e4f5bae18ce949597989cf25d
hin_for_eng:pod-1	19	8	192	Learner	123c9d92fea99faca0cbf02f4d30f64e	db14e1d9c46d468ce0c2a1942c9e5547
hin_for_eng:pod-1	19	9	193	Learner	e10ce541ca066f780327a46dbc5038ac	b4d53d399c40313615294a5dbc3ad920
hin_for_eng:pod-1	19	10	194	Learner	9ff1e4a60357faca18585a1985815624	380dc3308d4281d833de8337be86c632
hin_for_eng:pod-1	19	11	195	Narrator	091c471c65fbe55875aaf27f638e4f08	e1d859ceca82f3a29e9f5d6896683d70
hin_for_eng:pod-1	20	1	196	Learner	a83f80349e49c801a14c830c60ade586	a53e1713be20c3a621f4e8a3f6579843
hin_for_eng:pod-1	20	2	197	Learner	e94c37752eb526bc1d80b5755eb3d8b0	60ad360bce4d369112c2efa49f353165
hin_for_eng:pod-1	20	3	198	Learner	5fad2aed2b39224bf0fe46069f197830	c26678bd3218eaa94031c1fcfdc92338
hin_for_eng:pod-1	20	4	199	Learner	a3112e4a960b05f3439fee62a664a829	9f47f8766713f4c48173ed805c447f66
hin_for_eng:pod-1	20	5	200	Learner	009eeb34c0ac6a01502c9b45799daeea	2b6b87c53a652020c2650090c91f7040
hin_for_eng:pod-1	20	6	201	Learner	b2d536ec25bd93dfcae29b543bb8ff64	c9596a3f82692ecbe36422e38d488d64
hin_for_eng:pod-1	20	7	202	Learner	69d2b7e677b53ad95faec39f48be526c	c61460556c733cd480ba0b2038b17bce
hin_for_eng:pod-1	20	8	203	Learner	48bc18e0cf6919ea2a75f054aa7fe064	251c226f2b72c6638554a1826535bdf3
hin_for_eng:pod-1	20	9	204	Learner	346c3113689e9139ee36096bf71ed753	2badaa9753a0c2d89b8f7fc048141886
hin_for_eng:pod-1	20	10	205	Learner	291198678a763a5418bfc6516880470e	39a4a36539151c49ff0aea2901d6e46c
hin_for_eng:pod-1	20	11	206	Narrator	d33e7ce5bb61aa17ac8f16d676f62f98	b00aa4bbb11b7c5b8a41297fedf164e4
hin_for_eng:pod-1	21	1	207	Learner	712daa954cdd85a00fd6a9129e70f6c4	31883c238e38aa97c19879601c538da8
hin_for_eng:pod-1	21	2	208	Learner	695cf9a2a2e66ebe85d559de71b8e0bf	9c9b76e67042fad2983f6f9bb337bc11
hin_for_eng:pod-1	21	3	209	Learner	004d46335ddfab0100d154ca703ebe37	fc2e6722bb0d2092c14338f4bc961cbc
hin_for_eng:pod-1	21	4	210	Learner	74c68161e05a029563502e16878cca73	6a301630a41e5723851c6251001c9cc4
hin_for_eng:pod-1	21	5	211	Interlocutor	030c89fed052b56e489a9dd69c571ff4	69c80eebef962f3c3eeed4411205993d
hin_for_eng:pod-1	21	6	212	Interlocutor	99078a9c438e35dc4a24a13e87d7ab3a	e687907c0087a79ee8305dd114fa50ea
hin_for_eng:pod-1	21	7	213	Learner	d51d3ca6bf4c082a8eb32f377e0451e5	8e4d431911a139dc828de7241d404d22
hin_for_eng:pod-1	21	8	214	Interlocutor	3174a3c160829fdb8235b1841056cf1e	11ea5656b70267c62d122e06d3f25ef2
hin_for_eng:pod-1	21	9	215	Learner	ebadfb2da6fd695d0f7aa9d004b645d7	f7a808574ea1968957fdacd409e5e52e
hin_for_eng:pod-1	21	10	216	Learner	f7e618c087a32eb9e836d54e98fc1815	8f5bd996aacf8dd34f3367288430eebf
hin_for_eng:pod-1	21	11	217	Interlocutor	0ee19de863cc416cdbe8f635b3928c0c	02cff8540cce3fccea77fea5e2829615
hin_for_eng:pod-1	21	12	218	Interlocutor	d402012ca8f896a1d7693b966a62dbad	a0065434b80f7195e6738e99841ac35a
hin_for_eng:pod-1	21	13	219	Interlocutor	8b4bd9f14e5ccedb439909244716bc3f	834c571189557c45f8dc2513b23484f5
hin_for_eng:pod-1	21	14	220	Narrator	230fca3a0b24ab926ae85e05b670f803	c8ed10c9fc68227d7fe17887b558a9c4
hin_for_eng:pod-1	22	1	221	Learner	0c19c6792a287d1ebacbcf95e922f8fd	5c4920fd9ceefe929be9fdd4c2111625
hin_for_eng:pod-1	22	2	222	Friend	1e3ec19f9380f5992f7cf30f07ab9959	a8040b0a3d95ef89e87cf43deb00c5ca
hin_for_eng:pod-1	22	3	223	Learner	0e32790f7030c9d62b80629347e8f2a6	b4e60a590a50dc74baf7ed4bf5bc4be6
hin_for_eng:pod-1	22	4	224	Friend	9e85d4900e01c2204b42ef2d06b65ab6	15d6200415181b8eb1c842a1a53a0917
hin_for_eng:pod-1	22	5	225	Learner	8fbd290a6343421e764f91eb5c309692	beb0394ce89cd9183e5d903dcf4183a8
hin_for_eng:pod-1	22	6	226	Friend	30aedfb32c3b1333c9c602c293da1683	b129cb52f606f5f357c2d8d1163a5744
hin_for_eng:pod-1	22	7	227	Learner	ebdff43cee4b53e7fdaccf59f756e0d1	a1c3d02f7c119f1dbfde1c0e56a04a97
hin_for_eng:pod-1	22	8	228	Friend	78eb33d11b4fb7a8769e71a4a6c3859c	4f58f4573664f9efa73634407ac75947
hin_for_eng:pod-1	22	9	229	Learner	703684a56e08d2e0b377730b49a71f92	95d5aca2db8946dea751606ddb0377ab
hin_for_eng:pod-1	22	10	230	Friend	fea06888dd2af9a03b52915274667046	29827b2e81eb3bb465dad6e9ef61e523
hin_for_eng:pod-1	22	11	231	Learner	d59195242b9d73976d83a96a96d3b5a7	e5731ee5d0709cc7bd90f62bc4d1d9b0
hrv_for_eng:pod-1	1	1	1	Neighbour (8 am)	273a1bd10a7e062e453dd44f0f8d4e35	d56bf970b2bd8c25ab544c337531c117
hrv_for_eng:pod-1	1	2	2	Learner	7890d73dfc5d2bc141123e9247b6c374	aa26f2a183c4e0e6ed68f15e08ffe05a
hrv_for_eng:pod-1	1	3	3	Neighbour	4b692815dd58117aea510620ec2a3540	cc464cfe2d26532c0418f4836ee5ebb5
hrv_for_eng:pod-1	1	4	4	Learner	6fd6262f45e8a52b6a500a6cf5727d56	35b94c213869adfc71dedf98d510b4a8
hrv_for_eng:pod-1	2	1	5	Learner	b082c9fa2c39df50bd9ab2d35329a5ee	1ebc5a6271df1e0684e2e7b9c41bb18b
hrv_for_eng:pod-1	2	2	6	Fellow passenger	c5682b4dabb73cf07d1767a165a4d314	5e5d8b3c6f8bc430e1479d0777a768e2
hrv_for_eng:pod-1	2	3	7	Learner	2c8b4a2ab04142fb09b3ac6796205357	10902ecda3dc2372dc9cf570f2c80a9b
hrv_for_eng:pod-1	2	4	8	Learner	9bf741d716f714a8cd1070a783b235f5	1fb41845d0728f8c10727a8ce966c6f9
hrv_for_eng:pod-1	2	5	9	Fellow passenger	9f44ab02e555ed10d99dac14e5c0dbe9	7c8caa73ae0269729cf079b955fa2489
hrv_for_eng:pod-1	3	1	10	Barista (3 pm)	99271c341a2c42f3f322e33b5c230e51	129b85d1178d6f963422c4224881b233
hrv_for_eng:pod-1	3	2	11	Learner	c090ba2f57232758abd408f2fa116b20	9e08c222b5d1a39384a1b5fddfbf25ea
hrv_for_eng:pod-1	3	3	12	Learner	59f1ef9ebff4d4072b57ff708822a93a	6885fc15633ab4b868aa5151e79d7186
hrv_for_eng:pod-1	3	4	13	Learner	d31ac3f2339268a808079956faae1aef	a60b2d126f8c7ff9ac38fbfa4364cb1c
hrv_for_eng:pod-1	3	5	14	Learner	54916c22d66694f6d859a936364dae3f	31d093097e4bfea2a6dd0ab4c22a6b15
hrv_for_eng:pod-1	3	6	15	Barista	2063904ed7e900a46d920ae2802a51f8	f031182f541a00bfb1a31493235217b1
hrv_for_eng:pod-1	3	7	16	Barista	f5554146a717e6c5af86eceb4e6f317d	ef43722ddbda655542b7cdb02bb936b6
hrv_for_eng:pod-1	3	8	17	Learner	4dd335b433e77bce256d451890ed86e2	cbf8659af4f5ca4c927d141bfe3faded
hrv_for_eng:pod-1	3	9	18	Barista	a622cdb2c3e5ae8ca3c6aed99f9ee92a	6f61d97ffddb4a91e45afc5f67e73c69
hrv_for_eng:pod-1	3	10	19	Learner	a6fc40dc0ec70dea4b6843ca734b0f0c	54cf197a5697f647ff03a2b52745b533
hrv_for_eng:pod-1	4	1	20	Friend (7 pm)	8d8fbf9c96d357f20f12e8855a5d4927	de62d7bb305c2be6a133ea17a0af37b1
hrv_for_eng:pod-1	4	2	21	Learner	c1f1864d8f562a7d92485c5f9e2d0781	3be5a561d9ee41beccc24781ca334d95
hrv_for_eng:pod-1	4	3	22	Friend	5df0812968d8ee435dd830108f25e639	6c683c3f18a71bc5a60a51245f7ea8e3
hrv_for_eng:pod-1	5	1	23	Neighbour (10:30 pm)	d491f0c92270cda7748186bf8475a922	113fec305ae21232386b4f2b9dd61f63
hrv_for_eng:pod-1	5	2	24	Learner	293e5d99acd73f12dfdeaeb66032c3fa	5a620928d6e45913a894808d7501ec80
hrv_for_eng:pod-1	6	1	25	James	1d572ce2926d6662ebfc5f5e2e8f323b	b37cd01c3b7738424f852aea2063a505
hrv_for_eng:pod-1	6	2	26	Anna	2b6ffd3235fd430ed8f8ac13700ff3bf	b214d1387a552e4c9be132984796bcc1
hrv_for_eng:pod-1	6	3	27	James	10a6e83ba1165d6d8e8948fa7c84af59	085e3c08f2ffecfb23cbb422d831688a
hrv_for_eng:pod-1	6	4	28	Anna	1a695f41efa3dccc59ca9b5c08276677	0639e512b88fa8fcaebd5b9666928c7c
hrv_for_eng:pod-1	6	5	29	James	21c81b5da6e35961469a32a7840ed544	79426185551098a662d1143e775cea18
hrv_for_eng:pod-1	6	6	30	Anna	ed643c8dce6f118aa8a9217d9046938b	755656594f1fed66195e576bafc459ce
hrv_for_eng:pod-1	6	7	31	James	4beb9d2255da526b430b05e81990a872	19d2869419a133d649ed42141a675cc0
hrv_for_eng:pod-1	6	8	32	Anna	829a1c9e5d0b12eefedd989e0cbb6561	9ebc765a5bc5d2479243dede501bd3a0
hrv_for_eng:pod-1	6	9	33	James	2592791231dcc6faa2cf949284f946a8	118870e8a160aa2f6ac931b73272a7f4
hrv_for_eng:pod-1	6	10	34	Anna	0206beb4d75bd6ccf99cdf24986652e6	9611b73d7680bf9a3b5637d7685e689c
hrv_for_eng:pod-1	6	11	35	James	60838aee9c8f10b9136013074967eb85	5f34e333ac660776c7b01f074b5e1871
hrv_for_eng:pod-1	6	12	36	Anna	edf78c266c56caf17b964f2e070e4592	7c9e94e54ff783200c75ad1afddf413b
hrv_for_eng:pod-1	6	13	37	Narrator	88fa0dc499ece29b73baf6847cece0b8	a9df7ad4db2e1971fb021f5644e1d0ed
hrv_for_eng:pod-1	7	1	38	Cafe Barista	5ca1ba02453b8731cfc2e12f8be9e02e	cbc2167ecf008fb033b5ac98aa1b364b
hrv_for_eng:pod-1	7	2	39	Cafe Customer 1	6c1746b10b8551f127fa419c477226b3	501783348c585c978802f4fdc48329f4
hrv_for_eng:pod-1	7	3	40	Cafe Barista	81420eb1c26a80942beb95fbd9c934d3	7ac946487706bc9ebf9c41d16197e6de
hrv_for_eng:pod-1	7	4	41	Cafe Customer 1	41be4ec2456097764573878aed7c9972	56d632d7eac284ed7db82ac6573a506e
hrv_for_eng:pod-1	7	5	42	Cafe Barista	beecba5200a7a86425eefcfd2f54dd8f	45787a9f76a00ef648b4e54a736ed6b5
hrv_for_eng:pod-1	7	6	43	Cafe Customer 1	03cd40e9f49117c292434833ea8d17fb	c43ecbf12526a32e59d7eda3876fb7d4
hrv_for_eng:pod-1	7	7	44	Cafe Customer 2	1e5a141c2e5719dd2d60a6cc239df3f6	ce4240fcb8bb7b3e0431cc6ea45df5d2
hrv_for_eng:pod-1	7	8	45	Cafe Barista	d46386d7c0849615e90795a6f483d542	92b16311b9402c95a838d93fb1501a31
hrv_for_eng:pod-1	7	9	46	Cafe Customer 2	3e6647c8b0f101741f1d64bd95e6e192	0ad80a8eecd77a5db88121c57e75b9bf
hrv_for_eng:pod-1	7	10	47	Cafe Barista	d6647930ca370c1a92fbea43bee44f00	2de61305988afb0d32d84b087e36cd48
hrv_for_eng:pod-1	7	11	48	Cafe Customer 2	0ceb313e18d8f3a5ce022c0b8358ba9d	83f6d2006a0205d1f04f37ad2cdb4223
hrv_for_eng:pod-1	7	12	49	Cafe Barista	2065f6437d0b49c82bd0bd9b104c8c55	f4707ef64079b9bd3120486cd8cd1da6
hrv_for_eng:pod-1	7	13	50	Cafe Customer 3	cb530952ec08648e6def1ce79a48fe0c	440747e4c5a705e28463a93bdb2355ba
hrv_for_eng:pod-1	7	14	51	Cafe Barista	d5a367b9e9adea9124dca995821fffc4	e53c40e2fc9be5922a1f67265e084b06
hrv_for_eng:pod-1	7	15	52	Narrator	50988b16e8b7c41c48b53d01b254ef75	e2fd9610c4c8e82a1f7efcfc3206ffea
hrv_for_eng:pod-1	8	1	53	Bartender	6a80c0866fc96756c3014abdae9cd2f8	95e5cc8503c5b06fc599d942c1b95aba
hrv_for_eng:pod-1	8	2	54	Bar Customer 1	8cb38701707f4ba6153d7e80164a359a	59d9c371c00f5aa6e9263c08a30a42b2
hrv_for_eng:pod-1	8	3	55	Bartender	4e9e4215b4181de29ea015149d950c0d	4930a264ba1351fc1f2be2eeb0503e43
hrv_for_eng:pod-1	8	4	56	Bar Customer 1	27c59ca86da7a9edc2dadfd5a6bd0174	1fb2b2c11bb3d11e65e41029d3da1abd
hrv_for_eng:pod-1	8	5	57	Bar Customer 2	a21d6faae9bc2d3e584b3890fc19d058	64e908148bb806be4c5b82b6cd67f3cc
hrv_for_eng:pod-1	8	6	58	Bar Customer 3	aadacb7761e181f7789317336379cc2f	5705209f2f526bf4a4e906fdff5e8666
hrv_for_eng:pod-1	8	7	59	Bartender	d40c04588e6d0521ca7dc4d31dd7039f	463cfc4e55bd3de5f4c5f6998798c8ff
hrv_for_eng:pod-1	8	8	60	Bar Customer 3	0dd2accbacf223893ec70c666d437b49	1caace2cdd8542fe8ae296efab852317
hrv_for_eng:pod-1	8	9	61	Bar Customer 1	6a062673c24ddb4a8fb9a6a89ae36408	52bff53cb70f6415f72fa87fdc38b652
hrv_for_eng:pod-1	8	10	62	Bar Customer 2	9fe719767095d656bd73458eb99c8bca	913165018eb8739a5a0f0613c937fc94
hrv_for_eng:pod-1	8	11	63	Bartender	dd1fdfad977b72f67018b5228b25a714	cb7282d0097a8ca0c2d2839f0095852d
hrv_for_eng:pod-1	8	12	64	Bar Customer 1	2634a6b85be49abd49f4710b2da82f9f	54cb51c8fb37ecd2e04ce14848f2444d
hrv_for_eng:pod-1	8	13	65	Bartender	deedb2dfcb2c58f053054157eaeabe99	3feeb7bb1aa528b75366afe8ec9bfa2e
hrv_for_eng:pod-1	8	14	66	Bar Customer 1	e54004440ed6e3a313e8a1aecde49748	db93cc48e1c5ade124d2f44fe0a847be
hrv_for_eng:pod-1	8	15	67	Bar Customer 2	66cff2c3aabca08a0762aa76c9007e37	423abcaa566f0bf44715381b375bf04e
hrv_for_eng:pod-1	8	16	68	Narrator	202e5bc17942d83f46d5eaac060b6f88	9c0bcc5415e835cbe990d35954130c8b
hrv_for_eng:pod-1	9	1	69	Diner 1	25fcad9c9be6643052d65986034f0d38	f47c0ccfc3f79c83d8dbb18e994935a5
hrv_for_eng:pod-1	9	2	70	Waiter	a8fa3978ab407b0d4b66138a5ce0ae23	718e6f797347b8fd4b3f45a6622a4446
hrv_for_eng:pod-1	9	3	71	Waiter	7da7acdff9eb13f0bffbc6102df8afa3	aecedd04a4e5cf7a1cd5b5239e80ae9c
hrv_for_eng:pod-1	9	4	72	Diner 2	702e5f9bd4272c5fec53c33831ce9d7f	91ae74f00f07601e9babaa242c7a5d36
hrv_for_eng:pod-1	9	5	73	Diner 1	ecae1d631369a27525106517c7c40c58	ea78ed82157a414c5169aef49b3b477e
hrv_for_eng:pod-1	9	6	74	Waiter	cffb01df659efaeff03437dcf0959c83	a86c30a79c6077cce89f3534133f9c30
hrv_for_eng:pod-1	9	7	75	Diner 1	9aeaf8cde61a0d2cb4b51e74abed6c06	08f808be58b2d99c383869f4bd2b9e5f
hrv_for_eng:pod-1	9	8	76	Waiter	e06724bed06e3fd2940fb4c9babe1e0d	63b23d49d9cc4cbfcd2e579d529fafa9
hrv_for_eng:pod-1	9	9	77	Diner 1	d56b9c711abc33b81cf6b12ddf73ccaa	06214f9b4ac4ad391f2d5ea78b71cde7
hrv_for_eng:pod-1	9	10	78	Diner 2	1b83177bdd0cc798b772e93a0fd197fd	9581444710a2c46fbe4893e417a9fa3d
hrv_for_eng:pod-1	9	11	79	Waiter	4d76ce1545bc53125c793d057f8fb292	60358de534ece5a38b06fd63bc1f3b38
hrv_for_eng:pod-1	9	12	80	Diner 1	1abc871d4a4deefa7bd10cdf06b50a5e	98f46984f350be53caf0d8042b08fb4d
hrv_for_eng:pod-1	9	13	81	Diner 2	c2587ca8c74142920f1f3fb2efc0c032	4e89e1708e54fa14e52a5316232da8c5
hrv_for_eng:pod-1	9	14	82	Waiter	40b5afc37fba348f646ac3ac2d152bb9	4d3da2ee5e65d6f8789ba8a5e3aa642c
hrv_for_eng:pod-1	9	15	83	Waiter	65dd9ff30e194623847a58fda479a59e	de28fcf5d0a220f3654a7d2910a5b135
hrv_for_eng:pod-1	9	16	84	Diner 1	6f7214858eb3d05fd2d799ca7186f100	40123960824b4440b27f97076b2993df
hrv_for_eng:pod-1	9	17	85	Diner 2	48b9b038fd6ab1d60dfa5abdaa8c83bc	1b6b76e0bdc8953ab878905b8cc52df9
hrv_for_eng:pod-1	9	18	86	Narrator	81436304198930dc71d76d593a61f80d	418fc34f8a619847c1ec0523c838a8a7
hrv_for_eng:pod-1	10	1	87	Customer	363babe098c3bf6f5351748529c9c659	136151eba56ff0f31b5d130954df5f15
hrv_for_eng:pod-1	10	2	88	Assistant	1d8f8e93316c6b6a8e78fe9af1128051	e4cbe079c0dcc535e9cd8aaef51c9797
hrv_for_eng:pod-1	10	3	89	Customer	9412448fc8de2164055e0d9dbc6279c9	93693bd14a65a0bf93904aa6a6980234
hrv_for_eng:pod-1	10	4	90	Assistant	5987e40a94b9ac1165b8e553a8b08e47	d0f2cb73e1e5371d15cfeb2681bae7c5
hrv_for_eng:pod-1	10	5	91	Customer	6dbd7a8d5fa473e847d1fb8789e88502	f1aa603fd2b80fab9a0764ddba8ba5da
hrv_for_eng:pod-1	10	6	92	Assistant	db5d272c18647dde78bca6321773be6b	27b11b3461c2c22a832ac7a15cc39f15
hrv_for_eng:pod-1	10	7	93	Customer	bfb3683e637850f0e160fcd417d0bb0e	1d40abee6285888e49c74dfb5bcf9927
hrv_for_eng:pod-1	10	8	94	Assistant	32509797daf5e629c0448c366b840fcc	1a1a483b112db81fd458baf373cd9ff3
hrv_for_eng:pod-1	10	9	95	Customer	3c5e2efe4adee1fe04802bb690be13bf	b876cd4bd348b57e78bea3c07774281d
hrv_for_eng:pod-1	10	10	96	Narrator	5fb2a8635f0bb06440e15f442a4227a0	88c1ab6fdafe008af86fe0b06f4c841b
hrv_for_eng:pod-1	11	1	97	Guest	4b60a7dc7ac273e79afc12f2a80f5983	cc55707d7078fc7aa2cb496d4ff3f91e
hrv_for_eng:pod-1	11	2	98	Receptionist	4fc624332e9801c671950b3afc5831c4	f686f5ac142a24984957aaa44464e88f
hrv_for_eng:pod-1	11	3	99	Guest	5d834391700029d18d954f1b47bdac51	ec7626acc5bc14df9335862c416ea34f
hrv_for_eng:pod-1	11	4	100	Receptionist	4ed405cea3011040f74d0ff8e8d5a6c6	552df0d976f1a2d84d4af72d95e5b59a
hrv_for_eng:pod-1	11	5	101	Guest	d30033921b49ec58eae7c78ab88b9453	7b0407dc87cc2c4961a945606a5eadc4
hrv_for_eng:pod-1	11	6	102	Receptionist	79dad616d462f921e9a8a9613479377f	bb3123fdb334f284bcb1af62f7f238e7
hrv_for_eng:pod-1	11	7	103	Guest	48ad34af0048d34d04da2c33550b1fd1	225256efd81262ffe2b947381a8cf080
hrv_for_eng:pod-1	11	8	104	Receptionist	2fae120f52e1821cd0f7091b64649562	7361204e12235a4165e525c8993dc914
hrv_for_eng:pod-1	11	9	105	Guest	81b21c29a7c58716273eda32e69f7121	4c3bd72192248f3b689ac3bdb789ac2c
hrv_for_eng:pod-1	11	10	106	Receptionist	8c936faa9ace7fd5c1b8c31166f46ef6	0598c0d2d13ded214ea462b251a0d013
hrv_for_eng:pod-1	11	11	107	Guest	cd04b0a2c6167233788ba59508043216	77bb11ec8afd06d6b134f6f69df41802
hrv_for_eng:pod-1	11	12	108	Receptionist	d42aeeebd496db2336b8dc7d1b605775	84e3ae341108982767642713c846233a
hrv_for_eng:pod-1	11	13	109	Narrator	1e611191e46a497379b33e4985f00efd	a039db0b2a75b9ef42c456afbf08acb2
hrv_for_eng:pod-1	12	1	110	Customer	896473d18eb68412b96cf4beb8ddd9fd	2e0c0d4948556b0a6de58e3ddc21395d
hrv_for_eng:pod-1	12	2	111	Pharmacist	9ac9d29ad4a3e0cbdc357e7be3abe0ae	64b835aa122947a9ec0e4602f081f977
hrv_for_eng:pod-1	12	3	112	Customer	3fc9eb0191c8e521ccf3d85a08401263	ffc7160bc08caa75a27c0e47e6829382
hrv_for_eng:pod-1	12	4	113	Pharmacist	6352ddc24caadeeebc3ab4c2244e668a	48bcf2e67a7019da71d9e7c0f7c92a44
hrv_for_eng:pod-1	12	5	114	Customer	e44d1888ad3af626eb443785a37d2332	599ac705b6e160bfafeca6ee3ff9c0b7
hrv_for_eng:pod-1	12	6	115	Pharmacist	7d1eb91ac027d598bef85c99be703a3e	e592ec2ece61a026f44312af940f04ab
hrv_for_eng:pod-1	12	7	116	Customer	1c82036d40663416e11791c44aa11599	ac82c32fe908849dd80acbc6a9b1fe4e
hrv_for_eng:pod-1	12	8	117	Pharmacist	70f82154718d767018cb5aa799d647ce	f0be03f62fc608c755238e341759c65c
hrv_for_eng:pod-1	12	9	118	Customer	05d5c0cb1b0d1caf4b01e8785707d1d4	e42037889344d661179702232365b051
hrv_for_eng:pod-1	12	10	119	Narrator	30070839a5fcd819ab43149709b4377b	7356639b43b69fb452e712e88ca612ea
hrv_for_eng:pod-1	13	1	120	Tourist	356fbb12e413d69604d18581ba3edb50	daca79f72d2e3ffc8ed3cf8c833b5595
hrv_for_eng:pod-1	13	2	121	Local	da27078a690f964365aad437f98f0df1	7c12a65de20b42e05db3777842ff80cb
hrv_for_eng:pod-1	13	3	122	Tourist	fecb99420c403cc889e49e453b1d7df7	444f9aa0aa56ed882191729a3c3fe78e
hrv_for_eng:pod-1	13	4	123	Local	9fff39f8c5673d571b8a4b9ec75e3ce4	7528fc391ebf65dd55f321c7dbb62608
hrv_for_eng:pod-1	13	5	124	Local	012ebb29bdc58aa762582c9e5f4f3fc8	ed54becb0e49e16df83cc60466efa8d2
hrv_for_eng:pod-1	13	6	125	Tourist	5c70ee8225e9b36cf7fe1841f91863ff	225eb9e5c0f9d0b57652f113e937f8e5
hrv_for_eng:pod-1	13	7	126	Local	687d6666f8d7cc654d6eec4f7b90d606	7195a8c13810d9b9853c3c211f616a9e
hrv_for_eng:pod-1	13	8	127	Tourist	96becb3adf83d07693df696d69b0946e	9c909612cff0b9fb58decf8506cb50db
hrv_for_eng:pod-1	13	9	128	Local	35a1bcbaf684f6fe1cd3084e27ea6ebf	759bd7d3204fa55d3e3b463340506aa2
hrv_for_eng:pod-1	13	10	129	Tourist	b0f08bd4d7648fd43fadc134509b1822	d84dc29ab18369e040cfb3b3899f2394
hrv_for_eng:pod-1	13	11	130	Narrator	5357b0b8a9e77536a23ce68ac4719d48	4ff53b91110304c96b46805771c7f4aa
hrv_for_eng:pod-1	14	1	131	Passenger	3a58384da979db0ce2ae7cda0103ee41	c58ec5f5bbb7c695c418f6b4ea356da1
hrv_for_eng:pod-1	14	2	132	Driver	044ee51a46973ea4af814b34c61ebd8a	27652fc6bc26f1807c076c5dc3969133
hrv_for_eng:pod-1	14	3	133	Passenger	592186ac15dceaa7b7a56467302647c5	a4e86846455e65cdebe8cc6e028ec556
hrv_for_eng:pod-1	14	4	134	Driver	84fc10ff0bdd8032345f2da8e490d41b	39d0ed883ef886cb909f83a13c8b51bf
hrv_for_eng:pod-1	14	5	135	Passenger	837b0eb48fa58d35aa19a2f8bfe1492a	f33af4b471e77de0eee25686f789cab5
hrv_for_eng:pod-1	14	6	136	Driver	4ae76ac6ec01d73257eeb5a2955c10d4	dcad5fc92e5bfad25efde3fd1acf1dee
hrv_for_eng:pod-1	14	7	137	Driver	f8f15efbef553e61fecf46a15770aa50	50f60b36ab55c687d9418741fdbef5b1
hrv_for_eng:pod-1	14	8	138	Passenger	07d2ea2b6f4a503b3c64c821a02cf542	bd0f8de5afca3e57a99b1f58619dc6c9
hrv_for_eng:pod-1	14	9	139	Driver	3b7667ff87b9f4674ef68a77d576f2c6	9bbc74c3fab1a78c5d2faffeef46810f
hrv_for_eng:pod-1	14	10	140	Narrator	5f9b33542f1c4911168e271346754d98	55c9f6473f40cdb17d4d7ab4409a232b
hrv_for_eng:pod-1	15	1	141	Learner	4ea9f93957d963001cdce7d886674133	913bb5faa544c775b1fd10a63c47dbc3
hrv_for_eng:pod-1	15	2	142	Learner	e854e92c425a6db15da28f4176e1491a	a09180b6842fda593edc9e60043a5a0a
hrv_for_eng:pod-1	15	3	143	Learner	a5b9088aaaa7cfca0297578640016a6b	af1da60e13065be4a6990b5e69892926
hrv_for_eng:pod-1	15	4	144	Learner	c89db49f354dceb26b72c8d51a058f1a	47f8bf53caeeded147506c90240992b5
hrv_for_eng:pod-1	15	5	145	Learner	6b4ef0fb5f055b13e47c06a382092eb5	a8eea28a3fa662b1ea97dfb76e81a785
hrv_for_eng:pod-1	15	6	146	Learner	f27fd5872ca66828fe874345118b114c	e35e0984619771f391c8df3d2f8dad1c
hrv_for_eng:pod-1	15	7	147	Learner	0cf0cdc341c579d8cdb8dcff8853ad3b	376104b5c665287b33a4b3df71fb361b
hrv_for_eng:pod-1	15	8	148	Learner	0cf916dce804edc121121029891da656	0b3bff8c3cbd4993240fec74a9511cef
hrv_for_eng:pod-1	15	9	149	Learner	46b456227b2fd922184442f1678b208c	f56a6fa0342d93687c324258b7196cd5
hrv_for_eng:pod-1	15	10	150	Learner	152000012b17a1c5560abf1951e40c54	9a86f7902fbd2894a9f4603da2f7ec9f
hrv_for_eng:pod-1	15	11	151	Narrator	9693cc458913a93961bca3827a5d0673	eba1245daf0d65cc1d6160ccf05bcab7
hrv_for_eng:pod-1	16	1	152	Learner	48fb9bfd8a96b19571538adb9ae2b363	9eafb4da0eef364b90375b55537d25bb
hrv_for_eng:pod-1	16	2	153	Learner	33360141d220aeee20715d16f5ed93f1	b3b90f8f5c48e9ab512dc566324ed037
hrv_for_eng:pod-1	16	3	154	Learner	e2cf75c1d2767d635d3f564a1075f7fd	63d80cfa06344b7d9f4045b7fba0cb9f
hrv_for_eng:pod-1	16	4	155	Learner	91f52c9dadae603ae8ce5b1f4d3b8c92	1077817e87520a09a8a2abc0190c9997
hrv_for_eng:pod-1	16	5	156	Learner	b61c7988efc412fdcf8b388a98c740f0	875936a84ce3549b311ad51323c3ac94
hrv_for_eng:pod-1	16	6	157	Learner	15e5cc0316dd892e1fb6a5870b333e06	2eacc883d508a1f175c2f2d0f3d324e4
hrv_for_eng:pod-1	16	7	158	Learner	3ee8c3aed16d167d33400f11c9168059	aa2623f2438db26bfc289ac08d18c9a8
hrv_for_eng:pod-1	16	8	159	Learner	cfba0ab4b1723aee792d179cfa7061ec	65a2bf309c72a368908ff228b43e5c12
hrv_for_eng:pod-1	16	9	160	Staff	6389079e503169f54c0ff6b05014365c	9650460a658b8f5dd8a906f1782c3f5c
hrv_for_eng:pod-1	16	10	161	Learner	ec5642ca957290a3839c1120d0add85e	6f81b411447233cc4554546d3485e6e5
hrv_for_eng:pod-1	16	11	162	Narrator	a3ce7e988c8f3effa6d5f0e2eaacc22c	91f7b0696c7c0fc707420471e844af02
hrv_for_eng:pod-1	17	1	163	Learner	765ffd280a2b9191cbc3e0627325d844	3f918556b4706fc38a4f66b38ee11e93
hrv_for_eng:pod-1	17	2	164	Staff	da7a6d0d6c25d911ffa014a20d16cf0c	b89bf636041965ef6e44581a0e66405b
hrv_for_eng:pod-1	17	3	165	Learner	2df310753d419b062e958d30b4eab899	b2e9e73da95ff8e534a2c05be54469f1
hrv_for_eng:pod-1	17	4	166	Staff	42d5a6b2072d1e066272601d4e642c6b	ee1a2848e1d6e5a016074ba8e5f9df67
hrv_for_eng:pod-1	17	5	167	Staff	dde7d2a785858a1e8f6ffd8697e18447	a2ac474dcab961749b90674a53304753
hrv_for_eng:pod-1	17	6	168	Learner	98b3ea7c235db93c534735f9b6002212	218566fe0117cad5e42b24674ac59854
hrv_for_eng:pod-1	17	7	169	Learner	6de455ab9914549cfe4ad7884b7dcc2d	6f23d3e4fbf9fb84eadce090d6e21e0b
hrv_for_eng:pod-1	17	8	170	Learner	c410f922597cb8869abe8981af33fdf6	89d84b38c76d0c63271993c96159335c
hrv_for_eng:pod-1	17	9	171	Interlocutor	b4a0e9881d6d76daf56bacfefa0397fd	60f59d8aa7095fbf4d63419a67291235
hrv_for_eng:pod-1	17	10	172	Learner	04d3767052386a5f71646bb28264b98c	cb2b984f6c5a6652552f5a52433e9043
hrv_for_eng:pod-1	17	11	173	Narrator	c9ea7f5af237dee4c0cef7a3daa9a855	e9b4223aa4445b27cd280248acac1ce9
hrv_for_eng:pod-1	18	1	174	Learner	6e1f92ea32f8e7d3e9562fc89bf88e33	200c3546a879a0ce8458e37ec1dea3f3
hrv_for_eng:pod-1	18	2	175	Learner	263df764959b111aa6b2616d0a297d84	29a9cbbfaa50d8b1fba17c8ddf1af426
hrv_for_eng:pod-1	18	3	176	Learner	a7ad9d83b8c3da69eaf98d6a4ff5c9c1	a15f9ace48459a3c4e3c4d737c41f653
hrv_for_eng:pod-1	18	4	177	Learner	8b19aad82b72a182263bb5bc031bf3fd	1f1e50ef6f5759e0685d415825edfff4
hrv_for_eng:pod-1	18	5	178	Learner	7572aa0b51afaa9b0e82dd64ca16f46e	bf2a03f0a7f78a5b14c9039a057ea050
hrv_for_eng:pod-1	18	6	179	Learner	8de33a42796930eabd5922d3b02d0abc	ead58d7143eb35c36f5b78aa7009c68b
hrv_for_eng:pod-1	18	7	180	Learner	98b2da11cfd191bd276d8d7a642c340c	d1d15242deb8a3a7bf0fae7c42c0a47a
hrv_for_eng:pod-1	18	8	181	Learner	0b4f507e43b93ed8c27728bf9b3fa685	deec3ef222041f80b3b966f9b6c515c1
hrv_for_eng:pod-1	18	9	182	Learner	cf0fdbbced8c91867565728ed7f4fe09	5c40a0c454e9a7788820e3cce62aeda2
hrv_for_eng:pod-1	18	10	183	Learner	0929632fe53977182a894df2f5c8496a	ea174e84d89f9dce1d8ddc975990cf28
hrv_for_eng:pod-1	18	11	184	Narrator	3f0b8bec99e6eb3f257cd1c7605ebc76	4ae156b07d9bd5fae88713471a19e018
hrv_for_eng:pod-1	19	1	185	Learner	7cae3de97fc40e76f096ea9f8fe76052	7c15f463d5f03199782a2b1f30c3c846
hrv_for_eng:pod-1	19	2	186	Learner	e3f2755f77854722310bbf87df56866c	c8f053172ea3fa290e676bc9cde75458
hrv_for_eng:pod-1	19	3	187	Learner	477722a708dc38845bb3bb4a465b951f	4140109bcdedb65463d59334e5e425f0
hrv_for_eng:pod-1	19	4	188	Learner	90f1ef7407093077bce92a664ac1e402	9e29640615f6f87aeff81f4e6c5b53bf
hrv_for_eng:pod-1	19	5	189	Learner	45a94b7839ed0f97368a7f48391cf8a1	84fc461be123eda48d5bf41b0d1a0f73
hrv_for_eng:pod-1	19	6	190	Learner	047cfb88d842324e5cf1fcce13ea45ba	5263aa615a62dd65c071d15ead5cfb6f
hrv_for_eng:pod-1	19	7	191	Learner	410bd9e1bd53aaac73b4d7812a853c16	ac3e999e4f5bae18ce949597989cf25d
hrv_for_eng:pod-1	19	8	192	Learner	a2042efe525888a72c827c2f78151bf5	db14e1d9c46d468ce0c2a1942c9e5547
hrv_for_eng:pod-1	19	9	193	Learner	a44ec9445e6bfd0faa04011d5a3363b1	b4d53d399c40313615294a5dbc3ad920
hrv_for_eng:pod-1	19	10	194	Learner	a09cd1dc4b43780735cee11e9cde5756	380dc3308d4281d833de8337be86c632
hrv_for_eng:pod-1	19	11	195	Narrator	f3429797c99349ddae9f9fc529b972e1	e1d859ceca82f3a29e9f5d6896683d70
hrv_for_eng:pod-1	20	1	196	Learner	68394e52006b497222b90ac9c3125e22	a53e1713be20c3a621f4e8a3f6579843
hrv_for_eng:pod-1	20	2	197	Learner	c9f2276197b07607fc68f3d1fdce1149	60ad360bce4d369112c2efa49f353165
hrv_for_eng:pod-1	20	3	198	Learner	9af2d0ce7ff1decc34f78a9034e64b30	c26678bd3218eaa94031c1fcfdc92338
hrv_for_eng:pod-1	20	4	199	Learner	20069779518539e1c1273f3870e5f295	9f47f8766713f4c48173ed805c447f66
hrv_for_eng:pod-1	20	5	200	Learner	535c40cd734c4a0a4ae2d1cb37974683	2b6b87c53a652020c2650090c91f7040
hrv_for_eng:pod-1	20	6	201	Learner	12c2a9459839c40708a331a24c863210	c9596a3f82692ecbe36422e38d488d64
hrv_for_eng:pod-1	20	7	202	Learner	a02b5e1a83a366db1af1f45b55c6fd52	c61460556c733cd480ba0b2038b17bce
hrv_for_eng:pod-1	20	8	203	Learner	32808f124bad63b798f5736869516acc	251c226f2b72c6638554a1826535bdf3
hrv_for_eng:pod-1	20	9	204	Learner	f8d4b83f76d0eacbe09aa3741aebed63	2badaa9753a0c2d89b8f7fc048141886
hrv_for_eng:pod-1	20	10	205	Learner	a766928b9bd8a598dcccfa13e4981ca3	39a4a36539151c49ff0aea2901d6e46c
hrv_for_eng:pod-1	20	11	206	Narrator	c23b2dbdc5a8af9a652e33e7707172aa	b00aa4bbb11b7c5b8a41297fedf164e4
hrv_for_eng:pod-1	21	1	207	Learner	b157fac2fa91a750729ceae9bc61e32e	31883c238e38aa97c19879601c538da8
hrv_for_eng:pod-1	21	2	208	Learner	426a1c9da38fd3253c8cb6e5de971168	9c9b76e67042fad2983f6f9bb337bc11
hrv_for_eng:pod-1	21	3	209	Learner	5633cebb401ef26754766210987b9c31	fc2e6722bb0d2092c14338f4bc961cbc
hrv_for_eng:pod-1	21	4	210	Learner	4978ece614a67e5ea78cf2b13db4b2e5	6a301630a41e5723851c6251001c9cc4
hrv_for_eng:pod-1	21	5	211	Interlocutor	0bb58a443b2a091494263903d03cdbaf	69c80eebef962f3c3eeed4411205993d
hrv_for_eng:pod-1	21	6	212	Interlocutor	2dfd7943c644886908b03bb10de7fdad	e687907c0087a79ee8305dd114fa50ea
hrv_for_eng:pod-1	21	7	213	Learner	9acd094b8a4c26c90b5a0386a51c8039	8e4d431911a139dc828de7241d404d22
hrv_for_eng:pod-1	21	8	214	Interlocutor	d5b5463eafcdfc214aa76dc5efa26498	11ea5656b70267c62d122e06d3f25ef2
hrv_for_eng:pod-1	21	9	215	Learner	884d61106606940f7db7e20cef75fc57	f7a808574ea1968957fdacd409e5e52e
hrv_for_eng:pod-1	21	10	216	Learner	ef051e884f3871b7c94293fa8278862b	8f5bd996aacf8dd34f3367288430eebf
hrv_for_eng:pod-1	21	11	217	Interlocutor	ca23524fef9dbdbe147e94a4032d1344	02cff8540cce3fccea77fea5e2829615
hrv_for_eng:pod-1	21	12	218	Interlocutor	7b176f7ffe67a0e96b66515944a96333	a0065434b80f7195e6738e99841ac35a
hrv_for_eng:pod-1	21	13	219	Interlocutor	4ac78a85d6cbede24a0f511da98cc1ae	834c571189557c45f8dc2513b23484f5
hrv_for_eng:pod-1	21	14	220	Narrator	c3c3bac02dfc18a1bed28d91beb677a1	c8ed10c9fc68227d7fe17887b558a9c4
hrv_for_eng:pod-1	22	1	221	Learner	a06ba704770e22f497c30453c265db91	5c00cdfe8b0d24076c86f53ea71d2830
hrv_for_eng:pod-1	22	2	222	Friend	10f38fb2878ee0f382117bc5274019ea	a8040b0a3d95ef89e87cf43deb00c5ca
hrv_for_eng:pod-1	22	3	223	Learner	84e1df4ce189d3f365bbf0b6f16f2837	b4e60a590a50dc74baf7ed4bf5bc4be6
hrv_for_eng:pod-1	22	4	224	Friend	aecf40fad2ccbc451dc9e33b7b2af089	15d6200415181b8eb1c842a1a53a0917
hrv_for_eng:pod-1	22	5	225	Learner	f110d25ea920f91af4b0445b782e9a57	beb0394ce89cd9183e5d903dcf4183a8
hrv_for_eng:pod-1	22	6	226	Friend	0fd1cdc20e3f7e438284f3fa6fc537a8	52a1d79bc81a6348b6316b78b7461e05
hrv_for_eng:pod-1	22	7	227	Learner	81e33e8017c33ff73476ea76fc28298c	a1c3d02f7c119f1dbfde1c0e56a04a97
hrv_for_eng:pod-1	22	8	228	Friend	38fca494ec88da94ae4163777b4b09ab	4f58f4573664f9efa73634407ac75947
hrv_for_eng:pod-1	22	9	229	Learner	35b6270cb58e2cb35bbebf0338a22fdf	95d5aca2db8946dea751606ddb0377ab
hrv_for_eng:pod-1	22	10	230	Friend	f9120b80db76fa5f2430cb4aef0186d9	29827b2e81eb3bb465dad6e9ef61e523
hrv_for_eng:pod-1	22	11	231	Learner	67222087bc0c014247045bac04958748	e5731ee5d0709cc7bd90f62bc4d1d9b0
isl_for_eng:pod-1	1	1	1	Neighbour (8 am)	ede7ed47c0626d2df519fff4bc063b10	6ee0944e54db0524ecde74e6c629de1b
isl_for_eng:pod-1	1	2	2	Sarah	33f101771e36c84e59e959330cf192cd	aa26f2a183c4e0e6ed68f15e08ffe05a
isl_for_eng:pod-1	1	3	3	Neighbour	d019fcf6e1e77c63f9ff2816a692d58c	cc464cfe2d26532c0418f4836ee5ebb5
isl_for_eng:pod-1	1	4	4	Sarah	92eb4b1e8c82fcfe53af6be0cd66565c	35b94c213869adfc71dedf98d510b4a8
isl_for_eng:pod-1	2	1	5	Sarah	154b393d9e607812faa3a22712fc3e31	1ebc5a6271df1e0684e2e7b9c41bb18b
isl_for_eng:pod-1	2	2	6	Passenger	db4444facee072098698b04a3e6de200	5e5d8b3c6f8bc430e1479d0777a768e2
isl_for_eng:pod-1	2	3	7	Sarah	bb0a9469cf462b51fb4fe32038c2c9cc	10902ecda3dc2372dc9cf570f2c80a9b
isl_for_eng:pod-1	2	4	8	Sarah	260cad09860f99e7f1d5c1413248269a	1fb41845d0728f8c10727a8ce966c6f9
isl_for_eng:pod-1	2	5	9	Passenger	7a45997c944a46423a861124b8a5cc47	7c8caa73ae0269729cf079b955fa2489
isl_for_eng:pod-1	3	1	10	Barista (3 pm)	e03936d6aa492d01bef250ad8cef8bd7	129b85d1178d6f963422c4224881b233
isl_for_eng:pod-1	3	2	11	Sarah	ca7ccfdec282f48fc8498d85912656f2	9e08c222b5d1a39384a1b5fddfbf25ea
isl_for_eng:pod-1	3	3	12	Sarah	5b8579e38074a20dcde1d543755a6c0c	6885fc15633ab4b868aa5151e79d7186
isl_for_eng:pod-1	3	4	13	Sarah	1184e196636f9f348bf5ddb8e5f9c39c	a60b2d126f8c7ff9ac38fbfa4364cb1c
isl_for_eng:pod-1	3	5	14	Sarah	8934a190b9d6e12a5d0297eee555170b	31d093097e4bfea2a6dd0ab4c22a6b15
isl_for_eng:pod-1	3	6	15	Barista	0b095ef6572787d5660e58c1c959c3ff	f031182f541a00bfb1a31493235217b1
isl_for_eng:pod-1	3	7	16	Barista	4e4c1c8ff877ca9456c1e9c644753174	ef43722ddbda655542b7cdb02bb936b6
isl_for_eng:pod-1	3	8	17	Sarah	1fe3f39e8a4fe89083e0a98ab17ababe	cbf8659af4f5ca4c927d141bfe3faded
isl_for_eng:pod-1	3	9	18	Barista	7a7ece31f500dd718fbe3ead30c02a83	6f61d97ffddb4a91e45afc5f67e73c69
isl_for_eng:pod-1	3	10	19	Sarah	5aa1cc994924af284476126f25cefcdd	54cf197a5697f647ff03a2b52745b533
isl_for_eng:pod-1	4	1	20	Friend (7 pm)	4acb7cd93b402e992f31375dbecedc0e	de62d7bb305c2be6a133ea17a0af37b1
isl_for_eng:pod-1	4	2	21	Sarah	0b21b4984a8385b201653d45f936cdea	01495caf915e2d5c88205615c813d856
isl_for_eng:pod-1	4	3	22	Friend	5512ab20ebe783658a8ccb3cdab7c694	6c683c3f18a71bc5a60a51245f7ea8e3
isl_for_eng:pod-1	5	1	23	Neighbour (10:30 pm)	2465e3f30aab0bf7c1dedeadbf7cfd90	139e47766b4ab1bc6c2e30d8275d570d
isl_for_eng:pod-1	5	2	24	Sarah	62d59353814f24988f0bb8a34a194a95	5a620928d6e45913a894808d7501ec80
isl_for_eng:pod-1	6	1	25	James	1634a44561d0183b99b00a88b92fae4d	b37cd01c3b7738424f852aea2063a505
isl_for_eng:pod-1	6	2	26	Anna	7947b2358a9973ab1f844efb732fc3af	b214d1387a552e4c9be132984796bcc1
isl_for_eng:pod-1	6	3	27	James	d368fc1bd735738b4f550e28893daa1e	085e3c08f2ffecfb23cbb422d831688a
isl_for_eng:pod-1	6	4	28	Anna	ca3eac6276021ebbf39dae36a5e67655	0639e512b88fa8fcaebd5b9666928c7c
isl_for_eng:pod-1	6	5	29	James	93047c2fda3a6477349c1fb2f661dd59	79426185551098a662d1143e775cea18
isl_for_eng:pod-1	6	6	30	Anna	d73c58437c602afdf038af0f3b51fe80	755656594f1fed66195e576bafc459ce
isl_for_eng:pod-1	6	7	31	James	81145309bb6023f6500a27b597b8183b	19d2869419a133d649ed42141a675cc0
isl_for_eng:pod-1	6	8	32	Anna	b4df5b36eaa307270ac91c2e60c7adce	9ebc765a5bc5d2479243dede501bd3a0
isl_for_eng:pod-1	6	9	33	James	a3f4c158be9ec566f209484a58be0af7	c152f445b1967de5c964d9a3fb7a7028
isl_for_eng:pod-1	6	10	34	Anna	d61ae56917054dee24c752aa34c870f8	9611b73d7680bf9a3b5637d7685e689c
isl_for_eng:pod-1	6	11	35	James	d491abe6760522cc231e5d2f2e3791f2	5f34e333ac660776c7b01f074b5e1871
isl_for_eng:pod-1	6	12	36	Anna	271561413655acb39d2dbce65a994259	7c9e94e54ff783200c75ad1afddf413b
isl_for_eng:pod-1	6	13	37	Narrator	939717321c9e5a97bc11db379bbc95b0	a9df7ad4db2e1971fb021f5644e1d0ed
isl_for_eng:pod-1	7	1	38	Cafe Barista	e03936d6aa492d01bef250ad8cef8bd7	cbc2167ecf008fb033b5ac98aa1b364b
isl_for_eng:pod-1	7	2	39	Cafe Customer 1	050bef9bd4a15e3e5cbdfbbd5418647a	501783348c585c978802f4fdc48329f4
isl_for_eng:pod-1	7	3	40	Cafe Barista	b8dd2c7c8904445cc14cb016abada43f	7ac946487706bc9ebf9c41d16197e6de
isl_for_eng:pod-1	7	4	41	Cafe Customer 1	6ad7114db0924b56f7839176a840f900	56d632d7eac284ed7db82ac6573a506e
isl_for_eng:pod-1	7	5	42	Cafe Barista	e3cf61e96dcfa8220a3ef277a9613de4	45787a9f76a00ef648b4e54a736ed6b5
isl_for_eng:pod-1	7	6	43	Cafe Customer 1	30aa4d771c49178603a6913bb2487ffb	c43ecbf12526a32e59d7eda3876fb7d4
isl_for_eng:pod-1	7	7	44	Cafe Customer 2	db36b904c41ebc815eb5c2323b838065	ce4240fcb8bb7b3e0431cc6ea45df5d2
isl_for_eng:pod-1	7	8	45	Cafe Barista	600f4e3ad7a5a8062d2fdc94eb191ce9	92b16311b9402c95a838d93fb1501a31
isl_for_eng:pod-1	7	9	46	Cafe Customer 2	4846ccb3b0ea115b8ee7ba1eca8e8406	0ad80a8eecd77a5db88121c57e75b9bf
isl_for_eng:pod-1	7	10	47	Cafe Barista	56762e946d24fc9181ea035d00c028f5	2de61305988afb0d32d84b087e36cd48
isl_for_eng:pod-1	7	11	48	Cafe Customer 2	daf148bbb341015477dfdb1c423b6837	83f6d2006a0205d1f04f37ad2cdb4223
isl_for_eng:pod-1	7	12	49	Cafe Barista	5c71e9a92f5663f41e1bbf6cca5d74a5	f4707ef64079b9bd3120486cd8cd1da6
isl_for_eng:pod-1	7	13	50	Cafe Customer 3	2a9b7f6398dfca1bcf072d6caf28202b	440747e4c5a705e28463a93bdb2355ba
isl_for_eng:pod-1	7	14	51	Cafe Barista	d326a9c25f84d0fa74e46cb321fc9470	e53c40e2fc9be5922a1f67265e084b06
isl_for_eng:pod-1	7	15	52	Narrator	8287bd0377b85380b4fa9c9575844006	e2fd9610c4c8e82a1f7efcfc3206ffea
isl_for_eng:pod-1	8	1	53	Bartender	1d755070ef7d9f79208fa96ab31553e5	95e5cc8503c5b06fc599d942c1b95aba
isl_for_eng:pod-1	8	2	54	Bar Customer 1	1aa50153fc1b6ae81b1245caa248e123	59d9c371c00f5aa6e9263c08a30a42b2
isl_for_eng:pod-1	8	3	55	Bartender	d0eb767e680de338eebbde067421d0f0	4930a264ba1351fc1f2be2eeb0503e43
isl_for_eng:pod-1	8	4	56	Bar Customer 1	b1f1c64e9f16d88a344d651e1493c003	1fb2b2c11bb3d11e65e41029d3da1abd
isl_for_eng:pod-1	8	5	57	Bar Customer 2	5344c21958bec8957b5024f33bb2ee2e	64e908148bb806be4c5b82b6cd67f3cc
isl_for_eng:pod-1	8	6	58	Bar Customer 3	2ab137b4ef00820e87634e1658a86c84	5705209f2f526bf4a4e906fdff5e8666
isl_for_eng:pod-1	8	7	59	Bartender	f1e23ea77b9a151a8cefecfd5b9b611b	463cfc4e55bd3de5f4c5f6998798c8ff
isl_for_eng:pod-1	8	8	60	Bar Customer 3	444a06601e4b4a8395d0fcfe09013656	1caace2cdd8542fe8ae296efab852317
isl_for_eng:pod-1	8	9	61	Bar Customer 1	8a77c3d2bdd8e554acf6178dcc7809b7	52bff53cb70f6415f72fa87fdc38b652
isl_for_eng:pod-1	8	10	62	Bar Customer 2	d468bececcf2ccbfbdd6b120019ae7ba	913165018eb8739a5a0f0613c937fc94
isl_for_eng:pod-1	8	11	63	Bartender	398bc9274477631c5cca58085db08c4c	cb7282d0097a8ca0c2d2839f0095852d
isl_for_eng:pod-1	8	12	64	Bar Customer 1	53fef4236eabfcd026f835af67dd0960	54cb51c8fb37ecd2e04ce14848f2444d
isl_for_eng:pod-1	8	13	65	Bartender	16e854d2b38baab8243e686f602ef561	3feeb7bb1aa528b75366afe8ec9bfa2e
isl_for_eng:pod-1	8	14	66	Bar Customer 1	9cb87280d7655d7ad8f5951883ee6bc4	db93cc48e1c5ade124d2f44fe0a847be
isl_for_eng:pod-1	8	15	67	Bar Customer 2	b7de68d8880d5b9be7fdc80ef76af165	423abcaa566f0bf44715381b375bf04e
isl_for_eng:pod-1	8	16	68	Narrator	37102050f07219ac6419ae3ecd36cbfb	9c0bcc5415e835cbe990d35954130c8b
isl_for_eng:pod-1	9	1	69	Diner 1	efd7394bdbba71d6da96a0b2bc8917f5	f47c0ccfc3f79c83d8dbb18e994935a5
isl_for_eng:pod-1	9	2	70	Waiter	dd277e88fbaf1ae4359909d15bdc8034	718e6f797347b8fd4b3f45a6622a4446
isl_for_eng:pod-1	9	3	71	Waiter	a37d32412a4d48e033a1c0ce039a17c3	aecedd04a4e5cf7a1cd5b5239e80ae9c
isl_for_eng:pod-1	9	4	72	Diner 2	d0ece6f2dc49d460d7476101cc30fbec	91ae74f00f07601e9babaa242c7a5d36
isl_for_eng:pod-1	9	5	73	Diner 1	fc5f38c21a203f50b7c91359642ecf77	ea78ed82157a414c5169aef49b3b477e
isl_for_eng:pod-1	9	6	74	Waiter	2cdac8929cb7e0683adab576676f52a0	a86c30a79c6077cce89f3534133f9c30
isl_for_eng:pod-1	9	7	75	Diner 1	defb1ee1fc2bbb59d9eebfe7b99ac802	08f808be58b2d99c383869f4bd2b9e5f
isl_for_eng:pod-1	9	8	76	Waiter	bb7e66fe79fb3726f27ffea3ab0608c2	63b23d49d9cc4cbfcd2e579d529fafa9
isl_for_eng:pod-1	9	9	77	Diner 1	7c27588efdde3bb37ed2cdfdeaf5be0a	06214f9b4ac4ad391f2d5ea78b71cde7
isl_for_eng:pod-1	9	10	78	Diner 2	5ef0bcdc597d6c1bd7283db58d780f03	9581444710a2c46fbe4893e417a9fa3d
isl_for_eng:pod-1	9	11	79	Waiter	1d5d403201e34f02a5b4167839727cf5	60358de534ece5a38b06fd63bc1f3b38
isl_for_eng:pod-1	9	12	80	Diner 1	f7d4224515b1e635e8b41f4e39dc7882	98f46984f350be53caf0d8042b08fb4d
isl_for_eng:pod-1	9	13	81	Diner 2	2793adee30b0fb1f57f79f66989daf54	4e89e1708e54fa14e52a5316232da8c5
isl_for_eng:pod-1	9	14	82	Waiter	725bd03c521b8be6709cd8b722035343	4d3da2ee5e65d6f8789ba8a5e3aa642c
isl_for_eng:pod-1	9	15	83	Waiter	a15843affe5492166cf5fb3d46a2c4c1	de28fcf5d0a220f3654a7d2910a5b135
isl_for_eng:pod-1	9	16	84	Diner 1	197987ffbcd796aa3ce82977ee653b9a	40123960824b4440b27f97076b2993df
isl_for_eng:pod-1	9	17	85	Diner 2	480141b79b62adaafa3897440a09329c	1b6b76e0bdc8953ab878905b8cc52df9
isl_for_eng:pod-1	9	18	86	Narrator	dea8f64f1457b8740bec491a5c452f28	418fc34f8a619847c1ec0523c838a8a7
isl_for_eng:pod-1	10	1	87	Customer	4baeeb3dcb790d0890ea23512f977759	136151eba56ff0f31b5d130954df5f15
isl_for_eng:pod-1	10	2	88	Assistant	693adc9336a3aabd1eeab724369cb514	e4cbe079c0dcc535e9cd8aaef51c9797
isl_for_eng:pod-1	10	3	89	Customer	04721fa6d54b82ae9287f2fed0df25bb	93693bd14a65a0bf93904aa6a6980234
isl_for_eng:pod-1	10	4	90	Assistant	a1b11f6f9c91711d92b33d1ce2be2c65	d0f2cb73e1e5371d15cfeb2681bae7c5
isl_for_eng:pod-1	10	5	91	Customer	0221dfa29fbda9ee364feed67750f6eb	f1aa603fd2b80fab9a0764ddba8ba5da
isl_for_eng:pod-1	10	6	92	Assistant	dc53834e6d486a6b5dcd9dadf861b48c	27b11b3461c2c22a832ac7a15cc39f15
isl_for_eng:pod-1	10	7	93	Customer	6bca8f7fbb49d3f0d8d4206d47b77619	1d40abee6285888e49c74dfb5bcf9927
isl_for_eng:pod-1	10	8	94	Assistant	0405bb535bde85b58b308c7fd9951f03	eeeabce7649749d25f6eccf9a9ea69cc
isl_for_eng:pod-1	10	9	95	Customer	53f64c0fefd2256ed0fda6a2d7ff440e	03fede9c609a03567ce91e2e3c1ea492
isl_for_eng:pod-1	10	10	96	Narrator	04b865036369b5b86e4d72599a5a4ab0	88c1ab6fdafe008af86fe0b06f4c841b
isl_for_eng:pod-1	11	1	97	Guest	ed424a29f63b4000ec37de2e8857b97f	cc55707d7078fc7aa2cb496d4ff3f91e
isl_for_eng:pod-1	11	2	98	Receptionist	6b06cff592090aa348f47556a621346f	f686f5ac142a24984957aaa44464e88f
isl_for_eng:pod-1	11	3	99	Guest	b955c15b88fa0cccb1bd89552dab5487	ec7626acc5bc14df9335862c416ea34f
isl_for_eng:pod-1	11	4	100	Receptionist	b0c002bc09b4bd92bd4404cf1ff6607d	552df0d976f1a2d84d4af72d95e5b59a
isl_for_eng:pod-1	11	5	101	Guest	2f0e8b7e8a3727f50b302a7c7d4c95f9	7b0407dc87cc2c4961a945606a5eadc4
isl_for_eng:pod-1	11	6	102	Receptionist	191822040806efefbad42d95aa406d06	bb3123fdb334f284bcb1af62f7f238e7
isl_for_eng:pod-1	11	7	103	Guest	bcb07103fdca54785fc3122a34e1f135	225256efd81262ffe2b947381a8cf080
isl_for_eng:pod-1	11	8	104	Receptionist	24aa5860222efa80365d66f97022ce83	7361204e12235a4165e525c8993dc914
isl_for_eng:pod-1	11	9	105	Guest	697c7a70a8c2c319e0dfb847a10852d6	4c3bd72192248f3b689ac3bdb789ac2c
isl_for_eng:pod-1	11	10	106	Receptionist	5d191d57d99c7818f73e7430ad20ca4f	0598c0d2d13ded214ea462b251a0d013
isl_for_eng:pod-1	11	11	107	Guest	74db17069c8604ecd719856bb7bf42ef	77bb11ec8afd06d6b134f6f69df41802
isl_for_eng:pod-1	11	12	108	Receptionist	a87eca46af83f92e550f7f5edc598c1b	84e3ae341108982767642713c846233a
isl_for_eng:pod-1	11	13	109	Narrator	b07dd2a8186a9bffe03eb6a38922652c	a039db0b2a75b9ef42c456afbf08acb2
isl_for_eng:pod-1	12	1	110	Customer	5d0b027ae9aef5b9b1f06431d5ccfc32	2e0c0d4948556b0a6de58e3ddc21395d
isl_for_eng:pod-1	12	2	111	Pharmacist	cc544c35f05df1184ec38f6d41305c20	64b835aa122947a9ec0e4602f081f977
isl_for_eng:pod-1	12	3	112	Customer	6d8c6984a6ce2a31941395b4e795d895	ffc7160bc08caa75a27c0e47e6829382
isl_for_eng:pod-1	12	4	113	Pharmacist	fe00a4791773d0971a0967b048a85112	48bcf2e67a7019da71d9e7c0f7c92a44
isl_for_eng:pod-1	12	5	114	Customer	ce5e5a30b99e4fcd18ce899cc017cc0d	599ac705b6e160bfafeca6ee3ff9c0b7
isl_for_eng:pod-1	12	6	115	Pharmacist	40be026474c647b5032194eaf5b3e73d	e592ec2ece61a026f44312af940f04ab
isl_for_eng:pod-1	12	7	116	Customer	790ba97aff192eba1a2f17bf8c0babe1	ac82c32fe908849dd80acbc6a9b1fe4e
isl_for_eng:pod-1	12	8	117	Pharmacist	a2610a40eaa30bb5f59a2f6f3695a8b7	f0be03f62fc608c755238e341759c65c
isl_for_eng:pod-1	12	9	118	Customer	943c8a0e6eacfa31f69c9d39504a5874	e42037889344d661179702232365b051
isl_for_eng:pod-1	12	10	119	Narrator	861f72df079b885ffd1f21ceb3765459	7356639b43b69fb452e712e88ca612ea
isl_for_eng:pod-1	13	1	120	Tourist	434de854a7adc60c5a15ac4714c86996	daca79f72d2e3ffc8ed3cf8c833b5595
isl_for_eng:pod-1	13	2	121	Local	7e2a129a7d9445ca8755fc73ead9f5e3	7c12a65de20b42e05db3777842ff80cb
isl_for_eng:pod-1	13	3	122	Tourist	9ae2977b84f25eb1e05159d5079f42e7	444f9aa0aa56ed882191729a3c3fe78e
isl_for_eng:pod-1	13	4	123	Local	a57ddf9a283d2af54d4677e4c665de6d	7528fc391ebf65dd55f321c7dbb62608
isl_for_eng:pod-1	13	5	124	Local	3e3becffaac7f02ea6348b6509fff9f6	ed54becb0e49e16df83cc60466efa8d2
isl_for_eng:pod-1	13	6	125	Tourist	32105a93682249beefc94f01edce1b7c	225eb9e5c0f9d0b57652f113e937f8e5
isl_for_eng:pod-1	13	7	126	Local	e5c5c1682ffbefbccdbe37d9f995f56d	7195a8c13810d9b9853c3c211f616a9e
isl_for_eng:pod-1	13	8	127	Tourist	cb7b60e7c77933f10c8739b710f84e3b	9c909612cff0b9fb58decf8506cb50db
isl_for_eng:pod-1	13	9	128	Local	dc7daa58e414c9aa2a0a70e50dbc16b1	759bd7d3204fa55d3e3b463340506aa2
isl_for_eng:pod-1	13	10	129	Tourist	acc6abdaa7c68066ded5b2a0cc618b9b	d84dc29ab18369e040cfb3b3899f2394
isl_for_eng:pod-1	13	11	130	Narrator	8a2593daa55702af3a235ed3ddd673e3	4ff53b91110304c96b46805771c7f4aa
isl_for_eng:pod-1	14	1	131	Passenger	a4e5ee65ce458659300495971a1fc736	c58ec5f5bbb7c695c418f6b4ea356da1
isl_for_eng:pod-1	14	2	132	Driver	68834bc4c92a535d6ea0d7ba7e761084	27652fc6bc26f1807c076c5dc3969133
isl_for_eng:pod-1	14	3	133	Passenger	fda94d6cd2327946ee4ea73f48d7c5d7	a4e86846455e65cdebe8cc6e028ec556
isl_for_eng:pod-1	14	4	134	Driver	633777e79a65b74c1e5104ce6ffb3173	39d0ed883ef886cb909f83a13c8b51bf
isl_for_eng:pod-1	14	5	135	Passenger	0e4453942c0096eb4d27e5572907861a	f33af4b471e77de0eee25686f789cab5
isl_for_eng:pod-1	14	6	136	Driver	e4166aba2f2e38e5e748dd3f4418b3d8	dcad5fc92e5bfad25efde3fd1acf1dee
isl_for_eng:pod-1	14	7	137	Driver	68ac672ebdb379e6be6614f7143fc0cf	50f60b36ab55c687d9418741fdbef5b1
isl_for_eng:pod-1	14	8	138	Passenger	ffe5fb434da906a943058055d22a61a8	bd0f8de5afca3e57a99b1f58619dc6c9
isl_for_eng:pod-1	14	9	139	Driver	4dc178bcf960fb22c71e3c9a07d2ab4e	9bbc74c3fab1a78c5d2faffeef46810f
isl_for_eng:pod-1	14	10	140	Narrator	dc1ce06aadd821f7a497a9ab91515cb3	55c9f6473f40cdb17d4d7ab4409a232b
isl_for_eng:pod-1	15	1	141	Learner	298db9d15a9098621acbc8a63c8525dd	913bb5faa544c775b1fd10a63c47dbc3
isl_for_eng:pod-1	15	2	142	Learner	70b7184b4cb53f0babb94e4d5fc7605c	a09180b6842fda593edc9e60043a5a0a
isl_for_eng:pod-1	15	3	143	Learner	0dceded3f550a8ddbba334d72dd7d688	af1da60e13065be4a6990b5e69892926
isl_for_eng:pod-1	15	4	144	Learner	ccc757d3e6301ec4a496d0e5772eda48	47f8bf53caeeded147506c90240992b5
isl_for_eng:pod-1	15	5	145	Learner	5db18dc35d057a9b73657c36f943b0b5	a8eea28a3fa662b1ea97dfb76e81a785
isl_for_eng:pod-1	15	6	146	Learner	0039e25b71bd2d0468c0a020f0fbd375	e35e0984619771f391c8df3d2f8dad1c
isl_for_eng:pod-1	15	7	147	Learner	26c8f49c602b72d735e2ba417158c324	376104b5c665287b33a4b3df71fb361b
isl_for_eng:pod-1	15	8	148	Learner	37cb139976ed87caf7431b7fd82ffa41	0b3bff8c3cbd4993240fec74a9511cef
isl_for_eng:pod-1	15	9	149	Learner	602f5c21048570c1c283906e1b8750d1	f56a6fa0342d93687c324258b7196cd5
isl_for_eng:pod-1	15	10	150	Learner	f125f62f6bcad96036959801001e56b1	9a86f7902fbd2894a9f4603da2f7ec9f
isl_for_eng:pod-1	15	11	151	Narrator	b06866ee94a7e715a3b23fae68ca55c8	eba1245daf0d65cc1d6160ccf05bcab7
isl_for_eng:pod-1	16	1	152	Learner	dda5582d07ef4f8f2c4006176054fe48	9eafb4da0eef364b90375b55537d25bb
isl_for_eng:pod-1	16	2	153	Learner	8114c609fa4f71a13f86c940327b91dc	b3b90f8f5c48e9ab512dc566324ed037
isl_for_eng:pod-1	16	3	154	Learner	6f40c236ae945f706f5c0bfb3a038b3f	63d80cfa06344b7d9f4045b7fba0cb9f
isl_for_eng:pod-1	16	4	155	Learner	2b01bf09ffdc114c6f3e2d8025de8680	1077817e87520a09a8a2abc0190c9997
isl_for_eng:pod-1	16	5	156	Learner	10f62caa4592ddae74c534bd346a7434	875936a84ce3549b311ad51323c3ac94
isl_for_eng:pod-1	16	6	157	Learner	5c232ca1b49b214e6a0fbca6bcc4ddff	2eacc883d508a1f175c2f2d0f3d324e4
isl_for_eng:pod-1	16	7	158	Learner	29dd050fd15c8902f3981e5c5b379450	aa2623f2438db26bfc289ac08d18c9a8
isl_for_eng:pod-1	16	8	159	Learner	be975b47f1ee32adda97a33fe8a7cbfd	65a2bf309c72a368908ff228b43e5c12
isl_for_eng:pod-1	16	9	160	Staff	84243313e2d954b856cd0a0b98dcc133	9650460a658b8f5dd8a906f1782c3f5c
isl_for_eng:pod-1	16	10	161	Learner	e63f73e999df268b43b8e6ba7abba938	6f81b411447233cc4554546d3485e6e5
isl_for_eng:pod-1	16	11	162	Narrator	90335ebcdea9b04da5f9d45e4f0b833a	91f7b0696c7c0fc707420471e844af02
isl_for_eng:pod-1	17	1	163	Learner	5c162c79eb81a470919704236ea95737	3f918556b4706fc38a4f66b38ee11e93
isl_for_eng:pod-1	17	2	164	Staff	bd3743be16046cd96866afd19850f30e	b89bf636041965ef6e44581a0e66405b
isl_for_eng:pod-1	17	3	165	Learner	8f34335669ceb78d3177a38a70e46f74	b2e9e73da95ff8e534a2c05be54469f1
isl_for_eng:pod-1	17	4	166	Staff	53062314e9997df35bd3718842bdfcc9	ee1a2848e1d6e5a016074ba8e5f9df67
isl_for_eng:pod-1	17	5	167	Staff	305eba088a0cc6d855a6745161b44130	a2ac474dcab961749b90674a53304753
isl_for_eng:pod-1	17	6	168	Learner	987634ce5d6cde22c44d50c19fdca23c	218566fe0117cad5e42b24674ac59854
isl_for_eng:pod-1	17	7	169	Learner	f0a0d547562104d66d1932002c9f78e2	6f23d3e4fbf9fb84eadce090d6e21e0b
isl_for_eng:pod-1	17	8	170	Learner	28dae097b27e6494af96430a7f2b7328	89d84b38c76d0c63271993c96159335c
isl_for_eng:pod-1	17	9	171	Interlocutor	17bb422a251c4939db33c92169c43c8e	60f59d8aa7095fbf4d63419a67291235
isl_for_eng:pod-1	17	10	172	Learner	9099501d7232494e79f8f11655784399	cb2b984f6c5a6652552f5a52433e9043
isl_for_eng:pod-1	17	11	173	Narrator	e9f13832fcd471f55019cfd477e2750d	e9b4223aa4445b27cd280248acac1ce9
isl_for_eng:pod-1	18	1	174	Learner	e970ab54d2485c91471e3cbe7b6ecece	200c3546a879a0ce8458e37ec1dea3f3
isl_for_eng:pod-1	18	2	175	Learner	350fb9b73c57acb8647cec87a692fc8d	29a9cbbfaa50d8b1fba17c8ddf1af426
isl_for_eng:pod-1	18	3	176	Learner	8c91a49c9da722d1474fc13626c270f2	a15f9ace48459a3c4e3c4d737c41f653
isl_for_eng:pod-1	18	4	177	Learner	9f9254f6281cf73877fedbd2f6673066	1f1e50ef6f5759e0685d415825edfff4
isl_for_eng:pod-1	18	5	178	Learner	64705ef6fea23658ac853cb59655c5ec	bf2a03f0a7f78a5b14c9039a057ea050
isl_for_eng:pod-1	18	6	179	Learner	30986f165907b003730c98895bb551f8	ead58d7143eb35c36f5b78aa7009c68b
isl_for_eng:pod-1	18	7	180	Learner	8f4148b671a315092a8eba40f3b87b8f	d1d15242deb8a3a7bf0fae7c42c0a47a
isl_for_eng:pod-1	18	8	181	Learner	58d95587e6b8d0e7c872291e3c9782dd	deec3ef222041f80b3b966f9b6c515c1
isl_for_eng:pod-1	18	9	182	Learner	600be28fcdc1aef5c90a3f83408d1fe3	5c40a0c454e9a7788820e3cce62aeda2
isl_for_eng:pod-1	18	10	183	Learner	e45fad624cf42cc4fdf810c3661dc12f	ea174e84d89f9dce1d8ddc975990cf28
isl_for_eng:pod-1	18	11	184	Narrator	d1754168ec7a41a46d6c5320e3b81999	4ae156b07d9bd5fae88713471a19e018
isl_for_eng:pod-1	19	1	185	Learner	52fe1c6880832e58acf38c1ed1e66b49	7c15f463d5f03199782a2b1f30c3c846
isl_for_eng:pod-1	19	2	186	Learner	2bd6eada9fe689f09497008a19289a1b	c8f053172ea3fa290e676bc9cde75458
isl_for_eng:pod-1	19	3	187	Learner	54e6c4baf844335604ebe8bd8185647c	4140109bcdedb65463d59334e5e425f0
isl_for_eng:pod-1	19	4	188	Learner	c1f4427d1300293ca599cd9257be7e3d	9e29640615f6f87aeff81f4e6c5b53bf
isl_for_eng:pod-1	19	5	189	Learner	4f6dc040750d5f47ca973eea909fc300	84fc461be123eda48d5bf41b0d1a0f73
isl_for_eng:pod-1	19	6	190	Learner	b1dfa7fde3b2b56c0bd56c27a8b69499	5263aa615a62dd65c071d15ead5cfb6f
isl_for_eng:pod-1	19	7	191	Learner	868af6e557b3a07b89fe5ae02e431ab2	ac3e999e4f5bae18ce949597989cf25d
isl_for_eng:pod-1	19	8	192	Learner	af4313329b105f62d40f97d852d4f7ed	db14e1d9c46d468ce0c2a1942c9e5547
isl_for_eng:pod-1	19	9	193	Learner	45d01fd91859612b4ab9c4bc5559ff96	b4d53d399c40313615294a5dbc3ad920
isl_for_eng:pod-1	19	10	194	Learner	d3af3a6de2eec0670a8badc2ecf4d203	380dc3308d4281d833de8337be86c632
isl_for_eng:pod-1	19	11	195	Narrator	6482e9671b260a0a2615d61dad8397cf	e1d859ceca82f3a29e9f5d6896683d70
isl_for_eng:pod-1	20	1	196	Learner	89af2f636a28aa1ec1e0948e017fbf44	a53e1713be20c3a621f4e8a3f6579843
isl_for_eng:pod-1	20	2	197	Learner	b7245fa351217d1b8f2f371844dfda4d	60ad360bce4d369112c2efa49f353165
isl_for_eng:pod-1	20	3	198	Learner	da989dcdc535eed9da42eda46dd98e5d	c26678bd3218eaa94031c1fcfdc92338
isl_for_eng:pod-1	20	4	199	Learner	1feb614643bb67079a7b4dd95aa4c48f	9f47f8766713f4c48173ed805c447f66
isl_for_eng:pod-1	20	5	200	Learner	a714562d899f8a8389a15ddfe307ca94	2b6b87c53a652020c2650090c91f7040
isl_for_eng:pod-1	20	6	201	Learner	e9442fde473672c12b60526083be992b	c9596a3f82692ecbe36422e38d488d64
isl_for_eng:pod-1	20	7	202	Learner	a33410a8ef64094fff28e505e9eb62ae	c61460556c733cd480ba0b2038b17bce
isl_for_eng:pod-1	20	8	203	Learner	ffe94df70d11d992dc1275943ae7c21f	251c226f2b72c6638554a1826535bdf3
isl_for_eng:pod-1	20	9	204	Learner	475b16391d2a5c2505e9bbe2336bdc28	2badaa9753a0c2d89b8f7fc048141886
isl_for_eng:pod-1	20	10	205	Learner	edccac0bd5c5949c897602cfa0d5a2d0	39a4a36539151c49ff0aea2901d6e46c
isl_for_eng:pod-1	20	11	206	Narrator	caed1e9d895cb118e047570ac02c9f97	b00aa4bbb11b7c5b8a41297fedf164e4
isl_for_eng:pod-1	21	1	207	Learner	c552feef57b90cd7162146d05242a037	31883c238e38aa97c19879601c538da8
isl_for_eng:pod-1	21	2	208	Learner	6e867739a81cb03c6e0d98994ab5959b	9c9b76e67042fad2983f6f9bb337bc11
isl_for_eng:pod-1	21	3	209	Learner	b02ce616f4369186e192000367c93ec1	fc2e6722bb0d2092c14338f4bc961cbc
isl_for_eng:pod-1	21	4	210	Learner	612a2004468ee943fed745b912405f89	6a301630a41e5723851c6251001c9cc4
isl_for_eng:pod-1	21	5	211	Interlocutor	25c5bf179d462e414b5794b9b717288d	69c80eebef962f3c3eeed4411205993d
isl_for_eng:pod-1	21	6	212	Interlocutor	e7c25a7ad7df271c67996d5739869e9f	e687907c0087a79ee8305dd114fa50ea
isl_for_eng:pod-1	21	7	213	Learner	8ec3de43dec9d1d796cae2eda35de7c2	8e4d431911a139dc828de7241d404d22
isl_for_eng:pod-1	21	8	214	Interlocutor	1f5460af47aa5bb7b396dc4e3b174592	11ea5656b70267c62d122e06d3f25ef2
isl_for_eng:pod-1	21	9	215	Learner	f67161ab9406fced1769652a72f1d79d	f7a808574ea1968957fdacd409e5e52e
isl_for_eng:pod-1	21	10	216	Learner	ca820d127ac4bcf18bbc3ad589268688	8f5bd996aacf8dd34f3367288430eebf
isl_for_eng:pod-1	21	11	217	Interlocutor	8ebc459f7d27f99f1c4e7d314d7d1d1b	02cff8540cce3fccea77fea5e2829615
isl_for_eng:pod-1	21	12	218	Interlocutor	f705ced7992b161f88725f9d482d9beb	a0065434b80f7195e6738e99841ac35a
isl_for_eng:pod-1	21	13	219	Interlocutor	4e11d44e68a89136e05d5306b6a88d2c	834c571189557c45f8dc2513b23484f5
isl_for_eng:pod-1	21	14	220	Narrator	828d97043652675b54ccb455737ff6b4	c8ed10c9fc68227d7fe17887b558a9c4
isl_for_eng:pod-1	22	1	221	Learner	4d9db26cb8fcc20144afd16878c140f8	85182f9467cef767fce81153add70340
isl_for_eng:pod-1	22	2	222	Friend	1b89a398108792fd2547ec143a639d27	a8040b0a3d95ef89e87cf43deb00c5ca
isl_for_eng:pod-1	22	3	223	Learner	aeca15291192d4a4a6c65368516c4213	b4e60a590a50dc74baf7ed4bf5bc4be6
isl_for_eng:pod-1	22	4	224	Friend	306ac1fc0fe8252b329be5e46941c0a2	15d6200415181b8eb1c842a1a53a0917
isl_for_eng:pod-1	22	5	225	Learner	2617925def737cda157b5e326388739e	beb0394ce89cd9183e5d903dcf4183a8
isl_for_eng:pod-1	22	6	226	Friend	d162bc084e7e40f96cd70587f2cb6499	5b612d8cd1d95712f65f7a50ebdd67e3
isl_for_eng:pod-1	22	7	227	Learner	c2cc7fe9fc754c6fad32887d242bbf7f	a1c3d02f7c119f1dbfde1c0e56a04a97
isl_for_eng:pod-1	22	8	228	Friend	6520f8e6f973588575714ab30d018c82	4f58f4573664f9efa73634407ac75947
isl_for_eng:pod-1	22	9	229	Learner	1e4b95bfa28e60c95daf9978cc2ccea0	95d5aca2db8946dea751606ddb0377ab
isl_for_eng:pod-1	22	10	230	Friend	d26d8da41536b4e1c1f6abc44fd4b36a	29827b2e81eb3bb465dad6e9ef61e523
isl_for_eng:pod-1	22	11	231	Learner	1bd49c74315041c314ef3984b10f1e6d	e5731ee5d0709cc7bd90f62bc4d1d9b0
ita_for_eng:pod-1	1	1	1	Neighbour (8 am)	687606d5f8ac05c94f502159e5694f36	6ee0944e54db0524ecde74e6c629de1b
ita_for_eng:pod-1	1	2	2	Sarah	b384476d71187ae28361e7dcc7607e25	aa26f2a183c4e0e6ed68f15e08ffe05a
ita_for_eng:pod-1	1	3	3	Neighbour	ef99633eff9fae5dae09dacc69c5d4c1	cc464cfe2d26532c0418f4836ee5ebb5
ita_for_eng:pod-1	1	4	4	Sarah	9b0045abdeb7603c5b40d0e80d37b4ca	35b94c213869adfc71dedf98d510b4a8
ita_for_eng:pod-1	2	1	5	Sarah	ef125f586f8f0fae0d4a4a062d11646f	1ebc5a6271df1e0684e2e7b9c41bb18b
ita_for_eng:pod-1	2	2	6	Passenger	9833865020ad365db590540a578c997e	5e5d8b3c6f8bc430e1479d0777a768e2
ita_for_eng:pod-1	2	3	7	Sarah	28de4c4d5ceea7a1a0e2925ac68189b8	10902ecda3dc2372dc9cf570f2c80a9b
ita_for_eng:pod-1	2	4	8	Sarah	490aa2242ba35492c1c45877e9dc62af	1fb41845d0728f8c10727a8ce966c6f9
ita_for_eng:pod-1	2	5	9	Passenger	84bd27c80be9547227216af4bead3a6f	7c8caa73ae0269729cf079b955fa2489
ita_for_eng:pod-1	3	1	10	Barista (3 pm)	9fa0bc39ab88a21813687c458bf9a409	129b85d1178d6f963422c4224881b233
ita_for_eng:pod-1	3	2	11	Sarah	09c9464ab73bc2e61e8c414a55a847fd	9e08c222b5d1a39384a1b5fddfbf25ea
ita_for_eng:pod-1	3	3	12	Sarah	27a4ea4502b5667aa5181a646c742df8	6885fc15633ab4b868aa5151e79d7186
ita_for_eng:pod-1	3	4	13	Sarah	02d55b9a2c56eb3c22fc7c6f593854f0	a60b2d126f8c7ff9ac38fbfa4364cb1c
ita_for_eng:pod-1	3	5	14	Sarah	37072334f4f8c46174269037b69e9b5f	31d093097e4bfea2a6dd0ab4c22a6b15
ita_for_eng:pod-1	3	6	15	Barista	cf2bd44e2d9408fecbdcaab3ebdc3168	f031182f541a00bfb1a31493235217b1
ita_for_eng:pod-1	3	7	16	Barista	a46264ab7bbf2cc8233a7e7fe88c2b8d	ef43722ddbda655542b7cdb02bb936b6
ita_for_eng:pod-1	3	8	17	Sarah	0a58c1d2efdfd08c4a329c6373d0099c	cbf8659af4f5ca4c927d141bfe3faded
ita_for_eng:pod-1	3	9	18	Barista	b3e82d538208be9a4b7400df63849cb4	6f61d97ffddb4a91e45afc5f67e73c69
ita_for_eng:pod-1	3	10	19	Sarah	5e3e59b41228ec6c748bb25ffcc0f620	54cf197a5697f647ff03a2b52745b533
ita_for_eng:pod-1	4	1	20	Friend (7 pm)	ed9cfdb61907d7940c64710fc03bafaa	de62d7bb305c2be6a133ea17a0af37b1
ita_for_eng:pod-1	4	2	21	Sarah	d11135fbb57cbe288c064ce052ca1395	01495caf915e2d5c88205615c813d856
ita_for_eng:pod-1	4	3	22	Friend	1f0c2635519260073f3e3940a559dfb4	6c683c3f18a71bc5a60a51245f7ea8e3
ita_for_eng:pod-1	5	1	23	Neighbour (10:30 pm)	253862e7ce94e450bad4921f03409a02	139e47766b4ab1bc6c2e30d8275d570d
ita_for_eng:pod-1	5	2	24	Sarah	aab4ac9dfef0cea5e2f90e0535733f4e	5a620928d6e45913a894808d7501ec80
ita_for_eng:pod-1	6	1	25	James	c746c95738ed80bb6bcaac39a83c3ec4	b37cd01c3b7738424f852aea2063a505
ita_for_eng:pod-1	6	2	26	Anna	3e86f44d25499039f5af8030ce314344	b214d1387a552e4c9be132984796bcc1
ita_for_eng:pod-1	6	3	27	James	a8ce359ad61076e6c760d695222566ce	085e3c08f2ffecfb23cbb422d831688a
ita_for_eng:pod-1	6	4	28	Anna	c739e43c0fec1c36e7908e9ef6cb5b88	0639e512b88fa8fcaebd5b9666928c7c
ita_for_eng:pod-1	6	5	29	James	b0d4e749864c7369799eaed0dbea2920	79426185551098a662d1143e775cea18
ita_for_eng:pod-1	6	6	30	Anna	fa3f729c829dff21054f7f97b1fe2693	755656594f1fed66195e576bafc459ce
ita_for_eng:pod-1	6	7	31	James	b0926a71809e14e867d9dcd07ecd503e	19d2869419a133d649ed42141a675cc0
ita_for_eng:pod-1	6	8	32	Anna	fd28f03f91c6408e619090b4efa14cc5	9ebc765a5bc5d2479243dede501bd3a0
ita_for_eng:pod-1	6	9	33	James	df5c89bb9cce4d211d268055e3c6f64d	7d2dcb53bf0f9465549ffd85e3ca936a
ita_for_eng:pod-1	6	10	34	Anna	16604f277e37947247f9b3da58b6525a	9611b73d7680bf9a3b5637d7685e689c
ita_for_eng:pod-1	6	11	35	James	3fd6f20e27d8c3e6a985ae515ac47693	5f34e333ac660776c7b01f074b5e1871
ita_for_eng:pod-1	6	12	36	Anna	37f5dc3c2adef4b0d84d7978e99332dd	7c9e94e54ff783200c75ad1afddf413b
ita_for_eng:pod-1	6	13	37	Narrator	8b5897546e68223820b8e4553a674397	a9df7ad4db2e1971fb021f5644e1d0ed
ita_for_eng:pod-1	7	1	38	Cafe Barista	3df4f1e39534b423ea7fb886a4c859a6	cbc2167ecf008fb033b5ac98aa1b364b
ita_for_eng:pod-1	7	2	39	Cafe Customer 1	7a325b3922d0c4171f5fd2d5c74c8336	501783348c585c978802f4fdc48329f4
ita_for_eng:pod-1	7	3	40	Cafe Barista	c35ed7b003105503a1b6532dd681a76f	7ac946487706bc9ebf9c41d16197e6de
ita_for_eng:pod-1	7	4	41	Cafe Customer 1	53b848ec0287b6f3a099c398685ca48c	56d632d7eac284ed7db82ac6573a506e
ita_for_eng:pod-1	7	5	42	Cafe Barista	5832f72068b47cef8c08c9e38b1b378c	45787a9f76a00ef648b4e54a736ed6b5
ita_for_eng:pod-1	7	6	43	Cafe Customer 1	21104d92c43af299a3fb592f610fe877	c43ecbf12526a32e59d7eda3876fb7d4
ita_for_eng:pod-1	7	7	44	Cafe Customer 2	6d0030480ed1810d28205e4de3a348e3	ce4240fcb8bb7b3e0431cc6ea45df5d2
ita_for_eng:pod-1	7	8	45	Cafe Barista	e3582dacae00b53746a941e7ed2c355a	92b16311b9402c95a838d93fb1501a31
ita_for_eng:pod-1	7	9	46	Cafe Customer 2	a9d32381c7c147727e39f60bf37d557e	0ad80a8eecd77a5db88121c57e75b9bf
ita_for_eng:pod-1	7	10	47	Cafe Barista	da241b0a6615e5eec68c338e58b31eed	2de61305988afb0d32d84b087e36cd48
ita_for_eng:pod-1	7	11	48	Cafe Customer 2	e70823728bc9e11604702f21b90c22bb	83f6d2006a0205d1f04f37ad2cdb4223
ita_for_eng:pod-1	7	12	49	Cafe Barista	09ff47b290ef69a1014bbf2c057efc05	f4707ef64079b9bd3120486cd8cd1da6
ita_for_eng:pod-1	7	13	50	Cafe Customer 3	94a2a2745d73334699af10da35374eb5	440747e4c5a705e28463a93bdb2355ba
ita_for_eng:pod-1	7	14	51	Cafe Barista	cdc69b0265a301f24f721da1f823d6ab	e53c40e2fc9be5922a1f67265e084b06
ita_for_eng:pod-1	7	15	52	Narrator	93b14f2db9f5635ad8cdfe9176c242ad	e2fd9610c4c8e82a1f7efcfc3206ffea
ita_for_eng:pod-1	8	1	53	Bartender	9fa0bc39ab88a21813687c458bf9a409	95e5cc8503c5b06fc599d942c1b95aba
ita_for_eng:pod-1	8	2	54	Bar Customer 1	a9a41ef7740289a9910ea217575da1ef	59d9c371c00f5aa6e9263c08a30a42b2
ita_for_eng:pod-1	8	3	55	Bartender	a9f54643bbc83ed1d07c59a7b148e519	4930a264ba1351fc1f2be2eeb0503e43
ita_for_eng:pod-1	8	4	56	Bar Customer 1	6b6d358a6f591165eb8bd2cb1eb20489	1fb2b2c11bb3d11e65e41029d3da1abd
ita_for_eng:pod-1	8	5	57	Bar Customer 2	47d9584b94eb470276b3e68e2d0ec0ae	64e908148bb806be4c5b82b6cd67f3cc
ita_for_eng:pod-1	8	6	58	Bar Customer 3	6853c90dc7e5080a40962d71b4f85037	5705209f2f526bf4a4e906fdff5e8666
ita_for_eng:pod-1	8	7	59	Bartender	7d43c140d2e80494a356728f39d2bacb	463cfc4e55bd3de5f4c5f6998798c8ff
ita_for_eng:pod-1	8	8	60	Bar Customer 3	61b50d1ca493d59cafbadb8f6edd6be4	1caace2cdd8542fe8ae296efab852317
ita_for_eng:pod-1	8	9	61	Bar Customer 1	109bf5fcd4e00a41906b7f0a7080bcac	52bff53cb70f6415f72fa87fdc38b652
ita_for_eng:pod-1	8	10	62	Bar Customer 2	0103f6981726c6e754f103e0314dec5e	913165018eb8739a5a0f0613c937fc94
ita_for_eng:pod-1	8	11	63	Bartender	dc73b91d390ef761f4376998d977f821	cb7282d0097a8ca0c2d2839f0095852d
ita_for_eng:pod-1	8	12	64	Bar Customer 1	3f238e906b3ef98440d77a4cf176844e	54cb51c8fb37ecd2e04ce14848f2444d
ita_for_eng:pod-1	8	13	65	Bartender	b142c4d7fcab7f9350d8645b631f1f08	3feeb7bb1aa528b75366afe8ec9bfa2e
ita_for_eng:pod-1	8	14	66	Bar Customer 1	c1a511acad33c45ce7527f212ca0c98f	db93cc48e1c5ade124d2f44fe0a847be
ita_for_eng:pod-1	8	15	67	Bar Customer 2	5e025be7363ace0ebf2b5aebb0483a5c	423abcaa566f0bf44715381b375bf04e
ita_for_eng:pod-1	8	16	68	Narrator	4e4263eae761779dca33dc8823514935	9c0bcc5415e835cbe990d35954130c8b
ita_for_eng:pod-1	9	1	69	Diner 1	3c9bcf37fd5276ec6e5c9433b414563b	f47c0ccfc3f79c83d8dbb18e994935a5
ita_for_eng:pod-1	9	2	70	Waiter	323980b86839b81c79d6baba8647f199	718e6f797347b8fd4b3f45a6622a4446
ita_for_eng:pod-1	9	3	71	Waiter	32d2bddfcb7cc65c25e0e244e5cb1caa	aecedd04a4e5cf7a1cd5b5239e80ae9c
ita_for_eng:pod-1	9	4	72	Diner 2	ad62213b56d895fc9a08cdbec1be86da	91ae74f00f07601e9babaa242c7a5d36
ita_for_eng:pod-1	9	5	73	Diner 1	117e915788c7a824cc16a1cd33eb206c	ea78ed82157a414c5169aef49b3b477e
ita_for_eng:pod-1	9	6	74	Waiter	e7582ec71f18622adae7310bc8dab27d	a86c30a79c6077cce89f3534133f9c30
ita_for_eng:pod-1	9	7	75	Diner 1	70a4a368dbf8900ba11e70a609cf8b53	08f808be58b2d99c383869f4bd2b9e5f
ita_for_eng:pod-1	9	8	76	Waiter	3305d2142c7ecf61ee88e1e0ded09128	63b23d49d9cc4cbfcd2e579d529fafa9
ita_for_eng:pod-1	9	9	77	Diner 1	d4d90408009cda1b2b6ddefffc47ec04	06214f9b4ac4ad391f2d5ea78b71cde7
ita_for_eng:pod-1	9	10	78	Diner 2	c5a2e3db422babd7470016f6893669b4	9581444710a2c46fbe4893e417a9fa3d
ita_for_eng:pod-1	9	11	79	Waiter	ae2db43ec2ee9cddd844ed6589d76e4b	60358de534ece5a38b06fd63bc1f3b38
ita_for_eng:pod-1	9	12	80	Diner 1	edd337d4c70777a32e1ac8cd96921140	98f46984f350be53caf0d8042b08fb4d
ita_for_eng:pod-1	9	13	81	Diner 2	a0aa6411e81d40267d1a1b86236f23aa	4e89e1708e54fa14e52a5316232da8c5
ita_for_eng:pod-1	9	14	82	Waiter	5d18159c32ba755b6722acad920e77b4	4d3da2ee5e65d6f8789ba8a5e3aa642c
ita_for_eng:pod-1	9	15	83	Waiter	dfa1d721e9459f9648190c6a41011ed3	de28fcf5d0a220f3654a7d2910a5b135
ita_for_eng:pod-1	9	16	84	Diner 1	cabc4e089ace0d5df91bf9760872f29c	40123960824b4440b27f97076b2993df
ita_for_eng:pod-1	9	17	85	Diner 2	01782065ce16930c21926ab0e4fcc636	1b6b76e0bdc8953ab878905b8cc52df9
ita_for_eng:pod-1	9	18	86	Narrator	6fc5f0cfe707464aa92745cde7568ab9	418fc34f8a619847c1ec0523c838a8a7
ita_for_eng:pod-1	10	1	87	Customer	2299c2456aa8bcd5a5bfaf9b9b296baf	136151eba56ff0f31b5d130954df5f15
ita_for_eng:pod-1	10	2	88	Assistant	9b81cbb7313140077809bad1570acfc0	e4cbe079c0dcc535e9cd8aaef51c9797
ita_for_eng:pod-1	10	3	89	Customer	69db968c1f541134838a3e59e83f5922	93693bd14a65a0bf93904aa6a6980234
ita_for_eng:pod-1	10	4	90	Assistant	6c27acf99cff4fa2f3d7c94da363ab76	d0f2cb73e1e5371d15cfeb2681bae7c5
ita_for_eng:pod-1	10	5	91	Customer	77b972cba078540c18ddaa5788a2aee0	f1aa603fd2b80fab9a0764ddba8ba5da
ita_for_eng:pod-1	10	6	92	Assistant	89e2def9427266c43bdfcc0f2ee97c8d	27b11b3461c2c22a832ac7a15cc39f15
ita_for_eng:pod-1	10	7	93	Customer	8db964a1ea87a787e5d242a0afb36848	1d40abee6285888e49c74dfb5bcf9927
ita_for_eng:pod-1	10	8	94	Assistant	3f8108d5ba112ff06a1f1593e0bd3b3f	6174f6d4e48ae780ba74731ebfafb069
ita_for_eng:pod-1	10	9	95	Customer	1d99d9a1ef0c7c508388578258785d11	4114fc933919f260749c90c7c221b55f
ita_for_eng:pod-1	10	10	96	Narrator	ddc5cd2a28b22802e31e7511c840b5e9	88c1ab6fdafe008af86fe0b06f4c841b
ita_for_eng:pod-1	11	1	97	Guest	19d8b5ea96a91544f90074cb6387c0e5	cc55707d7078fc7aa2cb496d4ff3f91e
ita_for_eng:pod-1	11	2	98	Receptionist	ba36ef0d1c6cf846bac3c0b8d2dcd973	f686f5ac142a24984957aaa44464e88f
ita_for_eng:pod-1	11	3	99	Guest	c54fa49e57da5942d3892b0d4eb1808d	ec7626acc5bc14df9335862c416ea34f
ita_for_eng:pod-1	11	4	100	Receptionist	0d7ed13ba64ac6d65dc61b298cbdc6d4	552df0d976f1a2d84d4af72d95e5b59a
ita_for_eng:pod-1	11	5	101	Guest	2725b5e99bbe2b02faa37c40b6d8344f	7b0407dc87cc2c4961a945606a5eadc4
ita_for_eng:pod-1	11	6	102	Receptionist	c65b11b9c8cfbc127be24e2a17163645	bb3123fdb334f284bcb1af62f7f238e7
ita_for_eng:pod-1	11	7	103	Guest	5ddcf02d679acceac76c9dd9214e28bc	225256efd81262ffe2b947381a8cf080
ita_for_eng:pod-1	11	8	104	Receptionist	b8a74f7b371b6bba1c48ab7eadc67384	7361204e12235a4165e525c8993dc914
ita_for_eng:pod-1	11	9	105	Guest	b422141387582f38a0a4892950f14a39	4c3bd72192248f3b689ac3bdb789ac2c
ita_for_eng:pod-1	11	10	106	Receptionist	cbfd3e704d7301353f544f7571b92601	0598c0d2d13ded214ea462b251a0d013
ita_for_eng:pod-1	11	11	107	Guest	feb6876c8c47643fc514ad6f2a51a7b1	77bb11ec8afd06d6b134f6f69df41802
ita_for_eng:pod-1	11	12	108	Receptionist	9dae13d25fc14770612dbe79dc8467e1	84e3ae341108982767642713c846233a
ita_for_eng:pod-1	11	13	109	Narrator	5e43fe299ba5cf19dcd0ebdfa3052930	a039db0b2a75b9ef42c456afbf08acb2
ita_for_eng:pod-1	12	1	110	Customer	2e92a4ab6caec5df89559e8050bb20c4	2e0c0d4948556b0a6de58e3ddc21395d
ita_for_eng:pod-1	12	2	111	Pharmacist	993911406c41ac5b4d5b2895cd80a9de	64b835aa122947a9ec0e4602f081f977
ita_for_eng:pod-1	12	3	112	Customer	5f344672f716615e8a8da960e4eae0eb	ffc7160bc08caa75a27c0e47e6829382
ita_for_eng:pod-1	12	4	113	Pharmacist	8efddfdc4b8b263c5d6723ffedc4eaf2	48bcf2e67a7019da71d9e7c0f7c92a44
ita_for_eng:pod-1	12	5	114	Customer	1ed3b8097d67be319063e861a5147dbf	599ac705b6e160bfafeca6ee3ff9c0b7
ita_for_eng:pod-1	12	6	115	Pharmacist	868433719863ffcb2b5e193fc47d1053	e592ec2ece61a026f44312af940f04ab
ita_for_eng:pod-1	12	7	116	Customer	2ce6421f4adb212b7d1cf25435f53dd3	ac82c32fe908849dd80acbc6a9b1fe4e
ita_for_eng:pod-1	12	8	117	Pharmacist	1bf821d05daf9feeac6717266e493b22	f0be03f62fc608c755238e341759c65c
ita_for_eng:pod-1	12	9	118	Customer	8bbbe4ab240d82279fa42ff0dbdd059b	e42037889344d661179702232365b051
ita_for_eng:pod-1	12	10	119	Narrator	980603ce77d4760ae3683a504970dfff	7356639b43b69fb452e712e88ca612ea
ita_for_eng:pod-1	13	1	120	Tourist	78267f731c875a107d8d1933c1931d43	daca79f72d2e3ffc8ed3cf8c833b5595
ita_for_eng:pod-1	13	2	121	Local	6228041200a1e6431f8b1091f8f91cc5	7c12a65de20b42e05db3777842ff80cb
ita_for_eng:pod-1	13	3	122	Tourist	29a1d66fd89422e2dea6a8d6c02f809c	444f9aa0aa56ed882191729a3c3fe78e
ita_for_eng:pod-1	13	4	123	Local	90932f007e673b4202ece2e334a3cdb5	7528fc391ebf65dd55f321c7dbb62608
ita_for_eng:pod-1	13	5	124	Local	ac6b3122c5da5503a69cab7b4c52f1bf	ed54becb0e49e16df83cc60466efa8d2
ita_for_eng:pod-1	13	6	125	Tourist	2ee6474f875eb2ae36e8f8a3ced87794	225eb9e5c0f9d0b57652f113e937f8e5
ita_for_eng:pod-1	13	7	126	Local	e2e02595175f7bdb8da54fe87b3bda12	7195a8c13810d9b9853c3c211f616a9e
ita_for_eng:pod-1	13	8	127	Tourist	5bfd6cefd485c7abcc6d36e4d4a65251	9c909612cff0b9fb58decf8506cb50db
ita_for_eng:pod-1	13	9	128	Local	0bdb7f8d9e71aa5e1dca7c142f2eb79d	759bd7d3204fa55d3e3b463340506aa2
ita_for_eng:pod-1	13	10	129	Tourist	517616a1c74c3d45fcbd1d7a7d50942a	d84dc29ab18369e040cfb3b3899f2394
ita_for_eng:pod-1	13	11	130	Narrator	620306647cf4542f3075999572d15fd2	4ff53b91110304c96b46805771c7f4aa
ita_for_eng:pod-1	14	1	131	Passenger	856a096d7ce2aa88bfa44c8a54446881	c58ec5f5bbb7c695c418f6b4ea356da1
ita_for_eng:pod-1	14	2	132	Driver	5c4ed52883bba97b2c27cc6e985ec525	27652fc6bc26f1807c076c5dc3969133
ita_for_eng:pod-1	14	3	133	Passenger	2557116b0cd10c9fa89eb706da59b547	a4e86846455e65cdebe8cc6e028ec556
ita_for_eng:pod-1	14	4	134	Driver	a0f777f53a0713f2f34f0961f456e2a0	39d0ed883ef886cb909f83a13c8b51bf
ita_for_eng:pod-1	14	5	135	Passenger	b3a51ee5055dfa42811ea1ec514d373f	f33af4b471e77de0eee25686f789cab5
ita_for_eng:pod-1	14	6	136	Driver	e1d6b695463d7b0a89549c990954e6db	dcad5fc92e5bfad25efde3fd1acf1dee
ita_for_eng:pod-1	14	7	137	Driver	a8cee4ca3c948c7c05b97bc451b845ef	50f60b36ab55c687d9418741fdbef5b1
ita_for_eng:pod-1	14	8	138	Passenger	724c20911518c4652698af137b771e16	bd0f8de5afca3e57a99b1f58619dc6c9
ita_for_eng:pod-1	14	9	139	Driver	9e2e38c14a5fab6804408938a10ed0c2	9bbc74c3fab1a78c5d2faffeef46810f
ita_for_eng:pod-1	14	10	140	Narrator	450503e3835b1ffd99a0a63b235c34ab	55c9f6473f40cdb17d4d7ab4409a232b
ita_for_eng:pod-1	15	1	141	Learner	84843b3003890e08d15b89e168f59438	913bb5faa544c775b1fd10a63c47dbc3
ita_for_eng:pod-1	15	2	142	Learner	f4eff55d3984ccf274bb6b5e39b8b6e0	a09180b6842fda593edc9e60043a5a0a
ita_for_eng:pod-1	15	3	143	Learner	b14b97ccee73c863c73d1ef185f0e0fe	af1da60e13065be4a6990b5e69892926
ita_for_eng:pod-1	15	4	144	Learner	b24ab83b4828ce8aa23490c9ca29b847	47f8bf53caeeded147506c90240992b5
ita_for_eng:pod-1	15	5	145	Learner	312f7a2d46d1c141960485fd7a7c52a2	a8eea28a3fa662b1ea97dfb76e81a785
ita_for_eng:pod-1	15	6	146	Learner	385c6bede8dfa585ce88fd287c0f27b8	e35e0984619771f391c8df3d2f8dad1c
ita_for_eng:pod-1	15	7	147	Learner	3b35bab94dd139029f7ebdb8221484e7	376104b5c665287b33a4b3df71fb361b
ita_for_eng:pod-1	15	8	148	Learner	1f2bd6eac2cd4a269354ef1468725303	0b3bff8c3cbd4993240fec74a9511cef
ita_for_eng:pod-1	15	9	149	Learner	fd2bc97e3a2c996a6e28cf9fedac429e	f56a6fa0342d93687c324258b7196cd5
ita_for_eng:pod-1	15	10	150	Learner	6897bfd144c6c64818881492ac139b42	9a86f7902fbd2894a9f4603da2f7ec9f
ita_for_eng:pod-1	15	11	151	Narrator	5b0f283ee20311331ce295fc990ebca1	eba1245daf0d65cc1d6160ccf05bcab7
ita_for_eng:pod-1	16	1	152	Learner	ce87400492f5ba74c47a25275aecf984	9eafb4da0eef364b90375b55537d25bb
ita_for_eng:pod-1	16	2	153	Learner	dabab42caa86b8fd252d891a11f8817c	b3b90f8f5c48e9ab512dc566324ed037
ita_for_eng:pod-1	16	3	154	Learner	02792c1efcad2bbf9f9b9a65811f4352	63d80cfa06344b7d9f4045b7fba0cb9f
ita_for_eng:pod-1	16	4	155	Learner	51249dd96b0d23e4392ec7485d48ee21	1077817e87520a09a8a2abc0190c9997
ita_for_eng:pod-1	16	5	156	Learner	a16c83f400011c1e38bb935b2723e7ab	875936a84ce3549b311ad51323c3ac94
ita_for_eng:pod-1	16	6	157	Learner	5db0eefe276f17ac096d1c1b57c1f4fd	2eacc883d508a1f175c2f2d0f3d324e4
ita_for_eng:pod-1	16	7	158	Learner	73942c9d2e72140dda2576aaf1a8d391	aa2623f2438db26bfc289ac08d18c9a8
ita_for_eng:pod-1	16	8	159	Learner	2406b41f8aedc5acc2861c3d74a2db5c	65a2bf309c72a368908ff228b43e5c12
ita_for_eng:pod-1	16	9	160	Staff	65c8ab66b8d8c33c9773747c908c3930	9650460a658b8f5dd8a906f1782c3f5c
ita_for_eng:pod-1	16	10	161	Learner	e4cde43cc8685c8886b6c0b15aa22b03	6f81b411447233cc4554546d3485e6e5
ita_for_eng:pod-1	16	11	162	Narrator	70a4cf112d074b70d6d1573c0f8d7ede	91f7b0696c7c0fc707420471e844af02
ita_for_eng:pod-1	17	1	163	Learner	def4abc24e706045acfa97d163004e57	3f918556b4706fc38a4f66b38ee11e93
ita_for_eng:pod-1	17	2	164	Staff	416faa408f2978336886d28d1d11222c	b89bf636041965ef6e44581a0e66405b
ita_for_eng:pod-1	17	3	165	Learner	ed0227ee82a58f0cb33ab4f9811f9d53	b2e9e73da95ff8e534a2c05be54469f1
ita_for_eng:pod-1	17	4	166	Staff	8fe825bb60759014f84de5a6c2890d93	ee1a2848e1d6e5a016074ba8e5f9df67
ita_for_eng:pod-1	17	5	167	Staff	e7c70726175a85b5b60b64c66798735d	a2ac474dcab961749b90674a53304753
ita_for_eng:pod-1	17	6	168	Learner	2486349cdad2d13aebd22116f8c29722	218566fe0117cad5e42b24674ac59854
ita_for_eng:pod-1	17	7	169	Learner	30b7ef88205dec816f7711acbf11b7c3	6f23d3e4fbf9fb84eadce090d6e21e0b
ita_for_eng:pod-1	17	8	170	Learner	f61da834e44ba6b4035c72c3b2fc4f42	89d84b38c76d0c63271993c96159335c
ita_for_eng:pod-1	17	9	171	Interlocutor	9ed10259e2eaa83fa1e2b4a3baab45f8	60f59d8aa7095fbf4d63419a67291235
ita_for_eng:pod-1	17	10	172	Learner	c6cfe5678d0f053421f324f80cd0fd40	cb2b984f6c5a6652552f5a52433e9043
ita_for_eng:pod-1	17	11	173	Narrator	7b96c61fc118de2f66c70c5ff74795c8	e9b4223aa4445b27cd280248acac1ce9
ita_for_eng:pod-1	18	1	174	Learner	722d9066daebf3a213d2801a67e7ed6c	200c3546a879a0ce8458e37ec1dea3f3
ita_for_eng:pod-1	18	2	175	Learner	aeeee5bd1762d7df2f0cff4778a0806e	29a9cbbfaa50d8b1fba17c8ddf1af426
ita_for_eng:pod-1	18	3	176	Learner	58a368f0af1e8a1a4cc0f4cfb3c347f8	a15f9ace48459a3c4e3c4d737c41f653
ita_for_eng:pod-1	18	4	177	Learner	7f77b82a5bf1d6ad5a6face1f298c809	1f1e50ef6f5759e0685d415825edfff4
ita_for_eng:pod-1	18	5	178	Learner	ac1dbe8145e714533a89c534bdde6a5f	bf2a03f0a7f78a5b14c9039a057ea050
ita_for_eng:pod-1	18	6	179	Learner	ce16516310a2daab623c2ae658ee6141	ead58d7143eb35c36f5b78aa7009c68b
ita_for_eng:pod-1	18	7	180	Learner	c3f62e1b4f103798165b11b30bc46c16	d1d15242deb8a3a7bf0fae7c42c0a47a
ita_for_eng:pod-1	18	8	181	Learner	8fef786fbed837af31b750431f879072	deec3ef222041f80b3b966f9b6c515c1
ita_for_eng:pod-1	18	9	182	Learner	b11c3c822d7f4e76aee28284d63a0f9e	5c40a0c454e9a7788820e3cce62aeda2
ita_for_eng:pod-1	18	10	183	Learner	426e1c104a499a4d573ffe95805e1a14	ea174e84d89f9dce1d8ddc975990cf28
ita_for_eng:pod-1	18	11	184	Narrator	be795f9853e33248d022dd7d454a06ba	4ae156b07d9bd5fae88713471a19e018
ita_for_eng:pod-1	19	1	185	Learner	883ece9fd2613243af592c980e379630	7c15f463d5f03199782a2b1f30c3c846
ita_for_eng:pod-1	19	2	186	Learner	c7e25de2a2b57c6ba7a0b58eb6f9ba2e	c8f053172ea3fa290e676bc9cde75458
ita_for_eng:pod-1	19	3	187	Learner	8f5cdc38a7be83a4937366bec2c4e16a	4140109bcdedb65463d59334e5e425f0
ita_for_eng:pod-1	19	4	188	Learner	b426854744bd26b8fb669d4609685aac	9e29640615f6f87aeff81f4e6c5b53bf
ita_for_eng:pod-1	19	5	189	Learner	07ccd08afebbdd42cdbba1c1b0f42dba	84fc461be123eda48d5bf41b0d1a0f73
ita_for_eng:pod-1	19	6	190	Learner	83471df63a9ec0a4209e9766b96e1217	5263aa615a62dd65c071d15ead5cfb6f
ita_for_eng:pod-1	19	7	191	Learner	cfab28da4050ac5438afbfa04ac847e9	ac3e999e4f5bae18ce949597989cf25d
ita_for_eng:pod-1	19	8	192	Learner	f4d512e20021dfa1557289826ce95303	db14e1d9c46d468ce0c2a1942c9e5547
ita_for_eng:pod-1	19	9	193	Learner	bd0926974a32467ffafe7151c2ed2f33	b4d53d399c40313615294a5dbc3ad920
ita_for_eng:pod-1	19	10	194	Learner	0ca3b52d3e483b25b7cd7c2871df27b7	380dc3308d4281d833de8337be86c632
ita_for_eng:pod-1	19	11	195	Narrator	a60ec9a4acf6227962dff8b81ec92013	e1d859ceca82f3a29e9f5d6896683d70
ita_for_eng:pod-1	20	1	196	Learner	4aa0372e53592a19e5daa115d3b4a429	a53e1713be20c3a621f4e8a3f6579843
ita_for_eng:pod-1	20	2	197	Learner	175bce5cb494ba4c2d7096079c52fc41	60ad360bce4d369112c2efa49f353165
ita_for_eng:pod-1	20	3	198	Learner	3417d133b1b547ef19af1ffe2c605338	c26678bd3218eaa94031c1fcfdc92338
ita_for_eng:pod-1	20	4	199	Learner	b361c5803b020998cfc40b62f592eeaf	9f47f8766713f4c48173ed805c447f66
ita_for_eng:pod-1	20	5	200	Learner	317deddc172d08ec45e2ad700388eb00	2b6b87c53a652020c2650090c91f7040
ita_for_eng:pod-1	20	6	201	Learner	1849b30d166f5002318e4662a9420b80	c9596a3f82692ecbe36422e38d488d64
ita_for_eng:pod-1	20	7	202	Learner	8aac72057f9fc0650e39954bba1447a8	c61460556c733cd480ba0b2038b17bce
ita_for_eng:pod-1	20	8	203	Learner	dc28494ce52b7a45a92e7760afcae628	251c226f2b72c6638554a1826535bdf3
ita_for_eng:pod-1	20	9	204	Learner	18874de8363efb02b9f705b4c1c5044a	2badaa9753a0c2d89b8f7fc048141886
ita_for_eng:pod-1	20	10	205	Learner	5d99694cc4416bfe809e9e94fa0d13be	39a4a36539151c49ff0aea2901d6e46c
ita_for_eng:pod-1	20	11	206	Narrator	9dd073dc9fc4d95b6b33c542d4f4bf04	b00aa4bbb11b7c5b8a41297fedf164e4
ita_for_eng:pod-1	21	1	207	Learner	11133952344af245927605a14c1dbae7	31883c238e38aa97c19879601c538da8
ita_for_eng:pod-1	21	2	208	Learner	805a96f21251c43c55f544d3b92b7476	9c9b76e67042fad2983f6f9bb337bc11
ita_for_eng:pod-1	21	3	209	Learner	cb9a4bd8afb5618ca9bf53de304347fd	fc2e6722bb0d2092c14338f4bc961cbc
ita_for_eng:pod-1	21	4	210	Learner	549f1e05e32df9fefa720c4cea1a2794	6a301630a41e5723851c6251001c9cc4
ita_for_eng:pod-1	21	5	211	Interlocutor	7705e4e5fa4f0879732593d8c8737c50	69c80eebef962f3c3eeed4411205993d
ita_for_eng:pod-1	21	6	212	Interlocutor	4e6e4ae504ec0cfd8cddc78c0f9b8811	e687907c0087a79ee8305dd114fa50ea
ita_for_eng:pod-1	21	7	213	Learner	85c51afe48c2c1237015d552242e2b96	8e4d431911a139dc828de7241d404d22
ita_for_eng:pod-1	21	8	214	Interlocutor	ea9420b6c53bac6c7c593bae3683d663	11ea5656b70267c62d122e06d3f25ef2
ita_for_eng:pod-1	21	9	215	Learner	30484ef1aa5bb769af620f3dfe707b2d	f7a808574ea1968957fdacd409e5e52e
ita_for_eng:pod-1	21	10	216	Learner	83dd6a8c10ca1828814a63fed5cccb50	8f5bd996aacf8dd34f3367288430eebf
ita_for_eng:pod-1	21	11	217	Interlocutor	9e6442f238b6e5ce119106834b1d21cf	02cff8540cce3fccea77fea5e2829615
ita_for_eng:pod-1	21	12	218	Interlocutor	4a8b5ecc3e239efa4b23051432cb3227	a0065434b80f7195e6738e99841ac35a
ita_for_eng:pod-1	21	13	219	Interlocutor	f87fba2d0b9a8d055d10cbd2bffb4788	834c571189557c45f8dc2513b23484f5
ita_for_eng:pod-1	21	14	220	Narrator	5258eee6f71e5ce31a7710121798db5a	c8ed10c9fc68227d7fe17887b558a9c4
ita_for_eng:pod-1	22	1	221	Learner	a4b02c292c0353a280041ed6cdfa4be0	3d05fac3ae98364710f651272d4f8fec
ita_for_eng:pod-1	22	2	222	Friend	71580b853dd8bc60ff03de950abde6d0	a8040b0a3d95ef89e87cf43deb00c5ca
ita_for_eng:pod-1	22	3	223	Learner	4a1c30159ec192c6f687e4f012852ea7	b4e60a590a50dc74baf7ed4bf5bc4be6
ita_for_eng:pod-1	22	4	224	Friend	1b8717ba29d6f15bd69ed1e84af42514	15d6200415181b8eb1c842a1a53a0917
ita_for_eng:pod-1	22	5	225	Learner	73bde413233b5c89d987fd8dbf4e3c52	beb0394ce89cd9183e5d903dcf4183a8
ita_for_eng:pod-1	22	6	226	Friend	ad9228ab420871848e876b6ecfdb5648	293b27ceb5dd5af5b1409b40b47e40b5
ita_for_eng:pod-1	22	7	227	Learner	30830fa0885557242c243b1f7ac5f4bb	a1c3d02f7c119f1dbfde1c0e56a04a97
ita_for_eng:pod-1	22	8	228	Friend	d75fb65a567533d7dccf252f467a5e53	4f58f4573664f9efa73634407ac75947
ita_for_eng:pod-1	22	9	229	Learner	f4d635d2f1c78bbadbfc4b5b891e9163	95d5aca2db8946dea751606ddb0377ab
ita_for_eng:pod-1	22	10	230	Friend	7a9e0376718b8a75ccb686ff850e6d69	29827b2e81eb3bb465dad6e9ef61e523
ita_for_eng:pod-1	22	11	231	Learner	9d7ff6c093238537e98fc4c56c8ddf9b	e5731ee5d0709cc7bd90f62bc4d1d9b0
jpn_for_eng:pod-1	1	1	1	Neighbour (8 am)	39264b926d9f55177eb966a55b69faf3	6ee0944e54db0524ecde74e6c629de1b
jpn_for_eng:pod-1	1	2	2	Sarah	291c1e1302d0cdf19aa17350843fa710	aa26f2a183c4e0e6ed68f15e08ffe05a
jpn_for_eng:pod-1	1	3	3	Neighbour	3837c5460aff9bd2dd1e1c71ed52da2a	cc464cfe2d26532c0418f4836ee5ebb5
jpn_for_eng:pod-1	1	4	4	Sarah	736b4441e9bbfc3aaeda038ea678dbd4	35b94c213869adfc71dedf98d510b4a8
jpn_for_eng:pod-1	2	1	5	Sarah	83354a2f735f4b32180f1b4dbb7ab607	1ebc5a6271df1e0684e2e7b9c41bb18b
jpn_for_eng:pod-1	2	2	6	Passenger	2c74bd0c00700d69f04b6f69a64c6abd	5e5d8b3c6f8bc430e1479d0777a768e2
jpn_for_eng:pod-1	2	3	7	Sarah	61c7bc2839b6efd39808d4e0b49125ce	10902ecda3dc2372dc9cf570f2c80a9b
jpn_for_eng:pod-1	2	4	8	Sarah	eaa24e024313c57d3f254632b8b31b5a	1fb41845d0728f8c10727a8ce966c6f9
jpn_for_eng:pod-1	2	5	9	Passenger	521fde6a91e4f542b21c6a39235714fa	7c8caa73ae0269729cf079b955fa2489
jpn_for_eng:pod-1	3	1	10	Barista (3 pm)	35cae2e13c35f49bce7168bd3404075c	129b85d1178d6f963422c4224881b233
jpn_for_eng:pod-1	3	2	11	Sarah	90f0565a0e6b79bda7426f140c6b0402	9e08c222b5d1a39384a1b5fddfbf25ea
jpn_for_eng:pod-1	3	3	12	Sarah	82d731dc02fc82f173e18ab6ee60a79b	6885fc15633ab4b868aa5151e79d7186
jpn_for_eng:pod-1	3	4	13	Sarah	731dc7207520ac1ba4ffa7d19ced73f1	a60b2d126f8c7ff9ac38fbfa4364cb1c
jpn_for_eng:pod-1	3	5	14	Sarah	a4cc8cca36cac831aa807540dd5efaf6	31d093097e4bfea2a6dd0ab4c22a6b15
jpn_for_eng:pod-1	3	6	15	Barista	a1c19e4c333f4edcc6522bfce32345c3	f031182f541a00bfb1a31493235217b1
jpn_for_eng:pod-1	3	7	16	Barista	54963af57b60bf2df53135422374e82c	ef43722ddbda655542b7cdb02bb936b6
jpn_for_eng:pod-1	3	8	17	Sarah	d9587750b09efe206b661d69d1db9e38	cbf8659af4f5ca4c927d141bfe3faded
jpn_for_eng:pod-1	3	9	18	Barista	309a18a004c8e3e9f8b0f09db055fd94	6f61d97ffddb4a91e45afc5f67e73c69
jpn_for_eng:pod-1	3	10	19	Sarah	3f336adc57da61e4c9e6f97177355f95	54cf197a5697f647ff03a2b52745b533
jpn_for_eng:pod-1	4	1	20	Friend (7 pm)	ebafcfcadc80b9857cf9f9df32399bd8	de62d7bb305c2be6a133ea17a0af37b1
jpn_for_eng:pod-1	4	2	21	Sarah	3d52d007ab8cb5fb5bdecc7867ca2d86	01495caf915e2d5c88205615c813d856
jpn_for_eng:pod-1	4	3	22	Friend	4598d258c7cd33932d57cc526afc02db	6c683c3f18a71bc5a60a51245f7ea8e3
jpn_for_eng:pod-1	5	1	23	Neighbour (10:30 pm)	8f52f4ecd7093344558fa8264413d58c	139e47766b4ab1bc6c2e30d8275d570d
jpn_for_eng:pod-1	5	2	24	Sarah	73faebae0931f726c1a8439b0e92384a	5a620928d6e45913a894808d7501ec80
jpn_for_eng:pod-1	6	1	25	James	485e5e153b2d7d517f175e5229778159	b37cd01c3b7738424f852aea2063a505
jpn_for_eng:pod-1	6	2	26	Anna	a307f63fa75c3c01c5fa7f1d5559accd	b214d1387a552e4c9be132984796bcc1
jpn_for_eng:pod-1	6	3	27	James	fd9ce758ba6fda9328cc3ccb763d8275	085e3c08f2ffecfb23cbb422d831688a
jpn_for_eng:pod-1	6	4	28	Anna	5b1a966eccfa895d13aefa088b17a700	0639e512b88fa8fcaebd5b9666928c7c
jpn_for_eng:pod-1	6	5	29	James	0dfe923647d0b163d6df61d6b18c3bf7	79426185551098a662d1143e775cea18
jpn_for_eng:pod-1	6	6	30	Anna	9ac8883d6d0270e62642a747bcca99b1	755656594f1fed66195e576bafc459ce
jpn_for_eng:pod-1	6	7	31	James	92a279cbb986e8375fae7993e8818c4e	19d2869419a133d649ed42141a675cc0
jpn_for_eng:pod-1	6	8	32	Anna	62f9ab78dee76aac211d5a5a7c08584c	9ebc765a5bc5d2479243dede501bd3a0
jpn_for_eng:pod-1	6	9	33	James	9b5c614c56c87cf9fafa28df531d2ac6	a406ee5078dfbd331bb115dbce36c7b8
jpn_for_eng:pod-1	6	10	34	Anna	a271171fe2578ffcb809ae4fec6408d6	9611b73d7680bf9a3b5637d7685e689c
jpn_for_eng:pod-1	6	11	35	James	53ee96b647da53ba34db6dc54c35d108	5f34e333ac660776c7b01f074b5e1871
jpn_for_eng:pod-1	6	12	36	Anna	44f492ee4c63f81d80edea0024fb140f	7c9e94e54ff783200c75ad1afddf413b
jpn_for_eng:pod-1	6	13	37	Narrator	0ebcf56ed5b83ba412f4fc02751f7bb2	a9df7ad4db2e1971fb021f5644e1d0ed
jpn_for_eng:pod-1	7	1	38	Cafe Barista	7fb3e51e4eead858be3f2235bad8b302	cbc2167ecf008fb033b5ac98aa1b364b
jpn_for_eng:pod-1	7	2	39	Cafe Customer 1	2015ada7609be8f529215000090fd19d	501783348c585c978802f4fdc48329f4
jpn_for_eng:pod-1	7	3	40	Cafe Barista	e0d6a0b1ed298e0155be73afc739fbc0	7ac946487706bc9ebf9c41d16197e6de
jpn_for_eng:pod-1	7	4	41	Cafe Customer 1	65f52ba98360b64ba4ebffdbce5022a6	56d632d7eac284ed7db82ac6573a506e
jpn_for_eng:pod-1	7	5	42	Cafe Barista	c00a9b983c10ba01a10978c755d10faf	45787a9f76a00ef648b4e54a736ed6b5
jpn_for_eng:pod-1	7	6	43	Cafe Customer 1	72d375eceb502ee4b32be2a70b736b06	c43ecbf12526a32e59d7eda3876fb7d4
jpn_for_eng:pod-1	7	7	44	Cafe Customer 2	91c60c728faf476785049d386ab93e72	ce4240fcb8bb7b3e0431cc6ea45df5d2
jpn_for_eng:pod-1	7	8	45	Cafe Barista	b7176cb2ced987e98f98d837b61f7db6	92b16311b9402c95a838d93fb1501a31
jpn_for_eng:pod-1	7	9	46	Cafe Customer 2	0de4e17de5b5096b44d2f411a76dea27	0ad80a8eecd77a5db88121c57e75b9bf
jpn_for_eng:pod-1	7	10	47	Cafe Barista	9060031867ff2886b2e8d47889a2ea83	2de61305988afb0d32d84b087e36cd48
jpn_for_eng:pod-1	7	11	48	Cafe Customer 2	ff5bd4ebb8bb481edb1616b8996f6169	83f6d2006a0205d1f04f37ad2cdb4223
jpn_for_eng:pod-1	7	12	49	Cafe Barista	e140e101d5aec1a8ac6b9555dc3092c8	f4707ef64079b9bd3120486cd8cd1da6
jpn_for_eng:pod-1	7	13	50	Cafe Customer 3	8f1d8d4c6cbcdd2c6a5acb3c6b0f6fdf	440747e4c5a705e28463a93bdb2355ba
jpn_for_eng:pod-1	7	14	51	Cafe Barista	d68538879f002d363a8285a6a65826eb	e53c40e2fc9be5922a1f67265e084b06
jpn_for_eng:pod-1	7	15	52	Narrator	f352f7a129943a73185a40bee0417b3b	e2fd9610c4c8e82a1f7efcfc3206ffea
jpn_for_eng:pod-1	8	1	53	Bartender	1f7b9ac52a1f830fa9b08c483a7d0c65	95e5cc8503c5b06fc599d942c1b95aba
jpn_for_eng:pod-1	8	2	54	Bar Customer 1	629900e1cc2dee42773663809b36c6b8	59d9c371c00f5aa6e9263c08a30a42b2
jpn_for_eng:pod-1	8	3	55	Bartender	c13e4d4f226bfb7acd56fc97a7481ed9	4930a264ba1351fc1f2be2eeb0503e43
jpn_for_eng:pod-1	8	4	56	Bar Customer 1	6f642466795e4ec68b86b5b086cc79ab	1fb2b2c11bb3d11e65e41029d3da1abd
jpn_for_eng:pod-1	8	5	57	Bar Customer 2	885d321fb973a23a93c07d88aaf04aad	64e908148bb806be4c5b82b6cd67f3cc
jpn_for_eng:pod-1	8	6	58	Bar Customer 3	3765b4be9d4634547876a877fb2ce486	5705209f2f526bf4a4e906fdff5e8666
jpn_for_eng:pod-1	8	7	59	Bartender	ed917778893294c180e00f4c4702bcb4	463cfc4e55bd3de5f4c5f6998798c8ff
jpn_for_eng:pod-1	8	8	60	Bar Customer 3	56d2e0b192b6628e5c7fdbdcc195b4df	1caace2cdd8542fe8ae296efab852317
jpn_for_eng:pod-1	8	9	61	Bar Customer 1	aca6cf1681fab5d3b18c2fee28533908	52bff53cb70f6415f72fa87fdc38b652
jpn_for_eng:pod-1	8	10	62	Bar Customer 2	fc3be734a08c72d9b1bba4a71ead31ae	913165018eb8739a5a0f0613c937fc94
jpn_for_eng:pod-1	8	11	63	Bartender	935a104fd48aafd3c152a64115cd5791	cb7282d0097a8ca0c2d2839f0095852d
jpn_for_eng:pod-1	8	12	64	Bar Customer 1	29a7b98eae0fff9ce0f7c2925caa5bde	54cb51c8fb37ecd2e04ce14848f2444d
jpn_for_eng:pod-1	8	13	65	Bartender	32dd1d94deb4e83dff47fcb76cdd4b95	3feeb7bb1aa528b75366afe8ec9bfa2e
jpn_for_eng:pod-1	8	14	66	Bar Customer 1	320d5faaa05b7182068b40b6e242fd23	db93cc48e1c5ade124d2f44fe0a847be
jpn_for_eng:pod-1	8	15	67	Bar Customer 2	a8f70a01ad879c5a60d22a12218867af	423abcaa566f0bf44715381b375bf04e
jpn_for_eng:pod-1	8	16	68	Narrator	fc80e502b573c07bde06243d01543e3c	9c0bcc5415e835cbe990d35954130c8b
jpn_for_eng:pod-1	9	1	69	Diner 1	d485e86768fe85513ecc6d977e5f4068	f47c0ccfc3f79c83d8dbb18e994935a5
jpn_for_eng:pod-1	9	2	70	Waiter	739d7bc5d8d4c3f03b5a23f005656f4f	718e6f797347b8fd4b3f45a6622a4446
jpn_for_eng:pod-1	9	3	71	Waiter	e550052b3efb4a055e6f1a18c13752b4	aecedd04a4e5cf7a1cd5b5239e80ae9c
jpn_for_eng:pod-1	9	4	72	Diner 2	c572abd3841233a23ba9bb43ae23bd4e	91ae74f00f07601e9babaa242c7a5d36
jpn_for_eng:pod-1	9	5	73	Diner 1	4c60fa240c2222f78050837b08f6a88b	ea78ed82157a414c5169aef49b3b477e
jpn_for_eng:pod-1	9	6	74	Waiter	bad1a856eadd12398cefd8d07996978b	a86c30a79c6077cce89f3534133f9c30
jpn_for_eng:pod-1	9	7	75	Diner 1	7a88ee32e54db3e7693307b2ac9a4d74	08f808be58b2d99c383869f4bd2b9e5f
jpn_for_eng:pod-1	9	8	76	Waiter	191009715018507c8d8cc2c735313cd8	63b23d49d9cc4cbfcd2e579d529fafa9
jpn_for_eng:pod-1	9	9	77	Diner 1	9459cdb8192199da2111b4f3fda4974e	06214f9b4ac4ad391f2d5ea78b71cde7
jpn_for_eng:pod-1	9	10	78	Diner 2	e998217cc80c6277de8d771e5953e059	9581444710a2c46fbe4893e417a9fa3d
jpn_for_eng:pod-1	9	11	79	Waiter	f5ffc942d26027c41b941216c4b3105d	60358de534ece5a38b06fd63bc1f3b38
jpn_for_eng:pod-1	9	12	80	Diner 1	2fcd8603a76360e417072ec68eebbef8	98f46984f350be53caf0d8042b08fb4d
jpn_for_eng:pod-1	9	13	81	Diner 2	d5cd181970604153714bc9a0c6ef6a2e	4e89e1708e54fa14e52a5316232da8c5
jpn_for_eng:pod-1	9	14	82	Waiter	4c4a5e11a183fff702831001ca94a6e4	4d3da2ee5e65d6f8789ba8a5e3aa642c
jpn_for_eng:pod-1	9	15	83	Waiter	ca253b0251e288bfab7f401978ac30ad	de28fcf5d0a220f3654a7d2910a5b135
jpn_for_eng:pod-1	9	16	84	Diner 1	f7c70c76fe523e017517830ee6117e9d	40123960824b4440b27f97076b2993df
jpn_for_eng:pod-1	9	17	85	Diner 2	5ad4a24bc7eb9d7f5d7135fdf582b43f	1b6b76e0bdc8953ab878905b8cc52df9
jpn_for_eng:pod-1	9	18	86	Narrator	f4a29d69c3ea2dfdc0ed8580af8c5f04	418fc34f8a619847c1ec0523c838a8a7
jpn_for_eng:pod-1	10	1	87	Customer	f412e01c8cea8f0aa371c4abd8f858d8	136151eba56ff0f31b5d130954df5f15
jpn_for_eng:pod-1	10	2	88	Assistant	aa8540f646ac7398ea7d76d1a6cce713	e4cbe079c0dcc535e9cd8aaef51c9797
jpn_for_eng:pod-1	10	3	89	Customer	23130bfa7f6c7d36f39a130e554a21e8	93693bd14a65a0bf93904aa6a6980234
jpn_for_eng:pod-1	10	4	90	Assistant	35884a3fe31c6fabd1d6751db5ebbdc7	d0f2cb73e1e5371d15cfeb2681bae7c5
jpn_for_eng:pod-1	10	5	91	Customer	2abbff96365c0a74e80c21f8dbc35d50	f1aa603fd2b80fab9a0764ddba8ba5da
jpn_for_eng:pod-1	10	6	92	Assistant	b3838dbaf122ee811fa7190e57caf45f	27b11b3461c2c22a832ac7a15cc39f15
jpn_for_eng:pod-1	10	7	93	Customer	0a82a140b2ddaa8af343866bdf5ca194	1d40abee6285888e49c74dfb5bcf9927
jpn_for_eng:pod-1	10	8	94	Assistant	5ce457ccfff216b71ae9efd2c71cfd5f	8e6cbbef69f14e2869ca79599b795f5c
jpn_for_eng:pod-1	10	9	95	Customer	c935227ac45c93edb15e14874e6fc7cb	48681cf8b2747cf3e7c5c2fe336021cf
jpn_for_eng:pod-1	10	10	96	Narrator	2bf919dbf86aa15adf600a93fcf66ceb	88c1ab6fdafe008af86fe0b06f4c841b
jpn_for_eng:pod-1	11	1	97	Guest	35f3658ee63dcc6ab179c9704314c736	cc55707d7078fc7aa2cb496d4ff3f91e
jpn_for_eng:pod-1	11	2	98	Receptionist	da9997fec2608e620a4162c87d644a8e	f686f5ac142a24984957aaa44464e88f
jpn_for_eng:pod-1	11	3	99	Guest	669b65ed4a421be33496e8ac7585aa5d	ec7626acc5bc14df9335862c416ea34f
jpn_for_eng:pod-1	11	4	100	Receptionist	7b30b3e29831712fbfd8b1094e1a1799	552df0d976f1a2d84d4af72d95e5b59a
jpn_for_eng:pod-1	11	5	101	Guest	7ac6766c313124dbe98d27026e480f5b	7b0407dc87cc2c4961a945606a5eadc4
jpn_for_eng:pod-1	11	6	102	Receptionist	3ac07cda3e60eb76d540aef73bfe362f	bb3123fdb334f284bcb1af62f7f238e7
jpn_for_eng:pod-1	11	7	103	Guest	f821202e560de17564abbb04efe1b6ef	225256efd81262ffe2b947381a8cf080
jpn_for_eng:pod-1	11	8	104	Receptionist	ccb1b992888baff5776e51f572286284	7361204e12235a4165e525c8993dc914
jpn_for_eng:pod-1	11	9	105	Guest	e939c0916346518ae65feccb45128d02	4c3bd72192248f3b689ac3bdb789ac2c
jpn_for_eng:pod-1	11	10	106	Receptionist	21f9a2781c8988102a7a9c0aa2f05a47	0598c0d2d13ded214ea462b251a0d013
jpn_for_eng:pod-1	11	11	107	Guest	91356958d496746f8bf37c3111ab5b66	77bb11ec8afd06d6b134f6f69df41802
jpn_for_eng:pod-1	11	12	108	Receptionist	5b49f6fc8521d00ed256295e64b1655c	84e3ae341108982767642713c846233a
jpn_for_eng:pod-1	11	13	109	Narrator	5bef78eade1ddad0a53dcea86137d60d	a039db0b2a75b9ef42c456afbf08acb2
jpn_for_eng:pod-1	12	1	110	Customer	4a3498e49e6d7a3ceb1f0d49610ddf16	2e0c0d4948556b0a6de58e3ddc21395d
jpn_for_eng:pod-1	12	2	111	Pharmacist	116126991503176dca12510bf8523e54	64b835aa122947a9ec0e4602f081f977
jpn_for_eng:pod-1	12	3	112	Customer	966b101a91da321b572515c173298413	ffc7160bc08caa75a27c0e47e6829382
jpn_for_eng:pod-1	12	4	113	Pharmacist	b086ee27b91fefd36e4190151a3fd359	48bcf2e67a7019da71d9e7c0f7c92a44
jpn_for_eng:pod-1	12	5	114	Customer	510cc73edc0a5f0c610554ded188eed1	599ac705b6e160bfafeca6ee3ff9c0b7
jpn_for_eng:pod-1	12	6	115	Pharmacist	f6d6c00ae20ef37cca4679f7bb97841a	e592ec2ece61a026f44312af940f04ab
jpn_for_eng:pod-1	12	7	116	Customer	d6b0356543b7cda5e8bb0bfbb43aed94	ac82c32fe908849dd80acbc6a9b1fe4e
jpn_for_eng:pod-1	12	8	117	Pharmacist	c86d188bfb9de2ac51e345d082debde1	f0be03f62fc608c755238e341759c65c
jpn_for_eng:pod-1	12	9	118	Customer	9ba97f4c96a40dfa1d68e67bef3cb5a1	e42037889344d661179702232365b051
jpn_for_eng:pod-1	12	10	119	Narrator	8fd2e001859b4fb2912d49f3d91c25fe	7356639b43b69fb452e712e88ca612ea
jpn_for_eng:pod-1	13	1	120	Tourist	c9038bd1642058be3707ff9c2748928e	daca79f72d2e3ffc8ed3cf8c833b5595
jpn_for_eng:pod-1	13	2	121	Local	8707a59fecbbd90468657237802a7799	7c12a65de20b42e05db3777842ff80cb
jpn_for_eng:pod-1	13	3	122	Tourist	2c3e849d9282667dc667e018207e6036	444f9aa0aa56ed882191729a3c3fe78e
jpn_for_eng:pod-1	13	4	123	Local	0ddda596b1a0d5992e27a59c9d1a0913	7528fc391ebf65dd55f321c7dbb62608
jpn_for_eng:pod-1	13	5	124	Local	47ce4de8a563100ce70e8ec3389fac0a	ed54becb0e49e16df83cc60466efa8d2
jpn_for_eng:pod-1	13	6	125	Tourist	18fff35aee7c81fabe92f06743c67c24	225eb9e5c0f9d0b57652f113e937f8e5
jpn_for_eng:pod-1	13	7	126	Local	f633617c090c51b8fe537eb06b9cb7fb	7195a8c13810d9b9853c3c211f616a9e
jpn_for_eng:pod-1	13	8	127	Tourist	a2c4738ecb9dc4bd2aac25c516c85a92	9c909612cff0b9fb58decf8506cb50db
jpn_for_eng:pod-1	13	9	128	Local	3d082268f29a74844b2b85e1aa297a18	759bd7d3204fa55d3e3b463340506aa2
jpn_for_eng:pod-1	13	10	129	Tourist	5eb34e1bc7833bf0338d0a88efd9a737	d84dc29ab18369e040cfb3b3899f2394
jpn_for_eng:pod-1	13	11	130	Narrator	99c7b50f71365067b8efb78482a92884	4ff53b91110304c96b46805771c7f4aa
jpn_for_eng:pod-1	14	1	131	Passenger	f0b7ea63e260eef92fc1c129ce87d0c2	c58ec5f5bbb7c695c418f6b4ea356da1
jpn_for_eng:pod-1	14	2	132	Driver	58d0b357ee7ee445f2e567313fd5fb5d	27652fc6bc26f1807c076c5dc3969133
jpn_for_eng:pod-1	14	3	133	Passenger	6c310ff1f3ba339bb1d8403c8cff3c66	a4e86846455e65cdebe8cc6e028ec556
jpn_for_eng:pod-1	14	4	134	Driver	0731c70f69893b77e4fda11ec8a75d73	39d0ed883ef886cb909f83a13c8b51bf
jpn_for_eng:pod-1	14	5	135	Passenger	2384fbdba8aca8b33308a60b3972e248	f33af4b471e77de0eee25686f789cab5
jpn_for_eng:pod-1	14	6	136	Driver	c66ebea334ec0503b421533045192dba	dcad5fc92e5bfad25efde3fd1acf1dee
jpn_for_eng:pod-1	14	7	137	Driver	7bfee2dc2d8babf6863bcc9d6732c299	50f60b36ab55c687d9418741fdbef5b1
jpn_for_eng:pod-1	14	8	138	Passenger	eb5d836b288670a5531613947bec4c3b	bd0f8de5afca3e57a99b1f58619dc6c9
jpn_for_eng:pod-1	14	9	139	Driver	78ac490754ad0c611a3998de49780832	9bbc74c3fab1a78c5d2faffeef46810f
jpn_for_eng:pod-1	14	10	140	Narrator	f48fc51b037d2fdcdf9c2dd3cc069580	55c9f6473f40cdb17d4d7ab4409a232b
jpn_for_eng:pod-1	15	1	141	Learner	b258c606970e3f1d25a8ca5a4a014ce6	913bb5faa544c775b1fd10a63c47dbc3
jpn_for_eng:pod-1	15	2	142	Learner	554574c022c785ea63f47ec958981f8c	a09180b6842fda593edc9e60043a5a0a
jpn_for_eng:pod-1	15	3	143	Learner	5e0fe3d7a8aeb11764f7c758143bafd1	af1da60e13065be4a6990b5e69892926
jpn_for_eng:pod-1	15	4	144	Learner	c268f0e1ea8bad14bf8dd7386985a79b	47f8bf53caeeded147506c90240992b5
jpn_for_eng:pod-1	15	5	145	Learner	c44b962131d9479455d6d7e5765c61e2	a8eea28a3fa662b1ea97dfb76e81a785
jpn_for_eng:pod-1	15	6	146	Learner	94a26e295b04e31e9e5aa26af168c10a	e35e0984619771f391c8df3d2f8dad1c
jpn_for_eng:pod-1	15	7	147	Learner	cf85d17f9eb4cd3b52920223683a1566	376104b5c665287b33a4b3df71fb361b
jpn_for_eng:pod-1	15	8	148	Learner	735fa4791480e311521c305d9904ad88	0b3bff8c3cbd4993240fec74a9511cef
jpn_for_eng:pod-1	15	9	149	Learner	2dbbd9de36f6115c6076b05a549450b2	f56a6fa0342d93687c324258b7196cd5
jpn_for_eng:pod-1	15	10	150	Learner	3bfd6e1496b2b36a7282b279685b7d7b	9a86f7902fbd2894a9f4603da2f7ec9f
jpn_for_eng:pod-1	15	11	151	Narrator	754c8f5f844807e71075843446753bea	eba1245daf0d65cc1d6160ccf05bcab7
jpn_for_eng:pod-1	16	1	152	Learner	b9c9a5e9bb5d5b187f89285a4628137b	9eafb4da0eef364b90375b55537d25bb
jpn_for_eng:pod-1	16	2	153	Learner	1facfd1c862458d4376fbc33fb77238e	b3b90f8f5c48e9ab512dc566324ed037
jpn_for_eng:pod-1	16	3	154	Learner	92397743cc9e41eb47f7d332a2128369	63d80cfa06344b7d9f4045b7fba0cb9f
jpn_for_eng:pod-1	16	4	155	Learner	d721c834c41709a7bed05adc268240b0	1077817e87520a09a8a2abc0190c9997
jpn_for_eng:pod-1	16	5	156	Learner	2654c22eab6da1bb197834aff6a91bb1	875936a84ce3549b311ad51323c3ac94
jpn_for_eng:pod-1	16	6	157	Learner	0bec3aec97ede0a34249420eb6bf367c	2eacc883d508a1f175c2f2d0f3d324e4
jpn_for_eng:pod-1	16	7	158	Learner	a28747cbe784d8ddba5770ebdcb3e25c	aa2623f2438db26bfc289ac08d18c9a8
jpn_for_eng:pod-1	16	8	159	Learner	d005733e5669e497544d7815e171ef32	65a2bf309c72a368908ff228b43e5c12
jpn_for_eng:pod-1	16	9	160	Staff	2fd0f19dc09f37bb82f106a6f0aa9b0e	9650460a658b8f5dd8a906f1782c3f5c
jpn_for_eng:pod-1	16	10	161	Learner	fb3676343265499c3a2ef00f54405281	6f81b411447233cc4554546d3485e6e5
jpn_for_eng:pod-1	16	11	162	Narrator	ec7a9ffdb76156c15612b87efb31d7b1	91f7b0696c7c0fc707420471e844af02
jpn_for_eng:pod-1	17	1	163	Learner	e37303769c6739156e5ca7409722bfb4	3f918556b4706fc38a4f66b38ee11e93
jpn_for_eng:pod-1	17	2	164	Staff	938d0c352a0a0a0cb09188e19b699742	b89bf636041965ef6e44581a0e66405b
jpn_for_eng:pod-1	17	3	165	Learner	997cb0791e2e78da3b24ed9c28b2802e	b2e9e73da95ff8e534a2c05be54469f1
jpn_for_eng:pod-1	17	4	166	Staff	ece6d2b15e0d232d2c76538dd0127ab0	ee1a2848e1d6e5a016074ba8e5f9df67
jpn_for_eng:pod-1	17	5	167	Staff	7dcf36d7451f9450849a88827ace6128	a2ac474dcab961749b90674a53304753
jpn_for_eng:pod-1	17	6	168	Learner	e43bc5e4b142e882720aa1f215790df2	218566fe0117cad5e42b24674ac59854
jpn_for_eng:pod-1	17	7	169	Learner	3c8c0c86bdf951b4b874aee6d68181ae	6f23d3e4fbf9fb84eadce090d6e21e0b
jpn_for_eng:pod-1	17	8	170	Learner	f73032a01133ddf37888bea07180c491	89d84b38c76d0c63271993c96159335c
jpn_for_eng:pod-1	17	9	171	Interlocutor	d2d0911e212bad7ba7d8cfac2539b267	60f59d8aa7095fbf4d63419a67291235
jpn_for_eng:pod-1	17	10	172	Learner	d42bcc28855b1c3e7de53352e7901aee	cb2b984f6c5a6652552f5a52433e9043
jpn_for_eng:pod-1	17	11	173	Narrator	b201498142fa5590e7423b498ddcdf6b	e9b4223aa4445b27cd280248acac1ce9
jpn_for_eng:pod-1	18	1	174	Learner	c6b123c6f5a3bed13f39874c8e82469c	200c3546a879a0ce8458e37ec1dea3f3
jpn_for_eng:pod-1	18	2	175	Learner	16c7928264817f9d34c90ddc082919be	29a9cbbfaa50d8b1fba17c8ddf1af426
jpn_for_eng:pod-1	18	3	176	Learner	10ee38f613d0b44bf941670c589edcdb	a15f9ace48459a3c4e3c4d737c41f653
jpn_for_eng:pod-1	18	4	177	Learner	7f6fb1049a4327d32dc9fd58e7a7592d	1f1e50ef6f5759e0685d415825edfff4
jpn_for_eng:pod-1	18	5	178	Learner	f84f904f6991d47fc397db69b84b7612	bf2a03f0a7f78a5b14c9039a057ea050
jpn_for_eng:pod-1	18	6	179	Learner	c30ffd4a4b1292b433f35eb0a101fa97	ead58d7143eb35c36f5b78aa7009c68b
jpn_for_eng:pod-1	18	7	180	Learner	327d4fcf9232d344481db502017416e1	d1d15242deb8a3a7bf0fae7c42c0a47a
jpn_for_eng:pod-1	18	8	181	Learner	3b1ab3091c836dfbcda67564ca5ebac8	deec3ef222041f80b3b966f9b6c515c1
jpn_for_eng:pod-1	18	9	182	Learner	138a1120a825123f42bdb99e495940f9	5c40a0c454e9a7788820e3cce62aeda2
jpn_for_eng:pod-1	18	10	183	Learner	39012bf40f8133707ef860d4fa86f9f1	ea174e84d89f9dce1d8ddc975990cf28
jpn_for_eng:pod-1	18	11	184	Narrator	a57a36a6481396b34c15599c89b7a82f	4ae156b07d9bd5fae88713471a19e018
jpn_for_eng:pod-1	19	1	185	Learner	32c9ce2cf0221a8231e80f4e691d266b	7c15f463d5f03199782a2b1f30c3c846
jpn_for_eng:pod-1	19	2	186	Learner	72189f0c10f6d735852b4cb3b9569c5c	c8f053172ea3fa290e676bc9cde75458
jpn_for_eng:pod-1	19	3	187	Learner	8acaad87797ef3ac5159f97ed02e75e9	4140109bcdedb65463d59334e5e425f0
jpn_for_eng:pod-1	19	4	188	Learner	953b71db7a92d9239d457c1d542a7741	9e29640615f6f87aeff81f4e6c5b53bf
jpn_for_eng:pod-1	19	5	189	Learner	632cbb5f838538ce991c5a5762815504	84fc461be123eda48d5bf41b0d1a0f73
jpn_for_eng:pod-1	19	6	190	Learner	75931f1b69d1b11adde348996a3394fe	5263aa615a62dd65c071d15ead5cfb6f
jpn_for_eng:pod-1	19	7	191	Learner	cc4761dd71e859eff8d3f629ba747227	ac3e999e4f5bae18ce949597989cf25d
jpn_for_eng:pod-1	19	8	192	Learner	d861471bf988ae54731fa16233254066	db14e1d9c46d468ce0c2a1942c9e5547
jpn_for_eng:pod-1	19	9	193	Learner	f66fa5edc8a470bb70efcfed8c5a831b	b4d53d399c40313615294a5dbc3ad920
jpn_for_eng:pod-1	19	10	194	Learner	9456d6eb182bb3a6dae961ed36ce742b	380dc3308d4281d833de8337be86c632
jpn_for_eng:pod-1	19	11	195	Narrator	076196e95d98eaa71c1845d1df0c3fcc	e1d859ceca82f3a29e9f5d6896683d70
jpn_for_eng:pod-1	20	1	196	Learner	6cbe6d12d47f3c4d3ec6f3534c9f8f05	a53e1713be20c3a621f4e8a3f6579843
jpn_for_eng:pod-1	20	2	197	Learner	e4b28f6eec0ddaf43aa85c52977db0df	60ad360bce4d369112c2efa49f353165
jpn_for_eng:pod-1	20	3	198	Learner	a7b39142766fc3b55026a70a981165dc	c26678bd3218eaa94031c1fcfdc92338
jpn_for_eng:pod-1	20	4	199	Learner	c87a41f110f865ca2d1637e02e721119	9f47f8766713f4c48173ed805c447f66
jpn_for_eng:pod-1	20	5	200	Learner	46b745d1abbd5f51924708bb8729a361	2b6b87c53a652020c2650090c91f7040
jpn_for_eng:pod-1	20	6	201	Learner	1d9cf27fb76dad2addefb7eff7ed802e	c9596a3f82692ecbe36422e38d488d64
jpn_for_eng:pod-1	20	7	202	Learner	172a59bdb3de3470e071d38a8c635aac	c61460556c733cd480ba0b2038b17bce
jpn_for_eng:pod-1	20	8	203	Learner	40e8ee58892b1d7b5bf72f1ff9459ccb	251c226f2b72c6638554a1826535bdf3
jpn_for_eng:pod-1	20	9	204	Learner	af7350a438d9a2001bda6da85b320d69	2badaa9753a0c2d89b8f7fc048141886
jpn_for_eng:pod-1	20	10	205	Learner	fa212925077aa8208a920d66e1ccbd6d	39a4a36539151c49ff0aea2901d6e46c
jpn_for_eng:pod-1	20	11	206	Narrator	3af33b0161158085a853d5d98515b861	b00aa4bbb11b7c5b8a41297fedf164e4
jpn_for_eng:pod-1	21	1	207	Learner	9917f04711a4215c7183d386484bd76d	31883c238e38aa97c19879601c538da8
jpn_for_eng:pod-1	21	2	208	Learner	c698814d088d05d5ab946f094c966a59	9c9b76e67042fad2983f6f9bb337bc11
jpn_for_eng:pod-1	21	3	209	Learner	1cac8f97accc6548614f93779952d84d	fc2e6722bb0d2092c14338f4bc961cbc
jpn_for_eng:pod-1	21	4	210	Learner	c80eb6440353d4e7fe1372fdb3b30608	6a301630a41e5723851c6251001c9cc4
jpn_for_eng:pod-1	21	5	211	Interlocutor	25716f85aa612a5d76018096f2be7ec4	69c80eebef962f3c3eeed4411205993d
jpn_for_eng:pod-1	21	6	212	Interlocutor	19122fa0a2b78fbd1d61ecc16a725a10	e687907c0087a79ee8305dd114fa50ea
jpn_for_eng:pod-1	21	7	213	Learner	93c49f584da1aff9e90a3cafa633588d	8e4d431911a139dc828de7241d404d22
jpn_for_eng:pod-1	21	8	214	Interlocutor	f48857f466f1e139c8f21998df2aab69	11ea5656b70267c62d122e06d3f25ef2
jpn_for_eng:pod-1	21	9	215	Learner	a509d4d95b7cc15df15a7256c919f39f	f7a808574ea1968957fdacd409e5e52e
jpn_for_eng:pod-1	21	10	216	Learner	6e474c7ce93114e3d7a5904a35571856	8f5bd996aacf8dd34f3367288430eebf
jpn_for_eng:pod-1	21	11	217	Interlocutor	4be983d5bf0a07b1b2f7e7e9334721ad	02cff8540cce3fccea77fea5e2829615
jpn_for_eng:pod-1	21	12	218	Interlocutor	cd71e74d86257d2d085650054c45f75d	a0065434b80f7195e6738e99841ac35a
jpn_for_eng:pod-1	21	13	219	Interlocutor	787bed92e7a2975af1ed7d3bb6862932	834c571189557c45f8dc2513b23484f5
jpn_for_eng:pod-1	21	14	220	Narrator	91228e7edda36d52601c14d9d531946c	c8ed10c9fc68227d7fe17887b558a9c4
jpn_for_eng:pod-1	22	1	221	Learner	a6d07da3131aa202d68fec1a62ff74cc	632fcc3b965485c3e7aa1883cf48cb58
jpn_for_eng:pod-1	22	2	222	Friend	5401451effd81248d89f3934fa776043	a8040b0a3d95ef89e87cf43deb00c5ca
jpn_for_eng:pod-1	22	3	223	Learner	4e35c011b6df9e1d62de1eec9b277e5e	b4e60a590a50dc74baf7ed4bf5bc4be6
jpn_for_eng:pod-1	22	4	224	Friend	409858b0ff49081071032cddf0bebc81	15d6200415181b8eb1c842a1a53a0917
jpn_for_eng:pod-1	22	5	225	Learner	9edd2a192d6dd7cbe3f19f3f0d71a1a5	beb0394ce89cd9183e5d903dcf4183a8
jpn_for_eng:pod-1	22	6	226	Friend	23d60c4cf5633d5992d488b955dd96ed	f6c0667865f2f03518a7064e616b42e7
jpn_for_eng:pod-1	22	7	227	Learner	2709b7e7f9addd10e5cb53924894c73c	a1c3d02f7c119f1dbfde1c0e56a04a97
jpn_for_eng:pod-1	22	8	228	Friend	1f9642bbbd2eb2b43682c5383abd9292	4f58f4573664f9efa73634407ac75947
jpn_for_eng:pod-1	22	9	229	Learner	f3c33d51d940754081c2a7f0255ab46c	95d5aca2db8946dea751606ddb0377ab
jpn_for_eng:pod-1	22	10	230	Friend	c826d13563c7315ddafa54a135512125	29827b2e81eb3bb465dad6e9ef61e523
jpn_for_eng:pod-1	22	11	231	Learner	d9975fad6f3d0b6e8cd2e904895c27b6	e5731ee5d0709cc7bd90f62bc4d1d9b0
kor_for_eng:pod-1	1	1	1	Neighbour (8 am)	4245cc361421980d77b52291b816bf4b	6ee0944e54db0524ecde74e6c629de1b
kor_for_eng:pod-1	1	2	2	Sarah	664d8125daeb80d7db8362f70c1a7aeb	aa26f2a183c4e0e6ed68f15e08ffe05a
kor_for_eng:pod-1	1	3	3	Neighbour	94e0cddd3afe7df46ce74a9596de34aa	cc464cfe2d26532c0418f4836ee5ebb5
kor_for_eng:pod-1	1	4	4	Sarah	b808d3af82eb9744e45bd3a359006c4c	35b94c213869adfc71dedf98d510b4a8
kor_for_eng:pod-1	2	1	5	Sarah	f09df885e73155f17108510eec1f225b	1ebc5a6271df1e0684e2e7b9c41bb18b
kor_for_eng:pod-1	2	2	6	Passenger	d67177bdccd521027e2f7500f93db2ec	5e5d8b3c6f8bc430e1479d0777a768e2
kor_for_eng:pod-1	2	3	7	Sarah	cd80a146b10c2154543b736f56462917	10902ecda3dc2372dc9cf570f2c80a9b
kor_for_eng:pod-1	2	4	8	Sarah	446324c323429bd94f676b422a09ebcd	1fb41845d0728f8c10727a8ce966c6f9
kor_for_eng:pod-1	2	5	9	Passenger	fe4128922dd347726e7059136a71a15a	7c8caa73ae0269729cf079b955fa2489
kor_for_eng:pod-1	3	1	10	Barista (3 pm)	c4faa1bdd422b7a6040337d49674dc81	129b85d1178d6f963422c4224881b233
kor_for_eng:pod-1	3	2	11	Sarah	a03872392e7e7f0586769cbd6fdeb994	9e08c222b5d1a39384a1b5fddfbf25ea
kor_for_eng:pod-1	3	3	12	Sarah	e7327362dfe8e580c225ce41322b0874	6885fc15633ab4b868aa5151e79d7186
kor_for_eng:pod-1	3	4	13	Sarah	793a0cadf091e0baf5c4642091eb4abb	a60b2d126f8c7ff9ac38fbfa4364cb1c
kor_for_eng:pod-1	3	5	14	Sarah	284c8576ac23a7b3b8cd9145541e53e9	31d093097e4bfea2a6dd0ab4c22a6b15
kor_for_eng:pod-1	3	6	15	Barista	b0a64fba26acd67c2b5972c583149db4	f031182f541a00bfb1a31493235217b1
kor_for_eng:pod-1	3	7	16	Barista	4128d6df7fd34efb2c6beaed84915ca1	ef43722ddbda655542b7cdb02bb936b6
kor_for_eng:pod-1	3	8	17	Sarah	358a09aadc9ab65c3df5c7c6ffb15122	cbf8659af4f5ca4c927d141bfe3faded
kor_for_eng:pod-1	3	9	18	Barista	fe268e029d05a748a1a33a49c2ddcb35	6f61d97ffddb4a91e45afc5f67e73c69
kor_for_eng:pod-1	3	10	19	Sarah	7b870f799d7a7b326a1dae06feb34fc9	54cf197a5697f647ff03a2b52745b533
kor_for_eng:pod-1	4	1	20	Friend (7 pm)	f8115f5369c3a7d87068ebf345837d58	de62d7bb305c2be6a133ea17a0af37b1
kor_for_eng:pod-1	4	2	21	Sarah	11b78c7c8e62b5eac8a16122a2c1348e	01495caf915e2d5c88205615c813d856
kor_for_eng:pod-1	4	3	22	Friend	4ed6438f5f554300ff26487e35f2d644	6c683c3f18a71bc5a60a51245f7ea8e3
kor_for_eng:pod-1	5	1	23	Neighbour (10:30 pm)	270ce0d1dd344dcf5864e74d6af05754	139e47766b4ab1bc6c2e30d8275d570d
kor_for_eng:pod-1	5	2	24	Sarah	a52d9a0c898a39c6753c862d3a30f5ab	5a620928d6e45913a894808d7501ec80
kor_for_eng:pod-1	6	1	25	James	782c3df06a0a8e92b80aecfd766cafd3	b37cd01c3b7738424f852aea2063a505
kor_for_eng:pod-1	6	2	26	Anna	57ab4772a11f38b8bcc6d7d887997b38	b214d1387a552e4c9be132984796bcc1
kor_for_eng:pod-1	6	3	27	James	3dd24e123bf79b9de5cfc00f65ab73bd	085e3c08f2ffecfb23cbb422d831688a
kor_for_eng:pod-1	6	4	28	Anna	1815c6381772a7adcc62b638843926fa	0639e512b88fa8fcaebd5b9666928c7c
kor_for_eng:pod-1	6	5	29	James	b0281f99feeadb7b2143506eaffeddd8	79426185551098a662d1143e775cea18
kor_for_eng:pod-1	6	6	30	Anna	6783b012ada7111f0c99c591d8cf4a95	755656594f1fed66195e576bafc459ce
kor_for_eng:pod-1	6	7	31	James	d36d6d078e9f67eed4204a238d5b31ae	19d2869419a133d649ed42141a675cc0
kor_for_eng:pod-1	6	8	32	Anna	060fac19f7bb8539d1ca9045e22171cb	9ebc765a5bc5d2479243dede501bd3a0
kor_for_eng:pod-1	6	9	33	James	9ce48a848d137ff62e9a1723903574ef	09431008a2fdcf7324a39c6e7e94e48c
kor_for_eng:pod-1	6	10	34	Anna	1ad30816cd0c0fbbc5008c484ead151c	9611b73d7680bf9a3b5637d7685e689c
kor_for_eng:pod-1	6	11	35	James	0fa7d4c3c8127558a514208f84c9a197	5f34e333ac660776c7b01f074b5e1871
kor_for_eng:pod-1	6	12	36	Anna	23a28f488b7b8dc493578ffc233263d7	7c9e94e54ff783200c75ad1afddf413b
kor_for_eng:pod-1	6	13	37	Narrator	943ece011ebf0967f440307a788e6956	a9df7ad4db2e1971fb021f5644e1d0ed
kor_for_eng:pod-1	7	1	38	Cafe Barista	e0f8e7c4b8eb2ddc2f26af6f50add542	cbc2167ecf008fb033b5ac98aa1b364b
kor_for_eng:pod-1	7	2	39	Cafe Customer 1	db625ec12b2115f681f28f74123fccd1	501783348c585c978802f4fdc48329f4
kor_for_eng:pod-1	7	3	40	Cafe Barista	e4ed2f8a89240f89053cf3c1ded23a86	7ac946487706bc9ebf9c41d16197e6de
kor_for_eng:pod-1	7	4	41	Cafe Customer 1	08895eb1782d4a34c584875d8b005a8d	56d632d7eac284ed7db82ac6573a506e
kor_for_eng:pod-1	7	5	42	Cafe Barista	6e6249de209b68abf4bd639f1389a587	45787a9f76a00ef648b4e54a736ed6b5
kor_for_eng:pod-1	7	6	43	Cafe Customer 1	53aa7c3a048950a65bb5022183ba7e76	c43ecbf12526a32e59d7eda3876fb7d4
kor_for_eng:pod-1	7	7	44	Cafe Customer 2	08ac2b22ba4bd983e98955c3e64126e0	ce4240fcb8bb7b3e0431cc6ea45df5d2
kor_for_eng:pod-1	7	8	45	Cafe Barista	81a181e78099620ae535c465eef4751b	92b16311b9402c95a838d93fb1501a31
kor_for_eng:pod-1	7	9	46	Cafe Customer 2	a747e6c23c4b1d3114a7559a96ff991b	0ad80a8eecd77a5db88121c57e75b9bf
kor_for_eng:pod-1	7	10	47	Cafe Barista	45e186b1187264eb2747c7270867c95e	2de61305988afb0d32d84b087e36cd48
kor_for_eng:pod-1	7	11	48	Cafe Customer 2	16a4d488f002e5d8bc5491cfc95772e7	83f6d2006a0205d1f04f37ad2cdb4223
kor_for_eng:pod-1	7	12	49	Cafe Barista	ed46ecaf58f2f6eb84d04f45aba73d6b	f4707ef64079b9bd3120486cd8cd1da6
kor_for_eng:pod-1	7	13	50	Cafe Customer 3	c69aea28339452bd9df239816108d899	440747e4c5a705e28463a93bdb2355ba
kor_for_eng:pod-1	7	14	51	Cafe Barista	cb672b2f50acec37449348a6a8318eab	e53c40e2fc9be5922a1f67265e084b06
kor_for_eng:pod-1	7	15	52	Narrator	6f5426f80921eb980b1aa7881ad68e04	e2fd9610c4c8e82a1f7efcfc3206ffea
kor_for_eng:pod-1	8	1	53	Bartender	e0f8e7c4b8eb2ddc2f26af6f50add542	95e5cc8503c5b06fc599d942c1b95aba
kor_for_eng:pod-1	8	2	54	Bar Customer 1	7646bbef0e271fec44c8ba0fba3cb112	59d9c371c00f5aa6e9263c08a30a42b2
kor_for_eng:pod-1	8	3	55	Bartender	286cd6d406e0c75a79b1a1555004178e	4930a264ba1351fc1f2be2eeb0503e43
kor_for_eng:pod-1	8	4	56	Bar Customer 1	8db5986888914ecbb4fd507866343948	1fb2b2c11bb3d11e65e41029d3da1abd
kor_for_eng:pod-1	8	5	57	Bar Customer 2	d7bac14ba02dec2de9cb8d610c1a5062	64e908148bb806be4c5b82b6cd67f3cc
kor_for_eng:pod-1	8	6	58	Bar Customer 3	0b0d1bd03087ae960ef9566f89d951c4	5705209f2f526bf4a4e906fdff5e8666
kor_for_eng:pod-1	8	7	59	Bartender	e90f70c6cc536a0042fa63ada79a1aa3	463cfc4e55bd3de5f4c5f6998798c8ff
kor_for_eng:pod-1	8	8	60	Bar Customer 3	ef99da25167842c2fb62cb0676ed3aba	1caace2cdd8542fe8ae296efab852317
kor_for_eng:pod-1	8	9	61	Bar Customer 1	da1d815ad2dcecdfa000cd7956c03b8e	52bff53cb70f6415f72fa87fdc38b652
kor_for_eng:pod-1	8	10	62	Bar Customer 2	32b3680b85025c3ba0ec73dc343163f2	913165018eb8739a5a0f0613c937fc94
kor_for_eng:pod-1	8	11	63	Bartender	f4a6b4dcf06d98bd707027ff5290a42d	cb7282d0097a8ca0c2d2839f0095852d
kor_for_eng:pod-1	8	12	64	Bar Customer 1	24ef07cae4b34c62650fd4d79b26f385	54cb51c8fb37ecd2e04ce14848f2444d
kor_for_eng:pod-1	8	13	65	Bartender	c47c3bf11b81fd7d8f915d181801dffc	3feeb7bb1aa528b75366afe8ec9bfa2e
kor_for_eng:pod-1	8	14	66	Bar Customer 1	495004d5fd3e9c837921a1dc39e4f100	db93cc48e1c5ade124d2f44fe0a847be
kor_for_eng:pod-1	8	15	67	Bar Customer 2	44380b622d13c41aedebfd757515e680	423abcaa566f0bf44715381b375bf04e
kor_for_eng:pod-1	8	16	68	Narrator	eb0340b0b2bcd38e8c22fbee6d445934	9c0bcc5415e835cbe990d35954130c8b
kor_for_eng:pod-1	9	1	69	Diner 1	da5521df4c2c9ff2dad0c53322d53eb4	f47c0ccfc3f79c83d8dbb18e994935a5
kor_for_eng:pod-1	9	2	70	Waiter	1d33e8ee4c1843b3e3397527d72fbf33	718e6f797347b8fd4b3f45a6622a4446
kor_for_eng:pod-1	9	3	71	Waiter	c54be020388b365b219c6f7bd202459a	aecedd04a4e5cf7a1cd5b5239e80ae9c
kor_for_eng:pod-1	9	4	72	Diner 2	0fe4f7740f30d66c3f66449368f07774	91ae74f00f07601e9babaa242c7a5d36
kor_for_eng:pod-1	9	5	73	Diner 1	2197995405c6983773e7e5e5565bc30b	ea78ed82157a414c5169aef49b3b477e
kor_for_eng:pod-1	9	6	74	Waiter	7204f7690c89a6e5d82e427a2e5c547d	a86c30a79c6077cce89f3534133f9c30
kor_for_eng:pod-1	9	7	75	Diner 1	756a3ce175cc13d1a4d798c723dd172f	08f808be58b2d99c383869f4bd2b9e5f
kor_for_eng:pod-1	9	8	76	Waiter	b9c916a542020b40d6cd7299cefb7889	63b23d49d9cc4cbfcd2e579d529fafa9
kor_for_eng:pod-1	9	9	77	Diner 1	c35edb13a24ba3f2335de9af7ee2b730	06214f9b4ac4ad391f2d5ea78b71cde7
kor_for_eng:pod-1	9	10	78	Diner 2	64705c78bc8802da4b793c021a14e00d	9581444710a2c46fbe4893e417a9fa3d
kor_for_eng:pod-1	9	11	79	Waiter	ee7e5ee19d3bc1dece4e6d0511f08659	60358de534ece5a38b06fd63bc1f3b38
kor_for_eng:pod-1	9	12	80	Diner 1	415d85787afd758f995f0d8a91aadfe9	98f46984f350be53caf0d8042b08fb4d
kor_for_eng:pod-1	9	13	81	Diner 2	bf644806509e138c0d204d115f213f20	4e89e1708e54fa14e52a5316232da8c5
kor_for_eng:pod-1	9	14	82	Waiter	569427701b8bc6e6441ba8d796d9f9ef	4d3da2ee5e65d6f8789ba8a5e3aa642c
kor_for_eng:pod-1	9	15	83	Waiter	8e8ffbbb0a023d16fa71422e4db08d8b	de28fcf5d0a220f3654a7d2910a5b135
kor_for_eng:pod-1	9	16	84	Diner 1	485dc19088ee684b56cb2ffbcd7d7184	40123960824b4440b27f97076b2993df
kor_for_eng:pod-1	9	17	85	Diner 2	97a544fd86690c3f106cc44fa33c0525	1b6b76e0bdc8953ab878905b8cc52df9
kor_for_eng:pod-1	9	18	86	Narrator	34c7a92d688766322daff4275700b2d0	418fc34f8a619847c1ec0523c838a8a7
kor_for_eng:pod-1	10	1	87	Customer	545e596ffbb899dbc92e7ff6a4e00b1f	136151eba56ff0f31b5d130954df5f15
kor_for_eng:pod-1	10	2	88	Assistant	088612487e772c0ead8ee3ccb8f31e93	e4cbe079c0dcc535e9cd8aaef51c9797
kor_for_eng:pod-1	10	3	89	Customer	316df6c4fa4a2ccb907c47515608af58	93693bd14a65a0bf93904aa6a6980234
kor_for_eng:pod-1	10	4	90	Assistant	407d913a7c657d9c220d9adbb65cedec	d0f2cb73e1e5371d15cfeb2681bae7c5
kor_for_eng:pod-1	10	5	91	Customer	424e9b061044d58aef2e3709a2cb22dc	f1aa603fd2b80fab9a0764ddba8ba5da
kor_for_eng:pod-1	10	6	92	Assistant	af58352c9f552d01ba9cecbda0621af7	27b11b3461c2c22a832ac7a15cc39f15
kor_for_eng:pod-1	10	7	93	Customer	dd3447b5bece2ecdc17871ce0e74e355	1d40abee6285888e49c74dfb5bcf9927
kor_for_eng:pod-1	10	8	94	Assistant	8000f93b9a3a36e94714a2c7d3af6a0a	4196a60da87e9f0872cc046b6dbe3dcb
kor_for_eng:pod-1	10	9	95	Customer	26d1474475dad28e709794544d2981bf	e40af60f87ffa53f0c376b14b8315c4e
kor_for_eng:pod-1	10	10	96	Narrator	34a01f8bc1f74eed5e109ac46bb17f7a	88c1ab6fdafe008af86fe0b06f4c841b
kor_for_eng:pod-1	11	1	97	Guest	d656482a430ce0d5abe42f6670b8009f	cc55707d7078fc7aa2cb496d4ff3f91e
kor_for_eng:pod-1	11	2	98	Receptionist	15498c490f40c91997231fdf040fa3e6	f686f5ac142a24984957aaa44464e88f
kor_for_eng:pod-1	11	3	99	Guest	c0e9f9e72d33e889f49b41800604a862	ec7626acc5bc14df9335862c416ea34f
kor_for_eng:pod-1	11	4	100	Receptionist	d1b32fbc5dfcda1ff7fff8560a073f56	552df0d976f1a2d84d4af72d95e5b59a
kor_for_eng:pod-1	11	5	101	Guest	130d8c2bfbc5e8f972b2ea87d91414fa	7b0407dc87cc2c4961a945606a5eadc4
kor_for_eng:pod-1	11	6	102	Receptionist	e7d6b200e401b77fd980e27d40065135	bb3123fdb334f284bcb1af62f7f238e7
kor_for_eng:pod-1	11	7	103	Guest	3ab174c95b13ad2a9484946bbc9cbe37	225256efd81262ffe2b947381a8cf080
kor_for_eng:pod-1	11	8	104	Receptionist	d2014d20ab0a186500eba67c8b8b5d6b	7361204e12235a4165e525c8993dc914
kor_for_eng:pod-1	11	9	105	Guest	0581a3e74b722bb672dd189445f9107b	4c3bd72192248f3b689ac3bdb789ac2c
kor_for_eng:pod-1	11	10	106	Receptionist	aaa4ed8c5a0e9b9fa56f26ca96d07d85	0598c0d2d13ded214ea462b251a0d013
kor_for_eng:pod-1	11	11	107	Guest	ef40ea948ef685946dda58ffb5938353	77bb11ec8afd06d6b134f6f69df41802
kor_for_eng:pod-1	11	12	108	Receptionist	023e310d6bf2c28cf7e4ec308695495e	84e3ae341108982767642713c846233a
kor_for_eng:pod-1	11	13	109	Narrator	b948b6f8c639bc07ad793c3f0b6a12ee	a039db0b2a75b9ef42c456afbf08acb2
kor_for_eng:pod-1	12	1	110	Customer	6451d0e8c9d203c9567bbfbe95f5c116	2e0c0d4948556b0a6de58e3ddc21395d
kor_for_eng:pod-1	12	2	111	Pharmacist	8d551a96195fb49dcfc99f777abf3a51	64b835aa122947a9ec0e4602f081f977
kor_for_eng:pod-1	12	3	112	Customer	d6a544dea6e56e223f1ee437992fff84	ffc7160bc08caa75a27c0e47e6829382
kor_for_eng:pod-1	12	4	113	Pharmacist	55e5ba1073827a171ee32247d436955e	48bcf2e67a7019da71d9e7c0f7c92a44
kor_for_eng:pod-1	12	5	114	Customer	2b838fb2a57d0e03b72af9ed212258fb	599ac705b6e160bfafeca6ee3ff9c0b7
kor_for_eng:pod-1	12	6	115	Pharmacist	bf0e06806c2b58970e895e418f09e9af	e592ec2ece61a026f44312af940f04ab
kor_for_eng:pod-1	12	7	116	Customer	e35e85670fae66af1ae6bf7ca87b9988	ac82c32fe908849dd80acbc6a9b1fe4e
kor_for_eng:pod-1	12	8	117	Pharmacist	4fbe4eabbce7bd3d11179cf254a9fab0	f0be03f62fc608c755238e341759c65c
kor_for_eng:pod-1	12	9	118	Customer	373f5620cee8cda155568d5a31a66a32	e42037889344d661179702232365b051
kor_for_eng:pod-1	12	10	119	Narrator	09c35ffe6291f191988225f9b4cc5a6d	7356639b43b69fb452e712e88ca612ea
kor_for_eng:pod-1	13	1	120	Tourist	36421ce66a1a3fc8e614a73ed1cff7d7	daca79f72d2e3ffc8ed3cf8c833b5595
kor_for_eng:pod-1	13	2	121	Local	66aebdc392b46d98b33220ae5837d52c	7c12a65de20b42e05db3777842ff80cb
kor_for_eng:pod-1	13	3	122	Tourist	3917614109b49137bd821da24ac2fd80	444f9aa0aa56ed882191729a3c3fe78e
kor_for_eng:pod-1	13	4	123	Local	f55c70fcfb8d2f6beddbc1242b931ddf	7528fc391ebf65dd55f321c7dbb62608
kor_for_eng:pod-1	13	5	124	Local	487854f5be04ca0cdac0fb350b6e961a	ed54becb0e49e16df83cc60466efa8d2
kor_for_eng:pod-1	13	6	125	Tourist	e82d8e4884915cd25066b83041974e6e	225eb9e5c0f9d0b57652f113e937f8e5
kor_for_eng:pod-1	13	7	126	Local	5c563e343ed63a424b4741bf1bb5d52d	7195a8c13810d9b9853c3c211f616a9e
kor_for_eng:pod-1	13	8	127	Tourist	ff23d82c6039b35a2e1c18f1051392b4	9c909612cff0b9fb58decf8506cb50db
kor_for_eng:pod-1	13	9	128	Local	3949d91ff4c3e1c42b0ee412d65fff0a	759bd7d3204fa55d3e3b463340506aa2
kor_for_eng:pod-1	13	10	129	Tourist	aefebbecc03f12737ac9b32e5b7e6ea7	d84dc29ab18369e040cfb3b3899f2394
kor_for_eng:pod-1	13	11	130	Narrator	7cb200a8a6b697bb79894bfb6439179e	4ff53b91110304c96b46805771c7f4aa
kor_for_eng:pod-1	14	1	131	Passenger	a5f89756a904a694ff9ac72f524bf843	c58ec5f5bbb7c695c418f6b4ea356da1
kor_for_eng:pod-1	14	2	132	Driver	9ac5b02d58f623f46033bdc75698d5ad	27652fc6bc26f1807c076c5dc3969133
kor_for_eng:pod-1	14	3	133	Passenger	71ad98de1d70b7c5624c8edfab6bb48e	a4e86846455e65cdebe8cc6e028ec556
kor_for_eng:pod-1	14	4	134	Driver	7aa1a2ad95e805b886e53f9d83cce0da	39d0ed883ef886cb909f83a13c8b51bf
kor_for_eng:pod-1	14	5	135	Passenger	4c0716f5a8bc5f8300146150e63a4b9d	f33af4b471e77de0eee25686f789cab5
kor_for_eng:pod-1	14	6	136	Driver	6cf02a6cc1b9ab8b110ddc6b318dce1a	dcad5fc92e5bfad25efde3fd1acf1dee
kor_for_eng:pod-1	14	7	137	Driver	060198fb43155d1763ae18b384d42366	50f60b36ab55c687d9418741fdbef5b1
kor_for_eng:pod-1	14	8	138	Passenger	944cbcad29adf275b911fd62d49a3064	bd0f8de5afca3e57a99b1f58619dc6c9
kor_for_eng:pod-1	14	9	139	Driver	501ac5485329a25320e8bf60b4056697	9bbc74c3fab1a78c5d2faffeef46810f
kor_for_eng:pod-1	14	10	140	Narrator	33bc79c5cec88e17bc8e2ef649d79b75	55c9f6473f40cdb17d4d7ab4409a232b
kor_for_eng:pod-1	15	1	141	Learner	2d4ab708c79d280e27a444096592ed04	913bb5faa544c775b1fd10a63c47dbc3
kor_for_eng:pod-1	15	2	142	Learner	6101c1686f7c05641f6153115b676659	a09180b6842fda593edc9e60043a5a0a
kor_for_eng:pod-1	15	3	143	Learner	3ef379c9799b739c52243f9947d3c9e2	af1da60e13065be4a6990b5e69892926
kor_for_eng:pod-1	15	4	144	Learner	9f5eb8193d663e7da174a95d40d02dbc	47f8bf53caeeded147506c90240992b5
kor_for_eng:pod-1	15	5	145	Learner	17f8a2a0ffdd65568b24201fe42f9a84	a8eea28a3fa662b1ea97dfb76e81a785
kor_for_eng:pod-1	15	6	146	Learner	e43d187aa8e2ec258883b65a291722da	e35e0984619771f391c8df3d2f8dad1c
kor_for_eng:pod-1	15	7	147	Learner	ed28e75206881aca44173cd6a7b7989b	376104b5c665287b33a4b3df71fb361b
kor_for_eng:pod-1	15	8	148	Learner	93919565be2f4278bb9567f31487110e	0b3bff8c3cbd4993240fec74a9511cef
kor_for_eng:pod-1	15	9	149	Learner	42e039d4d1dd7a1498882e67fed33e41	f56a6fa0342d93687c324258b7196cd5
kor_for_eng:pod-1	15	10	150	Learner	b1df0d8cb650533eec195a73f252875c	9a86f7902fbd2894a9f4603da2f7ec9f
kor_for_eng:pod-1	15	11	151	Narrator	3666fe300a433ca88b6c34def1e40650	eba1245daf0d65cc1d6160ccf05bcab7
kor_for_eng:pod-1	16	1	152	Learner	5c9dfc0b0a0944ede3ef3c4ec2c2a387	9eafb4da0eef364b90375b55537d25bb
kor_for_eng:pod-1	16	2	153	Learner	1668015b29f3bdc3ca52a8d2ff89e650	b3b90f8f5c48e9ab512dc566324ed037
kor_for_eng:pod-1	16	3	154	Learner	81c2ece73ade33f80b4db478f62c6b48	63d80cfa06344b7d9f4045b7fba0cb9f
kor_for_eng:pod-1	16	4	155	Learner	a6589514ccc7576193de700815182353	1077817e87520a09a8a2abc0190c9997
kor_for_eng:pod-1	16	5	156	Learner	571befeec3e4d32bdfdb7bd0f12c273d	875936a84ce3549b311ad51323c3ac94
kor_for_eng:pod-1	16	6	157	Learner	7b8bc8499f81124a4d4bda4ca3d76b53	2eacc883d508a1f175c2f2d0f3d324e4
kor_for_eng:pod-1	16	7	158	Learner	0dbcc2fcf039ed12ff2d5ea64d120953	aa2623f2438db26bfc289ac08d18c9a8
kor_for_eng:pod-1	16	8	159	Learner	105c004346442d39c6692b28292665d5	65a2bf309c72a368908ff228b43e5c12
kor_for_eng:pod-1	16	9	160	Staff	fa16808bf08bec672c9c1ff4f0001b86	9650460a658b8f5dd8a906f1782c3f5c
kor_for_eng:pod-1	16	10	161	Learner	ddcc44d25aef4b8bd492dd06d873d68d	6f81b411447233cc4554546d3485e6e5
kor_for_eng:pod-1	16	11	162	Narrator	b822b155486a634e99c4751e6c6ea961	91f7b0696c7c0fc707420471e844af02
kor_for_eng:pod-1	17	1	163	Learner	675f8765645224a85c1031165c0d9ef7	3f918556b4706fc38a4f66b38ee11e93
kor_for_eng:pod-1	17	2	164	Staff	aba864e64eb319008e5dfc16c162d24d	b89bf636041965ef6e44581a0e66405b
kor_for_eng:pod-1	17	3	165	Learner	93257a75ce3be702fdedf21486ed21aa	b2e9e73da95ff8e534a2c05be54469f1
kor_for_eng:pod-1	17	4	166	Staff	feaea6c07ff4d3f7d80e50f7f16b0536	ee1a2848e1d6e5a016074ba8e5f9df67
kor_for_eng:pod-1	17	5	167	Staff	bda41230a4dc8b3f736e6bbb6c9739a6	a2ac474dcab961749b90674a53304753
kor_for_eng:pod-1	17	6	168	Learner	addb0f1762e17b9c510313d6091685c5	218566fe0117cad5e42b24674ac59854
kor_for_eng:pod-1	17	7	169	Learner	bbe3307308086ada0a62c8a6e0aa619d	6f23d3e4fbf9fb84eadce090d6e21e0b
kor_for_eng:pod-1	17	8	170	Learner	13c343a74b412c6fc44c48de8786e79e	89d84b38c76d0c63271993c96159335c
kor_for_eng:pod-1	17	9	171	Interlocutor	7cf21a981ce33d7572277a8f00f0ccf9	60f59d8aa7095fbf4d63419a67291235
kor_for_eng:pod-1	17	10	172	Learner	ce044cc145dd5c6708c95936cca1e77e	cb2b984f6c5a6652552f5a52433e9043
kor_for_eng:pod-1	17	11	173	Narrator	9701d1fbac3bc796ec9b35de0c861ef8	e9b4223aa4445b27cd280248acac1ce9
kor_for_eng:pod-1	18	1	174	Learner	e71a1ec7de33074b72d773d46869a75b	200c3546a879a0ce8458e37ec1dea3f3
kor_for_eng:pod-1	18	2	175	Learner	aefd5c13d3a89e843c10a7e6e7d0f00c	29a9cbbfaa50d8b1fba17c8ddf1af426
kor_for_eng:pod-1	18	3	176	Learner	2c8cbe5348936c968da3781fde0040cf	a15f9ace48459a3c4e3c4d737c41f653
kor_for_eng:pod-1	18	4	177	Learner	520a4e43feda5f9fdef890b849ca4c7e	1f1e50ef6f5759e0685d415825edfff4
kor_for_eng:pod-1	18	5	178	Learner	22b59fd70e46106cf3dad7d7b7dad07f	bf2a03f0a7f78a5b14c9039a057ea050
kor_for_eng:pod-1	18	6	179	Learner	f7a7942ba26d241d6abc870f21ec0841	ead58d7143eb35c36f5b78aa7009c68b
kor_for_eng:pod-1	18	7	180	Learner	5196f275679b2fed8cd409b69ed99191	d1d15242deb8a3a7bf0fae7c42c0a47a
kor_for_eng:pod-1	18	8	181	Learner	102510558caee12705e370502306e8c8	deec3ef222041f80b3b966f9b6c515c1
kor_for_eng:pod-1	18	9	182	Learner	a88571800ad2ee1fe6dfaa8c746c188c	5c40a0c454e9a7788820e3cce62aeda2
kor_for_eng:pod-1	18	10	183	Learner	13994bc4e2828fc63b8d1534dd3e7f8e	ea174e84d89f9dce1d8ddc975990cf28
kor_for_eng:pod-1	18	11	184	Narrator	94db89d953482e6bf5652dd39bee59ea	4ae156b07d9bd5fae88713471a19e018
kor_for_eng:pod-1	19	1	185	Learner	721a7b48350529352843e97be4f73869	7c15f463d5f03199782a2b1f30c3c846
kor_for_eng:pod-1	19	2	186	Learner	a654ff6970ddd5c292a0af214f0c67f0	c8f053172ea3fa290e676bc9cde75458
kor_for_eng:pod-1	19	3	187	Learner	3e2c4fa96e8d760ded0e612e4b36675a	4140109bcdedb65463d59334e5e425f0
kor_for_eng:pod-1	19	4	188	Learner	442f721a3d6913fa2020b682b747e10a	9e29640615f6f87aeff81f4e6c5b53bf
kor_for_eng:pod-1	19	5	189	Learner	c03959233e037e8ac96a39d9ddafacb1	84fc461be123eda48d5bf41b0d1a0f73
kor_for_eng:pod-1	19	6	190	Learner	f9aa32121cfd313a508504725d358834	5263aa615a62dd65c071d15ead5cfb6f
kor_for_eng:pod-1	19	7	191	Learner	9c3dbf5eeec2f4c17fb40e0f70672ee1	ac3e999e4f5bae18ce949597989cf25d
kor_for_eng:pod-1	19	8	192	Learner	a2b439ed1c75f267d5cffbec233e3fa9	db14e1d9c46d468ce0c2a1942c9e5547
kor_for_eng:pod-1	19	9	193	Learner	7bea07ccefb5170ea25fd6b4868eadfd	b4d53d399c40313615294a5dbc3ad920
kor_for_eng:pod-1	19	10	194	Learner	dc25b779367dec7275b9f9eef8e30c74	380dc3308d4281d833de8337be86c632
kor_for_eng:pod-1	19	11	195	Narrator	02eb2730f4039c72f14644d8eba8d6fd	e1d859ceca82f3a29e9f5d6896683d70
kor_for_eng:pod-1	20	1	196	Learner	1ef6af5eaffc2c00d81fa279d87db765	a53e1713be20c3a621f4e8a3f6579843
kor_for_eng:pod-1	20	2	197	Learner	99c2563b288cfadf7143b09b057d3590	60ad360bce4d369112c2efa49f353165
kor_for_eng:pod-1	20	3	198	Learner	6a77630eaf9dcb9ac6112dbf69d37243	c26678bd3218eaa94031c1fcfdc92338
kor_for_eng:pod-1	20	4	199	Learner	c74e908e89c40dbf5b153fe26a15f1ca	9f47f8766713f4c48173ed805c447f66
kor_for_eng:pod-1	20	5	200	Learner	e2e279e788056bcb3d6ed4b95bfbab1d	2b6b87c53a652020c2650090c91f7040
kor_for_eng:pod-1	20	6	201	Learner	964b152a8333430ae380f1778adffbb9	c9596a3f82692ecbe36422e38d488d64
kor_for_eng:pod-1	20	7	202	Learner	dcd50df33825dad871404329d5edbbf2	c61460556c733cd480ba0b2038b17bce
kor_for_eng:pod-1	20	8	203	Learner	dd124f921650ef1d8da50eb05fff3838	251c226f2b72c6638554a1826535bdf3
kor_for_eng:pod-1	20	9	204	Learner	3cf05e0159005541d23b43ffd5455b19	2badaa9753a0c2d89b8f7fc048141886
kor_for_eng:pod-1	20	10	205	Learner	8ed7ea226768a395f0c03dd07ba9d839	39a4a36539151c49ff0aea2901d6e46c
kor_for_eng:pod-1	20	11	206	Narrator	b3cba4543fe898cde2075753a7b02260	b00aa4bbb11b7c5b8a41297fedf164e4
kor_for_eng:pod-1	21	1	207	Learner	af42f848b1daad04abf0638ae58700aa	31883c238e38aa97c19879601c538da8
kor_for_eng:pod-1	21	2	208	Learner	8d04fb3dc906c26b0886ec1de98ac6d9	9c9b76e67042fad2983f6f9bb337bc11
kor_for_eng:pod-1	21	3	209	Learner	667cbe61a059a7442f87d8a4ba009a63	fc2e6722bb0d2092c14338f4bc961cbc
kor_for_eng:pod-1	21	4	210	Learner	485ab42ea25a50775cea59c5bdf59230	6a301630a41e5723851c6251001c9cc4
kor_for_eng:pod-1	21	5	211	Interlocutor	8a745ed877c25648a87257ae21a1cb48	69c80eebef962f3c3eeed4411205993d
kor_for_eng:pod-1	21	6	212	Interlocutor	69aa7ae46fdb95041caeb8624f829812	e687907c0087a79ee8305dd114fa50ea
kor_for_eng:pod-1	21	7	213	Learner	2e2c9937d4524b679b1f89a08fa0af9c	8e4d431911a139dc828de7241d404d22
kor_for_eng:pod-1	21	8	214	Interlocutor	7f099119eb0db2806bef20276c10a151	11ea5656b70267c62d122e06d3f25ef2
kor_for_eng:pod-1	21	9	215	Learner	72706ac3c28db4b998ff24760bd055df	f7a808574ea1968957fdacd409e5e52e
kor_for_eng:pod-1	21	10	216	Learner	fa1482b4906476cf0da39be865ad5578	8f5bd996aacf8dd34f3367288430eebf
kor_for_eng:pod-1	21	11	217	Interlocutor	b08a092a8d07f9c210145a98b7ab18fa	02cff8540cce3fccea77fea5e2829615
kor_for_eng:pod-1	21	12	218	Interlocutor	17d7dc0e498532ce47f91a35d6664108	a0065434b80f7195e6738e99841ac35a
kor_for_eng:pod-1	21	13	219	Interlocutor	e64e2a48938bcf40a8621091ca273a7b	834c571189557c45f8dc2513b23484f5
kor_for_eng:pod-1	21	14	220	Narrator	3c1db3e10efeef6d3f39e5165a331f13	c8ed10c9fc68227d7fe17887b558a9c4
kor_for_eng:pod-1	22	1	221	Learner	7bfa55015f7f3cf90d559e0e4cd2a680	7e1ba9674d7b42200edb859de18ced28
kor_for_eng:pod-1	22	2	222	Friend	be1bd7a7dc96c02139310317093010d1	a8040b0a3d95ef89e87cf43deb00c5ca
kor_for_eng:pod-1	22	3	223	Learner	a002477ed4a7e4125178a21d6f151ea3	b4e60a590a50dc74baf7ed4bf5bc4be6
kor_for_eng:pod-1	22	4	224	Friend	b9beadf709e3dbc771584f85620a6de3	15d6200415181b8eb1c842a1a53a0917
kor_for_eng:pod-1	22	5	225	Learner	cc9f6d9a0b643d17f06a634775128fbb	beb0394ce89cd9183e5d903dcf4183a8
kor_for_eng:pod-1	22	6	226	Friend	113b1961d370b0dbf8cbdeb30642d889	88c2e5024714d1cded1502eccd724518
kor_for_eng:pod-1	22	7	227	Learner	be545853371857a63b842dc7444960da	a1c3d02f7c119f1dbfde1c0e56a04a97
kor_for_eng:pod-1	22	8	228	Friend	1f8962d64097685c88ac980775033d8c	4f58f4573664f9efa73634407ac75947
kor_for_eng:pod-1	22	9	229	Learner	2e30a1f845e10b6dbf052997c16afcdf	95d5aca2db8946dea751606ddb0377ab
kor_for_eng:pod-1	22	10	230	Friend	52c93d30f3fa22a66e4affdfd44453a4	29827b2e81eb3bb465dad6e9ef61e523
kor_for_eng:pod-1	22	11	231	Learner	9d6ba60d221cb8516b8c757ef99c2f93	e5731ee5d0709cc7bd90f62bc4d1d9b0
nld_for_eng:pod-1	1	1	1	Neighbour (8 am)	5c89256ca25025d6af258a2bffacb1a9	6ee0944e54db0524ecde74e6c629de1b
nld_for_eng:pod-1	1	2	2	Sarah	fd7555d52595277939b60363a6d78ace	aa26f2a183c4e0e6ed68f15e08ffe05a
nld_for_eng:pod-1	1	3	3	Neighbour	fb4d7f3ead8506f71d1cfb6b4ce2847b	cc464cfe2d26532c0418f4836ee5ebb5
nld_for_eng:pod-1	1	4	4	Sarah	8f83ea79d7e8b40c0cc55b84485c79fc	35b94c213869adfc71dedf98d510b4a8
nld_for_eng:pod-1	2	1	5	Sarah	f37470aa9752962db52a1ac2b18fef01	1ebc5a6271df1e0684e2e7b9c41bb18b
nld_for_eng:pod-1	2	2	6	Passenger	c668c840abe8efa214836151872583f4	5e5d8b3c6f8bc430e1479d0777a768e2
nld_for_eng:pod-1	2	3	7	Sarah	35a31c28b9230eb805808587d3c3e71c	10902ecda3dc2372dc9cf570f2c80a9b
nld_for_eng:pod-1	2	4	8	Sarah	ec96040ff0f7ded2d3908f48430b70e7	1fb41845d0728f8c10727a8ce966c6f9
nld_for_eng:pod-1	2	5	9	Passenger	f6c957bd852e34b7015749ae3b6987ad	7c8caa73ae0269729cf079b955fa2489
nld_for_eng:pod-1	3	1	10	Barista (3 pm)	b77943a0668a4b7b94e685b88faf72d0	129b85d1178d6f963422c4224881b233
nld_for_eng:pod-1	3	2	11	Sarah	8ecce9e1db3124fb194e1d1ebfaaaae3	9e08c222b5d1a39384a1b5fddfbf25ea
nld_for_eng:pod-1	3	3	12	Sarah	2ca9532264ffc5ebe3c6277f0ea7b2d9	6885fc15633ab4b868aa5151e79d7186
nld_for_eng:pod-1	3	4	13	Sarah	3afc5b14ddd8d181d14065f2827cdd00	a60b2d126f8c7ff9ac38fbfa4364cb1c
nld_for_eng:pod-1	3	5	14	Sarah	ba2c2e2b94bcb1a2885c9cef115ad42b	31d093097e4bfea2a6dd0ab4c22a6b15
nld_for_eng:pod-1	3	6	15	Barista	e80418c60e40f3da1e579d4592e52174	f031182f541a00bfb1a31493235217b1
nld_for_eng:pod-1	3	7	16	Barista	475cbf0d711cb27e4834645a7cd796dd	ef43722ddbda655542b7cdb02bb936b6
nld_for_eng:pod-1	3	8	17	Sarah	855d7552ea3d11d550f5b07d5f1b7b49	cbf8659af4f5ca4c927d141bfe3faded
nld_for_eng:pod-1	3	9	18	Barista	9d8c5227805412669f65f50382059317	6f61d97ffddb4a91e45afc5f67e73c69
nld_for_eng:pod-1	3	10	19	Sarah	e33476af1c5350ddccfbe25dae1f0325	54cf197a5697f647ff03a2b52745b533
nld_for_eng:pod-1	4	1	20	Friend (7 pm)	a520d3c97824c37b8beefc9a7443e86c	de62d7bb305c2be6a133ea17a0af37b1
nld_for_eng:pod-1	4	2	21	Sarah	aa50f586e36a0b273d6ad4a23619c00a	01495caf915e2d5c88205615c813d856
nld_for_eng:pod-1	4	3	22	Friend	2380b8c711e65cbf184694256792fdff	6c683c3f18a71bc5a60a51245f7ea8e3
nld_for_eng:pod-1	5	1	23	Neighbour (10:30 pm)	2a88376b4d4826bc69443d12a896b658	139e47766b4ab1bc6c2e30d8275d570d
nld_for_eng:pod-1	5	2	24	Sarah	f755277b6d874649fb0d73acae596ed9	5a620928d6e45913a894808d7501ec80
nld_for_eng:pod-1	6	1	25	James	6fba0505b4b5856ea21e2eea995e9b47	b37cd01c3b7738424f852aea2063a505
nld_for_eng:pod-1	6	2	26	Anna	c64e6d938301abfa4bf01772c634befe	b214d1387a552e4c9be132984796bcc1
nld_for_eng:pod-1	6	3	27	James	e356d5f14f9cbebd3dd6f0d9f384eea6	085e3c08f2ffecfb23cbb422d831688a
nld_for_eng:pod-1	6	4	28	Anna	1076f22dbd44680ba0ba8be542c610d8	0639e512b88fa8fcaebd5b9666928c7c
nld_for_eng:pod-1	6	5	29	James	b249c1e434b1ff59e103518847cd56ac	79426185551098a662d1143e775cea18
nld_for_eng:pod-1	6	6	30	Anna	5b90bed8620dd680a14dec55bfa13551	755656594f1fed66195e576bafc459ce
nld_for_eng:pod-1	6	7	31	James	7d1d38f3086cc2ad777e39085784ce6b	19d2869419a133d649ed42141a675cc0
nld_for_eng:pod-1	6	8	32	Anna	c6ac0291256a172420a68eef5d461321	9ebc765a5bc5d2479243dede501bd3a0
nld_for_eng:pod-1	6	9	33	James	252da709152ea986d072453726349d17	d1dcfd0f8ee96fc69c4a37d4e2271378
nld_for_eng:pod-1	6	10	34	Anna	0ab760f16508d8f3f5b5c5e13a3adcba	9611b73d7680bf9a3b5637d7685e689c
nld_for_eng:pod-1	6	11	35	James	e27217cf8239be0380fef7fdba1dcfc2	5f34e333ac660776c7b01f074b5e1871
nld_for_eng:pod-1	6	12	36	Anna	c5572d0b4458d74f795b35017d85ef6a	7c9e94e54ff783200c75ad1afddf413b
nld_for_eng:pod-1	6	13	37	Narrator	2d54b1df7406349644f6065d9a99aa13	a9df7ad4db2e1971fb021f5644e1d0ed
nld_for_eng:pod-1	7	1	38	Cafe Barista	875b47225694cea57fea28043b9f153d	cbc2167ecf008fb033b5ac98aa1b364b
nld_for_eng:pod-1	7	2	39	Cafe Customer 1	1dac7b821effcc1aba48dccf58246ba9	501783348c585c978802f4fdc48329f4
nld_for_eng:pod-1	7	3	40	Cafe Barista	162f3b6bd11aed90d3d61669a724e2f3	7ac946487706bc9ebf9c41d16197e6de
nld_for_eng:pod-1	7	4	41	Cafe Customer 1	c3621284e9677c931eda22a9745f2c5a	56d632d7eac284ed7db82ac6573a506e
nld_for_eng:pod-1	7	5	42	Cafe Barista	c3c28f28940855c9a4cc68f2f81c450b	45787a9f76a00ef648b4e54a736ed6b5
nld_for_eng:pod-1	7	6	43	Cafe Customer 1	694d4394df4b582439d818b605207cfa	c43ecbf12526a32e59d7eda3876fb7d4
nld_for_eng:pod-1	7	7	44	Cafe Customer 2	2c5dc0e29914ef8cc664e97bbc665e29	ce4240fcb8bb7b3e0431cc6ea45df5d2
nld_for_eng:pod-1	7	8	45	Cafe Barista	6333c727c08eb3a604b5ef138f9b0ba2	92b16311b9402c95a838d93fb1501a31
nld_for_eng:pod-1	7	9	46	Cafe Customer 2	e92c5b6c3c051e87f465dbf54ffdfd7e	0ad80a8eecd77a5db88121c57e75b9bf
nld_for_eng:pod-1	7	10	47	Cafe Barista	fb4b98d8c290865a0360294f6596cad9	2de61305988afb0d32d84b087e36cd48
nld_for_eng:pod-1	7	11	48	Cafe Customer 2	94a3b4fdf7428ec4d0391a74de742535	83f6d2006a0205d1f04f37ad2cdb4223
nld_for_eng:pod-1	7	12	49	Cafe Barista	b647b53aa7e8a96df0c10882c9511d52	f4707ef64079b9bd3120486cd8cd1da6
nld_for_eng:pod-1	7	13	50	Cafe Customer 3	5cd70b9ebd69356af5690766ac0a7840	440747e4c5a705e28463a93bdb2355ba
nld_for_eng:pod-1	7	14	51	Cafe Barista	6261c0d0cc18aff40b9002c98206ee7c	e53c40e2fc9be5922a1f67265e084b06
nld_for_eng:pod-1	7	15	52	Narrator	7b82fd36a74b2c767e8381c5f2a38c93	e2fd9610c4c8e82a1f7efcfc3206ffea
nld_for_eng:pod-1	8	1	53	Bartender	bd7934148a7de164441cf8c069358325	95e5cc8503c5b06fc599d942c1b95aba
nld_for_eng:pod-1	8	2	54	Bar Customer 1	8367eda4d0d0441f3dd6ec2e4f0d8d49	59d9c371c00f5aa6e9263c08a30a42b2
nld_for_eng:pod-1	8	3	55	Bartender	2eac67fa3bfae3ae5256a1b0f0fc3ef7	4930a264ba1351fc1f2be2eeb0503e43
nld_for_eng:pod-1	8	4	56	Bar Customer 1	eef2c1e15133b49da3c12dec7d687043	1fb2b2c11bb3d11e65e41029d3da1abd
nld_for_eng:pod-1	8	5	57	Bar Customer 2	532ced1268fd7e6b335ba99f97ed9f7a	64e908148bb806be4c5b82b6cd67f3cc
nld_for_eng:pod-1	8	6	58	Bar Customer 3	a1e54780e5e3bd05b8989add2c627388	5705209f2f526bf4a4e906fdff5e8666
nld_for_eng:pod-1	8	7	59	Bartender	96ab74e0e9824666d9bcbe598640d4da	463cfc4e55bd3de5f4c5f6998798c8ff
nld_for_eng:pod-1	8	8	60	Bar Customer 3	021711968d7fe79aeaa7d40110eecb6f	1caace2cdd8542fe8ae296efab852317
nld_for_eng:pod-1	8	9	61	Bar Customer 1	ec09d1a4dffbda4c8e8d8a0285ab53d1	52bff53cb70f6415f72fa87fdc38b652
nld_for_eng:pod-1	8	10	62	Bar Customer 2	f3c5888cb81d8cdb9793f270a3318127	913165018eb8739a5a0f0613c937fc94
nld_for_eng:pod-1	8	11	63	Bartender	7ef9575583d68963bd87c2d7c5df6c1e	cb7282d0097a8ca0c2d2839f0095852d
nld_for_eng:pod-1	8	12	64	Bar Customer 1	31590174b03e803f6381b498eeeb11b5	54cb51c8fb37ecd2e04ce14848f2444d
nld_for_eng:pod-1	8	13	65	Bartender	fb2959ac52449dd38a3616f1c4739e50	3feeb7bb1aa528b75366afe8ec9bfa2e
nld_for_eng:pod-1	8	14	66	Bar Customer 1	31217482aedf59cba1d1a1c5a7086230	db93cc48e1c5ade124d2f44fe0a847be
nld_for_eng:pod-1	8	15	67	Bar Customer 2	eb5fe61f2b3cf47328cd6d8a7b11258f	423abcaa566f0bf44715381b375bf04e
nld_for_eng:pod-1	8	16	68	Narrator	0184a4b7463833a57c08e07f304d8131	9c0bcc5415e835cbe990d35954130c8b
nld_for_eng:pod-1	9	1	69	Diner 1	3e96dce2550104036dc6a9a6929ceeb7	f47c0ccfc3f79c83d8dbb18e994935a5
nld_for_eng:pod-1	9	2	70	Waiter	a4d26f515babd9bf0bef203d68619115	718e6f797347b8fd4b3f45a6622a4446
nld_for_eng:pod-1	9	3	71	Waiter	eca9504a24e47a5340d26a7d422007a9	aecedd04a4e5cf7a1cd5b5239e80ae9c
nld_for_eng:pod-1	9	4	72	Diner 2	76bf00ae106fec32374fd0893e912eab	91ae74f00f07601e9babaa242c7a5d36
nld_for_eng:pod-1	9	5	73	Diner 1	97fb95cb3e426e89f20e54d838dc8011	ea78ed82157a414c5169aef49b3b477e
nld_for_eng:pod-1	9	6	74	Waiter	3a3fdb33bd782d58d2293feb0f4196d8	a86c30a79c6077cce89f3534133f9c30
nld_for_eng:pod-1	9	7	75	Diner 1	06225ba49cf329de877289e118b13157	08f808be58b2d99c383869f4bd2b9e5f
nld_for_eng:pod-1	9	8	76	Waiter	df4b370c4c18a4959db44035996823a1	63b23d49d9cc4cbfcd2e579d529fafa9
nld_for_eng:pod-1	9	9	77	Diner 1	9a49cc62071bfae008c94577eab61cf2	06214f9b4ac4ad391f2d5ea78b71cde7
nld_for_eng:pod-1	9	10	78	Diner 2	b5861422f0a7e655f21b6b8b26232b77	9581444710a2c46fbe4893e417a9fa3d
nld_for_eng:pod-1	9	11	79	Waiter	086f7679315083e7b4f7a1362a0ad77f	60358de534ece5a38b06fd63bc1f3b38
nld_for_eng:pod-1	9	12	80	Diner 1	1e3f6217835eec261a2bcf2ff3e285a6	98f46984f350be53caf0d8042b08fb4d
nld_for_eng:pod-1	9	13	81	Diner 2	4b9eb04fc9b5c690eb6630fffd45809b	4e89e1708e54fa14e52a5316232da8c5
nld_for_eng:pod-1	9	14	82	Waiter	5fd1d5a7d35490949db00061eb333432	4d3da2ee5e65d6f8789ba8a5e3aa642c
nld_for_eng:pod-1	9	15	83	Waiter	7368fd8858ef6e25e5d76181ce9d1bdd	de28fcf5d0a220f3654a7d2910a5b135
nld_for_eng:pod-1	9	16	84	Diner 1	6f8cad2e5f0e1139df1fe0b182ebe314	40123960824b4440b27f97076b2993df
nld_for_eng:pod-1	9	17	85	Diner 2	9539cfa89829f36df56604f92ad701f2	1b6b76e0bdc8953ab878905b8cc52df9
nld_for_eng:pod-1	9	18	86	Narrator	3214dbc7d16aea07e28ce06f0e3c2cf1	418fc34f8a619847c1ec0523c838a8a7
nld_for_eng:pod-1	10	1	87	Customer	f69c00f19469a25dc7916754aa54f9b8	136151eba56ff0f31b5d130954df5f15
nld_for_eng:pod-1	10	2	88	Assistant	636e1a6885fb1abe76b6d526dd40af0d	e4cbe079c0dcc535e9cd8aaef51c9797
nld_for_eng:pod-1	10	3	89	Customer	e59e9db072d51cd00b12447acfd0b7b6	93693bd14a65a0bf93904aa6a6980234
nld_for_eng:pod-1	10	4	90	Assistant	59b5a737b583b3300ea1eecbf21c34db	d0f2cb73e1e5371d15cfeb2681bae7c5
nld_for_eng:pod-1	10	5	91	Customer	88285e2706eba6574e3a037062686c1e	f1aa603fd2b80fab9a0764ddba8ba5da
nld_for_eng:pod-1	10	6	92	Assistant	094e00bd9e5894962358e9e85803ce02	27b11b3461c2c22a832ac7a15cc39f15
nld_for_eng:pod-1	10	7	93	Customer	6bf61349f646ea673652a8db2883cca5	1d40abee6285888e49c74dfb5bcf9927
nld_for_eng:pod-1	10	8	94	Assistant	71a71b6a0792547d6e1ce962f50823df	d8c5fec402a78c58f27524ee1108ce90
nld_for_eng:pod-1	10	9	95	Customer	d21d1c7a078835b100916cfd43021ae8	2ab379b68218cd7900874cb9bc72baf9
nld_for_eng:pod-1	10	10	96	Narrator	08a4f3160b3368f9c7100d1dc636968a	88c1ab6fdafe008af86fe0b06f4c841b
nld_for_eng:pod-1	11	1	97	Guest	15cebdf122b9a14f824cefa1f2d581a6	cc55707d7078fc7aa2cb496d4ff3f91e
nld_for_eng:pod-1	11	2	98	Receptionist	f29cc2f095fb8181c6053f8c33bb748b	f686f5ac142a24984957aaa44464e88f
nld_for_eng:pod-1	11	3	99	Guest	ebabd10f2129afc813e8dc644cf50f02	ec7626acc5bc14df9335862c416ea34f
nld_for_eng:pod-1	11	4	100	Receptionist	911a75699f7a58c415a681a5e0dea4a0	552df0d976f1a2d84d4af72d95e5b59a
nld_for_eng:pod-1	11	5	101	Guest	0655c39988d509ce22225cfe1dc9a941	7b0407dc87cc2c4961a945606a5eadc4
nld_for_eng:pod-1	11	6	102	Receptionist	95b8fdaf613cf9bfe3f6f1b9bf14969c	bb3123fdb334f284bcb1af62f7f238e7
nld_for_eng:pod-1	11	7	103	Guest	7307a5d5f7b97815330ca37c2b0787b5	225256efd81262ffe2b947381a8cf080
nld_for_eng:pod-1	11	8	104	Receptionist	eb3e173f3ba3b8910acb1b8797eb0c6e	7361204e12235a4165e525c8993dc914
nld_for_eng:pod-1	11	9	105	Guest	860732623e2e29d9a3c592301bd45fdf	4c3bd72192248f3b689ac3bdb789ac2c
nld_for_eng:pod-1	11	10	106	Receptionist	8f8e5641d6625af003de6310035a2c20	0598c0d2d13ded214ea462b251a0d013
nld_for_eng:pod-1	11	11	107	Guest	28557ac6facfd08e4c1cd17e9dc741a9	77bb11ec8afd06d6b134f6f69df41802
nld_for_eng:pod-1	11	12	108	Receptionist	68eb4fd15a68a395c52b99fead62488a	84e3ae341108982767642713c846233a
nld_for_eng:pod-1	11	13	109	Narrator	d74e13c2a1524c2f28084fcd2eba8c56	a039db0b2a75b9ef42c456afbf08acb2
nld_for_eng:pod-1	12	1	110	Customer	d883bb894e23c8224027bf2f61b32275	2e0c0d4948556b0a6de58e3ddc21395d
nld_for_eng:pod-1	12	2	111	Pharmacist	b2f9fbeef025111742714b7b41f9c3ed	64b835aa122947a9ec0e4602f081f977
nld_for_eng:pod-1	12	3	112	Customer	59724c706617bb2d54f0e59aba9462db	ffc7160bc08caa75a27c0e47e6829382
nld_for_eng:pod-1	12	4	113	Pharmacist	8109486b469a7b504e43289f3d141524	48bcf2e67a7019da71d9e7c0f7c92a44
nld_for_eng:pod-1	12	5	114	Customer	83d140e89f342e4a1abdf2e81f6eb794	599ac705b6e160bfafeca6ee3ff9c0b7
nld_for_eng:pod-1	12	6	115	Pharmacist	f5d4edffd400d0ad28e8b9f117b2ff97	e592ec2ece61a026f44312af940f04ab
nld_for_eng:pod-1	12	7	116	Customer	addc4c245b7ee3b5dc5bce54824ee1ed	ac82c32fe908849dd80acbc6a9b1fe4e
nld_for_eng:pod-1	12	8	117	Pharmacist	24128786ab12314a203d895338e293f3	f0be03f62fc608c755238e341759c65c
nld_for_eng:pod-1	12	9	118	Customer	757b5cb2a3f0f2bbb3d0112dc4783392	e42037889344d661179702232365b051
nld_for_eng:pod-1	12	10	119	Narrator	07000c75429b9acf7ca1f10920be696d	7356639b43b69fb452e712e88ca612ea
nld_for_eng:pod-1	13	1	120	Tourist	7c3881c2de01358135cda93bea680e24	daca79f72d2e3ffc8ed3cf8c833b5595
nld_for_eng:pod-1	13	2	121	Local	4b8856234b261deae93fde9b431e40da	7c12a65de20b42e05db3777842ff80cb
nld_for_eng:pod-1	13	3	122	Tourist	cd1befe94c3971048b979deb5fd583b6	444f9aa0aa56ed882191729a3c3fe78e
nld_for_eng:pod-1	13	4	123	Local	0f9a528040fb25e61571b226db4a8ad7	7528fc391ebf65dd55f321c7dbb62608
nld_for_eng:pod-1	13	5	124	Local	3e63dd77e588ad00e5e1f1e4261e1176	ed54becb0e49e16df83cc60466efa8d2
nld_for_eng:pod-1	13	6	125	Tourist	3dc0525c2502e1c3a6359c057ceaf96d	225eb9e5c0f9d0b57652f113e937f8e5
nld_for_eng:pod-1	13	7	126	Local	0a4645d39f31a544225cf84d05bd003b	7195a8c13810d9b9853c3c211f616a9e
nld_for_eng:pod-1	13	8	127	Tourist	6d6a6b84869f804a33c8deb44400c17e	9c909612cff0b9fb58decf8506cb50db
nld_for_eng:pod-1	13	9	128	Local	1aba7f319cecae29befa514788213458	759bd7d3204fa55d3e3b463340506aa2
nld_for_eng:pod-1	13	10	129	Tourist	ae12aed0a32989158d1f3ea48e797139	d84dc29ab18369e040cfb3b3899f2394
nld_for_eng:pod-1	13	11	130	Narrator	c2f38447aaf35d238c8bcb12344bcdc8	4ff53b91110304c96b46805771c7f4aa
nld_for_eng:pod-1	14	1	131	Passenger	cc455d00f7622b78b02f00d33a673158	c58ec5f5bbb7c695c418f6b4ea356da1
nld_for_eng:pod-1	14	2	132	Driver	93f6536aa9f95c7d17f4aa9a24262b35	27652fc6bc26f1807c076c5dc3969133
nld_for_eng:pod-1	14	3	133	Passenger	8b57ec5e032a3b4c1653d66ae8f7990a	a4e86846455e65cdebe8cc6e028ec556
nld_for_eng:pod-1	14	4	134	Driver	a367b09d79c5fb1909278467c25f0f98	39d0ed883ef886cb909f83a13c8b51bf
nld_for_eng:pod-1	14	5	135	Passenger	f96b2624037380a89b344b63b3ace4a7	f33af4b471e77de0eee25686f789cab5
nld_for_eng:pod-1	14	6	136	Driver	133a9e5f80d07e67bb557179ba66ca55	dcad5fc92e5bfad25efde3fd1acf1dee
nld_for_eng:pod-1	14	7	137	Driver	e5b4e922b760631098da0efd3e2e02a0	50f60b36ab55c687d9418741fdbef5b1
nld_for_eng:pod-1	14	8	138	Passenger	3f92b7cd37966218ed21b1001bea456c	bd0f8de5afca3e57a99b1f58619dc6c9
nld_for_eng:pod-1	14	9	139	Driver	f9dffdf3cf532510bdabb169d5ddcac0	9bbc74c3fab1a78c5d2faffeef46810f
nld_for_eng:pod-1	14	10	140	Narrator	cc90719ed31c55b42da5c7cde2bfd431	55c9f6473f40cdb17d4d7ab4409a232b
nld_for_eng:pod-1	15	1	141	Learner	b40a89c400b247442dab5fc6f4e24c94	913bb5faa544c775b1fd10a63c47dbc3
nld_for_eng:pod-1	15	2	142	Learner	1500f12d676bee12e9ac195d390afd16	a09180b6842fda593edc9e60043a5a0a
nld_for_eng:pod-1	15	3	143	Learner	6659bb4f21acef96a669523cc7f78efd	af1da60e13065be4a6990b5e69892926
nld_for_eng:pod-1	15	4	144	Learner	172da9941791390f1d490118d9967eaa	47f8bf53caeeded147506c90240992b5
nld_for_eng:pod-1	15	5	145	Learner	b6f92f3fce37e2e2ea6834b8040f7a40	a8eea28a3fa662b1ea97dfb76e81a785
nld_for_eng:pod-1	15	6	146	Learner	4afc17e9899ee79eabf2e81e5f337bfe	e35e0984619771f391c8df3d2f8dad1c
nld_for_eng:pod-1	15	7	147	Learner	9b6ffdf39168be5a4de99f4af21c2716	376104b5c665287b33a4b3df71fb361b
nld_for_eng:pod-1	15	8	148	Learner	b28dd2cdfb552a35a25c0c8e11b65e36	0b3bff8c3cbd4993240fec74a9511cef
nld_for_eng:pod-1	15	9	149	Learner	c5fe16a04d48cf7b47898b8b101ef375	f56a6fa0342d93687c324258b7196cd5
nld_for_eng:pod-1	15	10	150	Learner	303914d416fbd38227cbbb2f49a5ec9a	9a86f7902fbd2894a9f4603da2f7ec9f
nld_for_eng:pod-1	15	11	151	Narrator	67607ab913b5e917749d7a9d1bb93cfe	eba1245daf0d65cc1d6160ccf05bcab7
nld_for_eng:pod-1	16	1	152	Learner	fa5e210b4e2ad94b76bc3d297cb1fb6c	9eafb4da0eef364b90375b55537d25bb
nld_for_eng:pod-1	16	2	153	Learner	d18ceefad8fa05cd9673182fe2b04283	b3b90f8f5c48e9ab512dc566324ed037
nld_for_eng:pod-1	16	3	154	Learner	1b5ce2afda920197c7fefa4217fcbdf5	63d80cfa06344b7d9f4045b7fba0cb9f
nld_for_eng:pod-1	16	4	155	Learner	1681863a437733bf635e13c2a271e6b3	1077817e87520a09a8a2abc0190c9997
nld_for_eng:pod-1	16	5	156	Learner	ccbf0056a66577e7c35cfbaaea5ba26a	875936a84ce3549b311ad51323c3ac94
nld_for_eng:pod-1	16	6	157	Learner	b46685b9590a956c7a1b4874fd15a24b	2eacc883d508a1f175c2f2d0f3d324e4
nld_for_eng:pod-1	16	7	158	Learner	f489c63ad1e6aa84e84a5c54c92e3788	aa2623f2438db26bfc289ac08d18c9a8
nld_for_eng:pod-1	16	8	159	Learner	40b56b83a83d4c6158d935455411fee6	65a2bf309c72a368908ff228b43e5c12
nld_for_eng:pod-1	16	9	160	Staff	b4b0684de3047d9d8896bd447fbfa934	9650460a658b8f5dd8a906f1782c3f5c
nld_for_eng:pod-1	16	10	161	Learner	90ab2a95472ff62185a372bc814fd618	6f81b411447233cc4554546d3485e6e5
nld_for_eng:pod-1	16	11	162	Narrator	942b7777f2d96c49483ea54464f56a8f	91f7b0696c7c0fc707420471e844af02
nld_for_eng:pod-1	17	1	163	Learner	65fec6667c5a8df583ad81ecbaa60e2e	3f918556b4706fc38a4f66b38ee11e93
nld_for_eng:pod-1	17	2	164	Staff	ee1bb0a94aeee8bf7065c9506debb1f3	b89bf636041965ef6e44581a0e66405b
nld_for_eng:pod-1	17	3	165	Learner	1e02969d4b5aa58a38882370c06f2741	b2e9e73da95ff8e534a2c05be54469f1
nld_for_eng:pod-1	17	4	166	Staff	12d79cf31c1d16b53792cf4c2f1139af	ee1a2848e1d6e5a016074ba8e5f9df67
nld_for_eng:pod-1	17	5	167	Staff	e15719d8a3a7e287274d65307c74bfb7	a2ac474dcab961749b90674a53304753
nld_for_eng:pod-1	17	6	168	Learner	df2bbcffbe104e363a21df0e7cc52ac1	218566fe0117cad5e42b24674ac59854
nld_for_eng:pod-1	17	7	169	Learner	8cd085a7aaac5dc392ccb2bee073373a	6f23d3e4fbf9fb84eadce090d6e21e0b
nld_for_eng:pod-1	17	8	170	Learner	84d2e336a969201cbd0c3b325a7850dd	89d84b38c76d0c63271993c96159335c
nld_for_eng:pod-1	17	9	171	Interlocutor	a752f83a62369fb1ce915d9ba9a963c8	60f59d8aa7095fbf4d63419a67291235
nld_for_eng:pod-1	17	10	172	Learner	8292f84d0ad8190f050de64c80ac2979	cb2b984f6c5a6652552f5a52433e9043
nld_for_eng:pod-1	17	11	173	Narrator	ac345b7220a8aa2c2fea400ae21a7b64	e9b4223aa4445b27cd280248acac1ce9
nld_for_eng:pod-1	18	1	174	Learner	6913fbc4ddbf55b0fdeb4a2d6b9566d2	200c3546a879a0ce8458e37ec1dea3f3
nld_for_eng:pod-1	18	2	175	Learner	aa037a20764c732b4b32116527017f7f	29a9cbbfaa50d8b1fba17c8ddf1af426
nld_for_eng:pod-1	18	3	176	Learner	208dfc14a2c4d670deb727a332804638	a15f9ace48459a3c4e3c4d737c41f653
nld_for_eng:pod-1	18	4	177	Learner	29a6f789cecce9b007c8460577608238	1f1e50ef6f5759e0685d415825edfff4
nld_for_eng:pod-1	18	5	178	Learner	bf9c72e84c57e3f9a85b47ea81e1da31	bf2a03f0a7f78a5b14c9039a057ea050
nld_for_eng:pod-1	18	6	179	Learner	dedab9a6d22a2d6ddc67647a1a543d36	ead58d7143eb35c36f5b78aa7009c68b
nld_for_eng:pod-1	18	7	180	Learner	2786a104ed27c8ccaf9b8dea327f743a	d1d15242deb8a3a7bf0fae7c42c0a47a
nld_for_eng:pod-1	18	8	181	Learner	2261097deb6b993c9fe61f140441bf4f	deec3ef222041f80b3b966f9b6c515c1
nld_for_eng:pod-1	18	9	182	Learner	636c166bd0c3bbd518236fa0e3b34002	5c40a0c454e9a7788820e3cce62aeda2
nld_for_eng:pod-1	18	10	183	Learner	d16b09c0b94cace02a58139e4e925975	ea174e84d89f9dce1d8ddc975990cf28
nld_for_eng:pod-1	18	11	184	Narrator	27636d89b4e5d28143489029cfefe552	4ae156b07d9bd5fae88713471a19e018
nld_for_eng:pod-1	19	1	185	Learner	f886cf6aea00c68f0e30382ddbbb1bc2	7c15f463d5f03199782a2b1f30c3c846
nld_for_eng:pod-1	19	2	186	Learner	e47d928c7fe8ef7c53ba881c6bb36362	c8f053172ea3fa290e676bc9cde75458
nld_for_eng:pod-1	19	3	187	Learner	2d34d7d892515127f2cdee44ffca757f	4140109bcdedb65463d59334e5e425f0
nld_for_eng:pod-1	19	4	188	Learner	b5e6e1e7d3545543255684b5de4202a7	9e29640615f6f87aeff81f4e6c5b53bf
nld_for_eng:pod-1	19	5	189	Learner	35c846e0784c65465d79ce4a3f21fb0e	84fc461be123eda48d5bf41b0d1a0f73
nld_for_eng:pod-1	19	6	190	Learner	e9be745fb183bca7ba85ae75a8c9764f	5263aa615a62dd65c071d15ead5cfb6f
nld_for_eng:pod-1	19	7	191	Learner	2fa2d71b9110b311c8782888ed34ea88	ac3e999e4f5bae18ce949597989cf25d
nld_for_eng:pod-1	19	8	192	Learner	09578d1c463b5f6ffcdb52dbdd11dbf8	db14e1d9c46d468ce0c2a1942c9e5547
nld_for_eng:pod-1	19	9	193	Learner	6edec6565d5a58ece6da54590d520898	b4d53d399c40313615294a5dbc3ad920
nld_for_eng:pod-1	19	10	194	Learner	f64d073cbde3958ac7d092f94798119b	380dc3308d4281d833de8337be86c632
nld_for_eng:pod-1	19	11	195	Narrator	becedbeec7d3d96f5728c43a14dc92f8	e1d859ceca82f3a29e9f5d6896683d70
nld_for_eng:pod-1	20	1	196	Learner	838682156c9d05d61c6511378efefc8a	a53e1713be20c3a621f4e8a3f6579843
nld_for_eng:pod-1	20	2	197	Learner	e4f254a48734c62ae22c5bc414718efd	60ad360bce4d369112c2efa49f353165
nld_for_eng:pod-1	20	3	198	Learner	c599b5bc03382d609b4b8c71d81bef17	c26678bd3218eaa94031c1fcfdc92338
nld_for_eng:pod-1	20	4	199	Learner	7ea685c458f91dd4a69171e5fe6a3376	9f47f8766713f4c48173ed805c447f66
nld_for_eng:pod-1	20	5	200	Learner	a2021c306c3ea8404ab8d4fc8071eb2f	2b6b87c53a652020c2650090c91f7040
nld_for_eng:pod-1	20	6	201	Learner	ffc49df12257f21c9edbe86a8629b068	c9596a3f82692ecbe36422e38d488d64
nld_for_eng:pod-1	20	7	202	Learner	67d670c9cb662fd2f5e9c9f2dfda835b	c61460556c733cd480ba0b2038b17bce
nld_for_eng:pod-1	20	8	203	Learner	f84bf72ecd2387d68b31482c1bd55184	251c226f2b72c6638554a1826535bdf3
nld_for_eng:pod-1	20	9	204	Learner	639531566c391c19392fe20bf8f4888d	2badaa9753a0c2d89b8f7fc048141886
nld_for_eng:pod-1	20	10	205	Learner	4c92156dad295199b3d88fb372096561	39a4a36539151c49ff0aea2901d6e46c
nld_for_eng:pod-1	20	11	206	Narrator	e7effd565261b043fcd003f4b1af4f00	b00aa4bbb11b7c5b8a41297fedf164e4
nld_for_eng:pod-1	21	1	207	Learner	b0bb89bb7b1953c6c93e78495168926b	31883c238e38aa97c19879601c538da8
nld_for_eng:pod-1	21	2	208	Learner	ebb30f90307215c34995fa688d61eff2	9c9b76e67042fad2983f6f9bb337bc11
nld_for_eng:pod-1	21	3	209	Learner	0a056afc474c6eaf048c6c38481b91ec	fc2e6722bb0d2092c14338f4bc961cbc
nld_for_eng:pod-1	21	4	210	Learner	193a4c3631289abd7453374f0eb7977a	6a301630a41e5723851c6251001c9cc4
nld_for_eng:pod-1	21	5	211	Interlocutor	13559daff1508256ea234284cae9f798	69c80eebef962f3c3eeed4411205993d
nld_for_eng:pod-1	21	6	212	Interlocutor	4bdd5fd8e372a81b739ae502f2606039	e687907c0087a79ee8305dd114fa50ea
nld_for_eng:pod-1	21	7	213	Learner	a535dfb297a07d84dc46c9e61d3ee53a	8e4d431911a139dc828de7241d404d22
nld_for_eng:pod-1	21	8	214	Interlocutor	1d6ec47caa13bd97b1a279327b272391	11ea5656b70267c62d122e06d3f25ef2
nld_for_eng:pod-1	21	9	215	Learner	21a6387d31b52ea4ebf62aceef9f561d	f7a808574ea1968957fdacd409e5e52e
nld_for_eng:pod-1	21	10	216	Learner	28ea5259c991b1be9617023c10bb22f8	8f5bd996aacf8dd34f3367288430eebf
nld_for_eng:pod-1	21	11	217	Interlocutor	827e9eca106cd7e452c495da125e8694	02cff8540cce3fccea77fea5e2829615
nld_for_eng:pod-1	21	12	218	Interlocutor	203b064497ae2cf77ab5a944dbaf65ce	a0065434b80f7195e6738e99841ac35a
nld_for_eng:pod-1	21	13	219	Interlocutor	e91188f38fad0655279c01ee1a806a40	834c571189557c45f8dc2513b23484f5
nld_for_eng:pod-1	21	14	220	Narrator	2c9292a023994f26e159d69bfbf22c14	c8ed10c9fc68227d7fe17887b558a9c4
nld_for_eng:pod-1	22	1	221	Learner	a51ef71ac118aaa327b099f64e9890b2	2ff5e982c096e19a0366da11bc118b36
nld_for_eng:pod-1	22	2	222	Friend	2b8a920aac2a23a0f39da2addf053fb1	a8040b0a3d95ef89e87cf43deb00c5ca
nld_for_eng:pod-1	22	3	223	Learner	929f41a75c66158db4e0e697903698d3	b4e60a590a50dc74baf7ed4bf5bc4be6
nld_for_eng:pod-1	22	4	224	Friend	9e517a30b175855de140395bb1dc6673	15d6200415181b8eb1c842a1a53a0917
nld_for_eng:pod-1	22	5	225	Learner	2357f0a97349318a757fe7e735737b61	beb0394ce89cd9183e5d903dcf4183a8
nld_for_eng:pod-1	22	6	226	Friend	3192a5dda21bcbcf17acfe225f8600cc	8d2a8c4b2f15303474ea5e47c0ff454f
nld_for_eng:pod-1	22	7	227	Learner	79b9b067542fe8ab5146801f4e686d28	a1c3d02f7c119f1dbfde1c0e56a04a97
nld_for_eng:pod-1	22	8	228	Friend	cc795638422ccf067a1c89962221fd84	4f58f4573664f9efa73634407ac75947
nld_for_eng:pod-1	22	9	229	Learner	8e55c9ca6c1ce5dcde4cb20274b417ee	95d5aca2db8946dea751606ddb0377ab
nld_for_eng:pod-1	22	10	230	Friend	101d4a93206355b438248d5cdecd801b	29827b2e81eb3bb465dad6e9ef61e523
nld_for_eng:pod-1	22	11	231	Learner	393d68327c184d01557a2f54a1f3bac8	e5731ee5d0709cc7bd90f62bc4d1d9b0
por_br_for_eng:pod-1	1	1	1	Neighbour (8 am)	130293004b0e21f864971020520fc9ec	6ee0944e54db0524ecde74e6c629de1b
por_br_for_eng:pod-1	1	2	2	Sarah	4fc3d1fb7dd6fed5993abdcaf28c9509	aa26f2a183c4e0e6ed68f15e08ffe05a
por_br_for_eng:pod-1	1	3	3	Neighbour	03d9d6bbdf1d7d5589abf26cb0841964	cc464cfe2d26532c0418f4836ee5ebb5
por_br_for_eng:pod-1	1	4	4	Sarah	c60348c0d793f3ee19d3ee9b97ea0c43	35b94c213869adfc71dedf98d510b4a8
por_br_for_eng:pod-1	2	1	5	Sarah	072fa85d394afa9bce2018f8cb09695b	1ebc5a6271df1e0684e2e7b9c41bb18b
por_br_for_eng:pod-1	2	2	6	Passenger	ca755ea36278a9f89ff9fce49a9cbc04	5e5d8b3c6f8bc430e1479d0777a768e2
por_br_for_eng:pod-1	2	3	7	Sarah	faa92773eed73df26a2c0dea092c40d7	10902ecda3dc2372dc9cf570f2c80a9b
por_br_for_eng:pod-1	2	4	8	Sarah	f3e34731a81b2bae0ce0c55c35c1d154	1fb41845d0728f8c10727a8ce966c6f9
por_br_for_eng:pod-1	2	5	9	Passenger	85eb1820aaad9d409f0f3df05fb09f64	7c8caa73ae0269729cf079b955fa2489
por_br_for_eng:pod-1	3	1	10	Barista (3 pm)	a80add002a914e48ca1d13ed7975c219	129b85d1178d6f963422c4224881b233
por_br_for_eng:pod-1	3	2	11	Sarah	49684bcc819b3584e743a0d001555361	9e08c222b5d1a39384a1b5fddfbf25ea
por_br_for_eng:pod-1	3	3	12	Sarah	c4e598f8c50f709f60a49533bf5447ff	6885fc15633ab4b868aa5151e79d7186
por_br_for_eng:pod-1	3	4	13	Sarah	ff49c72967b29371a254725004980fe0	a60b2d126f8c7ff9ac38fbfa4364cb1c
por_br_for_eng:pod-1	3	5	14	Sarah	31272cde965b9daaec1cf93728c4f8e4	31d093097e4bfea2a6dd0ab4c22a6b15
por_br_for_eng:pod-1	3	6	15	Barista	8c486394bded4b0e333a2ba3eecc6a75	f031182f541a00bfb1a31493235217b1
por_br_for_eng:pod-1	3	7	16	Barista	c72c7f7dca2aae7517ecc31eca1dfcea	ef43722ddbda655542b7cdb02bb936b6
por_br_for_eng:pod-1	3	8	17	Sarah	9ff5371feaa64b4bc17aba06a2e87f22	cbf8659af4f5ca4c927d141bfe3faded
por_br_for_eng:pod-1	3	9	18	Barista	35b0a2ee3c0b34e946107309c18a38c5	6f61d97ffddb4a91e45afc5f67e73c69
por_br_for_eng:pod-1	3	10	19	Sarah	0976822fc25948176a5771baa8402337	54cf197a5697f647ff03a2b52745b533
por_br_for_eng:pod-1	4	1	20	Friend (7 pm)	f53514356efec1b19932c8f7086de12b	de62d7bb305c2be6a133ea17a0af37b1
por_br_for_eng:pod-1	4	2	21	Sarah	6e3137f8968e27ea7da7434aa6725ab3	01495caf915e2d5c88205615c813d856
por_br_for_eng:pod-1	4	3	22	Friend	6287e2857d39b73a3b3e2adbf567dc6e	6c683c3f18a71bc5a60a51245f7ea8e3
por_br_for_eng:pod-1	5	1	23	Neighbour (10:30 pm)	266efeee4df89fab8001a3444edab32e	139e47766b4ab1bc6c2e30d8275d570d
por_br_for_eng:pod-1	5	2	24	Sarah	9990fe6c09b2cf13a9e8a2f4f3929b71	5a620928d6e45913a894808d7501ec80
por_br_for_eng:pod-1	6	1	25	James	2a5d23b8a3452a973ef893aa783bfd89	b37cd01c3b7738424f852aea2063a505
por_br_for_eng:pod-1	6	2	26	Anna	6647d429f59038868d05c4f150dffefb	b214d1387a552e4c9be132984796bcc1
por_br_for_eng:pod-1	6	3	27	James	04b91dcac24bf4743be4b6b1433ae717	085e3c08f2ffecfb23cbb422d831688a
por_br_for_eng:pod-1	6	4	28	Anna	3bba827431ae459a23cca2193d5ef440	0639e512b88fa8fcaebd5b9666928c7c
por_br_for_eng:pod-1	6	5	29	James	a2660a720063ccb03daded998dee2b65	79426185551098a662d1143e775cea18
por_br_for_eng:pod-1	6	6	30	Anna	5490d1b844a4c5ee471bcb6bd94220a4	755656594f1fed66195e576bafc459ce
por_br_for_eng:pod-1	6	7	31	James	d5b22ed6a47481292b349be479b199d3	19d2869419a133d649ed42141a675cc0
por_br_for_eng:pod-1	6	8	32	Anna	ece578c0d6e173fa5e76e296f9813f4d	9ebc765a5bc5d2479243dede501bd3a0
por_br_for_eng:pod-1	6	9	33	James	9ec7f86510d73a5d37d31184e7524676	baa8d95f0eb2fd6ed4005de80b09f24f
por_br_for_eng:pod-1	6	10	34	Anna	5b39702eef66082fc7381007755e989f	9611b73d7680bf9a3b5637d7685e689c
por_br_for_eng:pod-1	6	11	35	James	112cc063092c332a6d0ca1248cc79203	5f34e333ac660776c7b01f074b5e1871
por_br_for_eng:pod-1	6	12	36	Anna	2cf2bcf97113f265ac9c9f9f3a4261ca	7c9e94e54ff783200c75ad1afddf413b
por_br_for_eng:pod-1	6	13	37	Narrator	b9ce897f5d217c28e849ec5569cc622e	a9df7ad4db2e1971fb021f5644e1d0ed
por_br_for_eng:pod-1	7	1	38	Cafe Barista	0c621bdfd3beebb61e3a8daabc3a18a2	cbc2167ecf008fb033b5ac98aa1b364b
por_br_for_eng:pod-1	7	2	39	Cafe Customer 1	5f306bc751e6c8bcdea695a0afa31a37	501783348c585c978802f4fdc48329f4
por_br_for_eng:pod-1	7	3	40	Cafe Barista	f7de4f9bbd04a7e7cc890f54e510159f	7ac946487706bc9ebf9c41d16197e6de
por_br_for_eng:pod-1	7	4	41	Cafe Customer 1	b947564445ddb5bb615c0e0e619c1c4c	56d632d7eac284ed7db82ac6573a506e
por_br_for_eng:pod-1	7	5	42	Cafe Barista	ededbf680cc9b54a92e06aef9a6f81c6	45787a9f76a00ef648b4e54a736ed6b5
por_br_for_eng:pod-1	7	6	43	Cafe Customer 1	fd640f70070445e684ad198ea56467b0	c43ecbf12526a32e59d7eda3876fb7d4
por_br_for_eng:pod-1	7	7	44	Cafe Customer 2	09e85cef432abb3e7ea9029752bfccd0	ce4240fcb8bb7b3e0431cc6ea45df5d2
por_br_for_eng:pod-1	7	8	45	Cafe Barista	585ac498a659e7c59b0527e34509e881	92b16311b9402c95a838d93fb1501a31
por_br_for_eng:pod-1	7	9	46	Cafe Customer 2	c76d544129ba1c953bc638af60706e13	0ad80a8eecd77a5db88121c57e75b9bf
por_br_for_eng:pod-1	7	10	47	Cafe Barista	865df75ff6c5a5bd21b8f74d9b830994	2de61305988afb0d32d84b087e36cd48
por_br_for_eng:pod-1	7	11	48	Cafe Customer 2	7f0a8622cae9dd7b3b691009bcc12b6d	83f6d2006a0205d1f04f37ad2cdb4223
por_br_for_eng:pod-1	7	12	49	Cafe Barista	24432a3d2d47e0cf9c6252e770516bec	f4707ef64079b9bd3120486cd8cd1da6
por_br_for_eng:pod-1	7	13	50	Cafe Customer 3	95da3658ca29f8aa81564d7e61412556	440747e4c5a705e28463a93bdb2355ba
por_br_for_eng:pod-1	7	14	51	Cafe Barista	ce5d744574455ec056d2e8ed21c42cb7	e53c40e2fc9be5922a1f67265e084b06
por_br_for_eng:pod-1	7	15	52	Narrator	8326bff3a6bb3f08b304f9b275579405	e2fd9610c4c8e82a1f7efcfc3206ffea
por_br_for_eng:pod-1	8	1	53	Bartender	fec4882aec7fbb0524e7cd5733923051	95e5cc8503c5b06fc599d942c1b95aba
por_br_for_eng:pod-1	8	2	54	Bar Customer 1	ae77712669fb24ad0bd8b10599cb0fdd	59d9c371c00f5aa6e9263c08a30a42b2
por_br_for_eng:pod-1	8	3	55	Bartender	c76ab099701581ddf38bc9232b14116e	4930a264ba1351fc1f2be2eeb0503e43
por_br_for_eng:pod-1	8	4	56	Bar Customer 1	bf328e0c1fb919ab55bb82fc8063a696	1fb2b2c11bb3d11e65e41029d3da1abd
por_br_for_eng:pod-1	8	5	57	Bar Customer 2	b089f8fbf32bce9c3e856cd69a48f63b	64e908148bb806be4c5b82b6cd67f3cc
por_br_for_eng:pod-1	8	6	58	Bar Customer 3	a59c6ddd0e1fd7b7fd4ed200d226dade	5705209f2f526bf4a4e906fdff5e8666
por_br_for_eng:pod-1	8	7	59	Bartender	f6ce5f786c7e863a7212c172295827b4	463cfc4e55bd3de5f4c5f6998798c8ff
por_br_for_eng:pod-1	8	8	60	Bar Customer 3	bfccaf42bff66fe9b02b7e55b4d95100	1caace2cdd8542fe8ae296efab852317
por_br_for_eng:pod-1	8	9	61	Bar Customer 1	67fb95aef61dfbc2ddb6f21936004bb5	52bff53cb70f6415f72fa87fdc38b652
por_br_for_eng:pod-1	8	10	62	Bar Customer 2	bfaf0383c7f9ea7dc458e12d43cb39b8	913165018eb8739a5a0f0613c937fc94
por_br_for_eng:pod-1	8	11	63	Bartender	3ddf3e6c32190e6c55709df3d047ad92	cb7282d0097a8ca0c2d2839f0095852d
por_br_for_eng:pod-1	8	12	64	Bar Customer 1	9be41e87c9cd651adfc3609345bcb10b	54cb51c8fb37ecd2e04ce14848f2444d
por_br_for_eng:pod-1	8	13	65	Bartender	e9fdc2155fba4ec819cfbe355fb272e7	3feeb7bb1aa528b75366afe8ec9bfa2e
por_br_for_eng:pod-1	8	14	66	Bar Customer 1	29f6675be563e5f2a5f73d362893274d	db93cc48e1c5ade124d2f44fe0a847be
por_br_for_eng:pod-1	8	15	67	Bar Customer 2	7d5a27afd62ce3b17b98ee032d5815de	423abcaa566f0bf44715381b375bf04e
por_br_for_eng:pod-1	8	16	68	Narrator	cd86fac05f158b89aa961c8f1128253a	9c0bcc5415e835cbe990d35954130c8b
por_br_for_eng:pod-1	9	1	69	Diner 1	874f36bfe9c9e1fa4c9e151aad80fcbf	f47c0ccfc3f79c83d8dbb18e994935a5
por_br_for_eng:pod-1	9	2	70	Waiter	fe7c10ec634eab8603209dfb2bdfdac3	718e6f797347b8fd4b3f45a6622a4446
por_br_for_eng:pod-1	9	3	71	Waiter	eeb381b4bc6e9c4c1e7ca30e8129dfc9	aecedd04a4e5cf7a1cd5b5239e80ae9c
por_br_for_eng:pod-1	9	4	72	Diner 2	d0ac8821312737605579509c6f227787	91ae74f00f07601e9babaa242c7a5d36
por_br_for_eng:pod-1	9	5	73	Diner 1	df15cf26c26fa8eba266497843f96a56	ea78ed82157a414c5169aef49b3b477e
por_br_for_eng:pod-1	9	6	74	Waiter	6d3b66bce9bc462648fde82bb9a98116	a86c30a79c6077cce89f3534133f9c30
por_br_for_eng:pod-1	9	7	75	Diner 1	5b3b70085f51b45c38f72dd1447b3cef	08f808be58b2d99c383869f4bd2b9e5f
por_br_for_eng:pod-1	9	8	76	Waiter	933b0a3b1bd308cddf10988baec14926	63b23d49d9cc4cbfcd2e579d529fafa9
por_br_for_eng:pod-1	9	9	77	Diner 1	1dce63d7a34ac1dd88bb04dc04adf88e	06214f9b4ac4ad391f2d5ea78b71cde7
por_br_for_eng:pod-1	9	10	78	Diner 2	f748393c13d2c9e0ae2050f3268cc86a	9581444710a2c46fbe4893e417a9fa3d
por_br_for_eng:pod-1	9	11	79	Waiter	94c37339a72fbccfbdcf87535a1cfd2e	60358de534ece5a38b06fd63bc1f3b38
por_br_for_eng:pod-1	9	12	80	Diner 1	3abe6a1e0e61e2854af3b80f5d5e7943	98f46984f350be53caf0d8042b08fb4d
por_br_for_eng:pod-1	9	13	81	Diner 2	c627c74a1e61d7ed02bbac9a8cefd54c	4e89e1708e54fa14e52a5316232da8c5
por_br_for_eng:pod-1	9	14	82	Waiter	4c5745c81351e0c29c789270f9545cd8	4d3da2ee5e65d6f8789ba8a5e3aa642c
por_br_for_eng:pod-1	9	15	83	Waiter	d5381cec6e9bc41deaa6624613beefce	de28fcf5d0a220f3654a7d2910a5b135
por_br_for_eng:pod-1	9	16	84	Diner 1	6bb431af2906f11cb4f8b872e7e36102	40123960824b4440b27f97076b2993df
por_br_for_eng:pod-1	9	17	85	Diner 2	ae4f78a1d93e001156e098b2070e126b	1b6b76e0bdc8953ab878905b8cc52df9
por_br_for_eng:pod-1	9	18	86	Narrator	61f9ff52c458e1513b33028513f3fe2e	418fc34f8a619847c1ec0523c838a8a7
por_br_for_eng:pod-1	10	1	87	Customer	8cba2c73aa00190d210310ea06d19e3f	136151eba56ff0f31b5d130954df5f15
por_br_for_eng:pod-1	10	2	88	Assistant	5311cae9711e94aebfe1e056135cb992	e4cbe079c0dcc535e9cd8aaef51c9797
por_br_for_eng:pod-1	10	3	89	Customer	2cb651c1217fb3063fb566335fe0bd89	93693bd14a65a0bf93904aa6a6980234
por_br_for_eng:pod-1	10	4	90	Assistant	130dcff7f0c4e9f684c10ff9126ba6da	d0f2cb73e1e5371d15cfeb2681bae7c5
por_br_for_eng:pod-1	10	5	91	Customer	439ae3f74073cab0231de4bd0bb63673	f1aa603fd2b80fab9a0764ddba8ba5da
por_br_for_eng:pod-1	10	6	92	Assistant	ea9298e1f983d5da60d1f6dec183d88d	27b11b3461c2c22a832ac7a15cc39f15
por_br_for_eng:pod-1	10	7	93	Customer	0300447a2ac98c03bac72086ff4391cf	1d40abee6285888e49c74dfb5bcf9927
por_br_for_eng:pod-1	10	8	94	Assistant	f1bed4e80697638d36aa92e7af171649	a361e46e7ae242c8cb7462a27086d63a
por_br_for_eng:pod-1	10	9	95	Customer	c6019229b1bbd9041a6bb7feca8695a0	d58b1aff1fa7a5454a72446e26dc835a
por_br_for_eng:pod-1	10	10	96	Narrator	009676048987f8019e277d02db50bd30	88c1ab6fdafe008af86fe0b06f4c841b
por_br_for_eng:pod-1	11	1	97	Guest	fd56d344f5684192ef000f9f871a23c4	cc55707d7078fc7aa2cb496d4ff3f91e
por_br_for_eng:pod-1	11	2	98	Receptionist	1b38e7092a7e15b770c176c0ca1ad86b	f686f5ac142a24984957aaa44464e88f
por_br_for_eng:pod-1	11	3	99	Guest	f611037d4d8d008ac107fc3e5b4a2aab	ec7626acc5bc14df9335862c416ea34f
por_br_for_eng:pod-1	11	4	100	Receptionist	3901446ddb3301f0a74a08c5573fff63	552df0d976f1a2d84d4af72d95e5b59a
por_br_for_eng:pod-1	11	5	101	Guest	7c5e330a62630cf7a942432c77aa0963	7b0407dc87cc2c4961a945606a5eadc4
por_br_for_eng:pod-1	11	6	102	Receptionist	82021f45b1cc2d9dab6053964cbfdb1d	bb3123fdb334f284bcb1af62f7f238e7
por_br_for_eng:pod-1	11	7	103	Guest	50f89b3c72fe6c7ac446a5e09691e988	225256efd81262ffe2b947381a8cf080
por_br_for_eng:pod-1	11	8	104	Receptionist	107c81efbb2dafdfec24640dc7f906fa	7361204e12235a4165e525c8993dc914
por_br_for_eng:pod-1	11	9	105	Guest	d26411ae5a40b605fa15b4fc93fca515	4c3bd72192248f3b689ac3bdb789ac2c
por_br_for_eng:pod-1	11	10	106	Receptionist	12c312ef3d9723f9bb0d41f2f01742d1	0598c0d2d13ded214ea462b251a0d013
por_br_for_eng:pod-1	11	11	107	Guest	1d67d050cd6a601b31da0c1ff66e2230	77bb11ec8afd06d6b134f6f69df41802
por_br_for_eng:pod-1	11	12	108	Receptionist	c59f180e07c8c40bce759e844102bf35	84e3ae341108982767642713c846233a
por_br_for_eng:pod-1	11	13	109	Narrator	2f33dcf7b25c308ac5d25c18037daca7	a039db0b2a75b9ef42c456afbf08acb2
por_br_for_eng:pod-1	12	1	110	Customer	bbbf04c1969a5219adcb575c7ec2736e	2e0c0d4948556b0a6de58e3ddc21395d
por_br_for_eng:pod-1	12	2	111	Pharmacist	fec204508b900f3cc6f752d77158e4d7	64b835aa122947a9ec0e4602f081f977
por_br_for_eng:pod-1	12	3	112	Customer	9f50d480a5ed814dc9834557cc3a1b4d	ffc7160bc08caa75a27c0e47e6829382
por_br_for_eng:pod-1	12	4	113	Pharmacist	3f11a1f31daf75a92f47bfc91b7f6643	48bcf2e67a7019da71d9e7c0f7c92a44
por_br_for_eng:pod-1	12	5	114	Customer	d09765b93025fe6b0df116125f082677	599ac705b6e160bfafeca6ee3ff9c0b7
por_br_for_eng:pod-1	12	6	115	Pharmacist	dc5cd48f60b2e0eba1fb52657a9c691c	e592ec2ece61a026f44312af940f04ab
por_br_for_eng:pod-1	12	7	116	Customer	6f0c833203063b61eba5739661ffe279	ac82c32fe908849dd80acbc6a9b1fe4e
por_br_for_eng:pod-1	12	8	117	Pharmacist	452e288fae920400da05ed59c18a62a0	f0be03f62fc608c755238e341759c65c
por_br_for_eng:pod-1	12	9	118	Customer	bdfeb884afb88331a81d302bf9edfd0f	e42037889344d661179702232365b051
por_br_for_eng:pod-1	12	10	119	Narrator	d0e848c51af6c40962d348b6abccb667	7356639b43b69fb452e712e88ca612ea
por_br_for_eng:pod-1	13	1	120	Tourist	67d5bfeab578c029a5eb723afc6de29f	daca79f72d2e3ffc8ed3cf8c833b5595
por_br_for_eng:pod-1	13	2	121	Local	1ab3d81d2f44b3ec6d7a528ebdafeb58	7c12a65de20b42e05db3777842ff80cb
por_br_for_eng:pod-1	13	3	122	Tourist	6b7809afc468e9369a6827c39fb681a2	444f9aa0aa56ed882191729a3c3fe78e
por_br_for_eng:pod-1	13	4	123	Local	5e57f9b139a5e9d7d1d44b77ebb9f01c	7528fc391ebf65dd55f321c7dbb62608
por_br_for_eng:pod-1	13	5	124	Local	07ac455b38ac5bbc19cf05b9c332715a	ed54becb0e49e16df83cc60466efa8d2
por_br_for_eng:pod-1	13	6	125	Tourist	210ddba1f02f030d469b2c69e0a1c653	225eb9e5c0f9d0b57652f113e937f8e5
por_br_for_eng:pod-1	13	7	126	Local	8a6155b507a357669ebdcc1734d25e98	7195a8c13810d9b9853c3c211f616a9e
por_br_for_eng:pod-1	13	8	127	Tourist	d0c4a0c258e84b7f7539c250e5bf8fe6	9c909612cff0b9fb58decf8506cb50db
por_br_for_eng:pod-1	13	9	128	Local	cc76999e8fb98f9954372885811e1827	759bd7d3204fa55d3e3b463340506aa2
por_br_for_eng:pod-1	13	10	129	Tourist	75c7137f2832cc953a1b4926544e7d4b	d84dc29ab18369e040cfb3b3899f2394
por_br_for_eng:pod-1	13	11	130	Narrator	7616efeb95d4afd6aaa194f6d87819dc	4ff53b91110304c96b46805771c7f4aa
por_br_for_eng:pod-1	14	1	131	Passenger	e53c52b788115b330b4144c2e2da96ed	c58ec5f5bbb7c695c418f6b4ea356da1
por_br_for_eng:pod-1	14	2	132	Driver	e008c07dc92abc930c7fc6f9fbb35658	27652fc6bc26f1807c076c5dc3969133
por_br_for_eng:pod-1	14	3	133	Passenger	afbe9bbef5c840a870124a1317426bab	a4e86846455e65cdebe8cc6e028ec556
por_br_for_eng:pod-1	14	4	134	Driver	372ed6763cd3df03efbea2095300cb43	39d0ed883ef886cb909f83a13c8b51bf
por_br_for_eng:pod-1	14	5	135	Passenger	c1e5a8c195cfdbe09c8b47949cc26649	f33af4b471e77de0eee25686f789cab5
por_br_for_eng:pod-1	14	6	136	Driver	1be2ba473f9d29eb827642e9b6004b03	dcad5fc92e5bfad25efde3fd1acf1dee
por_br_for_eng:pod-1	14	7	137	Driver	f9d81c6c76302ef29bab42b0312fb852	50f60b36ab55c687d9418741fdbef5b1
por_br_for_eng:pod-1	14	8	138	Passenger	492b284dcb1f083bf59cc9385695ce52	bd0f8de5afca3e57a99b1f58619dc6c9
por_br_for_eng:pod-1	14	9	139	Driver	c4c275a1e164aea7e21c4fecce2d261a	9bbc74c3fab1a78c5d2faffeef46810f
por_br_for_eng:pod-1	14	10	140	Narrator	598a21b2d0fea6ff1df1e01cf4c8d369	55c9f6473f40cdb17d4d7ab4409a232b
por_br_for_eng:pod-1	15	1	141	Learner	528f2f0eed17a20d318fc950749112f8	913bb5faa544c775b1fd10a63c47dbc3
por_br_for_eng:pod-1	15	2	142	Learner	a4f41e7f9196ac07656470bb547cf696	a09180b6842fda593edc9e60043a5a0a
por_br_for_eng:pod-1	15	3	143	Learner	2adccaf34259bce21dee3e581749ed03	af1da60e13065be4a6990b5e69892926
por_br_for_eng:pod-1	15	4	144	Learner	180fd8bce13d6aae5b1c1fea166e9ca7	47f8bf53caeeded147506c90240992b5
por_br_for_eng:pod-1	15	5	145	Learner	03513a2fa9d0789ec970f113fa16ba4b	a8eea28a3fa662b1ea97dfb76e81a785
por_br_for_eng:pod-1	15	6	146	Learner	f79b935ecb9e96181f818ed753baeb8d	e35e0984619771f391c8df3d2f8dad1c
por_br_for_eng:pod-1	15	7	147	Learner	a8d1f76321d042c53cbf42e18a447c5e	376104b5c665287b33a4b3df71fb361b
por_br_for_eng:pod-1	15	8	148	Learner	43bc72bb26b7bd83ad96a1da266b4d15	0b3bff8c3cbd4993240fec74a9511cef
por_br_for_eng:pod-1	15	9	149	Learner	72be341c755ae461021a7be6a53fd79f	f56a6fa0342d93687c324258b7196cd5
por_br_for_eng:pod-1	15	10	150	Learner	cc2c13fc3395970f62042778f50eb41e	9a86f7902fbd2894a9f4603da2f7ec9f
por_br_for_eng:pod-1	15	11	151	Narrator	19db25e1cf0e4f21144c63e8e733e3b7	eba1245daf0d65cc1d6160ccf05bcab7
por_br_for_eng:pod-1	16	1	152	Learner	6d349829c2b734a43cb1feb482108ae1	9eafb4da0eef364b90375b55537d25bb
por_br_for_eng:pod-1	16	2	153	Learner	f3d2aa2ceeb22a0125f0c17988394341	b3b90f8f5c48e9ab512dc566324ed037
por_br_for_eng:pod-1	16	3	154	Learner	fe5acb5c268483d4a069bce551c14226	63d80cfa06344b7d9f4045b7fba0cb9f
por_br_for_eng:pod-1	16	4	155	Learner	cb81ce4837a57ebcc9f1dda6814f25d7	1077817e87520a09a8a2abc0190c9997
por_br_for_eng:pod-1	16	5	156	Learner	9a617f4d75f4987be5a61958643ffaee	875936a84ce3549b311ad51323c3ac94
por_br_for_eng:pod-1	16	6	157	Learner	28c21fc3fe721843432441b038a497f8	2eacc883d508a1f175c2f2d0f3d324e4
por_br_for_eng:pod-1	16	7	158	Learner	95f4c0e452384ea2205136f3e97f6be1	aa2623f2438db26bfc289ac08d18c9a8
por_br_for_eng:pod-1	16	8	159	Learner	e086245e57b01e55cc512e0ea7cc1fa3	65a2bf309c72a368908ff228b43e5c12
por_br_for_eng:pod-1	16	9	160	Staff	a78f058a45133d4d3bd94a32ab962c9f	9650460a658b8f5dd8a906f1782c3f5c
por_br_for_eng:pod-1	16	10	161	Learner	f6305a42bec570a492d5799356a0f0fa	6f81b411447233cc4554546d3485e6e5
por_br_for_eng:pod-1	16	11	162	Narrator	a98748838f05ea12934cbc897cafdd61	91f7b0696c7c0fc707420471e844af02
por_br_for_eng:pod-1	17	1	163	Learner	233533dfa4a37335eae2a56d1e1e9d15	3f918556b4706fc38a4f66b38ee11e93
por_br_for_eng:pod-1	17	2	164	Staff	32dffde048f7c76e246a1efa12501b47	b89bf636041965ef6e44581a0e66405b
por_br_for_eng:pod-1	17	3	165	Learner	c6103e0a1882c2b86d360afe72c5465a	b2e9e73da95ff8e534a2c05be54469f1
por_br_for_eng:pod-1	17	4	166	Staff	b90ddfc6f5ef0d98508ed43af1eaefad	ee1a2848e1d6e5a016074ba8e5f9df67
por_br_for_eng:pod-1	17	5	167	Staff	f887381ae8106717ca473e4e56e95a63	a2ac474dcab961749b90674a53304753
por_br_for_eng:pod-1	17	6	168	Learner	478c5c8c4ae03a70a9e1e50787ccb87c	218566fe0117cad5e42b24674ac59854
por_br_for_eng:pod-1	17	7	169	Learner	c72757303de28ca221b11d89ed8aa398	6f23d3e4fbf9fb84eadce090d6e21e0b
por_br_for_eng:pod-1	17	8	170	Learner	40b2d2f8ea2fbed7f48720db9c9c8630	89d84b38c76d0c63271993c96159335c
por_br_for_eng:pod-1	17	9	171	Interlocutor	b17da3fd0523c27bb10c204f83c9621f	60f59d8aa7095fbf4d63419a67291235
por_br_for_eng:pod-1	17	10	172	Learner	eee3b98754ae57e1b224e17f0e142848	cb2b984f6c5a6652552f5a52433e9043
por_br_for_eng:pod-1	17	11	173	Narrator	2ae585ce30b503c97db673b69bebc91f	e9b4223aa4445b27cd280248acac1ce9
por_br_for_eng:pod-1	18	1	174	Learner	d3b4857ad6a376fbbdfe92fc5427b776	200c3546a879a0ce8458e37ec1dea3f3
por_br_for_eng:pod-1	18	2	175	Learner	fe91f66090895cba9b109e28a7722e84	29a9cbbfaa50d8b1fba17c8ddf1af426
por_br_for_eng:pod-1	18	3	176	Learner	94552eae482db579cd5f8405aa0fb767	a15f9ace48459a3c4e3c4d737c41f653
por_br_for_eng:pod-1	18	4	177	Learner	2f8e3b812c5909d858940a4e961f91e3	1f1e50ef6f5759e0685d415825edfff4
por_br_for_eng:pod-1	18	5	178	Learner	935d0fe9359db93d8a24bef660d63898	bf2a03f0a7f78a5b14c9039a057ea050
por_br_for_eng:pod-1	18	6	179	Learner	5e7ecd66485dab4b9c59aeae9951a66e	ead58d7143eb35c36f5b78aa7009c68b
por_br_for_eng:pod-1	18	7	180	Learner	7380eb0208b72940ac6f185906ab9b95	d1d15242deb8a3a7bf0fae7c42c0a47a
por_br_for_eng:pod-1	18	8	181	Learner	afae4d99e890ff14616369f396a8cdca	deec3ef222041f80b3b966f9b6c515c1
por_br_for_eng:pod-1	18	9	182	Learner	691ce70a3ee0ce3b968e7ee4c1a89a3f	5c40a0c454e9a7788820e3cce62aeda2
por_br_for_eng:pod-1	18	10	183	Learner	8643a7b06335552b087b7eb5eae0cd28	ea174e84d89f9dce1d8ddc975990cf28
por_br_for_eng:pod-1	18	11	184	Narrator	4a496f08abbfe457e607c4009ce54f7f	4ae156b07d9bd5fae88713471a19e018
por_br_for_eng:pod-1	19	1	185	Learner	f1919e9a748123e0a0777e42c33b54a9	7c15f463d5f03199782a2b1f30c3c846
por_br_for_eng:pod-1	19	2	186	Learner	97ac0706f2571ea7723c1e397a090f8c	c8f053172ea3fa290e676bc9cde75458
por_br_for_eng:pod-1	19	3	187	Learner	394806ab12695a34f2a95184ec2b1770	4140109bcdedb65463d59334e5e425f0
por_br_for_eng:pod-1	19	4	188	Learner	7a2e6afa6bbae48cd66da54a65deec2f	9e29640615f6f87aeff81f4e6c5b53bf
por_br_for_eng:pod-1	19	5	189	Learner	c1b2241daf3de1ea643e8a941f769c60	84fc461be123eda48d5bf41b0d1a0f73
por_br_for_eng:pod-1	19	6	190	Learner	7bd9a26918fbbb08abb91dacd0c3636e	5263aa615a62dd65c071d15ead5cfb6f
por_br_for_eng:pod-1	19	7	191	Learner	47e39974789d7760c3d1114ac0102dbb	ac3e999e4f5bae18ce949597989cf25d
por_br_for_eng:pod-1	19	8	192	Learner	2488884bc8317bbc62e5c9ba06ecee46	db14e1d9c46d468ce0c2a1942c9e5547
por_br_for_eng:pod-1	19	9	193	Learner	4f5af4fa66c8df1737622c23ccc6ba92	b4d53d399c40313615294a5dbc3ad920
por_br_for_eng:pod-1	19	10	194	Learner	368e316108c42795c096bf951c73d3a8	380dc3308d4281d833de8337be86c632
por_br_for_eng:pod-1	19	11	195	Narrator	447139481adcbc61b12911e3cd26c65d	e1d859ceca82f3a29e9f5d6896683d70
por_br_for_eng:pod-1	20	1	196	Learner	b199fba19762a371a1e704fa955bf780	a53e1713be20c3a621f4e8a3f6579843
por_br_for_eng:pod-1	20	2	197	Learner	50a8cd6ca3db60ca241e952ece1f3513	60ad360bce4d369112c2efa49f353165
por_br_for_eng:pod-1	20	3	198	Learner	4033f935591ac014ce333326d1683df0	c26678bd3218eaa94031c1fcfdc92338
por_br_for_eng:pod-1	20	4	199	Learner	10af6c365254f3f0bfe699303f5bab97	9f47f8766713f4c48173ed805c447f66
por_br_for_eng:pod-1	20	5	200	Learner	2e0f3632f81cdcc10495dd750017d25f	2b6b87c53a652020c2650090c91f7040
por_br_for_eng:pod-1	20	6	201	Learner	2f563e2954055cf0625c51a59d611d1a	c9596a3f82692ecbe36422e38d488d64
por_br_for_eng:pod-1	20	7	202	Learner	ffc6ff78041f98bd11cb16c537de8a8e	c61460556c733cd480ba0b2038b17bce
por_br_for_eng:pod-1	20	8	203	Learner	0725b0b1603cc60b82c4ba144211e24c	251c226f2b72c6638554a1826535bdf3
por_br_for_eng:pod-1	20	9	204	Learner	0646c2ae67df1beaa12cb189ddbaf14e	2badaa9753a0c2d89b8f7fc048141886
por_br_for_eng:pod-1	20	10	205	Learner	93f20531b91de65c82f7759880bbee0e	39a4a36539151c49ff0aea2901d6e46c
por_br_for_eng:pod-1	20	11	206	Narrator	01771c3fef7e92a8a26de25cab56f640	b00aa4bbb11b7c5b8a41297fedf164e4
por_br_for_eng:pod-1	21	1	207	Learner	245f95341afe5e721e605dad3902ad34	31883c238e38aa97c19879601c538da8
por_br_for_eng:pod-1	21	2	208	Learner	c14e74f7f44e42cd6d5ef7f9a007e341	9c9b76e67042fad2983f6f9bb337bc11
por_br_for_eng:pod-1	21	3	209	Learner	2836dfa4aad1117e604f845cb2841e93	fc2e6722bb0d2092c14338f4bc961cbc
por_br_for_eng:pod-1	21	4	210	Learner	9fd8bb36d3695281fa3aa3a770942f28	6a301630a41e5723851c6251001c9cc4
por_br_for_eng:pod-1	21	5	211	Interlocutor	a573067ed60891d029e97890956cc4e5	69c80eebef962f3c3eeed4411205993d
por_br_for_eng:pod-1	21	6	212	Interlocutor	a702a218b67ce5f025403dddce1c3ca1	e687907c0087a79ee8305dd114fa50ea
por_br_for_eng:pod-1	21	7	213	Learner	fa07cb8463e3e71fa4d7dd8b65e90fca	8e4d431911a139dc828de7241d404d22
por_br_for_eng:pod-1	21	8	214	Interlocutor	43b97b332c84f32348a37c6dbc9979c5	11ea5656b70267c62d122e06d3f25ef2
por_br_for_eng:pod-1	21	9	215	Learner	1fb4d0f6f165246796611ea1853f5cab	f7a808574ea1968957fdacd409e5e52e
por_br_for_eng:pod-1	21	10	216	Learner	71ea82cc40be4cda072dbc7834584148	8f5bd996aacf8dd34f3367288430eebf
por_br_for_eng:pod-1	21	11	217	Interlocutor	4de6d002d27c049bac9da1bd86aee070	02cff8540cce3fccea77fea5e2829615
por_br_for_eng:pod-1	21	12	218	Interlocutor	465bdab27dbe6575cac4b281bd80d78a	a0065434b80f7195e6738e99841ac35a
por_br_for_eng:pod-1	21	13	219	Interlocutor	290bda6d3afbb512b6a02507f9603b18	834c571189557c45f8dc2513b23484f5
por_br_for_eng:pod-1	21	14	220	Narrator	e9a909fbc62ca2ef744ae591b912fd97	c8ed10c9fc68227d7fe17887b558a9c4
por_br_for_eng:pod-1	22	1	221	Learner	5fed2bc5456b7d6b5c4f675ff670093b	196c55c6465753276eb941f4f9460966
por_br_for_eng:pod-1	22	2	222	Friend	d6f38e7fbfe522b98c96e1d9ea2fe57d	a8040b0a3d95ef89e87cf43deb00c5ca
por_br_for_eng:pod-1	22	3	223	Learner	a8c3ba3224fedaf874ac780932150a13	b4e60a590a50dc74baf7ed4bf5bc4be6
por_br_for_eng:pod-1	22	4	224	Friend	1084fb10cfcc74ba00f27db2a14ca1f5	15d6200415181b8eb1c842a1a53a0917
por_br_for_eng:pod-1	22	5	225	Learner	7b3440ee5f3da27182ff09f39d247fb1	beb0394ce89cd9183e5d903dcf4183a8
por_br_for_eng:pod-1	22	6	226	Friend	1f4b34b2d5a449206dc6f0744047d719	c5d1c68c26a96f8e03df86783d9c62ea
por_br_for_eng:pod-1	22	7	227	Learner	c49c807ca892774b963afcbeb4450432	a1c3d02f7c119f1dbfde1c0e56a04a97
por_br_for_eng:pod-1	22	8	228	Friend	869c99a31dc77d324656083a1248db80	4f58f4573664f9efa73634407ac75947
por_br_for_eng:pod-1	22	9	229	Learner	df06a991be32ce6a7ca8a1edfb403e06	95d5aca2db8946dea751606ddb0377ab
por_br_for_eng:pod-1	22	10	230	Friend	5f53a1cb5b5663440912890c540df191	29827b2e81eb3bb465dad6e9ef61e523
por_br_for_eng:pod-1	22	11	231	Learner	59443ce813688e68b4acda220456e691	e5731ee5d0709cc7bd90f62bc4d1d9b0
por_for_eng:pod-1	1	1	1	Neighbour (8 am)	130293004b0e21f864971020520fc9ec	6ee0944e54db0524ecde74e6c629de1b
por_for_eng:pod-1	1	2	2	Sarah	ab65290dc9ce63a7697c67846b27b33b	aa26f2a183c4e0e6ed68f15e08ffe05a
por_for_eng:pod-1	1	3	3	Neighbour	19d69f6081be37b138e1cc7c60720d9f	cc464cfe2d26532c0418f4836ee5ebb5
por_for_eng:pod-1	1	4	4	Sarah	a0498efd1af2e5a1324e8c2c7f2f89f1	35b94c213869adfc71dedf98d510b4a8
por_for_eng:pod-1	2	1	5	Sarah	a3b73d790325091b8448fba429927750	1ebc5a6271df1e0684e2e7b9c41bb18b
por_for_eng:pod-1	2	2	6	Passenger	4d90e696a9211028fd6f1cdd45e7f5d8	5e5d8b3c6f8bc430e1479d0777a768e2
por_for_eng:pod-1	2	3	7	Sarah	c109ac2a58b37d4e9f2654fddb28adb7	10902ecda3dc2372dc9cf570f2c80a9b
por_for_eng:pod-1	2	4	8	Sarah	c091cdb4b43db59a80044e549a18db32	1fb41845d0728f8c10727a8ce966c6f9
por_for_eng:pod-1	2	5	9	Passenger	85eb1820aaad9d409f0f3df05fb09f64	7c8caa73ae0269729cf079b955fa2489
por_for_eng:pod-1	3	1	10	Barista (3 pm)	ff17e4226ecbd281a1ad96f49e5d245d	129b85d1178d6f963422c4224881b233
por_for_eng:pod-1	3	2	11	Sarah	47c64a0fb791dcb3138dce64f36ffd8d	9e08c222b5d1a39384a1b5fddfbf25ea
por_for_eng:pod-1	3	3	12	Sarah	1e7d4a1fbc5bd54e74634f143b3e7361	6885fc15633ab4b868aa5151e79d7186
por_for_eng:pod-1	3	4	13	Sarah	ebd867422e1b9a04a1e392507055c2ed	a60b2d126f8c7ff9ac38fbfa4364cb1c
por_for_eng:pod-1	3	5	14	Sarah	4045d5a085369239151ac9f125021fef	31d093097e4bfea2a6dd0ab4c22a6b15
por_for_eng:pod-1	3	6	15	Barista	8c486394bded4b0e333a2ba3eecc6a75	f031182f541a00bfb1a31493235217b1
por_for_eng:pod-1	3	7	16	Barista	cecd17c382313e0a5ef67db1002270f7	ef43722ddbda655542b7cdb02bb936b6
por_for_eng:pod-1	3	8	17	Sarah	9ff5371feaa64b4bc17aba06a2e87f22	cbf8659af4f5ca4c927d141bfe3faded
por_for_eng:pod-1	3	9	18	Barista	8c5a9763a16d5e067b74569a9af5f8d3	6f61d97ffddb4a91e45afc5f67e73c69
por_for_eng:pod-1	3	10	19	Sarah	590686c87bac627a317e338f11d35c8b	54cf197a5697f647ff03a2b52745b533
por_for_eng:pod-1	4	1	20	Friend (7 pm)	1d5f1d0dd0727ca0db979b2b9e55d9a0	de62d7bb305c2be6a133ea17a0af37b1
por_for_eng:pod-1	4	2	21	Sarah	b9eec5a6f7b5710b3a64d0f789bf4494	01495caf915e2d5c88205615c813d856
por_for_eng:pod-1	4	3	22	Friend	c9e79f54a80390ef9db0666da58cf91b	6c683c3f18a71bc5a60a51245f7ea8e3
por_for_eng:pod-1	5	1	23	Neighbour (10:30 pm)	cccb8e70858ed0745ab25455eaace3ff	139e47766b4ab1bc6c2e30d8275d570d
por_for_eng:pod-1	5	2	24	Sarah	8d07dc56290d0938864f14670085b18b	5a620928d6e45913a894808d7501ec80
por_for_eng:pod-1	6	1	25	James	2acebb6c32e8c137ead82b0b7f48b068	b37cd01c3b7738424f852aea2063a505
por_for_eng:pod-1	6	2	26	Anna	24ad7b76fd1ca9529f3510b8ae94022f	b214d1387a552e4c9be132984796bcc1
por_for_eng:pod-1	6	3	27	James	f6f43947519e849c27eb7f1f4c131622	085e3c08f2ffecfb23cbb422d831688a
por_for_eng:pod-1	6	4	28	Anna	918169b1bc6b1e2e7e2649e86626df04	0639e512b88fa8fcaebd5b9666928c7c
por_for_eng:pod-1	6	5	29	James	d1a7290d3adf76b41e6632c97342fb7e	79426185551098a662d1143e775cea18
por_for_eng:pod-1	6	6	30	Anna	f6136fda87c198bd4a6d899d30ce8e37	755656594f1fed66195e576bafc459ce
por_for_eng:pod-1	6	7	31	James	b2e11c937979000e8c9298a9bcac4751	19d2869419a133d649ed42141a675cc0
por_for_eng:pod-1	6	8	32	Anna	9e3682dbff832db165202a140405d3c8	9ebc765a5bc5d2479243dede501bd3a0
por_for_eng:pod-1	6	9	33	James	fd4a41e467edd82591c092fd942bb049	e7c46f73c2c2429dc33401a80458a634
por_for_eng:pod-1	6	10	34	Anna	5616f480c0816a028ead2429a31780d7	9611b73d7680bf9a3b5637d7685e689c
por_for_eng:pod-1	6	11	35	James	acc81ee5e8f529567bfbf798fe0f094f	5f34e333ac660776c7b01f074b5e1871
por_for_eng:pod-1	6	12	36	Anna	ae2a4a5ec0f923b73aa3bbd3111beeac	7c9e94e54ff783200c75ad1afddf413b
por_for_eng:pod-1	6	13	37	Narrator	b9ce897f5d217c28e849ec5569cc622e	a9df7ad4db2e1971fb021f5644e1d0ed
por_for_eng:pod-1	7	1	38	Cafe Barista	a970126f178810faba97773d38b342c8	cbc2167ecf008fb033b5ac98aa1b364b
por_for_eng:pod-1	7	2	39	Cafe Customer 1	a63ec4e6d3463f3652f4ba3a7420835a	501783348c585c978802f4fdc48329f4
por_for_eng:pod-1	7	3	40	Cafe Barista	e82d040b315b9ca27405d850040c58ee	7ac946487706bc9ebf9c41d16197e6de
por_for_eng:pod-1	7	4	41	Cafe Customer 1	b7bf0269a877906acbbe69cce2c2d2e7	56d632d7eac284ed7db82ac6573a506e
por_for_eng:pod-1	7	5	42	Cafe Barista	530f74be70fe4d7c87fca8494d47e950	45787a9f76a00ef648b4e54a736ed6b5
por_for_eng:pod-1	7	6	43	Cafe Customer 1	db8c13a550d969dd44916944664cf3d3	c43ecbf12526a32e59d7eda3876fb7d4
por_for_eng:pod-1	7	7	44	Cafe Customer 2	0b8cd6726ceef9430d0547b5a364b1d8	ce4240fcb8bb7b3e0431cc6ea45df5d2
por_for_eng:pod-1	7	8	45	Cafe Barista	434b64dca65b68034caf2d69ea9c441a	92b16311b9402c95a838d93fb1501a31
por_for_eng:pod-1	7	9	46	Cafe Customer 2	8363b91b6f22a2211abd6fb770c9ab0a	0ad80a8eecd77a5db88121c57e75b9bf
por_for_eng:pod-1	7	10	47	Cafe Barista	865df75ff6c5a5bd21b8f74d9b830994	2de61305988afb0d32d84b087e36cd48
por_for_eng:pod-1	7	11	48	Cafe Customer 2	d3dae09995d82b322e7dd6b13aed8862	83f6d2006a0205d1f04f37ad2cdb4223
por_for_eng:pod-1	7	12	49	Cafe Barista	7c512efc54fb42d1622ccf216e2240be	f4707ef64079b9bd3120486cd8cd1da6
por_for_eng:pod-1	7	13	50	Cafe Customer 3	95da3658ca29f8aa81564d7e61412556	440747e4c5a705e28463a93bdb2355ba
por_for_eng:pod-1	7	14	51	Cafe Barista	206ab440e841eb2d14c97afd096160ea	e53c40e2fc9be5922a1f67265e084b06
por_for_eng:pod-1	7	15	52	Narrator	8326bff3a6bb3f08b304f9b275579405	e2fd9610c4c8e82a1f7efcfc3206ffea
por_for_eng:pod-1	8	1	53	Bartender	bc30100c659a473d7bc1cbde632234fa	95e5cc8503c5b06fc599d942c1b95aba
por_for_eng:pod-1	8	2	54	Bar Customer 1	84bfae77f833d1b8dbb06020c568ab78	59d9c371c00f5aa6e9263c08a30a42b2
por_for_eng:pod-1	8	3	55	Bartender	004bec5f4d184306b7a83799af445090	4930a264ba1351fc1f2be2eeb0503e43
por_for_eng:pod-1	8	4	56	Bar Customer 1	9ef4bcce071fb8b4347aa7c57decfb99	1fb2b2c11bb3d11e65e41029d3da1abd
por_for_eng:pod-1	8	5	57	Bar Customer 2	39afe9130eeecf5d8d13536a0ba27d57	64e908148bb806be4c5b82b6cd67f3cc
por_for_eng:pod-1	8	6	58	Bar Customer 3	54de85eb2de1dd741ff5655536b3e727	5705209f2f526bf4a4e906fdff5e8666
por_for_eng:pod-1	8	7	59	Bartender	4b22ac237fb9ff147b9bddf44922767d	463cfc4e55bd3de5f4c5f6998798c8ff
por_for_eng:pod-1	8	8	60	Bar Customer 3	e3482d082bca2d2144f6284c98050170	1caace2cdd8542fe8ae296efab852317
por_for_eng:pod-1	8	9	61	Bar Customer 1	a4579adc11a4da0d2de0baa0da01a5f8	52bff53cb70f6415f72fa87fdc38b652
por_for_eng:pod-1	8	10	62	Bar Customer 2	70acff78732567d64d76642a96b5e1c1	913165018eb8739a5a0f0613c937fc94
por_for_eng:pod-1	8	11	63	Bartender	49a03abed09c71ce09ee5d34d02f8f97	cb7282d0097a8ca0c2d2839f0095852d
por_for_eng:pod-1	8	12	64	Bar Customer 1	46b42f6eb8a35b011576c57e48ff214f	54cb51c8fb37ecd2e04ce14848f2444d
por_for_eng:pod-1	8	13	65	Bartender	81f5653df41f99118ea12cb3904056f0	3feeb7bb1aa528b75366afe8ec9bfa2e
por_for_eng:pod-1	8	14	66	Bar Customer 1	f53eea3b32d3eee6ba64f8351e5560a6	db93cc48e1c5ade124d2f44fe0a847be
por_for_eng:pod-1	8	15	67	Bar Customer 2	aec59f0151607479b5829ff08ccfaf16	423abcaa566f0bf44715381b375bf04e
por_for_eng:pod-1	8	16	68	Narrator	cd86fac05f158b89aa961c8f1128253a	9c0bcc5415e835cbe990d35954130c8b
por_for_eng:pod-1	9	1	69	Diner 1	874f36bfe9c9e1fa4c9e151aad80fcbf	f47c0ccfc3f79c83d8dbb18e994935a5
por_for_eng:pod-1	9	2	70	Waiter	c41a1800016e564d56b9e587f9d83619	718e6f797347b8fd4b3f45a6622a4446
por_for_eng:pod-1	9	3	71	Waiter	01c3862ffcac63aafbe3772c6dd8118b	aecedd04a4e5cf7a1cd5b5239e80ae9c
por_for_eng:pod-1	9	4	72	Diner 2	89ba170d354e29efafbbf118355f7fa2	91ae74f00f07601e9babaa242c7a5d36
por_for_eng:pod-1	9	5	73	Diner 1	230a797db685b10e83b4fe32bb860500	ea78ed82157a414c5169aef49b3b477e
por_for_eng:pod-1	9	6	74	Waiter	1c648ae4e6ac18f593c32fe8ccf194d3	a86c30a79c6077cce89f3534133f9c30
por_for_eng:pod-1	9	7	75	Diner 1	0e68d983bb36821148dc1b8c44af1dda	08f808be58b2d99c383869f4bd2b9e5f
por_for_eng:pod-1	9	8	76	Waiter	3c5bfee2585f1c9dd2cd96dfda4ab639	63b23d49d9cc4cbfcd2e579d529fafa9
por_for_eng:pod-1	9	9	77	Diner 1	7778edadbfa348318f1d028f2f89e09f	06214f9b4ac4ad391f2d5ea78b71cde7
por_for_eng:pod-1	9	10	78	Diner 2	33b2e5228dde8c10093be9fe20cc552f	9581444710a2c46fbe4893e417a9fa3d
por_for_eng:pod-1	9	11	79	Waiter	2d7b7325d84cca4ac62e33933c0249de	60358de534ece5a38b06fd63bc1f3b38
por_for_eng:pod-1	9	12	80	Diner 1	34c4429b5415d5e2f757549d95154c68	98f46984f350be53caf0d8042b08fb4d
por_for_eng:pod-1	9	13	81	Diner 2	94a54bae1633ae7eed58767da6aa770e	4e89e1708e54fa14e52a5316232da8c5
por_for_eng:pod-1	9	14	82	Waiter	e57faac1f8aa157d4f2b6111c76d9ce7	4d3da2ee5e65d6f8789ba8a5e3aa642c
por_for_eng:pod-1	9	15	83	Waiter	de8f45f07678471ba627ef0d17e0cf23	de28fcf5d0a220f3654a7d2910a5b135
por_for_eng:pod-1	9	16	84	Diner 1	6bb431af2906f11cb4f8b872e7e36102	40123960824b4440b27f97076b2993df
por_for_eng:pod-1	9	17	85	Diner 2	3943557afd1a56a9c7da13923e295c61	1b6b76e0bdc8953ab878905b8cc52df9
por_for_eng:pod-1	9	18	86	Narrator	61f9ff52c458e1513b33028513f3fe2e	418fc34f8a619847c1ec0523c838a8a7
por_for_eng:pod-1	10	1	87	Customer	fce7903679b30057c6624750aa0f3769	136151eba56ff0f31b5d130954df5f15
por_for_eng:pod-1	10	2	88	Assistant	4399f27daf92a716721fdda6587835e1	e4cbe079c0dcc535e9cd8aaef51c9797
por_for_eng:pod-1	10	3	89	Customer	28ad163fdb99fdb01abda15c9c37af4e	93693bd14a65a0bf93904aa6a6980234
por_for_eng:pod-1	10	4	90	Assistant	8bb12acbd38033bfe4d6ab82c5b09866	d0f2cb73e1e5371d15cfeb2681bae7c5
por_for_eng:pod-1	10	5	91	Customer	f38c3bd0a26073a150bcb4144f6fd1b9	f1aa603fd2b80fab9a0764ddba8ba5da
por_for_eng:pod-1	10	6	92	Assistant	5f0ad2fbba8e15a400710159b3f7f8ec	27b11b3461c2c22a832ac7a15cc39f15
por_for_eng:pod-1	10	7	93	Customer	92636cbd58aceb07aa6a6bbe623dae75	1d40abee6285888e49c74dfb5bcf9927
por_for_eng:pod-1	10	8	94	Assistant	61e9a6b9658eb323244dace395b90255	34a199e6ccc37b7fbcd5be6e5b0e9ea2
por_for_eng:pod-1	10	9	95	Customer	fc880f6f6e6da4dd6386335d1863bded	b0c13f83054d27f9d0a909a7411448c7
por_for_eng:pod-1	10	10	96	Narrator	b06db7a3e1e817ee7df599e5d696f0d9	88c1ab6fdafe008af86fe0b06f4c841b
por_for_eng:pod-1	11	1	97	Guest	a5f75656998e5931846abddf629fe8bd	cc55707d7078fc7aa2cb496d4ff3f91e
por_for_eng:pod-1	11	2	98	Receptionist	ff509990479c7c7c7bd33301c3ea51bc	f686f5ac142a24984957aaa44464e88f
por_for_eng:pod-1	11	3	99	Guest	f611037d4d8d008ac107fc3e5b4a2aab	ec7626acc5bc14df9335862c416ea34f
por_for_eng:pod-1	11	4	100	Receptionist	95413766869350d288430377eaaeee31	552df0d976f1a2d84d4af72d95e5b59a
por_for_eng:pod-1	11	5	101	Guest	7c5e330a62630cf7a942432c77aa0963	7b0407dc87cc2c4961a945606a5eadc4
por_for_eng:pod-1	11	6	102	Receptionist	d3d091823f4896ee65f348a6e675a3ba	bb3123fdb334f284bcb1af62f7f238e7
por_for_eng:pod-1	11	7	103	Guest	9279c8c2a8e87fe88df6ab2735ea0635	225256efd81262ffe2b947381a8cf080
por_for_eng:pod-1	11	8	104	Receptionist	a8149391aed84e16ce465fa63ee7d357	7361204e12235a4165e525c8993dc914
por_for_eng:pod-1	11	9	105	Guest	07e0a6458a850622a247d27bee1aa3fd	4c3bd72192248f3b689ac3bdb789ac2c
por_for_eng:pod-1	11	10	106	Receptionist	368263fc0e8f279ed2634e882bc99813	0598c0d2d13ded214ea462b251a0d013
por_for_eng:pod-1	11	11	107	Guest	1d67d050cd6a601b31da0c1ff66e2230	77bb11ec8afd06d6b134f6f69df41802
por_for_eng:pod-1	11	12	108	Receptionist	e5531b467e5cc0c501c47bba9b3c5a6f	84e3ae341108982767642713c846233a
por_for_eng:pod-1	11	13	109	Narrator	3f982b4ca5f2bc516acdbea5eb1145e8	a039db0b2a75b9ef42c456afbf08acb2
por_for_eng:pod-1	12	1	110	Customer	28b30af26fd776179b57af1dded6c3f4	2e0c0d4948556b0a6de58e3ddc21395d
por_for_eng:pod-1	12	2	111	Pharmacist	87807defd1e0882707c0e7f641ca5e54	64b835aa122947a9ec0e4602f081f977
por_for_eng:pod-1	12	3	112	Customer	97102974d5a106c9a568b8986ccc3830	ffc7160bc08caa75a27c0e47e6829382
por_for_eng:pod-1	12	4	113	Pharmacist	8b2bf537d472f909ff603f6a7cf740ef	48bcf2e67a7019da71d9e7c0f7c92a44
por_for_eng:pod-1	12	5	114	Customer	5d33d3eae5159f5a810099b71b723b75	599ac705b6e160bfafeca6ee3ff9c0b7
por_for_eng:pod-1	12	6	115	Pharmacist	ec54650d00eb6d24bb4a0fc202dfba13	e592ec2ece61a026f44312af940f04ab
por_for_eng:pod-1	12	7	116	Customer	0c60d91cfb3a5e82c6156a219cbd5520	ac82c32fe908849dd80acbc6a9b1fe4e
por_for_eng:pod-1	12	8	117	Pharmacist	c0dce5ec03bf62937ed1fb8bb1e56ee1	f0be03f62fc608c755238e341759c65c
por_for_eng:pod-1	12	9	118	Customer	b5e9c876972c55fac629709cd3981542	e42037889344d661179702232365b051
por_for_eng:pod-1	12	10	119	Narrator	def08fa287d5fd185d609b76a47ab78d	7356639b43b69fb452e712e88ca612ea
por_for_eng:pod-1	13	1	120	Tourist	275a73126e1dec2abeaff39647e08c27	daca79f72d2e3ffc8ed3cf8c833b5595
por_for_eng:pod-1	13	2	121	Local	5f32fe7bfda90ac540f99558bd7fcb32	7c12a65de20b42e05db3777842ff80cb
por_for_eng:pod-1	13	3	122	Tourist	6b7809afc468e9369a6827c39fb681a2	444f9aa0aa56ed882191729a3c3fe78e
por_for_eng:pod-1	13	4	123	Local	6fdd99de000ac76622a751ba53362f5d	7528fc391ebf65dd55f321c7dbb62608
por_for_eng:pod-1	13	5	124	Local	14fba811bb8d1d03eab17ae72baab3d3	ed54becb0e49e16df83cc60466efa8d2
por_for_eng:pod-1	13	6	125	Tourist	210ddba1f02f030d469b2c69e0a1c653	225eb9e5c0f9d0b57652f113e937f8e5
por_for_eng:pod-1	13	7	126	Local	87840e8636735e62f59f0297dcb7afb9	7195a8c13810d9b9853c3c211f616a9e
por_for_eng:pod-1	13	8	127	Tourist	c95cf6dca90b3cd6c6a390a7dab48952	9c909612cff0b9fb58decf8506cb50db
por_for_eng:pod-1	13	9	128	Local	3a5a9bef8cc19ae3c1761225b3b8b9df	759bd7d3204fa55d3e3b463340506aa2
por_for_eng:pod-1	13	10	129	Tourist	1f3c7c448aa0ad90a3b6ef59696c8a67	d84dc29ab18369e040cfb3b3899f2394
por_for_eng:pod-1	13	11	130	Narrator	7616efeb95d4afd6aaa194f6d87819dc	4ff53b91110304c96b46805771c7f4aa
por_for_eng:pod-1	14	1	131	Passenger	51cb6197ddee07f5b47450c18f3153a1	c58ec5f5bbb7c695c418f6b4ea356da1
por_for_eng:pod-1	14	2	132	Driver	60eac3e06e2ecc4de3407fde07558237	27652fc6bc26f1807c076c5dc3969133
por_for_eng:pod-1	14	3	133	Passenger	a454183bc62ccffa6ed4703e5de1f11b	a4e86846455e65cdebe8cc6e028ec556
por_for_eng:pod-1	14	4	134	Driver	0a363ce79d11956a32244835f26d9acd	39d0ed883ef886cb909f83a13c8b51bf
por_for_eng:pod-1	14	5	135	Passenger	ab1bbd013ebea7773fddcfbf8a519536	f33af4b471e77de0eee25686f789cab5
por_for_eng:pod-1	14	6	136	Driver	1c4b4e4f5721075b3d7bc5de5b190769	dcad5fc92e5bfad25efde3fd1acf1dee
por_for_eng:pod-1	14	7	137	Driver	b737b87e76c8f19126d188d23ef0a01c	50f60b36ab55c687d9418741fdbef5b1
por_for_eng:pod-1	14	8	138	Passenger	492b284dcb1f083bf59cc9385695ce52	bd0f8de5afca3e57a99b1f58619dc6c9
por_for_eng:pod-1	14	9	139	Driver	206b83f141857984cc32a5c8cb0b3588	9bbc74c3fab1a78c5d2faffeef46810f
por_for_eng:pod-1	14	10	140	Narrator	dffda910686b11f030e9803357b47979	55c9f6473f40cdb17d4d7ab4409a232b
por_for_eng:pod-1	15	1	141	Learner	dbdb028c6628142b9b33a870d1576608	913bb5faa544c775b1fd10a63c47dbc3
por_for_eng:pod-1	15	2	142	Learner	5da88a4701ef061dc3a44fd6a1199cfb	a09180b6842fda593edc9e60043a5a0a
por_for_eng:pod-1	15	3	143	Learner	00f1fde098e52039895c80e2a12771c6	af1da60e13065be4a6990b5e69892926
por_for_eng:pod-1	15	4	144	Learner	e1fc0b58d13ddab36eb9390ed49904dc	47f8bf53caeeded147506c90240992b5
por_for_eng:pod-1	15	5	145	Learner	0c17070a10798f9c9de91aa987fa04b5	a8eea28a3fa662b1ea97dfb76e81a785
por_for_eng:pod-1	15	6	146	Learner	18247cddfbb6785072c6bc06377683f1	e35e0984619771f391c8df3d2f8dad1c
por_for_eng:pod-1	15	7	147	Learner	ab8c5cced53b69d3450bfdc78f9824a8	376104b5c665287b33a4b3df71fb361b
por_for_eng:pod-1	15	8	148	Learner	9961f7bec387a38eac7502ca03725531	0b3bff8c3cbd4993240fec74a9511cef
por_for_eng:pod-1	15	9	149	Learner	d684a5780de469cb62eaadf57d5f6dbe	f56a6fa0342d93687c324258b7196cd5
por_for_eng:pod-1	15	10	150	Learner	63fd84529928d99b659f508a342c7ffd	9a86f7902fbd2894a9f4603da2f7ec9f
por_for_eng:pod-1	15	11	151	Narrator	19db25e1cf0e4f21144c63e8e733e3b7	eba1245daf0d65cc1d6160ccf05bcab7
por_for_eng:pod-1	16	1	152	Learner	8d9f41bee01eba0b44a09cd65da8fff2	9eafb4da0eef364b90375b55537d25bb
por_for_eng:pod-1	16	2	153	Learner	902c2c6084262d502fa5fe9a201721a7	b3b90f8f5c48e9ab512dc566324ed037
por_for_eng:pod-1	16	3	154	Learner	cc0703db199bf41a427a396891558ce2	63d80cfa06344b7d9f4045b7fba0cb9f
por_for_eng:pod-1	16	4	155	Learner	12c4121ff488df3027158d24265596fa	1077817e87520a09a8a2abc0190c9997
por_for_eng:pod-1	16	5	156	Learner	1988ad52e22490050c8afeb104248fd0	875936a84ce3549b311ad51323c3ac94
por_for_eng:pod-1	16	6	157	Learner	f2b4838ac283bc9c42b710bc990a6b12	2eacc883d508a1f175c2f2d0f3d324e4
por_for_eng:pod-1	16	7	158	Learner	95f4c0e452384ea2205136f3e97f6be1	aa2623f2438db26bfc289ac08d18c9a8
por_for_eng:pod-1	16	8	159	Learner	e086245e57b01e55cc512e0ea7cc1fa3	65a2bf309c72a368908ff228b43e5c12
por_for_eng:pod-1	16	9	160	Staff	a78f058a45133d4d3bd94a32ab962c9f	9650460a658b8f5dd8a906f1782c3f5c
por_for_eng:pod-1	16	10	161	Learner	339ba4e3ca7cf5b6334e762f1711d8b0	6f81b411447233cc4554546d3485e6e5
por_for_eng:pod-1	16	11	162	Narrator	aa1c7831c3c1117f4b32cf45d8a92352	91f7b0696c7c0fc707420471e844af02
por_for_eng:pod-1	17	1	163	Learner	9eea876c01366c60f136c784280a5c2b	3f918556b4706fc38a4f66b38ee11e93
por_for_eng:pod-1	17	2	164	Staff	4a3495fd8e314e458adc59c0200d6816	b89bf636041965ef6e44581a0e66405b
por_for_eng:pod-1	17	3	165	Learner	27bc1f8162a64263daaf074a215b55d4	b2e9e73da95ff8e534a2c05be54469f1
por_for_eng:pod-1	17	4	166	Staff	74ce5f79c709a34a3b2f56c0135bd1ff	ee1a2848e1d6e5a016074ba8e5f9df67
por_for_eng:pod-1	17	5	167	Staff	d189d83b0678f14937ecc9936b4987d6	a2ac474dcab961749b90674a53304753
por_for_eng:pod-1	17	6	168	Learner	38b0628e209f56133411b26d46a7c9c9	218566fe0117cad5e42b24674ac59854
por_for_eng:pod-1	17	7	169	Learner	76f241cf05ded58f7d59901293b36f42	6f23d3e4fbf9fb84eadce090d6e21e0b
por_for_eng:pod-1	17	8	170	Learner	40b2d2f8ea2fbed7f48720db9c9c8630	89d84b38c76d0c63271993c96159335c
por_for_eng:pod-1	17	9	171	Interlocutor	f6688b5aba6e587be2166e49c7d2dffd	60f59d8aa7095fbf4d63419a67291235
por_for_eng:pod-1	17	10	172	Learner	d23efc730ea80b66c0763045f0cf88a7	cb2b984f6c5a6652552f5a52433e9043
por_for_eng:pod-1	17	11	173	Narrator	2ae585ce30b503c97db673b69bebc91f	e9b4223aa4445b27cd280248acac1ce9
por_for_eng:pod-1	18	1	174	Learner	c9152789690d77cc2e8d27f7e9edebce	200c3546a879a0ce8458e37ec1dea3f3
por_for_eng:pod-1	18	2	175	Learner	78d5e2febfac1d949fda29195982e0b3	29a9cbbfaa50d8b1fba17c8ddf1af426
por_for_eng:pod-1	18	3	176	Learner	a49e08862cebf7776e779d0b458f44a3	a15f9ace48459a3c4e3c4d737c41f653
por_for_eng:pod-1	18	4	177	Learner	c86c04fdfedaebd55da9ce27c7674af0	1f1e50ef6f5759e0685d415825edfff4
por_for_eng:pod-1	18	5	178	Learner	10f00e31643f2f174110c9e71779784c	bf2a03f0a7f78a5b14c9039a057ea050
por_for_eng:pod-1	18	6	179	Learner	1cbec71718a3a4b8294500a7bdb701fb	ead58d7143eb35c36f5b78aa7009c68b
por_for_eng:pod-1	18	7	180	Learner	acfe9ff646deb4db457529b564ab39ca	d1d15242deb8a3a7bf0fae7c42c0a47a
por_for_eng:pod-1	18	8	181	Learner	bdea70fdf91f47fc50991a28246b02b1	deec3ef222041f80b3b966f9b6c515c1
por_for_eng:pod-1	18	9	182	Learner	84a87f23bcdeabbd497a23f0b7d1c59e	5c40a0c454e9a7788820e3cce62aeda2
por_for_eng:pod-1	18	10	183	Learner	0ca349544ae86431720c84d011dc5050	ea174e84d89f9dce1d8ddc975990cf28
por_for_eng:pod-1	18	11	184	Narrator	4a496f08abbfe457e607c4009ce54f7f	4ae156b07d9bd5fae88713471a19e018
por_for_eng:pod-1	19	1	185	Learner	a100cf6c3ee283fb96388678a373f812	7c15f463d5f03199782a2b1f30c3c846
por_for_eng:pod-1	19	2	186	Learner	c2e0e8b8daad0220ec2805cfada5e394	c8f053172ea3fa290e676bc9cde75458
por_for_eng:pod-1	19	3	187	Learner	4fe06df75c3fb8085f4052205fb940d0	4140109bcdedb65463d59334e5e425f0
por_for_eng:pod-1	19	4	188	Learner	09111fb35cd627dd2cf0d008cd227a44	9e29640615f6f87aeff81f4e6c5b53bf
por_for_eng:pod-1	19	5	189	Learner	e2f9d801de354a324589fb991114e69d	84fc461be123eda48d5bf41b0d1a0f73
por_for_eng:pod-1	19	6	190	Learner	ab0a2ca4c8dba4745e5c2e437b98dd95	5263aa615a62dd65c071d15ead5cfb6f
por_for_eng:pod-1	19	7	191	Learner	765161fe4acd3aec04ac1223dd9d839d	ac3e999e4f5bae18ce949597989cf25d
por_for_eng:pod-1	19	8	192	Learner	84fa97e2f70035e319e6cc0d1567f7ec	db14e1d9c46d468ce0c2a1942c9e5547
por_for_eng:pod-1	19	9	193	Learner	5ad83be0591583e547f87681c5d2a221	b4d53d399c40313615294a5dbc3ad920
por_for_eng:pod-1	19	10	194	Learner	bcdf9e075ce939b030b117402c46d48a	380dc3308d4281d833de8337be86c632
por_for_eng:pod-1	19	11	195	Narrator	447139481adcbc61b12911e3cd26c65d	e1d859ceca82f3a29e9f5d6896683d70
por_for_eng:pod-1	20	1	196	Learner	6c8bbbf9c40751d16d6b1f9ff9acedaf	a53e1713be20c3a621f4e8a3f6579843
por_for_eng:pod-1	20	2	197	Learner	7abe6e297acd0f743cd69babbfb8cbe5	60ad360bce4d369112c2efa49f353165
por_for_eng:pod-1	20	3	198	Learner	458987dce9cc4db6e36f01d0b777eda7	c26678bd3218eaa94031c1fcfdc92338
por_for_eng:pod-1	20	4	199	Learner	10af6c365254f3f0bfe699303f5bab97	9f47f8766713f4c48173ed805c447f66
por_for_eng:pod-1	20	5	200	Learner	c57a389ebde9aa369d6acd4403091a7c	2b6b87c53a652020c2650090c91f7040
por_for_eng:pod-1	20	6	201	Learner	2f563e2954055cf0625c51a59d611d1a	c9596a3f82692ecbe36422e38d488d64
por_for_eng:pod-1	20	7	202	Learner	ffc6ff78041f98bd11cb16c537de8a8e	c61460556c733cd480ba0b2038b17bce
por_for_eng:pod-1	20	8	203	Learner	fc2b5293cbb232718e332d6655ab90c3	251c226f2b72c6638554a1826535bdf3
por_for_eng:pod-1	20	9	204	Learner	8d5da22abaab51604e346d9bc0a3fc6a	2badaa9753a0c2d89b8f7fc048141886
por_for_eng:pod-1	20	10	205	Learner	93f20531b91de65c82f7759880bbee0e	39a4a36539151c49ff0aea2901d6e46c
por_for_eng:pod-1	20	11	206	Narrator	01771c3fef7e92a8a26de25cab56f640	b00aa4bbb11b7c5b8a41297fedf164e4
por_for_eng:pod-1	21	1	207	Learner	a4978a425da67d140f45ec42e41de24b	31883c238e38aa97c19879601c538da8
por_for_eng:pod-1	21	2	208	Learner	671c0febfa685b1bb64fae7db314a7fb	9c9b76e67042fad2983f6f9bb337bc11
por_for_eng:pod-1	21	3	209	Learner	2378f7676c295f222702898089e73eb8	fc2e6722bb0d2092c14338f4bc961cbc
por_for_eng:pod-1	21	4	210	Learner	64fd6874b208095d1ccb24f7f2b6cec6	6a301630a41e5723851c6251001c9cc4
por_for_eng:pod-1	21	5	211	Interlocutor	a1e2ce30e3c9551469628cc69cce3d4a	69c80eebef962f3c3eeed4411205993d
por_for_eng:pod-1	21	6	212	Interlocutor	63672e8743e102ebb8b20355d48a88cd	e687907c0087a79ee8305dd114fa50ea
por_for_eng:pod-1	21	7	213	Learner	723fb73efac2724ac2f0517198690560	8e4d431911a139dc828de7241d404d22
por_for_eng:pod-1	21	8	214	Interlocutor	d066f3af207af2e06803769550fdba40	11ea5656b70267c62d122e06d3f25ef2
por_for_eng:pod-1	21	9	215	Learner	1fb4d0f6f165246796611ea1853f5cab	f7a808574ea1968957fdacd409e5e52e
por_for_eng:pod-1	21	10	216	Learner	71ea82cc40be4cda072dbc7834584148	8f5bd996aacf8dd34f3367288430eebf
por_for_eng:pod-1	21	11	217	Interlocutor	772d1016a650ee53fe780e8f51427209	02cff8540cce3fccea77fea5e2829615
por_for_eng:pod-1	21	12	218	Interlocutor	7789c3e0836d3d5f141cc7d26f76b382	a0065434b80f7195e6738e99841ac35a
por_for_eng:pod-1	21	13	219	Interlocutor	5e533224f031101e3f615092e6ff694d	834c571189557c45f8dc2513b23484f5
por_for_eng:pod-1	21	14	220	Narrator	e9a909fbc62ca2ef744ae591b912fd97	c8ed10c9fc68227d7fe17887b558a9c4
por_for_eng:pod-1	22	1	221	Learner	4b977beef8c22d884c85fd323489d04b	489611272cae4322415e0629df21e509
por_for_eng:pod-1	22	2	222	Friend	a50935e7142b56dc3351fdef34dc3c0a	a8040b0a3d95ef89e87cf43deb00c5ca
por_for_eng:pod-1	22	3	223	Learner	6ed43cb1b59605200887cee40e3a9227	b4e60a590a50dc74baf7ed4bf5bc4be6
por_for_eng:pod-1	22	4	224	Friend	728c7396a04a3e1f29dd3aaf1b13e1d5	15d6200415181b8eb1c842a1a53a0917
por_for_eng:pod-1	22	5	225	Learner	796f2947abb6db2d2caae59c6a2e17f0	beb0394ce89cd9183e5d903dcf4183a8
por_for_eng:pod-1	22	6	226	Friend	44dcb5b6acb58b047b1b3e2844be4244	db531f7af564e8c7c6ff015534b06e21
por_for_eng:pod-1	22	7	227	Learner	44d5f91b5ce68881d6a7ea80966e66db	a1c3d02f7c119f1dbfde1c0e56a04a97
por_for_eng:pod-1	22	8	228	Friend	5c0335cfdb7ef9dd2fac62cb60e9f642	4f58f4573664f9efa73634407ac75947
por_for_eng:pod-1	22	9	229	Learner	b68cdfffef475ae3ff1e588846a57b09	95d5aca2db8946dea751606ddb0377ab
por_for_eng:pod-1	22	10	230	Friend	2729503b8fe9e6dfc8b512cf7f2b54ce	29827b2e81eb3bb465dad6e9ef61e523
por_for_eng:pod-1	22	11	231	Learner	3783c8aa3120db68de2e37d9f0c20e57	e5731ee5d0709cc7bd90f62bc4d1d9b0
ron_for_eng:pod-1	1	1	1	Neighbour (8 am)	df53e2c63148bff39bbaf4c7c3f8020e	6ee0944e54db0524ecde74e6c629de1b
ron_for_eng:pod-1	1	2	2	Sarah	653b629a426b2dd83569d707a39ff875	aa26f2a183c4e0e6ed68f15e08ffe05a
ron_for_eng:pod-1	1	3	3	Neighbour	ea858b85c9650fcc440b819dc768c0ab	cc464cfe2d26532c0418f4836ee5ebb5
ron_for_eng:pod-1	1	4	4	Sarah	a782d0f47c9152296cf6fbda5f067201	35b94c213869adfc71dedf98d510b4a8
ron_for_eng:pod-1	2	1	5	Sarah	29638b48eed2a6bdfb1262dc20d7795f	1ebc5a6271df1e0684e2e7b9c41bb18b
ron_for_eng:pod-1	2	2	6	Passenger	2b342b636ed4886d2e709a6c14cad518	5e5d8b3c6f8bc430e1479d0777a768e2
ron_for_eng:pod-1	2	3	7	Sarah	39798469c790dde21af0d3efd51ab3c5	10902ecda3dc2372dc9cf570f2c80a9b
ron_for_eng:pod-1	2	4	8	Sarah	7b33a48d533f93c072e0a57b91f8b0d2	1fb41845d0728f8c10727a8ce966c6f9
ron_for_eng:pod-1	2	5	9	Passenger	8c580055451b1989f5b4c5570e446c03	7c8caa73ae0269729cf079b955fa2489
ron_for_eng:pod-1	3	1	10	Barista (3 pm)	f70667fdd27d0003027f6ca89949be93	129b85d1178d6f963422c4224881b233
ron_for_eng:pod-1	3	2	11	Sarah	89dab3deb420f569ad18e76fe6ed8b40	9e08c222b5d1a39384a1b5fddfbf25ea
ron_for_eng:pod-1	3	3	12	Sarah	49a62894b8a4836fafe2c3f194ffc91c	6885fc15633ab4b868aa5151e79d7186
ron_for_eng:pod-1	3	4	13	Sarah	1ea83be2f86491788277b3d546cac30e	a60b2d126f8c7ff9ac38fbfa4364cb1c
ron_for_eng:pod-1	3	5	14	Sarah	b51677e591ee9dde23505dd70ddd0d1f	31d093097e4bfea2a6dd0ab4c22a6b15
ron_for_eng:pod-1	3	6	15	Barista	80b72eb81cc080238cc2c821b5ae3e01	f031182f541a00bfb1a31493235217b1
ron_for_eng:pod-1	3	7	16	Barista	3dff6466160bf9886a138b1331f84dd8	ef43722ddbda655542b7cdb02bb936b6
ron_for_eng:pod-1	3	8	17	Sarah	1c524cbb0a0a6c3d8d087895835c9ce2	cbf8659af4f5ca4c927d141bfe3faded
ron_for_eng:pod-1	3	9	18	Barista	bf821d445c7188e6ad9d7bb5ff7fa649	6f61d97ffddb4a91e45afc5f67e73c69
ron_for_eng:pod-1	3	10	19	Sarah	110224ac864d48c60e90c52a96c30f83	54cf197a5697f647ff03a2b52745b533
ron_for_eng:pod-1	4	1	20	Friend (7 pm)	16c831378b6fb6278ab9417b75d9479f	de62d7bb305c2be6a133ea17a0af37b1
ron_for_eng:pod-1	4	2	21	Sarah	c9ac765e3246e89fbda127c98e495978	01495caf915e2d5c88205615c813d856
ron_for_eng:pod-1	4	3	22	Friend	5ec15e586989bf88e9e050c141e35791	6c683c3f18a71bc5a60a51245f7ea8e3
ron_for_eng:pod-1	5	1	23	Neighbour (10:30 pm)	aa238cb69cd2d73425354a5f776b3c93	139e47766b4ab1bc6c2e30d8275d570d
ron_for_eng:pod-1	5	2	24	Sarah	ddf07dd9e2aad89ae5877794944dca1e	5a620928d6e45913a894808d7501ec80
ron_for_eng:pod-1	6	1	25	James	f561cf33c62f77deedb259e71e95f4aa	b37cd01c3b7738424f852aea2063a505
ron_for_eng:pod-1	6	2	26	Anna	db7823ff7229fb8a37099d8d11838769	b214d1387a552e4c9be132984796bcc1
ron_for_eng:pod-1	6	3	27	James	5c0ef245122f7c2f073934da4bc93458	085e3c08f2ffecfb23cbb422d831688a
ron_for_eng:pod-1	6	4	28	Anna	abc21f9b24f1c6f5acf37db33d309420	0639e512b88fa8fcaebd5b9666928c7c
ron_for_eng:pod-1	6	5	29	James	131a9b57c11e131733474b7902a2aa11	79426185551098a662d1143e775cea18
ron_for_eng:pod-1	6	6	30	Anna	bbd0acb808dc55a93f0fbc5c93e60a1d	755656594f1fed66195e576bafc459ce
ron_for_eng:pod-1	6	7	31	James	8936ab8cfebf49ee41a6cfb31a0a4cec	19d2869419a133d649ed42141a675cc0
ron_for_eng:pod-1	6	8	32	Anna	c74db6ee2294a7abd9dd0304a4ed7c74	9ebc765a5bc5d2479243dede501bd3a0
ron_for_eng:pod-1	6	9	33	James	bc396c5befd6b88852d75f90dc13cf44	a6b3361f777eea8a176cae7bc328a3f0
ron_for_eng:pod-1	6	10	34	Anna	2525caa49ee99ffa8c2e512dfaaf27d3	9611b73d7680bf9a3b5637d7685e689c
ron_for_eng:pod-1	6	11	35	James	eaa338be331e14f12a1b9cdbcb20db41	5f34e333ac660776c7b01f074b5e1871
ron_for_eng:pod-1	6	12	36	Anna	ff810060a147aa93622a5a2d384ffada	7c9e94e54ff783200c75ad1afddf413b
ron_for_eng:pod-1	6	13	37	Narrator	4def402b9c0f01f077712b919c70d7e1	a9df7ad4db2e1971fb021f5644e1d0ed
ron_for_eng:pod-1	7	1	38	Cafe Barista	5f0075cff5d971b04eb202e2fa0bbca2	cbc2167ecf008fb033b5ac98aa1b364b
ron_for_eng:pod-1	7	2	39	Cafe Customer 1	0fba1df43ef618132f5dec60a08af6a4	501783348c585c978802f4fdc48329f4
ron_for_eng:pod-1	7	3	40	Cafe Barista	a4a6140e7d4eeb1f13f4862f691f6f4f	7ac946487706bc9ebf9c41d16197e6de
ron_for_eng:pod-1	7	4	41	Cafe Customer 1	ea6181893ef80babe9495ca9c807f55e	56d632d7eac284ed7db82ac6573a506e
ron_for_eng:pod-1	7	5	42	Cafe Barista	9db76a552434d66f887c39b60b525a17	45787a9f76a00ef648b4e54a736ed6b5
ron_for_eng:pod-1	7	6	43	Cafe Customer 1	e1fc958816e3d28a18ed55dc5ba03a95	c43ecbf12526a32e59d7eda3876fb7d4
ron_for_eng:pod-1	7	7	44	Cafe Customer 2	efc32e94ee6f6fee37fa1575a1fc6257	ce4240fcb8bb7b3e0431cc6ea45df5d2
ron_for_eng:pod-1	7	8	45	Cafe Barista	b5de2b2f857947f6dd4c76066819de50	92b16311b9402c95a838d93fb1501a31
ron_for_eng:pod-1	7	9	46	Cafe Customer 2	7b4baa8c8e96e6bf7414315a07753574	0ad80a8eecd77a5db88121c57e75b9bf
ron_for_eng:pod-1	7	10	47	Cafe Barista	c7e7e4a49fec548dedc98f4b46573860	2de61305988afb0d32d84b087e36cd48
ron_for_eng:pod-1	7	11	48	Cafe Customer 2	8a61476f1aed536c8511663ce714560e	83f6d2006a0205d1f04f37ad2cdb4223
ron_for_eng:pod-1	7	12	49	Cafe Barista	9974ca3aa572a4cf67c5ef9ec0d115e9	f4707ef64079b9bd3120486cd8cd1da6
ron_for_eng:pod-1	7	13	50	Cafe Customer 3	c85bd63859ca155b65c5d09d85d246f0	440747e4c5a705e28463a93bdb2355ba
ron_for_eng:pod-1	7	14	51	Cafe Barista	95ee772e8c928b05d77cee604198375a	e53c40e2fc9be5922a1f67265e084b06
ron_for_eng:pod-1	7	15	52	Narrator	07146480fc3ace9f490d73c41cf2dbd0	e2fd9610c4c8e82a1f7efcfc3206ffea
ron_for_eng:pod-1	8	1	53	Bartender	e1c9bb7fef810c41a3874c602a6d5a97	95e5cc8503c5b06fc599d942c1b95aba
ron_for_eng:pod-1	8	2	54	Bar Customer 1	483e20022bf6dc31262b95476bf5037d	59d9c371c00f5aa6e9263c08a30a42b2
ron_for_eng:pod-1	8	3	55	Bartender	fdc3e7a26c93186bd3321ca479292376	4930a264ba1351fc1f2be2eeb0503e43
ron_for_eng:pod-1	8	4	56	Bar Customer 1	2ec3f7efee940bb3b2c33ce41e50c82c	1fb2b2c11bb3d11e65e41029d3da1abd
ron_for_eng:pod-1	8	5	57	Bar Customer 2	e1e349d48ca18ea58d50624250a0ff37	64e908148bb806be4c5b82b6cd67f3cc
ron_for_eng:pod-1	8	6	58	Bar Customer 3	3d3cd002a9cdd98d239407ae5019120c	5705209f2f526bf4a4e906fdff5e8666
ron_for_eng:pod-1	8	7	59	Bartender	a1c7f55544c0b7ab4d424992210fe135	463cfc4e55bd3de5f4c5f6998798c8ff
ron_for_eng:pod-1	8	8	60	Bar Customer 3	e24de19471e35f211df9de739d36f140	1caace2cdd8542fe8ae296efab852317
ron_for_eng:pod-1	8	9	61	Bar Customer 1	1102ac1d2b70f55945d80a4d5d57dc16	52bff53cb70f6415f72fa87fdc38b652
ron_for_eng:pod-1	8	10	62	Bar Customer 2	23b9f4bf58d696cba20cd3da277a445d	913165018eb8739a5a0f0613c937fc94
ron_for_eng:pod-1	8	11	63	Bartender	e5cb95b0ccf6eebbdcde2748816b77e9	cb7282d0097a8ca0c2d2839f0095852d
ron_for_eng:pod-1	8	12	64	Bar Customer 1	088089cf4e16ce5ea632e74d3ff61e8b	54cb51c8fb37ecd2e04ce14848f2444d
ron_for_eng:pod-1	8	13	65	Bartender	bd05a21a5d1502d53dffcc0dbfa0597d	3feeb7bb1aa528b75366afe8ec9bfa2e
ron_for_eng:pod-1	8	14	66	Bar Customer 1	647f83d70d19fae3aa913b6ee7a6337f	db93cc48e1c5ade124d2f44fe0a847be
ron_for_eng:pod-1	8	15	67	Bar Customer 2	006c360568ac054f099b2640d19a79ae	423abcaa566f0bf44715381b375bf04e
ron_for_eng:pod-1	8	16	68	Narrator	ec7c44dfbc82fc747a42facf1851c32b	9c0bcc5415e835cbe990d35954130c8b
ron_for_eng:pod-1	9	1	69	Diner 1	47dfb0f182a64fbb89e6e45aa69b4a75	f47c0ccfc3f79c83d8dbb18e994935a5
ron_for_eng:pod-1	9	2	70	Waiter	ba5e44cd3ed5056b129b810299de0ac5	718e6f797347b8fd4b3f45a6622a4446
ron_for_eng:pod-1	9	3	71	Waiter	6ab6bedd6656df9d1077b3fabf0dc798	aecedd04a4e5cf7a1cd5b5239e80ae9c
ron_for_eng:pod-1	9	4	72	Diner 2	d00c1bda6d67ee5ad97898108558a9e9	91ae74f00f07601e9babaa242c7a5d36
ron_for_eng:pod-1	9	5	73	Diner 1	8d23735d074f410446d0ecdbe8474ae4	ea78ed82157a414c5169aef49b3b477e
ron_for_eng:pod-1	9	6	74	Waiter	1edbd5202a0369c6908e646a68851c2d	a86c30a79c6077cce89f3534133f9c30
ron_for_eng:pod-1	9	7	75	Diner 1	b627173b5fb7c505286294096454b0ad	08f808be58b2d99c383869f4bd2b9e5f
ron_for_eng:pod-1	9	8	76	Waiter	f126a2b854045ac9c7fbf1aaf45a396e	63b23d49d9cc4cbfcd2e579d529fafa9
ron_for_eng:pod-1	9	9	77	Diner 1	0e29ad1ec49a2290fe0e6c9a33c6c8d5	06214f9b4ac4ad391f2d5ea78b71cde7
ron_for_eng:pod-1	9	10	78	Diner 2	9e357ec0b944067f05fa91623b73f451	9581444710a2c46fbe4893e417a9fa3d
ron_for_eng:pod-1	9	11	79	Waiter	ced2af6bea91616289830e57f81b4485	60358de534ece5a38b06fd63bc1f3b38
ron_for_eng:pod-1	9	12	80	Diner 1	6819b6a6760ef2ae09bf34bddc096577	98f46984f350be53caf0d8042b08fb4d
ron_for_eng:pod-1	9	13	81	Diner 2	3b68e715ad53445e578871717a56df41	4e89e1708e54fa14e52a5316232da8c5
ron_for_eng:pod-1	9	14	82	Waiter	f5cee5ce357114a5c74dac976c54610b	4d3da2ee5e65d6f8789ba8a5e3aa642c
ron_for_eng:pod-1	9	15	83	Waiter	f58ceda0f1fa779a8ae5d7dbcb099df8	de28fcf5d0a220f3654a7d2910a5b135
ron_for_eng:pod-1	9	16	84	Diner 1	7f9e6aa46ed1d0977d0e56a42f0541b9	40123960824b4440b27f97076b2993df
ron_for_eng:pod-1	9	17	85	Diner 2	6c505428af4ee81572235e6d53098b1d	1b6b76e0bdc8953ab878905b8cc52df9
ron_for_eng:pod-1	9	18	86	Narrator	0b0250cc56b3ecdbf217e2a5c4ae9376	418fc34f8a619847c1ec0523c838a8a7
ron_for_eng:pod-1	10	1	87	Customer	126c3ef63cba78b26f3f0e10c9769d5e	136151eba56ff0f31b5d130954df5f15
ron_for_eng:pod-1	10	2	88	Assistant	b2e2c9b7f363be48829579907d40f872	e4cbe079c0dcc535e9cd8aaef51c9797
ron_for_eng:pod-1	10	3	89	Customer	157373d9766b3d3c53747f83b2395a3a	93693bd14a65a0bf93904aa6a6980234
ron_for_eng:pod-1	10	4	90	Assistant	591181a27e9cc925ea93d5dcf45c210f	d0f2cb73e1e5371d15cfeb2681bae7c5
ron_for_eng:pod-1	10	5	91	Customer	e608c5f8a59c4e6cf20c21b63dea0836	f1aa603fd2b80fab9a0764ddba8ba5da
ron_for_eng:pod-1	10	6	92	Assistant	24d99508a5e694c470b4baa0dd114345	27b11b3461c2c22a832ac7a15cc39f15
ron_for_eng:pod-1	10	7	93	Customer	f07e57da7b0e820899ff80e5a0fb2bba	1d40abee6285888e49c74dfb5bcf9927
ron_for_eng:pod-1	10	8	94	Assistant	8df837f3b8c9d9027e2406c9a0bea73a	c115eb98d81c31aa1d35ef70a8c347c6
ron_for_eng:pod-1	10	9	95	Customer	f9819a7b130702af488e5f8e1a57151c	a086211bc674de3adfdd97e1bb107600
ron_for_eng:pod-1	10	10	96	Narrator	0f7139718ef3ba820185f140ba0f966b	88c1ab6fdafe008af86fe0b06f4c841b
ron_for_eng:pod-1	11	1	97	Guest	4404800112389afcb692072ebc5114ec	cc55707d7078fc7aa2cb496d4ff3f91e
ron_for_eng:pod-1	11	2	98	Receptionist	5b7fe0402d0f768ae15ba7ab7630ae93	f686f5ac142a24984957aaa44464e88f
ron_for_eng:pod-1	11	3	99	Guest	f4eea79fdadb32941ba8debf3298ce28	ec7626acc5bc14df9335862c416ea34f
ron_for_eng:pod-1	11	4	100	Receptionist	212d4a8584664661920b10661bb66e23	552df0d976f1a2d84d4af72d95e5b59a
ron_for_eng:pod-1	11	5	101	Guest	96e21a99e21d67bda17eb545daf06a34	7b0407dc87cc2c4961a945606a5eadc4
ron_for_eng:pod-1	11	6	102	Receptionist	30de09287496d93271d63cbdd93db05a	bb3123fdb334f284bcb1af62f7f238e7
ron_for_eng:pod-1	11	7	103	Guest	95b85b733265a3300809cb30a925e05f	225256efd81262ffe2b947381a8cf080
ron_for_eng:pod-1	11	8	104	Receptionist	9b067a4e666a3b20cfcf2f347ad1ffea	7361204e12235a4165e525c8993dc914
ron_for_eng:pod-1	11	9	105	Guest	32d6f08035fdc739521f12c3e93d7a52	4c3bd72192248f3b689ac3bdb789ac2c
ron_for_eng:pod-1	11	10	106	Receptionist	a99ca98ab95582ea82166bb703519d25	0598c0d2d13ded214ea462b251a0d013
ron_for_eng:pod-1	11	11	107	Guest	946a3a74b999ece2c21218c091c1721f	77bb11ec8afd06d6b134f6f69df41802
ron_for_eng:pod-1	11	12	108	Receptionist	fb94a81fee859cf415f0525fb35a9f13	84e3ae341108982767642713c846233a
ron_for_eng:pod-1	11	13	109	Narrator	0ca5a5352bdcadc89534474c633959db	a039db0b2a75b9ef42c456afbf08acb2
ron_for_eng:pod-1	12	1	110	Customer	17a0327452e347083ce2ee105302e136	2e0c0d4948556b0a6de58e3ddc21395d
ron_for_eng:pod-1	12	2	111	Pharmacist	f9e42b4408f8529258c4c2ade4aea4bb	64b835aa122947a9ec0e4602f081f977
ron_for_eng:pod-1	12	3	112	Customer	6898e849b9f00c3daa898d3812f406c3	ffc7160bc08caa75a27c0e47e6829382
ron_for_eng:pod-1	12	4	113	Pharmacist	a5136e3010ce6e573ba3316167a2b10d	48bcf2e67a7019da71d9e7c0f7c92a44
ron_for_eng:pod-1	12	5	114	Customer	66d6f9def5efe72b71b5d816e2fe6e90	599ac705b6e160bfafeca6ee3ff9c0b7
ron_for_eng:pod-1	12	6	115	Pharmacist	9dd203ad54034391701afd76384695ad	e592ec2ece61a026f44312af940f04ab
ron_for_eng:pod-1	12	7	116	Customer	9273748644b414af2f278eb11aa989f9	ac82c32fe908849dd80acbc6a9b1fe4e
ron_for_eng:pod-1	12	8	117	Pharmacist	99799bb8671f009b432f266f50186e31	f0be03f62fc608c755238e341759c65c
ron_for_eng:pod-1	12	9	118	Customer	c2503d01b26de216fc252f913e2e8838	e42037889344d661179702232365b051
ron_for_eng:pod-1	12	10	119	Narrator	43f2842770186c058c05db44d6ab5829	7356639b43b69fb452e712e88ca612ea
ron_for_eng:pod-1	13	1	120	Tourist	bd91cf239cdbf6f2acdf1546c95aad25	daca79f72d2e3ffc8ed3cf8c833b5595
ron_for_eng:pod-1	13	2	121	Local	ef6d1460147c26ac4ead3cabd050060a	7c12a65de20b42e05db3777842ff80cb
ron_for_eng:pod-1	13	3	122	Tourist	5e359504864aad43e08c299bc74bbbec	444f9aa0aa56ed882191729a3c3fe78e
ron_for_eng:pod-1	13	4	123	Local	c0e28da1c06af6d1a67987f068e75a88	7528fc391ebf65dd55f321c7dbb62608
ron_for_eng:pod-1	13	5	124	Local	ebed90c71f9365ebea12c7ead1be68d7	ed54becb0e49e16df83cc60466efa8d2
ron_for_eng:pod-1	13	6	125	Tourist	6da6fdf0984587b0b5b8a97d50c6edb8	225eb9e5c0f9d0b57652f113e937f8e5
ron_for_eng:pod-1	13	7	126	Local	91f6065d77ffc23f7cef179a34e73acb	7195a8c13810d9b9853c3c211f616a9e
ron_for_eng:pod-1	13	8	127	Tourist	94a75b88c1c8c13d6dfe2b37a8c80346	9c909612cff0b9fb58decf8506cb50db
ron_for_eng:pod-1	13	9	128	Local	a61957714370d809ebf2e8af03537396	759bd7d3204fa55d3e3b463340506aa2
ron_for_eng:pod-1	13	10	129	Tourist	e5653cfdbf726b4588a2f19fd3637579	d84dc29ab18369e040cfb3b3899f2394
ron_for_eng:pod-1	13	11	130	Narrator	52e288336a2e36fc7cd450ab6219bd49	4ff53b91110304c96b46805771c7f4aa
ron_for_eng:pod-1	14	1	131	Passenger	d17cfed554e8946d2d5a395e6fd41bb0	c58ec5f5bbb7c695c418f6b4ea356da1
ron_for_eng:pod-1	14	2	132	Driver	7eea47213cc3220b60acc1115498c59c	27652fc6bc26f1807c076c5dc3969133
ron_for_eng:pod-1	14	3	133	Passenger	1f98fbf33c1e6cd0942980ec2ae8dfea	a4e86846455e65cdebe8cc6e028ec556
ron_for_eng:pod-1	14	4	134	Driver	6dcffb2762e4de9c32d005ebe5da3333	39d0ed883ef886cb909f83a13c8b51bf
ron_for_eng:pod-1	14	5	135	Passenger	106f205536cbe90d1ce6ee843b63526b	f33af4b471e77de0eee25686f789cab5
ron_for_eng:pod-1	14	6	136	Driver	b3ea2ef93a822fee0956bc2bbf143e4d	dcad5fc92e5bfad25efde3fd1acf1dee
ron_for_eng:pod-1	14	7	137	Driver	1833ef66bbcfa63ec980a0a4b2ad6ed0	50f60b36ab55c687d9418741fdbef5b1
ron_for_eng:pod-1	14	8	138	Passenger	d969dd0568545d869ae082755708cd7a	bd0f8de5afca3e57a99b1f58619dc6c9
ron_for_eng:pod-1	14	9	139	Driver	da82e15be3482f8253dc9f2dfc54ffe0	9bbc74c3fab1a78c5d2faffeef46810f
ron_for_eng:pod-1	14	10	140	Narrator	6ec5b96f5d3a44f016dca116a0ff12ec	55c9f6473f40cdb17d4d7ab4409a232b
ron_for_eng:pod-1	15	1	141	Learner	2ff33fafff0d0bbc17a517eef8410e28	913bb5faa544c775b1fd10a63c47dbc3
ron_for_eng:pod-1	15	2	142	Learner	4af180d12b5239eeacc5ef7f0cf8247d	a09180b6842fda593edc9e60043a5a0a
ron_for_eng:pod-1	15	3	143	Learner	1d873af0e2c382c8c78496e48abf57ae	af1da60e13065be4a6990b5e69892926
ron_for_eng:pod-1	15	4	144	Learner	8501ae913bfa045747b29f3e298e7ceb	47f8bf53caeeded147506c90240992b5
ron_for_eng:pod-1	15	5	145	Learner	d2ab4ecc4ee86591693e6d8a066dc781	a8eea28a3fa662b1ea97dfb76e81a785
ron_for_eng:pod-1	15	6	146	Learner	4c226b96b5c15d777c36e4bf380bea3a	e35e0984619771f391c8df3d2f8dad1c
ron_for_eng:pod-1	15	7	147	Learner	cf946b040c9ae14245d5fb566c8902a7	376104b5c665287b33a4b3df71fb361b
ron_for_eng:pod-1	15	8	148	Learner	687d5621283282ffb36d3dde2b346a3d	0b3bff8c3cbd4993240fec74a9511cef
ron_for_eng:pod-1	15	9	149	Learner	586af29cfdb78017a673973e6a4be646	f56a6fa0342d93687c324258b7196cd5
ron_for_eng:pod-1	15	10	150	Learner	3fd822b4c59fc1bb383beec40490e4ab	9a86f7902fbd2894a9f4603da2f7ec9f
ron_for_eng:pod-1	15	11	151	Narrator	5edf823d8a3b013a96efb5dc40f8ba0c	eba1245daf0d65cc1d6160ccf05bcab7
ron_for_eng:pod-1	16	1	152	Learner	fd1076e609a09ababbd538e48572fede	9eafb4da0eef364b90375b55537d25bb
ron_for_eng:pod-1	16	2	153	Learner	f2add4981f9bd9a4dcbb6f221eaae772	b3b90f8f5c48e9ab512dc566324ed037
ron_for_eng:pod-1	16	3	154	Learner	c24f772e4ba722725718f7d15d690f4c	63d80cfa06344b7d9f4045b7fba0cb9f
ron_for_eng:pod-1	16	4	155	Learner	db9f5adc58e0e24af37e69cd60257e83	1077817e87520a09a8a2abc0190c9997
ron_for_eng:pod-1	16	5	156	Learner	8e99ac252146af97771603c7d02fb7f1	875936a84ce3549b311ad51323c3ac94
ron_for_eng:pod-1	16	6	157	Learner	2d3d1bc328e833e9281de7fecd2f1a05	2eacc883d508a1f175c2f2d0f3d324e4
ron_for_eng:pod-1	16	7	158	Learner	020e282c31898aff0e242e24d7117a13	aa2623f2438db26bfc289ac08d18c9a8
ron_for_eng:pod-1	16	8	159	Learner	e6d097f1e3f45e35ea65fb08e480aeb9	65a2bf309c72a368908ff228b43e5c12
ron_for_eng:pod-1	16	9	160	Staff	c2bc2c00b1995311636942a2669ac7ac	9650460a658b8f5dd8a906f1782c3f5c
ron_for_eng:pod-1	16	10	161	Learner	0f6ad91840766e65e0206caf266696ca	6f81b411447233cc4554546d3485e6e5
ron_for_eng:pod-1	16	11	162	Narrator	3dc9fea9069468a61d7709111bae11ec	91f7b0696c7c0fc707420471e844af02
ron_for_eng:pod-1	17	1	163	Learner	54f14ccc56ed08b733650e7b24ff2938	3f918556b4706fc38a4f66b38ee11e93
ron_for_eng:pod-1	17	2	164	Staff	f0458e00b5ff600887c56ec541fe4ff3	b89bf636041965ef6e44581a0e66405b
ron_for_eng:pod-1	17	3	165	Learner	7bb1bcbe5b3042ae80bf9bf27786fdaa	b2e9e73da95ff8e534a2c05be54469f1
ron_for_eng:pod-1	17	4	166	Staff	d89793aafec9d239caf648a4f79ece8f	ee1a2848e1d6e5a016074ba8e5f9df67
ron_for_eng:pod-1	17	5	167	Staff	fb420848d183772ae5ff2dd00d1b0903	a2ac474dcab961749b90674a53304753
ron_for_eng:pod-1	17	6	168	Learner	7bd2c6f7662d4906ff0cbb4f6d9e6691	218566fe0117cad5e42b24674ac59854
ron_for_eng:pod-1	17	7	169	Learner	1781a625088c4d1a1e66140a5159cf1b	6f23d3e4fbf9fb84eadce090d6e21e0b
ron_for_eng:pod-1	17	8	170	Learner	aaf7566381fd89854500627780a1fbb6	89d84b38c76d0c63271993c96159335c
ron_for_eng:pod-1	17	9	171	Interlocutor	646e544f301b893791922e1a3bb5a057	60f59d8aa7095fbf4d63419a67291235
ron_for_eng:pod-1	17	10	172	Learner	7da2f41ed509a0f1cd838946a07e8a5c	cb2b984f6c5a6652552f5a52433e9043
ron_for_eng:pod-1	17	11	173	Narrator	7974a5e7512ab601dcf95bb0b33ef9fb	e9b4223aa4445b27cd280248acac1ce9
ron_for_eng:pod-1	18	1	174	Learner	c928aee1b6b7b4da477cc179ccccd0f3	200c3546a879a0ce8458e37ec1dea3f3
ron_for_eng:pod-1	18	2	175	Learner	8e6dc27a1d9bc6c5394f6d18948a7625	29a9cbbfaa50d8b1fba17c8ddf1af426
ron_for_eng:pod-1	18	3	176	Learner	a520aa7a40e09c1c6370c76c6f8870dc	a15f9ace48459a3c4e3c4d737c41f653
ron_for_eng:pod-1	18	4	177	Learner	e422e7514406db4b31f13ea239d8f02c	1f1e50ef6f5759e0685d415825edfff4
ron_for_eng:pod-1	18	5	178	Learner	3ad1c4d6952f02b3cdafe67f1d6e1f0d	bf2a03f0a7f78a5b14c9039a057ea050
ron_for_eng:pod-1	18	6	179	Learner	0a7fc48acd3db9319d45b16025ef6ee5	ead58d7143eb35c36f5b78aa7009c68b
ron_for_eng:pod-1	18	7	180	Learner	4f27c50d52f670dc9fb26df07899a764	d1d15242deb8a3a7bf0fae7c42c0a47a
ron_for_eng:pod-1	18	8	181	Learner	2968a6c7c46671049ff616fac4f40efd	deec3ef222041f80b3b966f9b6c515c1
ron_for_eng:pod-1	18	9	182	Learner	942bdb11854af5b94b7de2b4b0374453	5c40a0c454e9a7788820e3cce62aeda2
ron_for_eng:pod-1	18	10	183	Learner	ac03e3ae64bdbcfd54d05a12ffc24112	ea174e84d89f9dce1d8ddc975990cf28
ron_for_eng:pod-1	18	11	184	Narrator	978cb641d09b1667808b905ba662e04a	4ae156b07d9bd5fae88713471a19e018
ron_for_eng:pod-1	19	1	185	Learner	0149723ec1274d9728cd9d32fceaedd2	7c15f463d5f03199782a2b1f30c3c846
ron_for_eng:pod-1	19	2	186	Learner	c0711283c2aa7999b4a61dcd4d4b2647	c8f053172ea3fa290e676bc9cde75458
ron_for_eng:pod-1	19	3	187	Learner	1967d5dbac403ab285faa68c1ceeaa94	4140109bcdedb65463d59334e5e425f0
ron_for_eng:pod-1	19	4	188	Learner	557e7c8830aedd09e07176fbc76b2b68	9e29640615f6f87aeff81f4e6c5b53bf
ron_for_eng:pod-1	19	5	189	Learner	122dcacc95d1ca929cad0426cd1fe817	84fc461be123eda48d5bf41b0d1a0f73
ron_for_eng:pod-1	19	6	190	Learner	62c68983ca906381face1cf417ad0e1f	5263aa615a62dd65c071d15ead5cfb6f
ron_for_eng:pod-1	19	7	191	Learner	da5926657d73a2905fc6f3f7615f2214	ac3e999e4f5bae18ce949597989cf25d
ron_for_eng:pod-1	19	8	192	Learner	8024b17a444bc3cfe7e75c0c03fae36e	db14e1d9c46d468ce0c2a1942c9e5547
ron_for_eng:pod-1	19	9	193	Learner	95c19c1c73bf01b5a32c8858a661f058	b4d53d399c40313615294a5dbc3ad920
ron_for_eng:pod-1	19	10	194	Learner	4976606fa3cea8fa06a0e894cbf4cf08	380dc3308d4281d833de8337be86c632
ron_for_eng:pod-1	19	11	195	Narrator	e70cea55770b7c222a5dd07b076b39ee	e1d859ceca82f3a29e9f5d6896683d70
ron_for_eng:pod-1	20	1	196	Learner	9a0b36bf66bef20115fd15e60131ab58	a53e1713be20c3a621f4e8a3f6579843
ron_for_eng:pod-1	20	2	197	Learner	87f4d7505a452c469f4ea172bfe42c1d	60ad360bce4d369112c2efa49f353165
ron_for_eng:pod-1	20	3	198	Learner	1efe75623941900f018f0e78f07af89c	c26678bd3218eaa94031c1fcfdc92338
ron_for_eng:pod-1	20	4	199	Learner	7c2cf12e9a0729027ebf5e4084011cd0	9f47f8766713f4c48173ed805c447f66
ron_for_eng:pod-1	20	5	200	Learner	a4677d208257026b62e2396bee7794e7	2b6b87c53a652020c2650090c91f7040
ron_for_eng:pod-1	20	6	201	Learner	abcd493949e49a57046a641213b51d95	c9596a3f82692ecbe36422e38d488d64
ron_for_eng:pod-1	20	7	202	Learner	ed3c47a2463883b12c01ec50d55bbb3a	c61460556c733cd480ba0b2038b17bce
ron_for_eng:pod-1	20	8	203	Learner	d6fd23792b970410096f1e7d7098bded	251c226f2b72c6638554a1826535bdf3
ron_for_eng:pod-1	20	9	204	Learner	0aa48b9b97a84e11833b474a82874810	2badaa9753a0c2d89b8f7fc048141886
ron_for_eng:pod-1	20	10	205	Learner	a7161914ce07f24296b8db305f6a85ba	39a4a36539151c49ff0aea2901d6e46c
ron_for_eng:pod-1	20	11	206	Narrator	e76ba05d5c91e4d176902a4b7f3ffe64	b00aa4bbb11b7c5b8a41297fedf164e4
ron_for_eng:pod-1	21	1	207	Learner	72036ce59ce37c170cec41e148b21c97	31883c238e38aa97c19879601c538da8
ron_for_eng:pod-1	21	2	208	Learner	5e89c64678c55a2e5898b09305523ee4	9c9b76e67042fad2983f6f9bb337bc11
ron_for_eng:pod-1	21	3	209	Learner	4c3ddead609707d2cabee088890c52b7	fc2e6722bb0d2092c14338f4bc961cbc
ron_for_eng:pod-1	21	4	210	Learner	b343f264485f13c7e5b564356982451f	6a301630a41e5723851c6251001c9cc4
ron_for_eng:pod-1	21	5	211	Interlocutor	331baf52b919d580e96577f3ce2a20fe	69c80eebef962f3c3eeed4411205993d
ron_for_eng:pod-1	21	6	212	Interlocutor	8c0d102e130281eeb29a588e101920d9	e687907c0087a79ee8305dd114fa50ea
ron_for_eng:pod-1	21	7	213	Learner	7f46aa5493e7a8d98e8cc73f6a84831e	8e4d431911a139dc828de7241d404d22
ron_for_eng:pod-1	21	8	214	Interlocutor	42077667a6a356d6adf7dc03cc0c7923	11ea5656b70267c62d122e06d3f25ef2
ron_for_eng:pod-1	21	9	215	Learner	3e19ddb0fd268e4dc548bd3d1b898fa5	f7a808574ea1968957fdacd409e5e52e
ron_for_eng:pod-1	21	10	216	Learner	98cd733138ae40fc9131ed39833d8cde	8f5bd996aacf8dd34f3367288430eebf
ron_for_eng:pod-1	21	11	217	Interlocutor	fc62453766a0872315ac6e82c78dcd21	02cff8540cce3fccea77fea5e2829615
ron_for_eng:pod-1	21	12	218	Interlocutor	76b5a9c2d90ed6304d96dac610ad9c57	a0065434b80f7195e6738e99841ac35a
ron_for_eng:pod-1	21	13	219	Interlocutor	eb9786681571f7147ed64d0c006cb49e	834c571189557c45f8dc2513b23484f5
ron_for_eng:pod-1	21	14	220	Narrator	12fa92f8005818fd2ba20befed70062f	c8ed10c9fc68227d7fe17887b558a9c4
ron_for_eng:pod-1	22	1	221	Learner	b41dd7075fb5eba4b67837a48ccb88c9	65c934aef89746f32471a9f34301fdd3
ron_for_eng:pod-1	22	2	222	Friend	05f8ab93ce419c7950acdad3ff86c92b	a8040b0a3d95ef89e87cf43deb00c5ca
ron_for_eng:pod-1	22	3	223	Learner	7e95549b3107c7d1ccd94cbc64321956	b4e60a590a50dc74baf7ed4bf5bc4be6
ron_for_eng:pod-1	22	4	224	Friend	06a69f0b12bfcd9e90a8f38201458caf	15d6200415181b8eb1c842a1a53a0917
ron_for_eng:pod-1	22	5	225	Learner	479bcba53fa14b64a5e1859879e1191e	beb0394ce89cd9183e5d903dcf4183a8
ron_for_eng:pod-1	22	6	226	Friend	c3c2da8de0e1d8db43864151d9bc3152	107b8804c5824f18c03ccddfb9345ba3
ron_for_eng:pod-1	22	7	227	Learner	138b585d561398705780cb2c17fb6b0e	a1c3d02f7c119f1dbfde1c0e56a04a97
ron_for_eng:pod-1	22	8	228	Friend	cc78ac7fc063834b6ca90cb672859199	4f58f4573664f9efa73634407ac75947
ron_for_eng:pod-1	22	9	229	Learner	092fe5f1dad958843d871ceb8d71bdc1	95d5aca2db8946dea751606ddb0377ab
ron_for_eng:pod-1	22	10	230	Friend	1ef0dca9fb227121bd4bf30ae90511e5	29827b2e81eb3bb465dad6e9ef61e523
ron_for_eng:pod-1	22	11	231	Learner	2f4d9b5e8173ef750d42f2ad2222d298	e5731ee5d0709cc7bd90f62bc4d1d9b0
spa_for_eng:pod-1	1	1	1	Neighbour (8 am)	80ce7a78d44b56edb311219ca2297122	6ee0944e54db0524ecde74e6c629de1b
spa_for_eng:pod-1	1	2	2	Sarah	f6a30a637b25c252e7ecf8aea9d07765	aa26f2a183c4e0e6ed68f15e08ffe05a
spa_for_eng:pod-1	1	3	3	Neighbour	e86960d5c75c57ee07d1f302b8384ad1	cc464cfe2d26532c0418f4836ee5ebb5
spa_for_eng:pod-1	1	4	4	Sarah	afe05c8565a992a2601235d8dc1e48b5	35b94c213869adfc71dedf98d510b4a8
spa_for_eng:pod-1	2	1	5	Sarah	99a5952a66c75cadfad31eb15a3d3d64	1ebc5a6271df1e0684e2e7b9c41bb18b
spa_for_eng:pod-1	2	2	6	Passenger	f72710e2aa1d8a7f4357a2bec18de579	5e5d8b3c6f8bc430e1479d0777a768e2
spa_for_eng:pod-1	2	3	7	Sarah	e745fe3145f59ec9cc615fbac89be59b	10902ecda3dc2372dc9cf570f2c80a9b
spa_for_eng:pod-1	2	4	8	Sarah	0a796554c7964088eae5cef2be75ffcb	1fb41845d0728f8c10727a8ce966c6f9
spa_for_eng:pod-1	2	5	9	Passenger	34379863bdeae03ad054acc45fa0bd35	7c8caa73ae0269729cf079b955fa2489
spa_for_eng:pod-1	3	1	10	Barista (3 pm)	d2a8d54a919d6b715b21d2465a5a7bba	129b85d1178d6f963422c4224881b233
spa_for_eng:pod-1	3	2	11	Sarah	89064976c7cec7d3a052e3d23f08977f	9e08c222b5d1a39384a1b5fddfbf25ea
spa_for_eng:pod-1	3	3	12	Sarah	3cc3e2a88abef503760863d0d3d9654f	6885fc15633ab4b868aa5151e79d7186
spa_for_eng:pod-1	3	4	13	Sarah	ce27ce2f5deab0e5379accfad0a47c8d	a60b2d126f8c7ff9ac38fbfa4364cb1c
spa_for_eng:pod-1	3	5	14	Sarah	8159670c239438c785e19af05d3899f7	31d093097e4bfea2a6dd0ab4c22a6b15
spa_for_eng:pod-1	3	6	15	Barista	74043ed160e18ec22501e7af19560f59	f031182f541a00bfb1a31493235217b1
spa_for_eng:pod-1	3	7	16	Barista	4ada75334efa3ccb6cae2f862fc41438	ef43722ddbda655542b7cdb02bb936b6
spa_for_eng:pod-1	3	8	17	Sarah	c2bd69bbc6c1a5a5f5f3765c31f7354f	cbf8659af4f5ca4c927d141bfe3faded
spa_for_eng:pod-1	3	9	18	Barista	df75c86dbca76f9d254cd3b4e7604310	6f61d97ffddb4a91e45afc5f67e73c69
spa_for_eng:pod-1	3	10	19	Sarah	05197da6ea1a28155967703fc26293b5	54cf197a5697f647ff03a2b52745b533
spa_for_eng:pod-1	4	1	20	Friend (7 pm)	c9d1df30bcd7d0890e7bea90c7c91cd1	de62d7bb305c2be6a133ea17a0af37b1
spa_for_eng:pod-1	4	2	21	Sarah	174818d1ec2f0da5f01735a8d85452da	01495caf915e2d5c88205615c813d856
spa_for_eng:pod-1	4	3	22	Friend	c06a022f923e2119cdc7acda5dc1af15	6c683c3f18a71bc5a60a51245f7ea8e3
spa_for_eng:pod-1	5	1	23	Neighbour (10:30 pm)	369c6e293591f1935cb4c9949eddf0b6	139e47766b4ab1bc6c2e30d8275d570d
spa_for_eng:pod-1	5	2	24	Sarah	165d0c5bb9f02694b43a05fcc0166810	5a620928d6e45913a894808d7501ec80
spa_for_eng:pod-1	6	1	25	James	cf56ca39e1db38789faa21aaedb3697a	b37cd01c3b7738424f852aea2063a505
spa_for_eng:pod-1	6	2	26	Anna	8dbdc69bf7e858b99da296b819450598	b214d1387a552e4c9be132984796bcc1
spa_for_eng:pod-1	6	3	27	James	b3002dc62b357cfb54e5bac2e31ac5ed	085e3c08f2ffecfb23cbb422d831688a
spa_for_eng:pod-1	6	4	28	Anna	00bbbac0b56986a4899b7ea3f20aff57	0639e512b88fa8fcaebd5b9666928c7c
spa_for_eng:pod-1	6	5	29	James	9ffac7c58812aa84c7e3a6ba5df2c404	79426185551098a662d1143e775cea18
spa_for_eng:pod-1	6	6	30	Anna	df3d849ffe63d66328193926511c6962	755656594f1fed66195e576bafc459ce
spa_for_eng:pod-1	6	7	31	James	65092fde4aafb4cd286723a20a54f633	19d2869419a133d649ed42141a675cc0
spa_for_eng:pod-1	6	8	32	Anna	f4f513890d417da314d62bb518328766	9ebc765a5bc5d2479243dede501bd3a0
spa_for_eng:pod-1	6	9	33	James	b09db0aefaa4b30489db7b301d64c73d	612d309026b88f6deaafdf0344a6a55d
spa_for_eng:pod-1	6	10	34	Anna	4fa3578cbe672a5a6304fa5c4220147b	9611b73d7680bf9a3b5637d7685e689c
spa_for_eng:pod-1	6	11	35	James	673532d1c4ec448d89beb432ce3276f9	5f34e333ac660776c7b01f074b5e1871
spa_for_eng:pod-1	6	12	36	Anna	486c5946649336006514f6af44ccae47	7c9e94e54ff783200c75ad1afddf413b
spa_for_eng:pod-1	6	13	37	Narrator	f824d1e55b7647e07c1cd286b981cb87	a9df7ad4db2e1971fb021f5644e1d0ed
spa_for_eng:pod-1	7	1	38	Cafe Barista	f1e16d4cecf634be257b5d5ebf051a4e	cbc2167ecf008fb033b5ac98aa1b364b
spa_for_eng:pod-1	7	2	39	Cafe Customer 1	f09a3607fdfcaf10840f6b59f4d6c115	501783348c585c978802f4fdc48329f4
spa_for_eng:pod-1	7	3	40	Cafe Barista	053350dbaf84035e9b8c29864c009aeb	7ac946487706bc9ebf9c41d16197e6de
spa_for_eng:pod-1	7	4	41	Cafe Customer 1	b844fefe4e37323499c229dbab47f866	56d632d7eac284ed7db82ac6573a506e
spa_for_eng:pod-1	7	5	42	Cafe Barista	e2107b94508f9e216ac60a5357609967	45787a9f76a00ef648b4e54a736ed6b5
spa_for_eng:pod-1	7	6	43	Cafe Customer 1	df144e08be6d151382bac693112432d2	c43ecbf12526a32e59d7eda3876fb7d4
spa_for_eng:pod-1	7	7	44	Cafe Customer 2	20140162ddc0d35468aaee079fbfb531	ce4240fcb8bb7b3e0431cc6ea45df5d2
spa_for_eng:pod-1	7	8	45	Cafe Barista	ace6ccea7a40679194460a8ce07bd466	92b16311b9402c95a838d93fb1501a31
spa_for_eng:pod-1	7	9	46	Cafe Customer 2	ba5e49247a4d3d7f24387b45752b5760	0ad80a8eecd77a5db88121c57e75b9bf
spa_for_eng:pod-1	7	10	47	Cafe Barista	8772a6acac9b2a4d8da1e51708db2a59	2de61305988afb0d32d84b087e36cd48
spa_for_eng:pod-1	7	11	48	Cafe Customer 2	eb068a882e0d5991ca7958a8980bb686	83f6d2006a0205d1f04f37ad2cdb4223
spa_for_eng:pod-1	7	12	49	Cafe Barista	d33c73ad524f490f4d678645cecaf30d	f4707ef64079b9bd3120486cd8cd1da6
spa_for_eng:pod-1	7	13	50	Cafe Customer 3	98dfc98bd4b951c5a6652351ff0c1bdd	440747e4c5a705e28463a93bdb2355ba
spa_for_eng:pod-1	7	14	51	Cafe Barista	4f3b9bd75452a747f6c23a5160acd3e7	e53c40e2fc9be5922a1f67265e084b06
spa_for_eng:pod-1	7	15	52	Narrator	23dcdc59b314a64482d48a41766d9bc7	e2fd9610c4c8e82a1f7efcfc3206ffea
spa_for_eng:pod-1	8	1	53	Bartender	a17a86c30679c4f7b66052271e26cf39	95e5cc8503c5b06fc599d942c1b95aba
spa_for_eng:pod-1	8	2	54	Bar Customer 1	feb05883d8b91643141ba77cc62cb8ec	59d9c371c00f5aa6e9263c08a30a42b2
spa_for_eng:pod-1	8	3	55	Bartender	6d94b2b4e140dfb3744558a6f48db5c2	4930a264ba1351fc1f2be2eeb0503e43
spa_for_eng:pod-1	8	4	56	Bar Customer 1	9607874ba3bb9e97e4cf16601445c7b7	1fb2b2c11bb3d11e65e41029d3da1abd
spa_for_eng:pod-1	8	5	57	Bar Customer 2	df50bc9913b6af035c5b2b0ab3b39a41	64e908148bb806be4c5b82b6cd67f3cc
spa_for_eng:pod-1	8	6	58	Bar Customer 3	817ba855c4d3bd8a1607c8de7abbeefc	5705209f2f526bf4a4e906fdff5e8666
spa_for_eng:pod-1	8	7	59	Bartender	71a73413a48dc02e0732a07ea6db9573	463cfc4e55bd3de5f4c5f6998798c8ff
spa_for_eng:pod-1	8	8	60	Bar Customer 3	f931f03e369d069baac597959fd9d773	1caace2cdd8542fe8ae296efab852317
spa_for_eng:pod-1	8	9	61	Bar Customer 1	529a15e6e955540278fb6d3a7a30982b	52bff53cb70f6415f72fa87fdc38b652
spa_for_eng:pod-1	8	10	62	Bar Customer 2	308d75ba4d056159e814ca8c122abcd5	913165018eb8739a5a0f0613c937fc94
spa_for_eng:pod-1	8	11	63	Bartender	3dbdd9a8e5c9ff55a21415888aeb5711	cb7282d0097a8ca0c2d2839f0095852d
spa_for_eng:pod-1	8	12	64	Bar Customer 1	b4595296afbccbbffda5a82880ffd2d7	54cb51c8fb37ecd2e04ce14848f2444d
spa_for_eng:pod-1	8	13	65	Bartender	a9401fa769aa1ba7e7224afcc7b66cd8	3feeb7bb1aa528b75366afe8ec9bfa2e
spa_for_eng:pod-1	8	14	66	Bar Customer 1	17d013aa79858545c21fc68e49580f59	db93cc48e1c5ade124d2f44fe0a847be
spa_for_eng:pod-1	8	15	67	Bar Customer 2	8949541c6e6b40bcc8f035f61f2fbfbc	423abcaa566f0bf44715381b375bf04e
spa_for_eng:pod-1	8	16	68	Narrator	b2c702937a62ef54000d8b031b68b8e4	9c0bcc5415e835cbe990d35954130c8b
spa_for_eng:pod-1	9	1	69	Diner 1	9f44974e7189b3932b5765cac4199c0e	f47c0ccfc3f79c83d8dbb18e994935a5
spa_for_eng:pod-1	9	2	70	Waiter	7463379791fa8246ed9ecc3024dbb2bb	718e6f797347b8fd4b3f45a6622a4446
spa_for_eng:pod-1	9	3	71	Waiter	139a5e3a78c62e3b5818a7f94e0b2939	aecedd04a4e5cf7a1cd5b5239e80ae9c
spa_for_eng:pod-1	9	4	72	Diner 2	fe20d06d296973d6b501e62a0252b984	91ae74f00f07601e9babaa242c7a5d36
spa_for_eng:pod-1	9	5	73	Diner 1	5915b2b8a818e05e56fafb85acc5a433	ea78ed82157a414c5169aef49b3b477e
spa_for_eng:pod-1	9	6	74	Waiter	918fe17762066ee3bafae0b89ff159cb	a86c30a79c6077cce89f3534133f9c30
spa_for_eng:pod-1	9	7	75	Diner 1	cd39fb0be58d4d5fbe0460a50df71886	08f808be58b2d99c383869f4bd2b9e5f
spa_for_eng:pod-1	9	8	76	Waiter	b245056d4bf15e225ed77250fe2d97d9	63b23d49d9cc4cbfcd2e579d529fafa9
spa_for_eng:pod-1	9	9	77	Diner 1	4a438b0fa2114d8f24dac7f4a23ded05	06214f9b4ac4ad391f2d5ea78b71cde7
spa_for_eng:pod-1	9	10	78	Diner 2	36f7979c14b3c407ce89246ee21a3e1f	9581444710a2c46fbe4893e417a9fa3d
spa_for_eng:pod-1	9	11	79	Waiter	bff54bd965e54f93d52437abb621b7d9	60358de534ece5a38b06fd63bc1f3b38
spa_for_eng:pod-1	9	12	80	Diner 1	88dfd44cbeed90c7a14d1bf076ebd1f8	98f46984f350be53caf0d8042b08fb4d
spa_for_eng:pod-1	9	13	81	Diner 2	ad6fb23ce3fcde053a7e68913e275e1b	4e89e1708e54fa14e52a5316232da8c5
spa_for_eng:pod-1	9	14	82	Waiter	c4b41851440ebee2c086a80ed9b6f4d6	4d3da2ee5e65d6f8789ba8a5e3aa642c
spa_for_eng:pod-1	9	15	83	Waiter	336afb4868c6443de4cf8befff53a744	de28fcf5d0a220f3654a7d2910a5b135
spa_for_eng:pod-1	9	16	84	Diner 1	8f839dba7bf3799e607dd9247bbdee70	40123960824b4440b27f97076b2993df
spa_for_eng:pod-1	9	17	85	Diner 2	4f1ed0acd67a5ca8e0da1f9e34b2a9db	1b6b76e0bdc8953ab878905b8cc52df9
spa_for_eng:pod-1	9	18	86	Narrator	543c5bcea0221342b09bab891a21c2b3	418fc34f8a619847c1ec0523c838a8a7
spa_for_eng:pod-1	10	1	87	Customer	ab2b8e44fdf9fa667e80e3827a2cb3ac	136151eba56ff0f31b5d130954df5f15
spa_for_eng:pod-1	10	2	88	Assistant	b7f56d060e99d7be9a388b2bf79db58a	e4cbe079c0dcc535e9cd8aaef51c9797
spa_for_eng:pod-1	10	3	89	Customer	f0e87263dba57f99e7f5f34e39b538ab	93693bd14a65a0bf93904aa6a6980234
spa_for_eng:pod-1	10	4	90	Assistant	f9cbd627ee4c92b8e71a344a8f1e3b0b	d0f2cb73e1e5371d15cfeb2681bae7c5
spa_for_eng:pod-1	10	5	91	Customer	dbedd20cc74bdaf41726147f4906a0e1	f1aa603fd2b80fab9a0764ddba8ba5da
spa_for_eng:pod-1	10	6	92	Assistant	8e82e57495ac6c4bf16cd9c2614bbdf1	27b11b3461c2c22a832ac7a15cc39f15
spa_for_eng:pod-1	10	7	93	Customer	99b25d154452b1fb7269428bd6fa8c75	1d40abee6285888e49c74dfb5bcf9927
spa_for_eng:pod-1	10	8	94	Assistant	600bc7e0518aded1cd5c9354bba48686	0cbc75a7d2def9e305d06f203cd210ce
spa_for_eng:pod-1	10	9	95	Customer	29ea2e470298b49ed48c99ccac7ac16c	4da11c6a432c834e9358d87b907001f5
spa_for_eng:pod-1	10	10	96	Narrator	a35538e77d744a5aa1b6c8c5241a97c9	88c1ab6fdafe008af86fe0b06f4c841b
spa_for_eng:pod-1	11	1	97	Guest	33f7a928166ac8056362c47c01163f0b	cc55707d7078fc7aa2cb496d4ff3f91e
spa_for_eng:pod-1	11	2	98	Receptionist	7b5e8680476862a4dcc005e9764c5569	f686f5ac142a24984957aaa44464e88f
spa_for_eng:pod-1	11	3	99	Guest	0ab44891c5795b532d08aaca00947180	ec7626acc5bc14df9335862c416ea34f
spa_for_eng:pod-1	11	4	100	Receptionist	d6c2df59fb67ef48eba803d8c4878e4a	552df0d976f1a2d84d4af72d95e5b59a
spa_for_eng:pod-1	11	5	101	Guest	aa9373a1ba1e5a96c69c518ad4e90ed0	7b0407dc87cc2c4961a945606a5eadc4
spa_for_eng:pod-1	11	6	102	Receptionist	b22f40044aa1268fd96a1c0fdac9a8fa	bb3123fdb334f284bcb1af62f7f238e7
spa_for_eng:pod-1	11	7	103	Guest	5967b740301eaae7eca43fc2354c1fc5	225256efd81262ffe2b947381a8cf080
spa_for_eng:pod-1	11	8	104	Receptionist	8750f3692fb7e766f98efb5651ffcda0	7361204e12235a4165e525c8993dc914
spa_for_eng:pod-1	11	9	105	Guest	0ec5b6ba75e0527699bdce0f7bc87e7e	4c3bd72192248f3b689ac3bdb789ac2c
spa_for_eng:pod-1	11	10	106	Receptionist	7b7e1f2a164887289d89a48f95224f21	0598c0d2d13ded214ea462b251a0d013
spa_for_eng:pod-1	11	11	107	Guest	a611e857f8a8930e1d8d86773b750934	77bb11ec8afd06d6b134f6f69df41802
spa_for_eng:pod-1	11	12	108	Receptionist	a51be0ca097a74b24d923913e8ed4614	84e3ae341108982767642713c846233a
spa_for_eng:pod-1	11	13	109	Narrator	de0f8addf5c6613eaf3dead7af1564af	a039db0b2a75b9ef42c456afbf08acb2
spa_for_eng:pod-1	12	1	110	Customer	9ee0111a8151b5d949a1e0b8e75cd91a	2e0c0d4948556b0a6de58e3ddc21395d
spa_for_eng:pod-1	12	2	111	Pharmacist	105605dadd5c067aecfb7e4f54fee634	64b835aa122947a9ec0e4602f081f977
spa_for_eng:pod-1	12	3	112	Customer	c53348f75e83beafe3c915f333b1975b	ffc7160bc08caa75a27c0e47e6829382
spa_for_eng:pod-1	12	4	113	Pharmacist	c2a8840b23ec570d9c07ac01f715e6d9	48bcf2e67a7019da71d9e7c0f7c92a44
spa_for_eng:pod-1	12	5	114	Customer	301604e8a212dc721e480f4b6b6878ff	599ac705b6e160bfafeca6ee3ff9c0b7
spa_for_eng:pod-1	12	6	115	Pharmacist	4f6f2dfbf23ee1a863d416287423c136	e592ec2ece61a026f44312af940f04ab
spa_for_eng:pod-1	12	7	116	Customer	a3c2682b3dab331ca880e796134fd9a9	ac82c32fe908849dd80acbc6a9b1fe4e
spa_for_eng:pod-1	12	8	117	Pharmacist	0341c644b65a56e6150b973c04dfe4eb	f0be03f62fc608c755238e341759c65c
spa_for_eng:pod-1	12	9	118	Customer	4189dd0ee40e87ce7a49cd30bd692f21	e42037889344d661179702232365b051
spa_for_eng:pod-1	12	10	119	Narrator	a1ced3d1295b6c284bc17e31e33417b9	7356639b43b69fb452e712e88ca612ea
spa_for_eng:pod-1	13	1	120	Tourist	48c27a4ba4f3e6520e1eefdfcec17b71	daca79f72d2e3ffc8ed3cf8c833b5595
spa_for_eng:pod-1	13	2	121	Local	8eab53e5ca5d2cd6ac0e00338f5fbcbc	7c12a65de20b42e05db3777842ff80cb
spa_for_eng:pod-1	13	3	122	Tourist	1690a7cb750676c4adc453e44fa72b4f	444f9aa0aa56ed882191729a3c3fe78e
spa_for_eng:pod-1	13	4	123	Local	a62d4ae140292931730ffe73ccb0429d	7528fc391ebf65dd55f321c7dbb62608
spa_for_eng:pod-1	13	5	124	Local	5774f2807d08f4d93635be3ebbf29deb	ed54becb0e49e16df83cc60466efa8d2
spa_for_eng:pod-1	13	6	125	Tourist	7ff0a7f844800a19d38a7e500f3bdfdb	225eb9e5c0f9d0b57652f113e937f8e5
spa_for_eng:pod-1	13	7	126	Local	8171b69d4fb84b385e167bfbc6cd2244	7195a8c13810d9b9853c3c211f616a9e
spa_for_eng:pod-1	13	8	127	Tourist	112f4494d83f0b028020646c84d31c2e	9c909612cff0b9fb58decf8506cb50db
spa_for_eng:pod-1	13	9	128	Local	d5e47852970c3d1a1a4bbca396947a12	759bd7d3204fa55d3e3b463340506aa2
spa_for_eng:pod-1	13	10	129	Tourist	6d53acfd94720c2a6b02cdc01531634e	d84dc29ab18369e040cfb3b3899f2394
spa_for_eng:pod-1	13	11	130	Narrator	2dc6ab9afd9a21edd927f587a07b4795	4ff53b91110304c96b46805771c7f4aa
spa_for_eng:pod-1	14	1	131	Passenger	b4e65b9a318268b27515a7d53fa94311	c58ec5f5bbb7c695c418f6b4ea356da1
spa_for_eng:pod-1	14	2	132	Driver	9a7185b66ae3f233845296732437cfb0	27652fc6bc26f1807c076c5dc3969133
spa_for_eng:pod-1	14	3	133	Passenger	81064af51d72e5056c079fc549473134	a4e86846455e65cdebe8cc6e028ec556
spa_for_eng:pod-1	14	4	134	Driver	5519cf1c82431c425b45d4c52189f0ec	39d0ed883ef886cb909f83a13c8b51bf
spa_for_eng:pod-1	14	5	135	Passenger	96ebfab2fe247db91c5ccc2c354a0eac	f33af4b471e77de0eee25686f789cab5
spa_for_eng:pod-1	14	6	136	Driver	f3567b2cccdc3f5aa461a0413542da29	dcad5fc92e5bfad25efde3fd1acf1dee
spa_for_eng:pod-1	14	7	137	Driver	e76437a654dcbea116bb5fc920d25ecd	50f60b36ab55c687d9418741fdbef5b1
spa_for_eng:pod-1	14	8	138	Passenger	fdb0261867bab2f697e7ef5ce825cf9b	bd0f8de5afca3e57a99b1f58619dc6c9
spa_for_eng:pod-1	14	9	139	Driver	53ebc172002250c1d53dc20be86edccd	9bbc74c3fab1a78c5d2faffeef46810f
spa_for_eng:pod-1	14	10	140	Narrator	2b17545fc83b961dc4a1fd87f826fbad	55c9f6473f40cdb17d4d7ab4409a232b
spa_for_eng:pod-1	15	1	141	Learner	94b09f3a49af031647d87d32495e28b6	913bb5faa544c775b1fd10a63c47dbc3
spa_for_eng:pod-1	15	2	142	Learner	cf3cbf02393a0425c49b5c92c1bac74b	a09180b6842fda593edc9e60043a5a0a
spa_for_eng:pod-1	15	3	143	Learner	f62f207508246971bd7c3b6bfbac2c65	af1da60e13065be4a6990b5e69892926
spa_for_eng:pod-1	15	4	144	Learner	23c7d38fa8d34a1688068267753c5123	47f8bf53caeeded147506c90240992b5
spa_for_eng:pod-1	15	5	145	Learner	aff77e0d5a0fa360145ef9141a87b034	a8eea28a3fa662b1ea97dfb76e81a785
spa_for_eng:pod-1	15	6	146	Learner	f64e8650f8ecee42042b4a423a415c09	e35e0984619771f391c8df3d2f8dad1c
spa_for_eng:pod-1	15	7	147	Learner	61c044c2a6222467495eaa17584002ac	376104b5c665287b33a4b3df71fb361b
spa_for_eng:pod-1	15	8	148	Learner	5863e9c3f6af5532f5c1976e1abf3c51	0b3bff8c3cbd4993240fec74a9511cef
spa_for_eng:pod-1	15	9	149	Learner	4d25515ecd2c6d4fdc93cc9b79d7d955	f56a6fa0342d93687c324258b7196cd5
spa_for_eng:pod-1	15	10	150	Learner	b773561cda7c8b9491e2f95ae633ba38	9a86f7902fbd2894a9f4603da2f7ec9f
spa_for_eng:pod-1	15	11	151	Narrator	282514167b1fa48b244a74afbbd1d8b6	eba1245daf0d65cc1d6160ccf05bcab7
spa_for_eng:pod-1	16	1	152	Learner	a77e17ee7cf03a101e1a77676f435ed0	9eafb4da0eef364b90375b55537d25bb
spa_for_eng:pod-1	16	2	153	Learner	3acd66e0ec5c3ab39b473a44c19d9008	b3b90f8f5c48e9ab512dc566324ed037
spa_for_eng:pod-1	16	3	154	Learner	a0de3aea3a345c3bbd92ea0fdddb4279	63d80cfa06344b7d9f4045b7fba0cb9f
spa_for_eng:pod-1	16	4	155	Learner	4ee99e541fc2e7d0b272c367cc4fd08c	1077817e87520a09a8a2abc0190c9997
spa_for_eng:pod-1	16	5	156	Learner	eb2e907fd824e600e3a1108599bb6022	875936a84ce3549b311ad51323c3ac94
spa_for_eng:pod-1	16	6	157	Learner	3cc3e2a88abef503760863d0d3d9654f	2eacc883d508a1f175c2f2d0f3d324e4
spa_for_eng:pod-1	16	7	158	Learner	68ce5c701e3f9e568e08f62e4b25e15a	aa2623f2438db26bfc289ac08d18c9a8
spa_for_eng:pod-1	16	8	159	Learner	23ebcb919266a2721d4e2ba8176a7dde	65a2bf309c72a368908ff228b43e5c12
spa_for_eng:pod-1	16	9	160	Staff	cbc0f0eda98a08d7690c0b5c68d792ef	9650460a658b8f5dd8a906f1782c3f5c
spa_for_eng:pod-1	16	10	161	Learner	7bca93269639b084c848859300b8b08e	6f81b411447233cc4554546d3485e6e5
spa_for_eng:pod-1	16	11	162	Narrator	3c8fd7b3b079a857c7a11068c82ce8d7	91f7b0696c7c0fc707420471e844af02
spa_for_eng:pod-1	17	1	163	Learner	fec50ccedbc486dc3343164e87d7375b	3f918556b4706fc38a4f66b38ee11e93
spa_for_eng:pod-1	17	2	164	Staff	317483cf0616cfb13ecc10e768abc24d	b89bf636041965ef6e44581a0e66405b
spa_for_eng:pod-1	17	3	165	Learner	09db176d3e29724d4fd07be5492114ce	b2e9e73da95ff8e534a2c05be54469f1
spa_for_eng:pod-1	17	4	166	Staff	fba90664fb4ad4062b2a6ca2ab772ad9	ee1a2848e1d6e5a016074ba8e5f9df67
spa_for_eng:pod-1	17	5	167	Staff	2961fe060f6c72c83cb73d0c398cdf9e	a2ac474dcab961749b90674a53304753
spa_for_eng:pod-1	17	6	168	Learner	3c0c9a970085774b925ea9335cf57f44	218566fe0117cad5e42b24674ac59854
spa_for_eng:pod-1	17	7	169	Learner	0607984dc0d4be6d99f5cf6c73c46346	6f23d3e4fbf9fb84eadce090d6e21e0b
spa_for_eng:pod-1	17	8	170	Learner	452e18559690a4fc0addea4ff4dd3df5	89d84b38c76d0c63271993c96159335c
spa_for_eng:pod-1	17	9	171	Interlocutor	60b25564068a3b6abab8ffe5fad8d599	60f59d8aa7095fbf4d63419a67291235
spa_for_eng:pod-1	17	10	172	Learner	0129245770a92619957c2067e24ae5ab	cb2b984f6c5a6652552f5a52433e9043
spa_for_eng:pod-1	17	11	173	Narrator	661b2a0cbd008347aa7315f138c4ff9f	e9b4223aa4445b27cd280248acac1ce9
spa_for_eng:pod-1	18	1	174	Learner	2997c38aff8ad9898415f1234ea4432c	200c3546a879a0ce8458e37ec1dea3f3
spa_for_eng:pod-1	18	2	175	Learner	96440d11558bde04fc9a409f7ae9c861	29a9cbbfaa50d8b1fba17c8ddf1af426
spa_for_eng:pod-1	18	3	176	Learner	719490bb88e1558aabf208a5d85a1f06	a15f9ace48459a3c4e3c4d737c41f653
spa_for_eng:pod-1	18	4	177	Learner	5d392430b8209396d5aac8d00f3fbc2f	1f1e50ef6f5759e0685d415825edfff4
spa_for_eng:pod-1	18	5	178	Learner	827bb7c34e9afb14a32437030e332333	bf2a03f0a7f78a5b14c9039a057ea050
spa_for_eng:pod-1	18	6	179	Learner	ed7b0845c51538b6fa541ec0857e94ed	ead58d7143eb35c36f5b78aa7009c68b
spa_for_eng:pod-1	18	7	180	Learner	a695a35a05d0a2589bf2bea083effdd0	d1d15242deb8a3a7bf0fae7c42c0a47a
spa_for_eng:pod-1	18	8	181	Learner	b60a3c502beb051c666c297f0581dbdc	deec3ef222041f80b3b966f9b6c515c1
spa_for_eng:pod-1	18	9	182	Learner	fb08e801c6c08b161e6402a1542f24ce	5c40a0c454e9a7788820e3cce62aeda2
spa_for_eng:pod-1	18	10	183	Learner	be9d16561269dc5c29c2b439a986b538	ea174e84d89f9dce1d8ddc975990cf28
spa_for_eng:pod-1	18	11	184	Narrator	78af37c2c1fb104e856c96942bf38dc6	4ae156b07d9bd5fae88713471a19e018
spa_for_eng:pod-1	19	1	185	Learner	cd8275fe22c325803df6ef7411bf906a	7c15f463d5f03199782a2b1f30c3c846
spa_for_eng:pod-1	19	2	186	Learner	ae9b2d9f935ba182776c2676185306f6	c8f053172ea3fa290e676bc9cde75458
spa_for_eng:pod-1	19	3	187	Learner	a012b108f6b7bbc33bffb69b724d6d85	4140109bcdedb65463d59334e5e425f0
spa_for_eng:pod-1	19	4	188	Learner	8ea4686deaede8c3b0d12e70204d6106	9e29640615f6f87aeff81f4e6c5b53bf
spa_for_eng:pod-1	19	5	189	Learner	5532430bab8042032ed8d1921f36443b	84fc461be123eda48d5bf41b0d1a0f73
spa_for_eng:pod-1	19	6	190	Learner	99c35e355dc2969916ec6a920eb8f542	5263aa615a62dd65c071d15ead5cfb6f
spa_for_eng:pod-1	19	7	191	Learner	9241295e85e12761011353cfa96ef771	ac3e999e4f5bae18ce949597989cf25d
spa_for_eng:pod-1	19	8	192	Learner	ddf5c93b768756f5363370e58e35b6c1	db14e1d9c46d468ce0c2a1942c9e5547
spa_for_eng:pod-1	19	9	193	Learner	6a04942d15b3d88726f360fda40d8331	b4d53d399c40313615294a5dbc3ad920
spa_for_eng:pod-1	19	10	194	Learner	121993352283c07e427dafd2cb9b30ee	380dc3308d4281d833de8337be86c632
spa_for_eng:pod-1	19	11	195	Narrator	12312cd5012e8da015aff6790ea13009	e1d859ceca82f3a29e9f5d6896683d70
spa_for_eng:pod-1	20	1	196	Learner	442734ec12ba0a096d1bacd998e5caba	a53e1713be20c3a621f4e8a3f6579843
spa_for_eng:pod-1	20	2	197	Learner	9d0c4eac3e32ceb4bedd70b946ad781b	60ad360bce4d369112c2efa49f353165
spa_for_eng:pod-1	20	3	198	Learner	6bf5579c956eb4fcc1a9bfeba8598d70	c26678bd3218eaa94031c1fcfdc92338
spa_for_eng:pod-1	20	4	199	Learner	75f1d384d18075c2dad3e38677ddf6cc	9f47f8766713f4c48173ed805c447f66
spa_for_eng:pod-1	20	5	200	Learner	9949a8502b3dcd552cc2ea99b25a4adb	2b6b87c53a652020c2650090c91f7040
spa_for_eng:pod-1	20	6	201	Learner	30033f5151f04ea5dcbfc476c97b37c1	c9596a3f82692ecbe36422e38d488d64
spa_for_eng:pod-1	20	7	202	Learner	e10b1b4dee679f09a1992febdff7647b	c61460556c733cd480ba0b2038b17bce
spa_for_eng:pod-1	20	8	203	Learner	275922072d3c5111225491b9e3f04ea0	251c226f2b72c6638554a1826535bdf3
spa_for_eng:pod-1	20	9	204	Learner	6db0c576d2576dd285e15c9d9ae589ec	2badaa9753a0c2d89b8f7fc048141886
spa_for_eng:pod-1	20	10	205	Learner	181a6174879faf1644eeacd83b549602	39a4a36539151c49ff0aea2901d6e46c
spa_for_eng:pod-1	20	11	206	Narrator	629a11e82b1bfb7fa5137c82be567e5a	b00aa4bbb11b7c5b8a41297fedf164e4
spa_for_eng:pod-1	21	1	207	Learner	fbc2fd804b5b755650aeb14671bc1c8e	31883c238e38aa97c19879601c538da8
spa_for_eng:pod-1	21	2	208	Learner	25c2df9ed39742decae913745117e444	9c9b76e67042fad2983f6f9bb337bc11
spa_for_eng:pod-1	21	3	209	Learner	81218a3854400f566609267c7df195ff	fc2e6722bb0d2092c14338f4bc961cbc
spa_for_eng:pod-1	21	4	210	Learner	113c44b3d36cff82b952068280a2a507	6a301630a41e5723851c6251001c9cc4
spa_for_eng:pod-1	21	5	211	Interlocutor	97c1896e44e2f8377bef1995267f438c	69c80eebef962f3c3eeed4411205993d
spa_for_eng:pod-1	21	6	212	Interlocutor	d83ab76eac4acb0da469885fb82c76bf	e687907c0087a79ee8305dd114fa50ea
spa_for_eng:pod-1	21	7	213	Learner	a3ac78b20a2d11d991d583f2416434d9	8e4d431911a139dc828de7241d404d22
spa_for_eng:pod-1	21	8	214	Interlocutor	a8f9928ff0f4bbf7d2894c36043f8d35	11ea5656b70267c62d122e06d3f25ef2
spa_for_eng:pod-1	21	9	215	Learner	8e4eabeda7259b9d8e7461488a71058f	f7a808574ea1968957fdacd409e5e52e
spa_for_eng:pod-1	21	10	216	Learner	ca36babf37383a22aea9bb0f1d0b9ee1	8f5bd996aacf8dd34f3367288430eebf
spa_for_eng:pod-1	21	11	217	Interlocutor	157b63d89e0e41ac75a2b8f1e173ed3a	02cff8540cce3fccea77fea5e2829615
spa_for_eng:pod-1	21	12	218	Interlocutor	e65e48ee6459e5904b8c7213eec5c6c5	a0065434b80f7195e6738e99841ac35a
spa_for_eng:pod-1	21	13	219	Interlocutor	e3c96cfed6f7133b59ef28d60b8b096d	834c571189557c45f8dc2513b23484f5
spa_for_eng:pod-1	21	14	220	Narrator	da1dcfca567dd0e4d2f34c51440e9ff2	c8ed10c9fc68227d7fe17887b558a9c4
spa_for_eng:pod-1	22	1	221	Learner	cec34e0a59b9909d7ae45cf85140ddab	06c261bcbfb01b0cf689f86a9ea6e9cc
spa_for_eng:pod-1	22	2	222	Friend	5a5abca9896af4e0cd26c2fec205ac21	a8040b0a3d95ef89e87cf43deb00c5ca
spa_for_eng:pod-1	22	3	223	Learner	95c92168bacfa7b35ea9593841456e06	b4e60a590a50dc74baf7ed4bf5bc4be6
spa_for_eng:pod-1	22	4	224	Friend	f6c870c790981a5f5542b65f72ff237b	15d6200415181b8eb1c842a1a53a0917
spa_for_eng:pod-1	22	5	225	Learner	1a6f088c6c0de460c48a7129d2a5531c	beb0394ce89cd9183e5d903dcf4183a8
spa_for_eng:pod-1	22	6	226	Friend	d790bb0d8388947d58dcd97995fd8bee	45d1ebe3d144f06d2081764f9c28d11d
spa_for_eng:pod-1	22	7	227	Learner	b752c2314e9afc2139fae9ad0165ee83	a1c3d02f7c119f1dbfde1c0e56a04a97
spa_for_eng:pod-1	22	8	228	Friend	a64337fcf249919e0b83b510bb33428d	4f58f4573664f9efa73634407ac75947
spa_for_eng:pod-1	22	9	229	Learner	5d8026f3e8ff78d6e1186354f8bef047	95d5aca2db8946dea751606ddb0377ab
spa_for_eng:pod-1	22	10	230	Friend	9f386ccc0233031b46b8c44dab5ba5d3	29827b2e81eb3bb465dad6e9ef61e523
spa_for_eng:pod-1	22	11	231	Learner	02c85ad9534a2d0ca8ddfa32d368f636	e5731ee5d0709cc7bd90f62bc4d1d9b0
spa_mx_for_eng:pod-1	1	1	1	Neighbour (8 am)	80ce7a78d44b56edb311219ca2297122	6ee0944e54db0524ecde74e6c629de1b
spa_mx_for_eng:pod-1	1	2	2	Sarah	f6a30a637b25c252e7ecf8aea9d07765	aa26f2a183c4e0e6ed68f15e08ffe05a
spa_mx_for_eng:pod-1	1	3	3	Neighbour	e86960d5c75c57ee07d1f302b8384ad1	cc464cfe2d26532c0418f4836ee5ebb5
spa_mx_for_eng:pod-1	1	4	4	Sarah	afe05c8565a992a2601235d8dc1e48b5	35b94c213869adfc71dedf98d510b4a8
spa_mx_for_eng:pod-1	2	1	5	Sarah	dec3f6b7a67fd1350caf7f79a5a7161a	1ebc5a6271df1e0684e2e7b9c41bb18b
spa_mx_for_eng:pod-1	2	2	6	Passenger	f72710e2aa1d8a7f4357a2bec18de579	5e5d8b3c6f8bc430e1479d0777a768e2
spa_mx_for_eng:pod-1	2	3	7	Sarah	e745fe3145f59ec9cc615fbac89be59b	10902ecda3dc2372dc9cf570f2c80a9b
spa_mx_for_eng:pod-1	2	4	8	Sarah	0a796554c7964088eae5cef2be75ffcb	1fb41845d0728f8c10727a8ce966c6f9
spa_mx_for_eng:pod-1	2	5	9	Passenger	34379863bdeae03ad054acc45fa0bd35	7c8caa73ae0269729cf079b955fa2489
spa_mx_for_eng:pod-1	3	1	10	Barista (3 pm)	ef46001feef946bb6165e9a892909cd3	129b85d1178d6f963422c4224881b233
spa_mx_for_eng:pod-1	3	2	11	Sarah	891b8662232b4f74b5561f0714f7659c	9e08c222b5d1a39384a1b5fddfbf25ea
spa_mx_for_eng:pod-1	3	3	12	Sarah	3cc3e2a88abef503760863d0d3d9654f	6885fc15633ab4b868aa5151e79d7186
spa_mx_for_eng:pod-1	3	4	13	Sarah	ce27ce2f5deab0e5379accfad0a47c8d	a60b2d126f8c7ff9ac38fbfa4364cb1c
spa_mx_for_eng:pod-1	3	5	14	Sarah	f0894ba3114baf9b08b8ca095e701d03	31d093097e4bfea2a6dd0ab4c22a6b15
spa_mx_for_eng:pod-1	3	6	15	Barista	74043ed160e18ec22501e7af19560f59	f031182f541a00bfb1a31493235217b1
spa_mx_for_eng:pod-1	3	7	16	Barista	4ada75334efa3ccb6cae2f862fc41438	ef43722ddbda655542b7cdb02bb936b6
spa_mx_for_eng:pod-1	3	8	17	Sarah	c2bd69bbc6c1a5a5f5f3765c31f7354f	cbf8659af4f5ca4c927d141bfe3faded
spa_mx_for_eng:pod-1	3	9	18	Barista	df75c86dbca76f9d254cd3b4e7604310	6f61d97ffddb4a91e45afc5f67e73c69
spa_mx_for_eng:pod-1	3	10	19	Sarah	3d2d52c5e1bb1392e7db16d56a677dc6	54cf197a5697f647ff03a2b52745b533
spa_mx_for_eng:pod-1	4	1	20	Friend (7 pm)	c9d1df30bcd7d0890e7bea90c7c91cd1	de62d7bb305c2be6a133ea17a0af37b1
spa_mx_for_eng:pod-1	4	2	21	Sarah	6c3c7db2acfc8c041ec3f248d2a869c5	01495caf915e2d5c88205615c813d856
spa_mx_for_eng:pod-1	4	3	22	Friend	6309b85abef70b58d5a63282b6081d4d	6c683c3f18a71bc5a60a51245f7ea8e3
spa_mx_for_eng:pod-1	5	1	23	Neighbour (10:30 pm)	49ef71881d2dcaee8eb9b13d20d66e35	139e47766b4ab1bc6c2e30d8275d570d
spa_mx_for_eng:pod-1	5	2	24	Sarah	165d0c5bb9f02694b43a05fcc0166810	5a620928d6e45913a894808d7501ec80
spa_mx_for_eng:pod-1	6	1	25	James	cf56ca39e1db38789faa21aaedb3697a	b37cd01c3b7738424f852aea2063a505
spa_mx_for_eng:pod-1	6	2	26	Anna	aaf68a736e568ac374b8ad46bdaf78c3	b214d1387a552e4c9be132984796bcc1
spa_mx_for_eng:pod-1	6	3	27	James	0d5129b8704f4a5f4ac4ddf3ea56980d	085e3c08f2ffecfb23cbb422d831688a
spa_mx_for_eng:pod-1	6	4	28	Anna	b3dc0fc6ba0a09842f1a390b6b139c70	0639e512b88fa8fcaebd5b9666928c7c
spa_mx_for_eng:pod-1	6	5	29	James	9eef7a8488b3ec335a45ee698b7dc627	79426185551098a662d1143e775cea18
spa_mx_for_eng:pod-1	6	6	30	Anna	df3d849ffe63d66328193926511c6962	755656594f1fed66195e576bafc459ce
spa_mx_for_eng:pod-1	6	7	31	James	743d7c6473bbc9b67ff4ae33005fea68	19d2869419a133d649ed42141a675cc0
spa_mx_for_eng:pod-1	6	8	32	Anna	b9b0f1c0cd1470cd025d99eba5cf336d	9ebc765a5bc5d2479243dede501bd3a0
spa_mx_for_eng:pod-1	6	9	33	James	b1c70fe49a8be49b2033f8dd9adb1920	f5c7d67b764a26f52636620ff85acd51
spa_mx_for_eng:pod-1	6	10	34	Anna	c900028e9980fb102acb25074aecabe5	9611b73d7680bf9a3b5637d7685e689c
spa_mx_for_eng:pod-1	6	11	35	James	096f932e3ae879633c69948f53716fa6	5f34e333ac660776c7b01f074b5e1871
spa_mx_for_eng:pod-1	6	12	36	Anna	5ceda5452e979dc264e59d07976bdc88	7c9e94e54ff783200c75ad1afddf413b
spa_mx_for_eng:pod-1	6	13	37	Narrator	f824d1e55b7647e07c1cd286b981cb87	a9df7ad4db2e1971fb021f5644e1d0ed
spa_mx_for_eng:pod-1	7	1	38	Cafe Barista	2a3320ccf33fb2aede4bc54914bd1223	cbc2167ecf008fb033b5ac98aa1b364b
spa_mx_for_eng:pod-1	7	2	39	Cafe Customer 1	30a602072a2e643cf74e86da9d04fc0d	501783348c585c978802f4fdc48329f4
spa_mx_for_eng:pod-1	7	3	40	Cafe Barista	053350dbaf84035e9b8c29864c009aeb	7ac946487706bc9ebf9c41d16197e6de
spa_mx_for_eng:pod-1	7	4	41	Cafe Customer 1	b844fefe4e37323499c229dbab47f866	56d632d7eac284ed7db82ac6573a506e
spa_mx_for_eng:pod-1	7	5	42	Cafe Barista	e261b901e041ae0aae396123522c1bef	45787a9f76a00ef648b4e54a736ed6b5
spa_mx_for_eng:pod-1	7	6	43	Cafe Customer 1	df144e08be6d151382bac693112432d2	c43ecbf12526a32e59d7eda3876fb7d4
spa_mx_for_eng:pod-1	7	7	44	Cafe Customer 2	ac585943dfc06e1394ce6b7895b82fb8	ce4240fcb8bb7b3e0431cc6ea45df5d2
spa_mx_for_eng:pod-1	7	8	45	Cafe Barista	1b2ee1e7a6fa7a19d1627ec4ffa4ad82	92b16311b9402c95a838d93fb1501a31
spa_mx_for_eng:pod-1	7	9	46	Cafe Customer 2	c9eb22c54b023bbb5f746e50405bb2f1	0ad80a8eecd77a5db88121c57e75b9bf
spa_mx_for_eng:pod-1	7	10	47	Cafe Barista	8772a6acac9b2a4d8da1e51708db2a59	2de61305988afb0d32d84b087e36cd48
spa_mx_for_eng:pod-1	7	11	48	Cafe Customer 2	2f1b10af74f4fdc690c76fbe6c1471e6	83f6d2006a0205d1f04f37ad2cdb4223
spa_mx_for_eng:pod-1	7	12	49	Cafe Barista	d908a5bc9961144cfad779d36e7517cd	f4707ef64079b9bd3120486cd8cd1da6
spa_mx_for_eng:pod-1	7	13	50	Cafe Customer 3	98dfc98bd4b951c5a6652351ff0c1bdd	440747e4c5a705e28463a93bdb2355ba
spa_mx_for_eng:pod-1	7	14	51	Cafe Barista	6aa5c6c767e2a1ca6ba5bfcb7d9603c0	e53c40e2fc9be5922a1f67265e084b06
spa_mx_for_eng:pod-1	7	15	52	Narrator	23dcdc59b314a64482d48a41766d9bc7	e2fd9610c4c8e82a1f7efcfc3206ffea
spa_mx_for_eng:pod-1	8	1	53	Bartender	9a56b2405dfe4c409806e0f8173cb8ba	95e5cc8503c5b06fc599d942c1b95aba
spa_mx_for_eng:pod-1	8	2	54	Bar Customer 1	feb05883d8b91643141ba77cc62cb8ec	59d9c371c00f5aa6e9263c08a30a42b2
spa_mx_for_eng:pod-1	8	3	55	Bartender	6d94b2b4e140dfb3744558a6f48db5c2	4930a264ba1351fc1f2be2eeb0503e43
spa_mx_for_eng:pod-1	8	4	56	Bar Customer 1	9607874ba3bb9e97e4cf16601445c7b7	1fb2b2c11bb3d11e65e41029d3da1abd
spa_mx_for_eng:pod-1	8	5	57	Bar Customer 2	5797cd01affb9e318f03da57ee97a4fa	64e908148bb806be4c5b82b6cd67f3cc
spa_mx_for_eng:pod-1	8	6	58	Bar Customer 3	817ba855c4d3bd8a1607c8de7abbeefc	5705209f2f526bf4a4e906fdff5e8666
spa_mx_for_eng:pod-1	8	7	59	Bartender	71a73413a48dc02e0732a07ea6db9573	463cfc4e55bd3de5f4c5f6998798c8ff
spa_mx_for_eng:pod-1	8	8	60	Bar Customer 3	07ba7309c032f3593c6573ba6a1d0b76	1caace2cdd8542fe8ae296efab852317
spa_mx_for_eng:pod-1	8	9	61	Bar Customer 1	38cb05a4e6d0b839acf414f4dd0545fc	52bff53cb70f6415f72fa87fdc38b652
spa_mx_for_eng:pod-1	8	10	62	Bar Customer 2	308d75ba4d056159e814ca8c122abcd5	913165018eb8739a5a0f0613c937fc94
spa_mx_for_eng:pod-1	8	11	63	Bartender	3dbdd9a8e5c9ff55a21415888aeb5711	cb7282d0097a8ca0c2d2839f0095852d
spa_mx_for_eng:pod-1	8	12	64	Bar Customer 1	1146ea321fed8d8f80ccb38dc12b0feb	54cb51c8fb37ecd2e04ce14848f2444d
spa_mx_for_eng:pod-1	8	13	65	Bartender	01ba40f63e7662d056db5d8b8f86b889	3feeb7bb1aa528b75366afe8ec9bfa2e
spa_mx_for_eng:pod-1	8	14	66	Bar Customer 1	2657931effbcfd906c49f9f56375f96a	db93cc48e1c5ade124d2f44fe0a847be
spa_mx_for_eng:pod-1	8	15	67	Bar Customer 2	3657487c48baf955e7269498b77c1f8a	423abcaa566f0bf44715381b375bf04e
spa_mx_for_eng:pod-1	8	16	68	Narrator	b2c702937a62ef54000d8b031b68b8e4	9c0bcc5415e835cbe990d35954130c8b
spa_mx_for_eng:pod-1	9	1	69	Diner 1	9f44974e7189b3932b5765cac4199c0e	f47c0ccfc3f79c83d8dbb18e994935a5
spa_mx_for_eng:pod-1	9	2	70	Waiter	7463379791fa8246ed9ecc3024dbb2bb	718e6f797347b8fd4b3f45a6622a4446
spa_mx_for_eng:pod-1	9	3	71	Waiter	873ef287dcd109aea214bb094966a66a	aecedd04a4e5cf7a1cd5b5239e80ae9c
spa_mx_for_eng:pod-1	9	4	72	Diner 2	c4db8fc9b5bd294fe4b4258dcc397517	91ae74f00f07601e9babaa242c7a5d36
spa_mx_for_eng:pod-1	9	5	73	Diner 1	ec3ff92b469adcdcd5dd0499e9aaf52c	ea78ed82157a414c5169aef49b3b477e
spa_mx_for_eng:pod-1	9	6	74	Waiter	138688b6af83ff63a1af001203274fa1	a86c30a79c6077cce89f3534133f9c30
spa_mx_for_eng:pod-1	9	7	75	Diner 1	d27add9e3cdaefa5f1efc65d26b63635	08f808be58b2d99c383869f4bd2b9e5f
spa_mx_for_eng:pod-1	9	8	76	Waiter	094a66c6da9c2944612694f2ddd81d92	63b23d49d9cc4cbfcd2e579d529fafa9
spa_mx_for_eng:pod-1	9	9	77	Diner 1	793ced5505e6944c738c8e13ffcabfda	06214f9b4ac4ad391f2d5ea78b71cde7
spa_mx_for_eng:pod-1	9	10	78	Diner 2	7ff97d3f8a2e0137802f906ccd3667db	9581444710a2c46fbe4893e417a9fa3d
spa_mx_for_eng:pod-1	9	11	79	Waiter	6cf3979a65b9559ea321e93d47ab8268	60358de534ece5a38b06fd63bc1f3b38
spa_mx_for_eng:pod-1	9	12	80	Diner 1	88dfd44cbeed90c7a14d1bf076ebd1f8	98f46984f350be53caf0d8042b08fb4d
spa_mx_for_eng:pod-1	9	13	81	Diner 2	b779d23c01a47ae4b1893509566da757	4e89e1708e54fa14e52a5316232da8c5
spa_mx_for_eng:pod-1	9	14	82	Waiter	1abe2faaa75f6b64f0d83382aa3299d9	4d3da2ee5e65d6f8789ba8a5e3aa642c
spa_mx_for_eng:pod-1	9	15	83	Waiter	3ebb6c59189c6892a5844c3f6fa50862	de28fcf5d0a220f3654a7d2910a5b135
spa_mx_for_eng:pod-1	9	16	84	Diner 1	8f839dba7bf3799e607dd9247bbdee70	40123960824b4440b27f97076b2993df
spa_mx_for_eng:pod-1	9	17	85	Diner 2	ffc974719ff41c49494321c1988862c6	1b6b76e0bdc8953ab878905b8cc52df9
spa_mx_for_eng:pod-1	9	18	86	Narrator	543c5bcea0221342b09bab891a21c2b3	418fc34f8a619847c1ec0523c838a8a7
spa_mx_for_eng:pod-1	10	1	87	Customer	d384cbd0ebe2d11597595a8a339bfd09	136151eba56ff0f31b5d130954df5f15
spa_mx_for_eng:pod-1	10	2	88	Assistant	b7f56d060e99d7be9a388b2bf79db58a	e4cbe079c0dcc535e9cd8aaef51c9797
spa_mx_for_eng:pod-1	10	3	89	Customer	cbde2726308271b3fef7353fdc95a61d	93693bd14a65a0bf93904aa6a6980234
spa_mx_for_eng:pod-1	10	4	90	Assistant	e6c1fc0daa66204b444b17087a69fc2d	d0f2cb73e1e5371d15cfeb2681bae7c5
spa_mx_for_eng:pod-1	10	5	91	Customer	3ed92d54641a299938d1be10baa4cd40	f1aa603fd2b80fab9a0764ddba8ba5da
spa_mx_for_eng:pod-1	10	6	92	Assistant	e9fa6ada2cf0d81d2043dcd843d21edf	27b11b3461c2c22a832ac7a15cc39f15
spa_mx_for_eng:pod-1	10	7	93	Customer	42dbc2cffc309bbc97824a02f0bb172e	1d40abee6285888e49c74dfb5bcf9927
spa_mx_for_eng:pod-1	10	8	94	Assistant	1e67d849bfd1b43a38fb8b96358aa46d	53dcd6f02e81151495fc88de75e291c9
spa_mx_for_eng:pod-1	10	9	95	Customer	659e06a83b14c47f7886bdb8513b4eb7	af34007c4a4c86f3d16a6c54f4934fff
spa_mx_for_eng:pod-1	10	10	96	Narrator	a35538e77d744a5aa1b6c8c5241a97c9	88c1ab6fdafe008af86fe0b06f4c841b
spa_mx_for_eng:pod-1	11	1	97	Guest	33f7a928166ac8056362c47c01163f0b	cc55707d7078fc7aa2cb496d4ff3f91e
spa_mx_for_eng:pod-1	11	2	98	Receptionist	7b5e8680476862a4dcc005e9764c5569	f686f5ac142a24984957aaa44464e88f
spa_mx_for_eng:pod-1	11	3	99	Guest	9f0619b7c95442ad0d8b954524e50ee2	ec7626acc5bc14df9335862c416ea34f
spa_mx_for_eng:pod-1	11	4	100	Receptionist	d6c2df59fb67ef48eba803d8c4878e4a	552df0d976f1a2d84d4af72d95e5b59a
spa_mx_for_eng:pod-1	11	5	101	Guest	c7e89dc0f3ee16fcde5739c1d53e9baf	7b0407dc87cc2c4961a945606a5eadc4
spa_mx_for_eng:pod-1	11	6	102	Receptionist	b22f40044aa1268fd96a1c0fdac9a8fa	bb3123fdb334f284bcb1af62f7f238e7
spa_mx_for_eng:pod-1	11	7	103	Guest	9b00a1d5258f71c7c778b5f6834bcf13	225256efd81262ffe2b947381a8cf080
spa_mx_for_eng:pod-1	11	8	104	Receptionist	8750f3692fb7e766f98efb5651ffcda0	7361204e12235a4165e525c8993dc914
spa_mx_for_eng:pod-1	11	9	105	Guest	e2265b4b82eb4de6438dfae4e9757a3c	4c3bd72192248f3b689ac3bdb789ac2c
spa_mx_for_eng:pod-1	11	10	106	Receptionist	939dbdde8472845424435453b24a9559	0598c0d2d13ded214ea462b251a0d013
spa_mx_for_eng:pod-1	11	11	107	Guest	a611e857f8a8930e1d8d86773b750934	77bb11ec8afd06d6b134f6f69df41802
spa_mx_for_eng:pod-1	11	12	108	Receptionist	b68a96fa372cef79314ce57cfad12552	84e3ae341108982767642713c846233a
spa_mx_for_eng:pod-1	11	13	109	Narrator	de0f8addf5c6613eaf3dead7af1564af	a039db0b2a75b9ef42c456afbf08acb2
spa_mx_for_eng:pod-1	12	1	110	Customer	9ee0111a8151b5d949a1e0b8e75cd91a	2e0c0d4948556b0a6de58e3ddc21395d
spa_mx_for_eng:pod-1	12	2	111	Pharmacist	7c2e8873bfe1c720ef4cee47a3fef403	64b835aa122947a9ec0e4602f081f977
spa_mx_for_eng:pod-1	12	3	112	Customer	8d10bcb9a8ffc292540fe5490cdabc0b	ffc7160bc08caa75a27c0e47e6829382
spa_mx_for_eng:pod-1	12	4	113	Pharmacist	c2a8840b23ec570d9c07ac01f715e6d9	48bcf2e67a7019da71d9e7c0f7c92a44
spa_mx_for_eng:pod-1	12	5	114	Customer	c0bca656e3687f11a29de4b407f9f26e	599ac705b6e160bfafeca6ee3ff9c0b7
spa_mx_for_eng:pod-1	12	6	115	Pharmacist	b89cd053a62a60905f516c4133db1105	e592ec2ece61a026f44312af940f04ab
spa_mx_for_eng:pod-1	12	7	116	Customer	a3c2682b3dab331ca880e796134fd9a9	ac82c32fe908849dd80acbc6a9b1fe4e
spa_mx_for_eng:pod-1	12	8	117	Pharmacist	a3e5fa386ac8cf11a917d5a0a4ee313c	f0be03f62fc608c755238e341759c65c
spa_mx_for_eng:pod-1	12	9	118	Customer	559bd84f41798bec184ed6a6c24fed6f	e42037889344d661179702232365b051
spa_mx_for_eng:pod-1	12	10	119	Narrator	a1ced3d1295b6c284bc17e31e33417b9	7356639b43b69fb452e712e88ca612ea
spa_mx_for_eng:pod-1	13	1	120	Tourist	612c92b2e56fa184ead237ffbcca7ccd	daca79f72d2e3ffc8ed3cf8c833b5595
spa_mx_for_eng:pod-1	13	2	121	Local	f0ea9c27cad732da6867b4e1a1e6fc61	7c12a65de20b42e05db3777842ff80cb
spa_mx_for_eng:pod-1	13	3	122	Tourist	1690a7cb750676c4adc453e44fa72b4f	444f9aa0aa56ed882191729a3c3fe78e
spa_mx_for_eng:pod-1	13	4	123	Local	a62d4ae140292931730ffe73ccb0429d	7528fc391ebf65dd55f321c7dbb62608
spa_mx_for_eng:pod-1	13	5	124	Local	368bc396fbd4bd780ed07cdfb531357c	ed54becb0e49e16df83cc60466efa8d2
spa_mx_for_eng:pod-1	13	6	125	Tourist	7ff0a7f844800a19d38a7e500f3bdfdb	225eb9e5c0f9d0b57652f113e937f8e5
spa_mx_for_eng:pod-1	13	7	126	Local	59cd8f356f364f7c8d4801031010d225	7195a8c13810d9b9853c3c211f616a9e
spa_mx_for_eng:pod-1	13	8	127	Tourist	7a3b6392b282f187a5c0a86924227786	9c909612cff0b9fb58decf8506cb50db
spa_mx_for_eng:pod-1	13	9	128	Local	834fc175408d2a7759bad4a92753f164	759bd7d3204fa55d3e3b463340506aa2
spa_mx_for_eng:pod-1	13	10	129	Tourist	f747c9659216e9c270cce41b8340aa7f	d84dc29ab18369e040cfb3b3899f2394
spa_mx_for_eng:pod-1	13	11	130	Narrator	2dc6ab9afd9a21edd927f587a07b4795	4ff53b91110304c96b46805771c7f4aa
spa_mx_for_eng:pod-1	14	1	131	Passenger	b4e65b9a318268b27515a7d53fa94311	c58ec5f5bbb7c695c418f6b4ea356da1
spa_mx_for_eng:pod-1	14	2	132	Driver	f195db5b6b5b7848e24796fddbdfd165	27652fc6bc26f1807c076c5dc3969133
spa_mx_for_eng:pod-1	14	3	133	Passenger	eca4201657ce45e1f19ed0d6e9c3235a	a4e86846455e65cdebe8cc6e028ec556
spa_mx_for_eng:pod-1	14	4	134	Driver	2230c86feba18d8f0218500398913a01	39d0ed883ef886cb909f83a13c8b51bf
spa_mx_for_eng:pod-1	14	5	135	Passenger	06aab5e3a8d17a44de1eeafb1c9e67f9	f33af4b471e77de0eee25686f789cab5
spa_mx_for_eng:pod-1	14	6	136	Driver	dab3642b45cd8f8346ebbf287e9e8ace	dcad5fc92e5bfad25efde3fd1acf1dee
spa_mx_for_eng:pod-1	14	7	137	Driver	819f407eb880812871a94ca0fdd18769	50f60b36ab55c687d9418741fdbef5b1
spa_mx_for_eng:pod-1	14	8	138	Passenger	fdb0261867bab2f697e7ef5ce825cf9b	bd0f8de5afca3e57a99b1f58619dc6c9
spa_mx_for_eng:pod-1	14	9	139	Driver	161ea943713bf469f663379b86a10792	9bbc74c3fab1a78c5d2faffeef46810f
spa_mx_for_eng:pod-1	14	10	140	Narrator	2b17545fc83b961dc4a1fd87f826fbad	55c9f6473f40cdb17d4d7ab4409a232b
spa_mx_for_eng:pod-1	15	1	141	Learner	94b09f3a49af031647d87d32495e28b6	913bb5faa544c775b1fd10a63c47dbc3
spa_mx_for_eng:pod-1	15	2	142	Learner	cf3cbf02393a0425c49b5c92c1bac74b	a09180b6842fda593edc9e60043a5a0a
spa_mx_for_eng:pod-1	15	3	143	Learner	f62f207508246971bd7c3b6bfbac2c65	af1da60e13065be4a6990b5e69892926
spa_mx_for_eng:pod-1	15	4	144	Learner	21ae0940979b811fd4afe60189b09a46	47f8bf53caeeded147506c90240992b5
spa_mx_for_eng:pod-1	15	5	145	Learner	9258c9648dbc9efb1182f36d415c7f59	a8eea28a3fa662b1ea97dfb76e81a785
spa_mx_for_eng:pod-1	15	6	146	Learner	bfc50be01adc3d36bb9ef35f69f189cf	e35e0984619771f391c8df3d2f8dad1c
spa_mx_for_eng:pod-1	15	7	147	Learner	81e7747a87ab2835f81247a9a7ba6b67	376104b5c665287b33a4b3df71fb361b
spa_mx_for_eng:pod-1	15	8	148	Learner	86af544df2aa45b14bcf9615b5b7e9b2	0b3bff8c3cbd4993240fec74a9511cef
spa_mx_for_eng:pod-1	15	9	149	Learner	4d25515ecd2c6d4fdc93cc9b79d7d955	f56a6fa0342d93687c324258b7196cd5
spa_mx_for_eng:pod-1	15	10	150	Learner	b773561cda7c8b9491e2f95ae633ba38	9a86f7902fbd2894a9f4603da2f7ec9f
spa_mx_for_eng:pod-1	15	11	151	Narrator	282514167b1fa48b244a74afbbd1d8b6	eba1245daf0d65cc1d6160ccf05bcab7
spa_mx_for_eng:pod-1	16	1	152	Learner	a77e17ee7cf03a101e1a77676f435ed0	9eafb4da0eef364b90375b55537d25bb
spa_mx_for_eng:pod-1	16	2	153	Learner	ad8a058ecfb8151b39a8e13cdf2dd2ff	b3b90f8f5c48e9ab512dc566324ed037
spa_mx_for_eng:pod-1	16	3	154	Learner	a0de3aea3a345c3bbd92ea0fdddb4279	63d80cfa06344b7d9f4045b7fba0cb9f
spa_mx_for_eng:pod-1	16	4	155	Learner	4ee99e541fc2e7d0b272c367cc4fd08c	1077817e87520a09a8a2abc0190c9997
spa_mx_for_eng:pod-1	16	5	156	Learner	eb2e907fd824e600e3a1108599bb6022	875936a84ce3549b311ad51323c3ac94
spa_mx_for_eng:pod-1	16	6	157	Learner	3cc3e2a88abef503760863d0d3d9654f	2eacc883d508a1f175c2f2d0f3d324e4
spa_mx_for_eng:pod-1	16	7	158	Learner	68ce5c701e3f9e568e08f62e4b25e15a	aa2623f2438db26bfc289ac08d18c9a8
spa_mx_for_eng:pod-1	16	8	159	Learner	23ebcb919266a2721d4e2ba8176a7dde	65a2bf309c72a368908ff228b43e5c12
spa_mx_for_eng:pod-1	16	9	160	Staff	cbc0f0eda98a08d7690c0b5c68d792ef	9650460a658b8f5dd8a906f1782c3f5c
spa_mx_for_eng:pod-1	16	10	161	Learner	7bca93269639b084c848859300b8b08e	6f81b411447233cc4554546d3485e6e5
spa_mx_for_eng:pod-1	16	11	162	Narrator	3c8fd7b3b079a857c7a11068c82ce8d7	91f7b0696c7c0fc707420471e844af02
spa_mx_for_eng:pod-1	17	1	163	Learner	fec50ccedbc486dc3343164e87d7375b	3f918556b4706fc38a4f66b38ee11e93
spa_mx_for_eng:pod-1	17	2	164	Staff	317483cf0616cfb13ecc10e768abc24d	b89bf636041965ef6e44581a0e66405b
spa_mx_for_eng:pod-1	17	3	165	Learner	09db176d3e29724d4fd07be5492114ce	b2e9e73da95ff8e534a2c05be54469f1
spa_mx_for_eng:pod-1	17	4	166	Staff	fba90664fb4ad4062b2a6ca2ab772ad9	ee1a2848e1d6e5a016074ba8e5f9df67
spa_mx_for_eng:pod-1	17	5	167	Staff	2961fe060f6c72c83cb73d0c398cdf9e	a2ac474dcab961749b90674a53304753
spa_mx_for_eng:pod-1	17	6	168	Learner	3c0c9a970085774b925ea9335cf57f44	218566fe0117cad5e42b24674ac59854
spa_mx_for_eng:pod-1	17	7	169	Learner	0607984dc0d4be6d99f5cf6c73c46346	6f23d3e4fbf9fb84eadce090d6e21e0b
spa_mx_for_eng:pod-1	17	8	170	Learner	452e18559690a4fc0addea4ff4dd3df5	89d84b38c76d0c63271993c96159335c
spa_mx_for_eng:pod-1	17	9	171	Interlocutor	60b25564068a3b6abab8ffe5fad8d599	60f59d8aa7095fbf4d63419a67291235
spa_mx_for_eng:pod-1	17	10	172	Learner	0129245770a92619957c2067e24ae5ab	cb2b984f6c5a6652552f5a52433e9043
spa_mx_for_eng:pod-1	17	11	173	Narrator	661b2a0cbd008347aa7315f138c4ff9f	e9b4223aa4445b27cd280248acac1ce9
spa_mx_for_eng:pod-1	18	1	174	Learner	2997c38aff8ad9898415f1234ea4432c	200c3546a879a0ce8458e37ec1dea3f3
spa_mx_for_eng:pod-1	18	2	175	Learner	514e4b1fc82f578cd80e801e89e04f5d	29a9cbbfaa50d8b1fba17c8ddf1af426
spa_mx_for_eng:pod-1	18	3	176	Learner	45a6476ab39a62478e0c1cf44f393b07	a15f9ace48459a3c4e3c4d737c41f653
spa_mx_for_eng:pod-1	18	4	177	Learner	5d392430b8209396d5aac8d00f3fbc2f	1f1e50ef6f5759e0685d415825edfff4
spa_mx_for_eng:pod-1	18	5	178	Learner	6d1b10f86d3af6cb8c663f60a3c6464f	bf2a03f0a7f78a5b14c9039a057ea050
spa_mx_for_eng:pod-1	18	6	179	Learner	8e3bd427db086c2956aa7b7006baa509	ead58d7143eb35c36f5b78aa7009c68b
spa_mx_for_eng:pod-1	18	7	180	Learner	a695a35a05d0a2589bf2bea083effdd0	d1d15242deb8a3a7bf0fae7c42c0a47a
spa_mx_for_eng:pod-1	18	8	181	Learner	b60a3c502beb051c666c297f0581dbdc	deec3ef222041f80b3b966f9b6c515c1
spa_mx_for_eng:pod-1	18	9	182	Learner	4b5cca2bf8e6359b3c92bc07d7c785e1	5c40a0c454e9a7788820e3cce62aeda2
spa_mx_for_eng:pod-1	18	10	183	Learner	08e9a431fc12a05ba909048e81d0f39b	ea174e84d89f9dce1d8ddc975990cf28
spa_mx_for_eng:pod-1	18	11	184	Narrator	78af37c2c1fb104e856c96942bf38dc6	4ae156b07d9bd5fae88713471a19e018
spa_mx_for_eng:pod-1	19	1	185	Learner	cd8275fe22c325803df6ef7411bf906a	7c15f463d5f03199782a2b1f30c3c846
spa_mx_for_eng:pod-1	19	2	186	Learner	ae9b2d9f935ba182776c2676185306f6	c8f053172ea3fa290e676bc9cde75458
spa_mx_for_eng:pod-1	19	3	187	Learner	31484ae821697314da66be14cdede7cf	4140109bcdedb65463d59334e5e425f0
spa_mx_for_eng:pod-1	19	4	188	Learner	8ea4686deaede8c3b0d12e70204d6106	9e29640615f6f87aeff81f4e6c5b53bf
spa_mx_for_eng:pod-1	19	5	189	Learner	5532430bab8042032ed8d1921f36443b	84fc461be123eda48d5bf41b0d1a0f73
spa_mx_for_eng:pod-1	19	6	190	Learner	99c35e355dc2969916ec6a920eb8f542	5263aa615a62dd65c071d15ead5cfb6f
spa_mx_for_eng:pod-1	19	7	191	Learner	9241295e85e12761011353cfa96ef771	ac3e999e4f5bae18ce949597989cf25d
spa_mx_for_eng:pod-1	19	8	192	Learner	ddf5c93b768756f5363370e58e35b6c1	db14e1d9c46d468ce0c2a1942c9e5547
spa_mx_for_eng:pod-1	19	9	193	Learner	6a04942d15b3d88726f360fda40d8331	b4d53d399c40313615294a5dbc3ad920
spa_mx_for_eng:pod-1	19	10	194	Learner	121993352283c07e427dafd2cb9b30ee	380dc3308d4281d833de8337be86c632
spa_mx_for_eng:pod-1	19	11	195	Narrator	12312cd5012e8da015aff6790ea13009	e1d859ceca82f3a29e9f5d6896683d70
spa_mx_for_eng:pod-1	20	1	196	Learner	18c442780c76f8d6f607f3088cf36e5d	a53e1713be20c3a621f4e8a3f6579843
spa_mx_for_eng:pod-1	20	2	197	Learner	9d0c4eac3e32ceb4bedd70b946ad781b	60ad360bce4d369112c2efa49f353165
spa_mx_for_eng:pod-1	20	3	198	Learner	6bf5579c956eb4fcc1a9bfeba8598d70	c26678bd3218eaa94031c1fcfdc92338
spa_mx_for_eng:pod-1	20	4	199	Learner	75f1d384d18075c2dad3e38677ddf6cc	9f47f8766713f4c48173ed805c447f66
spa_mx_for_eng:pod-1	20	5	200	Learner	9949a8502b3dcd552cc2ea99b25a4adb	2b6b87c53a652020c2650090c91f7040
spa_mx_for_eng:pod-1	20	6	201	Learner	30033f5151f04ea5dcbfc476c97b37c1	c9596a3f82692ecbe36422e38d488d64
spa_mx_for_eng:pod-1	20	7	202	Learner	e10b1b4dee679f09a1992febdff7647b	c61460556c733cd480ba0b2038b17bce
spa_mx_for_eng:pod-1	20	8	203	Learner	275922072d3c5111225491b9e3f04ea0	251c226f2b72c6638554a1826535bdf3
spa_mx_for_eng:pod-1	20	9	204	Learner	6db0c576d2576dd285e15c9d9ae589ec	2badaa9753a0c2d89b8f7fc048141886
spa_mx_for_eng:pod-1	20	10	205	Learner	181a6174879faf1644eeacd83b549602	39a4a36539151c49ff0aea2901d6e46c
spa_mx_for_eng:pod-1	20	11	206	Narrator	629a11e82b1bfb7fa5137c82be567e5a	b00aa4bbb11b7c5b8a41297fedf164e4
spa_mx_for_eng:pod-1	21	1	207	Learner	fbc2fd804b5b755650aeb14671bc1c8e	31883c238e38aa97c19879601c538da8
spa_mx_for_eng:pod-1	21	2	208	Learner	25c2df9ed39742decae913745117e444	9c9b76e67042fad2983f6f9bb337bc11
spa_mx_for_eng:pod-1	21	3	209	Learner	81218a3854400f566609267c7df195ff	fc2e6722bb0d2092c14338f4bc961cbc
spa_mx_for_eng:pod-1	21	4	210	Learner	113c44b3d36cff82b952068280a2a507	6a301630a41e5723851c6251001c9cc4
spa_mx_for_eng:pod-1	21	5	211	Interlocutor	97c1896e44e2f8377bef1995267f438c	69c80eebef962f3c3eeed4411205993d
spa_mx_for_eng:pod-1	21	6	212	Interlocutor	d83ab76eac4acb0da469885fb82c76bf	e687907c0087a79ee8305dd114fa50ea
spa_mx_for_eng:pod-1	21	7	213	Learner	a3ac78b20a2d11d991d583f2416434d9	8e4d431911a139dc828de7241d404d22
spa_mx_for_eng:pod-1	21	8	214	Interlocutor	969b844ac3adf222f8b6a61ead5f3e68	11ea5656b70267c62d122e06d3f25ef2
spa_mx_for_eng:pod-1	21	9	215	Learner	8e4eabeda7259b9d8e7461488a71058f	f7a808574ea1968957fdacd409e5e52e
spa_mx_for_eng:pod-1	21	10	216	Learner	ca36babf37383a22aea9bb0f1d0b9ee1	8f5bd996aacf8dd34f3367288430eebf
spa_mx_for_eng:pod-1	21	11	217	Interlocutor	157b63d89e0e41ac75a2b8f1e173ed3a	02cff8540cce3fccea77fea5e2829615
spa_mx_for_eng:pod-1	21	12	218	Interlocutor	e65e48ee6459e5904b8c7213eec5c6c5	a0065434b80f7195e6738e99841ac35a
spa_mx_for_eng:pod-1	21	13	219	Interlocutor	e3c96cfed6f7133b59ef28d60b8b096d	834c571189557c45f8dc2513b23484f5
spa_mx_for_eng:pod-1	21	14	220	Narrator	da1dcfca567dd0e4d2f34c51440e9ff2	c8ed10c9fc68227d7fe17887b558a9c4
spa_mx_for_eng:pod-1	22	1	221	Learner	00f734f95a7f4fd6d8d092f44ee61638	17fa2dc6a7de44bc25d72bbd3a8867e2
spa_mx_for_eng:pod-1	22	2	222	Friend	4edc16ab23efa1a6e4f5e164f6295101	a8040b0a3d95ef89e87cf43deb00c5ca
spa_mx_for_eng:pod-1	22	3	223	Learner	920954572e96e58ec53192c7ccc67ea7	b4e60a590a50dc74baf7ed4bf5bc4be6
spa_mx_for_eng:pod-1	22	4	224	Friend	73880fb766754ba6e49ac0756b2e85c4	15d6200415181b8eb1c842a1a53a0917
spa_mx_for_eng:pod-1	22	5	225	Learner	1a3409d5e888ad4e52441878496c3312	beb0394ce89cd9183e5d903dcf4183a8
spa_mx_for_eng:pod-1	22	6	226	Friend	8b0f60223dbee0fe0b38b24664d7dfa4	82c15253118030000a642636fa50ec3e
spa_mx_for_eng:pod-1	22	7	227	Learner	dd96c42e631bf3eeb37ec70094f40da6	a1c3d02f7c119f1dbfde1c0e56a04a97
spa_mx_for_eng:pod-1	22	8	228	Friend	a64337fcf249919e0b83b510bb33428d	4f58f4573664f9efa73634407ac75947
spa_mx_for_eng:pod-1	22	9	229	Learner	5c84563a73735c8282af7b95fc289a39	95d5aca2db8946dea751606ddb0377ab
spa_mx_for_eng:pod-1	22	10	230	Friend	3bab8b19f91804ca74b43aeebb190a6b	29827b2e81eb3bb465dad6e9ef61e523
spa_mx_for_eng:pod-1	22	11	231	Learner	246b68e39bce8b3aabc79f124d09006d	e5731ee5d0709cc7bd90f62bc4d1d9b0
swe_for_eng:pod-1	1	1	1	Neighbour (8 am)	e0b0bf4d44bf35045880b7573751bb7a	6ee0944e54db0524ecde74e6c629de1b
swe_for_eng:pod-1	1	2	2	Sarah	327a5ad372b812f2f0ca5dddda9eac24	aa26f2a183c4e0e6ed68f15e08ffe05a
swe_for_eng:pod-1	1	3	3	Neighbour	7465cef6d5ffb469a6d0d0355a9d0708	cc464cfe2d26532c0418f4836ee5ebb5
swe_for_eng:pod-1	1	4	4	Sarah	bd6c7f446859e12d3b9a743ef94114e4	35b94c213869adfc71dedf98d510b4a8
swe_for_eng:pod-1	2	1	5	Sarah	8bdfa5dda1c8f62ba1ab197a8da6dbf4	1ebc5a6271df1e0684e2e7b9c41bb18b
swe_for_eng:pod-1	2	2	6	Passenger	d537bfa5cb58f0886203828b893dfee0	5e5d8b3c6f8bc430e1479d0777a768e2
swe_for_eng:pod-1	2	3	7	Sarah	9dd77b8f09db43009fc171c315224e8f	10902ecda3dc2372dc9cf570f2c80a9b
swe_for_eng:pod-1	2	4	8	Sarah	7a9160202e8b7066d94dcc89e1e4b7a4	1fb41845d0728f8c10727a8ce966c6f9
swe_for_eng:pod-1	2	5	9	Passenger	34f9622dd0399bbc454adf07bec7f5e3	7c8caa73ae0269729cf079b955fa2489
swe_for_eng:pod-1	3	1	10	Barista (3 pm)	f41ee20ed464d31a90a1a198aed758a5	129b85d1178d6f963422c4224881b233
swe_for_eng:pod-1	3	2	11	Sarah	b9912b4c2efaa8c1fb2e375abf71ca93	9e08c222b5d1a39384a1b5fddfbf25ea
swe_for_eng:pod-1	3	3	12	Sarah	cc6333592d30ee7c0a9399e09dce880d	6885fc15633ab4b868aa5151e79d7186
swe_for_eng:pod-1	3	4	13	Sarah	a2a4eab3dbf34ab201a00540a60230bd	a60b2d126f8c7ff9ac38fbfa4364cb1c
swe_for_eng:pod-1	3	5	14	Sarah	73b732c079681b1e6a53e429d2021ada	31d093097e4bfea2a6dd0ab4c22a6b15
swe_for_eng:pod-1	3	6	15	Barista	22afe285184e089804ae68d2272a5d60	f031182f541a00bfb1a31493235217b1
swe_for_eng:pod-1	3	7	16	Barista	97a80dbafc1b20f3d0d7d5643efdf42b	ef43722ddbda655542b7cdb02bb936b6
swe_for_eng:pod-1	3	8	17	Sarah	c49104fa7faf96132bd6e2544ee3cd5d	cbf8659af4f5ca4c927d141bfe3faded
swe_for_eng:pod-1	3	9	18	Barista	e908212452b875635ef8348285115352	6f61d97ffddb4a91e45afc5f67e73c69
swe_for_eng:pod-1	3	10	19	Sarah	9c0412b8b368edfd9b314eeafc4aaec6	54cf197a5697f647ff03a2b52745b533
swe_for_eng:pod-1	4	1	20	Friend (7 pm)	fda32a1ee7864d3fbd5948132367151e	de62d7bb305c2be6a133ea17a0af37b1
swe_for_eng:pod-1	4	2	21	Sarah	dded0d28c415afe8ab3900213db01a5b	01495caf915e2d5c88205615c813d856
swe_for_eng:pod-1	4	3	22	Friend	b7ff4817f7a8c746d902e80b830fdaf6	6c683c3f18a71bc5a60a51245f7ea8e3
swe_for_eng:pod-1	5	1	23	Neighbour (10:30 pm)	06dd54d6fb0938d0964c9593ab075cbf	139e47766b4ab1bc6c2e30d8275d570d
swe_for_eng:pod-1	5	2	24	Sarah	5e311dd01ddf9f7acc0154af48e53998	5a620928d6e45913a894808d7501ec80
swe_for_eng:pod-1	6	1	25	James	ade1917c7f43a962caf3b8103cd625cd	b37cd01c3b7738424f852aea2063a505
swe_for_eng:pod-1	6	2	26	Anna	485487ea9e3bd1c95302b7f2e9468519	b214d1387a552e4c9be132984796bcc1
swe_for_eng:pod-1	6	3	27	James	9cd6b53885f120d508a5dad1261838a4	085e3c08f2ffecfb23cbb422d831688a
swe_for_eng:pod-1	6	4	28	Anna	11cfd6d564b0acf5b883c8c6395d7190	0639e512b88fa8fcaebd5b9666928c7c
swe_for_eng:pod-1	6	5	29	James	e319a74d71d530e1a5ec2fdd32d4d0aa	79426185551098a662d1143e775cea18
swe_for_eng:pod-1	6	6	30	Anna	75d2982224eb9c4a974f74c0d0399114	755656594f1fed66195e576bafc459ce
swe_for_eng:pod-1	6	7	31	James	43353d3f87641d3018e9ba6a47ee2499	19d2869419a133d649ed42141a675cc0
swe_for_eng:pod-1	6	8	32	Anna	67fb04e75826f19d469842e45b77695f	9ebc765a5bc5d2479243dede501bd3a0
swe_for_eng:pod-1	6	9	33	James	61f7a8f9d1ad70f208ed99258e8aae4e	6d5dbfb3fe35560a0b2d072a3784a11b
swe_for_eng:pod-1	6	10	34	Anna	105010a7fd8c6cf3ba67d18b10c2755d	9611b73d7680bf9a3b5637d7685e689c
swe_for_eng:pod-1	6	11	35	James	44ac0939cb2ae01aed5fdbe387d5c4e7	5f34e333ac660776c7b01f074b5e1871
swe_for_eng:pod-1	6	12	36	Anna	b9c05a330c7c4853cedb5080019f0bfa	7c9e94e54ff783200c75ad1afddf413b
swe_for_eng:pod-1	6	13	37	Narrator	332af072e76c50025616c191e9a83503	a9df7ad4db2e1971fb021f5644e1d0ed
swe_for_eng:pod-1	7	1	38	Cafe Barista	9b42a4ade1f066576992ae0a9c746141	cbc2167ecf008fb033b5ac98aa1b364b
swe_for_eng:pod-1	7	2	39	Cafe Customer 1	0a80b4ee402a45c92f4ecad1a836ab43	501783348c585c978802f4fdc48329f4
swe_for_eng:pod-1	7	3	40	Cafe Barista	20ed4d93463bdc2b5c4f9f509ef795bd	7ac946487706bc9ebf9c41d16197e6de
swe_for_eng:pod-1	7	4	41	Cafe Customer 1	76e543be377b224b6e52055d457c1257	56d632d7eac284ed7db82ac6573a506e
swe_for_eng:pod-1	7	5	42	Cafe Barista	d39ea61e750c0ac5e8dc7844a2b5349e	45787a9f76a00ef648b4e54a736ed6b5
swe_for_eng:pod-1	7	6	43	Cafe Customer 1	3ab6ef030f2a4a823dd120db47ed8a3e	c43ecbf12526a32e59d7eda3876fb7d4
swe_for_eng:pod-1	7	7	44	Cafe Customer 2	7999c73b50cb885a4419cd67af70d088	ce4240fcb8bb7b3e0431cc6ea45df5d2
swe_for_eng:pod-1	7	8	45	Cafe Barista	b24a44df11e976e2092960e84381607e	92b16311b9402c95a838d93fb1501a31
swe_for_eng:pod-1	7	9	46	Cafe Customer 2	828b498e1ba539d47cbb6f0f21f3e451	0ad80a8eecd77a5db88121c57e75b9bf
swe_for_eng:pod-1	7	10	47	Cafe Barista	e8d112a199b35d8a11765542d137f045	2de61305988afb0d32d84b087e36cd48
swe_for_eng:pod-1	7	11	48	Cafe Customer 2	af4a2132f9c858d6c26252d4561559be	83f6d2006a0205d1f04f37ad2cdb4223
swe_for_eng:pod-1	7	12	49	Cafe Barista	a9744556cc708d7cf9d62e44eafd1ef3	f4707ef64079b9bd3120486cd8cd1da6
swe_for_eng:pod-1	7	13	50	Cafe Customer 3	4022314b75e0c326127f80842b44308f	440747e4c5a705e28463a93bdb2355ba
swe_for_eng:pod-1	7	14	51	Cafe Barista	b3df8a381157a58a052d098345ca8939	e53c40e2fc9be5922a1f67265e084b06
swe_for_eng:pod-1	7	15	52	Narrator	aaf073ad9ade188fb9f332ee9639515e	e2fd9610c4c8e82a1f7efcfc3206ffea
swe_for_eng:pod-1	8	1	53	Bartender	9ea09b5147ae817917e00968b44660a7	95e5cc8503c5b06fc599d942c1b95aba
swe_for_eng:pod-1	8	2	54	Bar Customer 1	a92defdde3483f582f780792172d3eba	59d9c371c00f5aa6e9263c08a30a42b2
swe_for_eng:pod-1	8	3	55	Bartender	a7985b2328badd10d1884ccb12b78db2	4930a264ba1351fc1f2be2eeb0503e43
swe_for_eng:pod-1	8	4	56	Bar Customer 1	e6b7d3187eb161d80144b00cfc8993ee	1fb2b2c11bb3d11e65e41029d3da1abd
swe_for_eng:pod-1	8	5	57	Bar Customer 2	6a33cea239bdbe14987347784b808936	64e908148bb806be4c5b82b6cd67f3cc
swe_for_eng:pod-1	8	6	58	Bar Customer 3	6eb788f7e6182c45cb42452e72537313	5705209f2f526bf4a4e906fdff5e8666
swe_for_eng:pod-1	8	7	59	Bartender	52587e00d5534db03e6f1985157ce84e	463cfc4e55bd3de5f4c5f6998798c8ff
swe_for_eng:pod-1	8	8	60	Bar Customer 3	177e01c3d8e9cf5030af51ae439f06fb	1caace2cdd8542fe8ae296efab852317
swe_for_eng:pod-1	8	9	61	Bar Customer 1	e738f05b3fd5b6fc424533cc5e589e6f	52bff53cb70f6415f72fa87fdc38b652
swe_for_eng:pod-1	8	10	62	Bar Customer 2	6689ebb59dc38f6870863d2ab6eafef9	913165018eb8739a5a0f0613c937fc94
swe_for_eng:pod-1	8	11	63	Bartender	91e97263b122f1e047be634858721033	cb7282d0097a8ca0c2d2839f0095852d
swe_for_eng:pod-1	8	12	64	Bar Customer 1	f354950af749653bf2cc7459e7599932	54cb51c8fb37ecd2e04ce14848f2444d
swe_for_eng:pod-1	8	13	65	Bartender	adadda4930317c9fd36b5acb632acc52	3feeb7bb1aa528b75366afe8ec9bfa2e
swe_for_eng:pod-1	8	14	66	Bar Customer 1	13deb4086af0e500cbea7fafefb46b2f	db93cc48e1c5ade124d2f44fe0a847be
swe_for_eng:pod-1	8	15	67	Bar Customer 2	e12399925b79440309472801beb9208f	423abcaa566f0bf44715381b375bf04e
swe_for_eng:pod-1	8	16	68	Narrator	4a940037a3ce72b77707d76cdeb4298e	9c0bcc5415e835cbe990d35954130c8b
swe_for_eng:pod-1	9	1	69	Diner 1	78d97dcc65e60051a37fed3b1b6ba2dd	f47c0ccfc3f79c83d8dbb18e994935a5
swe_for_eng:pod-1	9	2	70	Waiter	d3ca75ba16143ce5e787f6ce61c729b5	718e6f797347b8fd4b3f45a6622a4446
swe_for_eng:pod-1	9	3	71	Waiter	5c6268b0c77f138605de6cff5ff7883b	aecedd04a4e5cf7a1cd5b5239e80ae9c
swe_for_eng:pod-1	9	4	72	Diner 2	ad024d9fe1f8e491264d70314d8f03b7	91ae74f00f07601e9babaa242c7a5d36
swe_for_eng:pod-1	9	5	73	Diner 1	9c40c149744a829b81851d77bc858ad5	ea78ed82157a414c5169aef49b3b477e
swe_for_eng:pod-1	9	6	74	Waiter	a6977651b288eb723ccd5b8a4d942973	a86c30a79c6077cce89f3534133f9c30
swe_for_eng:pod-1	9	7	75	Diner 1	0e45faa8efd446dc10d09abf11ad341f	08f808be58b2d99c383869f4bd2b9e5f
swe_for_eng:pod-1	9	8	76	Waiter	3b60a6fdfac66024b8a11572345ae5b1	63b23d49d9cc4cbfcd2e579d529fafa9
swe_for_eng:pod-1	9	9	77	Diner 1	290e61849b69187426e80d799c4ae7b4	06214f9b4ac4ad391f2d5ea78b71cde7
swe_for_eng:pod-1	9	10	78	Diner 2	a4ac445f2d72e6be07e3288c22a7697a	9581444710a2c46fbe4893e417a9fa3d
swe_for_eng:pod-1	9	11	79	Waiter	91ebf873341b500d1005ca5128fd1e16	60358de534ece5a38b06fd63bc1f3b38
swe_for_eng:pod-1	9	12	80	Diner 1	c6cd98e4940a640316bf16f768406cb1	98f46984f350be53caf0d8042b08fb4d
swe_for_eng:pod-1	9	13	81	Diner 2	06cf7d2534e84a1a1440cc90a163b5fe	4e89e1708e54fa14e52a5316232da8c5
swe_for_eng:pod-1	9	14	82	Waiter	c7fa0f75af34a748b9a4ceb9ea106e0e	4d3da2ee5e65d6f8789ba8a5e3aa642c
swe_for_eng:pod-1	9	15	83	Waiter	e73f33752ec6235af37b6ed99874aeb4	de28fcf5d0a220f3654a7d2910a5b135
swe_for_eng:pod-1	9	16	84	Diner 1	ddde9e5c8c64d85527d293e09f020ce5	40123960824b4440b27f97076b2993df
swe_for_eng:pod-1	9	17	85	Diner 2	b74e67a2bd73dc94588db95ea3c64313	1b6b76e0bdc8953ab878905b8cc52df9
swe_for_eng:pod-1	9	18	86	Narrator	7eb5aa62ef1cdbf15a22fa47066d747f	418fc34f8a619847c1ec0523c838a8a7
swe_for_eng:pod-1	10	1	87	Customer	5b021b1d5f899dddd2a90750e3107da4	136151eba56ff0f31b5d130954df5f15
swe_for_eng:pod-1	10	2	88	Assistant	11f7f857d182bf8b57a3d2a515b0fac0	e4cbe079c0dcc535e9cd8aaef51c9797
swe_for_eng:pod-1	10	3	89	Customer	d9668a24dc5a96041651cbc082007aed	93693bd14a65a0bf93904aa6a6980234
swe_for_eng:pod-1	10	4	90	Assistant	c909f51ed1886594552ae4b246db4d3a	d0f2cb73e1e5371d15cfeb2681bae7c5
swe_for_eng:pod-1	10	5	91	Customer	11ce73a06a1398a259c20753a421833e	f1aa603fd2b80fab9a0764ddba8ba5da
swe_for_eng:pod-1	10	6	92	Assistant	4ca3e430954b1069ddbfcb4b35122a11	27b11b3461c2c22a832ac7a15cc39f15
swe_for_eng:pod-1	10	7	93	Customer	c8d16d353079f456a0cf5655a6eb8ff2	1d40abee6285888e49c74dfb5bcf9927
swe_for_eng:pod-1	10	8	94	Assistant	4986b82b1a70110e54f6600f17a3b269	bad6155c5841572b3ead1a9bfa5b9bae
swe_for_eng:pod-1	10	9	95	Customer	7149976b3f6e2ae62c23fbcb475bb3ce	54e28aeee4747473883188fb348e890b
swe_for_eng:pod-1	10	10	96	Narrator	dcea2a6779d6035994fadbaf4d6ae26a	88c1ab6fdafe008af86fe0b06f4c841b
swe_for_eng:pod-1	11	1	97	Guest	33a1832d4b2976544bc8ee1fa185862d	cc55707d7078fc7aa2cb496d4ff3f91e
swe_for_eng:pod-1	11	2	98	Receptionist	495bc5e9dc0d86bd147137582d7898ba	f686f5ac142a24984957aaa44464e88f
swe_for_eng:pod-1	11	3	99	Guest	db383180383a3d11932c2a30634d40fa	ec7626acc5bc14df9335862c416ea34f
swe_for_eng:pod-1	11	4	100	Receptionist	4be5c36c4e8bed1be28e2c8321ad23ad	552df0d976f1a2d84d4af72d95e5b59a
swe_for_eng:pod-1	11	5	101	Guest	89929a99d113df4347ef3123c1c1aa6a	7b0407dc87cc2c4961a945606a5eadc4
swe_for_eng:pod-1	11	6	102	Receptionist	73276c25aead8b990e550f33194280a6	bb3123fdb334f284bcb1af62f7f238e7
swe_for_eng:pod-1	11	7	103	Guest	f5b08df141289b370eff2e62fe36fa9a	225256efd81262ffe2b947381a8cf080
swe_for_eng:pod-1	11	8	104	Receptionist	ef7623153c3dd00987048915314bf139	7361204e12235a4165e525c8993dc914
swe_for_eng:pod-1	11	9	105	Guest	4d9556d6755e6fd88843d237b00f3625	4c3bd72192248f3b689ac3bdb789ac2c
swe_for_eng:pod-1	11	10	106	Receptionist	85b31adc3b089cf4462652fd066810ba	0598c0d2d13ded214ea462b251a0d013
swe_for_eng:pod-1	11	11	107	Guest	704a11076cc9411cc1abd2598d3b46b6	77bb11ec8afd06d6b134f6f69df41802
swe_for_eng:pod-1	11	12	108	Receptionist	d6483be962bc195a63b485cdf7b2631d	84e3ae341108982767642713c846233a
swe_for_eng:pod-1	11	13	109	Narrator	0e8851fa9fb50449a9ef486836d114d8	a039db0b2a75b9ef42c456afbf08acb2
swe_for_eng:pod-1	12	1	110	Customer	b0b7fc3ba532620610f874f5bfffe2cd	2e0c0d4948556b0a6de58e3ddc21395d
swe_for_eng:pod-1	12	2	111	Pharmacist	3eba5b9fb9844600401d7bcbf6599d3a	64b835aa122947a9ec0e4602f081f977
swe_for_eng:pod-1	12	3	112	Customer	8e77a4c80d6c9d725884831766b163cf	ffc7160bc08caa75a27c0e47e6829382
swe_for_eng:pod-1	12	4	113	Pharmacist	c006d1d38e361302c5ba8086886db493	48bcf2e67a7019da71d9e7c0f7c92a44
swe_for_eng:pod-1	12	5	114	Customer	daf3cad5a9872455ea7d002d1c359024	599ac705b6e160bfafeca6ee3ff9c0b7
swe_for_eng:pod-1	12	6	115	Pharmacist	1106276733a1b8c89f46afe5cf458998	e592ec2ece61a026f44312af940f04ab
swe_for_eng:pod-1	12	7	116	Customer	e3f5cacc94037773ea94264b7fc3c4f9	ac82c32fe908849dd80acbc6a9b1fe4e
swe_for_eng:pod-1	12	8	117	Pharmacist	543400d411e2ab53e83272512587aaad	f0be03f62fc608c755238e341759c65c
swe_for_eng:pod-1	12	9	118	Customer	0a684a7bfd5d968c558220585d77445d	e42037889344d661179702232365b051
swe_for_eng:pod-1	12	10	119	Narrator	e2ce7d606583ef2edb546ee5411e34a1	7356639b43b69fb452e712e88ca612ea
swe_for_eng:pod-1	13	1	120	Tourist	ee5f6fea0d24045c39d1cc67a4134bc9	daca79f72d2e3ffc8ed3cf8c833b5595
swe_for_eng:pod-1	13	2	121	Local	ae36437597152b82a07e8d87ddbe40ad	7c12a65de20b42e05db3777842ff80cb
swe_for_eng:pod-1	13	3	122	Tourist	a5d78d20cf88311d591d6392ec3d2fdb	444f9aa0aa56ed882191729a3c3fe78e
swe_for_eng:pod-1	13	4	123	Local	a3db28e1d9a252641a3befeee3e39081	7528fc391ebf65dd55f321c7dbb62608
swe_for_eng:pod-1	13	5	124	Local	07bf75624cf2a93b3236a8ea5b39bb4b	ed54becb0e49e16df83cc60466efa8d2
swe_for_eng:pod-1	13	6	125	Tourist	3ce7420424823b738c282c37a19806d8	225eb9e5c0f9d0b57652f113e937f8e5
swe_for_eng:pod-1	13	7	126	Local	95a148d32bbcc3fde600dd49be03edb3	7195a8c13810d9b9853c3c211f616a9e
swe_for_eng:pod-1	13	8	127	Tourist	fc270c52dd4d17ca9f374a94a4744a7f	9c909612cff0b9fb58decf8506cb50db
swe_for_eng:pod-1	13	9	128	Local	8a737dbffe0d492e3ae8d45d1f114cc0	759bd7d3204fa55d3e3b463340506aa2
swe_for_eng:pod-1	13	10	129	Tourist	c296997034fcd1f92e1c108d411a2f92	d84dc29ab18369e040cfb3b3899f2394
swe_for_eng:pod-1	13	11	130	Narrator	f675421219db069cb3238d544a96e68d	4ff53b91110304c96b46805771c7f4aa
swe_for_eng:pod-1	14	1	131	Passenger	ed92e8f1ac8fbbda843581d3b7f5ed20	c58ec5f5bbb7c695c418f6b4ea356da1
swe_for_eng:pod-1	14	2	132	Driver	dabd1afc7bbdd485c03e06ffd841a135	27652fc6bc26f1807c076c5dc3969133
swe_for_eng:pod-1	14	3	133	Passenger	9248f2da37705b12da9a330861bbb805	a4e86846455e65cdebe8cc6e028ec556
swe_for_eng:pod-1	14	4	134	Driver	b1f767c015fefbb53ef2f1142b516a4f	39d0ed883ef886cb909f83a13c8b51bf
swe_for_eng:pod-1	14	5	135	Passenger	b0821adfa7ad3a1a1635b7c91f3579b5	f33af4b471e77de0eee25686f789cab5
swe_for_eng:pod-1	14	6	136	Driver	ad8fcbb5fb3a05e50b3fefc5120e5f9d	dcad5fc92e5bfad25efde3fd1acf1dee
swe_for_eng:pod-1	14	7	137	Driver	8189ce30385324b1f1810f0f1b92ac80	50f60b36ab55c687d9418741fdbef5b1
swe_for_eng:pod-1	14	8	138	Passenger	5298d3f68ddd3e32899091ee5cebaecc	bd0f8de5afca3e57a99b1f58619dc6c9
swe_for_eng:pod-1	14	9	139	Driver	5a66190ad05d3d01f579a8d13255c0c5	9bbc74c3fab1a78c5d2faffeef46810f
swe_for_eng:pod-1	14	10	140	Narrator	490c66c4af25360afc3a8271e90a5554	55c9f6473f40cdb17d4d7ab4409a232b
swe_for_eng:pod-1	15	1	141	Learner	5c19671a4f7e7c1de95cbf3f58029dab	913bb5faa544c775b1fd10a63c47dbc3
swe_for_eng:pod-1	15	2	142	Learner	b9fd2fd1e4f268e7e1af2eaaefe0db2e	a09180b6842fda593edc9e60043a5a0a
swe_for_eng:pod-1	15	3	143	Learner	4881479444bd57265378874a548e2503	af1da60e13065be4a6990b5e69892926
swe_for_eng:pod-1	15	4	144	Learner	dbea3066becc0a5f42ac2a4f3b59d416	47f8bf53caeeded147506c90240992b5
swe_for_eng:pod-1	15	5	145	Learner	2b2cce73b4ddd491fb6b117efc94761d	a8eea28a3fa662b1ea97dfb76e81a785
swe_for_eng:pod-1	15	6	146	Learner	284d0a6907de32f2b85c969f4e4e2e5a	e35e0984619771f391c8df3d2f8dad1c
swe_for_eng:pod-1	15	7	147	Learner	5ed8423a5cc9af0014cadefad1713c63	376104b5c665287b33a4b3df71fb361b
swe_for_eng:pod-1	15	8	148	Learner	1d8746c63d1c27313a5dc48998f1a356	0b3bff8c3cbd4993240fec74a9511cef
swe_for_eng:pod-1	15	9	149	Learner	9003833e1be6147a853da51009eddecb	f56a6fa0342d93687c324258b7196cd5
swe_for_eng:pod-1	15	10	150	Learner	71f561de292e0c6ad3491da2f16c38fd	9a86f7902fbd2894a9f4603da2f7ec9f
swe_for_eng:pod-1	15	11	151	Narrator	87ece855e355cb0dfa30b3aa3069bdd0	eba1245daf0d65cc1d6160ccf05bcab7
swe_for_eng:pod-1	16	1	152	Learner	ae6a21c5e3df7ea6ca23692ba7731ee4	9eafb4da0eef364b90375b55537d25bb
swe_for_eng:pod-1	16	2	153	Learner	b7e4ba587b45f194610715ec3e4de69a	b3b90f8f5c48e9ab512dc566324ed037
swe_for_eng:pod-1	16	3	154	Learner	0d29d235b64c1c3fac4f0673e3368f93	63d80cfa06344b7d9f4045b7fba0cb9f
swe_for_eng:pod-1	16	4	155	Learner	41b4a7c35b1056484df91d1179c4811d	1077817e87520a09a8a2abc0190c9997
swe_for_eng:pod-1	16	5	156	Learner	e4da75cfdac627bf8deac007c54b8e47	875936a84ce3549b311ad51323c3ac94
swe_for_eng:pod-1	16	6	157	Learner	54c618a842e980819d7672fbc3ac2086	2eacc883d508a1f175c2f2d0f3d324e4
swe_for_eng:pod-1	16	7	158	Learner	2a247ad2557b1040a806828c59358db2	aa2623f2438db26bfc289ac08d18c9a8
swe_for_eng:pod-1	16	8	159	Learner	51c361cbbf2e46bf3dca2c37671b7b23	65a2bf309c72a368908ff228b43e5c12
swe_for_eng:pod-1	16	9	160	Staff	716d1189f0f11ae50b782bfae6d210c3	9650460a658b8f5dd8a906f1782c3f5c
swe_for_eng:pod-1	16	10	161	Learner	bcf835386ba6a3f8fc1abbf2e2220c22	6f81b411447233cc4554546d3485e6e5
swe_for_eng:pod-1	16	11	162	Narrator	77f2013cc8c734e0eb4efcc4aece9629	91f7b0696c7c0fc707420471e844af02
swe_for_eng:pod-1	17	1	163	Learner	fe8d6b47850573be08b5ef940bc35646	3f918556b4706fc38a4f66b38ee11e93
swe_for_eng:pod-1	17	2	164	Staff	4ee39ed5374bd01db5daac483a035c73	b89bf636041965ef6e44581a0e66405b
swe_for_eng:pod-1	17	3	165	Learner	2bff3b57ad2c004652372e995f56a1a4	b2e9e73da95ff8e534a2c05be54469f1
swe_for_eng:pod-1	17	4	166	Staff	5e8ff2177b4229b553e9c63f440c95cf	ee1a2848e1d6e5a016074ba8e5f9df67
swe_for_eng:pod-1	17	5	167	Staff	8d3c36adf0c04c5ba63ef813b9a1830b	a2ac474dcab961749b90674a53304753
swe_for_eng:pod-1	17	6	168	Learner	39916300dc17140b7bf932c6fd1ea816	218566fe0117cad5e42b24674ac59854
swe_for_eng:pod-1	17	7	169	Learner	e26dec5add1d8749d513a4b92057cb87	6f23d3e4fbf9fb84eadce090d6e21e0b
swe_for_eng:pod-1	17	8	170	Learner	8836b6a27ed0e9a6934be26a6ba4ed7b	89d84b38c76d0c63271993c96159335c
swe_for_eng:pod-1	17	9	171	Interlocutor	911fa55cb063e0f0548a4b552afff382	60f59d8aa7095fbf4d63419a67291235
swe_for_eng:pod-1	17	10	172	Learner	f7565afefd07f0123ecc11e9b0bf899e	cb2b984f6c5a6652552f5a52433e9043
swe_for_eng:pod-1	17	11	173	Narrator	4c825e70ae48692cfe9b2e026e27deb4	e9b4223aa4445b27cd280248acac1ce9
swe_for_eng:pod-1	18	1	174	Learner	fc0f7379a157a0359c1cd95e1c8e4719	200c3546a879a0ce8458e37ec1dea3f3
swe_for_eng:pod-1	18	2	175	Learner	c660553c64c7d4ad1d1b5adaa6ddded1	29a9cbbfaa50d8b1fba17c8ddf1af426
swe_for_eng:pod-1	18	3	176	Learner	88a89ce8819ae3eee0931cd323bcdf6e	a15f9ace48459a3c4e3c4d737c41f653
swe_for_eng:pod-1	18	4	177	Learner	d470739ddba9ec5efa80b592ec25d927	1f1e50ef6f5759e0685d415825edfff4
swe_for_eng:pod-1	18	5	178	Learner	47230e192feac03fe07770520981ba46	bf2a03f0a7f78a5b14c9039a057ea050
swe_for_eng:pod-1	18	6	179	Learner	90652433adad10fbfdd28c6ea1861ec8	ead58d7143eb35c36f5b78aa7009c68b
swe_for_eng:pod-1	18	7	180	Learner	4ae6ea2ef6fcad6a12ce8dfe49e86aec	d1d15242deb8a3a7bf0fae7c42c0a47a
swe_for_eng:pod-1	18	8	181	Learner	d00a1abd5a6f9dd8bc753ce4628ecf8a	deec3ef222041f80b3b966f9b6c515c1
swe_for_eng:pod-1	18	9	182	Learner	e418ef13dd611789234f5402223278e9	5c40a0c454e9a7788820e3cce62aeda2
swe_for_eng:pod-1	18	10	183	Learner	ef4b8c7041189492da24d4f0000e7cfb	ea174e84d89f9dce1d8ddc975990cf28
swe_for_eng:pod-1	18	11	184	Narrator	d73d3d1cc0993d51d1e6d33318e74e78	4ae156b07d9bd5fae88713471a19e018
swe_for_eng:pod-1	19	1	185	Learner	d3144dc47e3b0a8c3a49f3eed99aec7c	7c15f463d5f03199782a2b1f30c3c846
swe_for_eng:pod-1	19	2	186	Learner	6ef2bfb874e2b0f3354f8a4cc3a53769	c8f053172ea3fa290e676bc9cde75458
swe_for_eng:pod-1	19	3	187	Learner	d153b81bde76bf00052d0c00634c4bba	4140109bcdedb65463d59334e5e425f0
swe_for_eng:pod-1	19	4	188	Learner	c2645eab130ba26d1b49be6c8fb31cd2	9e29640615f6f87aeff81f4e6c5b53bf
swe_for_eng:pod-1	19	5	189	Learner	0f61483e4d12833dea6101c9885a59be	84fc461be123eda48d5bf41b0d1a0f73
swe_for_eng:pod-1	19	6	190	Learner	7e39f695d7e3297a16940c69db7f0d29	5263aa615a62dd65c071d15ead5cfb6f
swe_for_eng:pod-1	19	7	191	Learner	c682d093ca664f542f74a67c6fe34545	ac3e999e4f5bae18ce949597989cf25d
swe_for_eng:pod-1	19	8	192	Learner	89ce62dd833b9aa931f1adf9d231a8cd	db14e1d9c46d468ce0c2a1942c9e5547
swe_for_eng:pod-1	19	9	193	Learner	fce63017b462c848f31417f2ca99126e	b4d53d399c40313615294a5dbc3ad920
swe_for_eng:pod-1	19	10	194	Learner	f81d3a98f76323114b7d9b6a77786ea8	380dc3308d4281d833de8337be86c632
swe_for_eng:pod-1	19	11	195	Narrator	643473682a578b81b92ea1f137e1f2ae	e1d859ceca82f3a29e9f5d6896683d70
swe_for_eng:pod-1	20	1	196	Learner	5603901f5a36b6bd1b027ba005d80418	a53e1713be20c3a621f4e8a3f6579843
swe_for_eng:pod-1	20	2	197	Learner	0cd7c96d23cfffdd1818643b815d2658	60ad360bce4d369112c2efa49f353165
swe_for_eng:pod-1	20	3	198	Learner	ba3e1af8dca9c7ddce3d49f075076ca2	c26678bd3218eaa94031c1fcfdc92338
swe_for_eng:pod-1	20	4	199	Learner	459a162c6c6096f8803c7ebcb2d7aa40	9f47f8766713f4c48173ed805c447f66
swe_for_eng:pod-1	20	5	200	Learner	224e609b06ddc0ad2b36ac30dce587bd	2b6b87c53a652020c2650090c91f7040
swe_for_eng:pod-1	20	6	201	Learner	0d636064a44abd4021de11f0ea6a9fc2	c9596a3f82692ecbe36422e38d488d64
swe_for_eng:pod-1	20	7	202	Learner	8cfac2509237574c4415f209b3ce8cb9	c61460556c733cd480ba0b2038b17bce
swe_for_eng:pod-1	20	8	203	Learner	46da6f04d073474a9aa265a01dfc4c03	251c226f2b72c6638554a1826535bdf3
swe_for_eng:pod-1	20	9	204	Learner	009cb07e70c1e69da7e6b1eb74b177eb	2badaa9753a0c2d89b8f7fc048141886
swe_for_eng:pod-1	20	10	205	Learner	07d6bb598be95f1e94470ad6259d970d	39a4a36539151c49ff0aea2901d6e46c
swe_for_eng:pod-1	20	11	206	Narrator	4afd26e8cff68313a42ad9abdc9d4e06	b00aa4bbb11b7c5b8a41297fedf164e4
swe_for_eng:pod-1	21	1	207	Learner	f87b55c9bdbf85b5120a13a5fc54041c	31883c238e38aa97c19879601c538da8
swe_for_eng:pod-1	21	2	208	Learner	650cd65690efbd73344fa595e72808e4	9c9b76e67042fad2983f6f9bb337bc11
swe_for_eng:pod-1	21	3	209	Learner	9e70e34f6c01cda754ff04acbc1f08b5	fc2e6722bb0d2092c14338f4bc961cbc
swe_for_eng:pod-1	21	4	210	Learner	d9d762da3f2044eee12e50f9e12a1d10	6a301630a41e5723851c6251001c9cc4
swe_for_eng:pod-1	21	5	211	Interlocutor	0eb7326f40bdf474b0c2e2436da48321	69c80eebef962f3c3eeed4411205993d
swe_for_eng:pod-1	21	6	212	Interlocutor	d0dacab7a5f81709853dd94377fe5ca9	e687907c0087a79ee8305dd114fa50ea
swe_for_eng:pod-1	21	7	213	Learner	0bedcabfed253cb270229a002ce2d47e	8e4d431911a139dc828de7241d404d22
swe_for_eng:pod-1	21	8	214	Interlocutor	be4865104ffd11f50499998d930219ec	11ea5656b70267c62d122e06d3f25ef2
swe_for_eng:pod-1	21	9	215	Learner	fb0d5923919417b0d0f6e2348c5f48e5	f7a808574ea1968957fdacd409e5e52e
swe_for_eng:pod-1	21	10	216	Learner	7d62e5cbc52a3138bc924bd9918499be	8f5bd996aacf8dd34f3367288430eebf
swe_for_eng:pod-1	21	11	217	Interlocutor	76f563587f7ac5a43372a91e4b6b656d	02cff8540cce3fccea77fea5e2829615
swe_for_eng:pod-1	21	12	218	Interlocutor	e86b7c1979679fca7d23185f0204a79b	a0065434b80f7195e6738e99841ac35a
swe_for_eng:pod-1	21	13	219	Interlocutor	02effecce2d3f56146fb0ce1c1311e0a	834c571189557c45f8dc2513b23484f5
swe_for_eng:pod-1	21	14	220	Narrator	2c9292a023994f26e159d69bfbf22c14	c8ed10c9fc68227d7fe17887b558a9c4
swe_for_eng:pod-1	22	1	221	Learner	dd2f06d5f0499e82185e2aa0ef8c04ad	81e6f24994b8f39bb82f3e310513b5d1
swe_for_eng:pod-1	22	2	222	Friend	53c4b3186b18df30e261dfeb3a1e0bbd	a8040b0a3d95ef89e87cf43deb00c5ca
swe_for_eng:pod-1	22	3	223	Learner	f703ad7bb68326db8aae5e5b1c660ed3	b4e60a590a50dc74baf7ed4bf5bc4be6
swe_for_eng:pod-1	22	4	224	Friend	70e0bd2f5d73184b0e8989b9ebafcf33	15d6200415181b8eb1c842a1a53a0917
swe_for_eng:pod-1	22	5	225	Learner	6c92e84838c79d5690a2f6dc19d2c0ca	beb0394ce89cd9183e5d903dcf4183a8
swe_for_eng:pod-1	22	6	226	Friend	e70339a0e6221f9ac1713f2723c48f35	72d0c454a3471b09191697c605b8e98e
swe_for_eng:pod-1	22	7	227	Learner	32ef073c0f2dd1e8d7cfbf8e5f3b1381	a1c3d02f7c119f1dbfde1c0e56a04a97
swe_for_eng:pod-1	22	8	228	Friend	228db36a2fd2aebec09c54b9dba6fd50	4f58f4573664f9efa73634407ac75947
swe_for_eng:pod-1	22	9	229	Learner	49e4ae52a60f3e294cd5bf8b966e6d2a	95d5aca2db8946dea751606ddb0377ab
swe_for_eng:pod-1	22	10	230	Friend	87ac90986ebf2eca5ee36aa165249405	29827b2e81eb3bb465dad6e9ef61e523
swe_for_eng:pod-1	22	11	231	Learner	57a117a38d2d80cd527c5003a5ea65a8	e5731ee5d0709cc7bd90f62bc4d1d9b0
zho_for_eng:pod-1	1	1	1	Neighbour (8 am)	bb1284f08d77a653069e6771397135aa	6ee0944e54db0524ecde74e6c629de1b
zho_for_eng:pod-1	1	2	2	Sarah	8291bb3266120e63832f1bb1969f2823	aa26f2a183c4e0e6ed68f15e08ffe05a
zho_for_eng:pod-1	1	3	3	Neighbour	57ea404832e163c56099aafa521c3174	cc464cfe2d26532c0418f4836ee5ebb5
zho_for_eng:pod-1	1	4	4	Sarah	cd85c3c4184860a2677424778b0eb820	35b94c213869adfc71dedf98d510b4a8
zho_for_eng:pod-1	2	1	5	Sarah	1923d442b52d9ec63c4a346c558ba46b	1ebc5a6271df1e0684e2e7b9c41bb18b
zho_for_eng:pod-1	2	2	6	Passenger	13377ec2ea445c4e553f1590947de945	5e5d8b3c6f8bc430e1479d0777a768e2
zho_for_eng:pod-1	2	3	7	Sarah	53a15797032d2041b166e397835a0806	10902ecda3dc2372dc9cf570f2c80a9b
zho_for_eng:pod-1	2	4	8	Sarah	f2419b8a6795e268169d97e28f6c270d	1fb41845d0728f8c10727a8ce966c6f9
zho_for_eng:pod-1	2	5	9	Passenger	e5e538a4a698166d96ff7a4065999f86	7c8caa73ae0269729cf079b955fa2489
zho_for_eng:pod-1	3	1	10	Barista (3 pm)	91e7e34adcaad8a9479a06fa311379a8	129b85d1178d6f963422c4224881b233
zho_for_eng:pod-1	3	2	11	Sarah	58e49abbe44cc82e45b1f801fd6d97c0	9e08c222b5d1a39384a1b5fddfbf25ea
zho_for_eng:pod-1	3	3	12	Sarah	3b1799ede4d276bff7b79a527221574c	6885fc15633ab4b868aa5151e79d7186
zho_for_eng:pod-1	3	4	13	Sarah	aaafaa4f907df971b0a4b8991855e3df	a60b2d126f8c7ff9ac38fbfa4364cb1c
zho_for_eng:pod-1	3	5	14	Sarah	b1c034c0ab4b5ad9e2d9f83616e73e34	31d093097e4bfea2a6dd0ab4c22a6b15
zho_for_eng:pod-1	3	6	15	Barista	9fa973bf29b8235753d51e1347ff4428	f031182f541a00bfb1a31493235217b1
zho_for_eng:pod-1	3	7	16	Barista	f2b73bb54571717033303dbf7fd66f3a	ef43722ddbda655542b7cdb02bb936b6
zho_for_eng:pod-1	3	8	17	Sarah	7a3aecdf1850e88f304711b632dbdf9d	cbf8659af4f5ca4c927d141bfe3faded
zho_for_eng:pod-1	3	9	18	Barista	b680024a728a143e5443285cd4661bd0	6f61d97ffddb4a91e45afc5f67e73c69
zho_for_eng:pod-1	3	10	19	Sarah	f181d121b70fd65edc9333070b7d765b	54cf197a5697f647ff03a2b52745b533
zho_for_eng:pod-1	4	1	20	Friend (7 pm)	048ce7177f66bd610f4214a10df01397	de62d7bb305c2be6a133ea17a0af37b1
zho_for_eng:pod-1	4	2	21	Sarah	a9a024098d2bd75053c00ad31fbda0f3	01495caf915e2d5c88205615c813d856
zho_for_eng:pod-1	4	3	22	Friend	4329958e504de24c092b2db86f8173a0	6c683c3f18a71bc5a60a51245f7ea8e3
zho_for_eng:pod-1	5	1	23	Neighbour (10:30 pm)	38db24d797c8cf639f94a5f49617e578	139e47766b4ab1bc6c2e30d8275d570d
zho_for_eng:pod-1	5	2	24	Sarah	6d9990b74847c14b63f013429ccb990c	5a620928d6e45913a894808d7501ec80
zho_for_eng:pod-1	6	1	25	James	cad7697b6ad143904b733d9042f8cae3	b37cd01c3b7738424f852aea2063a505
zho_for_eng:pod-1	6	2	26	Anna	a19d261a0ce86c02bb2d9a6f66ea12f8	b214d1387a552e4c9be132984796bcc1
zho_for_eng:pod-1	6	3	27	James	c6a4e3303064ae9d1dff96c3beb45aa5	085e3c08f2ffecfb23cbb422d831688a
zho_for_eng:pod-1	6	4	28	Anna	87cd0ee94f09363386c410b4cfb031a2	0639e512b88fa8fcaebd5b9666928c7c
zho_for_eng:pod-1	6	5	29	James	d59e29769f538e2ad03b92afe44a6bbb	79426185551098a662d1143e775cea18
zho_for_eng:pod-1	6	6	30	Anna	46cbd114cd87e5978125ec9160805f2f	755656594f1fed66195e576bafc459ce
zho_for_eng:pod-1	6	7	31	James	26103199c25700e6c84ea79c3610de17	19d2869419a133d649ed42141a675cc0
zho_for_eng:pod-1	6	8	32	Anna	110f769ac6c89309de3ee3ebc2362b4d	9ebc765a5bc5d2479243dede501bd3a0
zho_for_eng:pod-1	6	9	33	James	6d6e3be6e0e5e7ed656fd006f5f3ee91	3d99c03a7e0c38107031e5362af0633c
zho_for_eng:pod-1	6	10	34	Anna	e71616c53f2d28026544d3271ef32748	9611b73d7680bf9a3b5637d7685e689c
zho_for_eng:pod-1	6	11	35	James	ad91808d3d4639a6e2db0fd07f17a850	5f34e333ac660776c7b01f074b5e1871
zho_for_eng:pod-1	6	12	36	Anna	7f03e548932f6ae7739ea2d8fa423a9e	7c9e94e54ff783200c75ad1afddf413b
zho_for_eng:pod-1	6	13	37	Narrator	ab2769222c382c4f3bec285c3a003e06	a9df7ad4db2e1971fb021f5644e1d0ed
zho_for_eng:pod-1	7	1	38	Cafe Barista	963dc843a49d96b913b1e293bbccab2f	cbc2167ecf008fb033b5ac98aa1b364b
zho_for_eng:pod-1	7	2	39	Cafe Customer 1	756be182eed1413e1711798847c6988e	501783348c585c978802f4fdc48329f4
zho_for_eng:pod-1	7	3	40	Cafe Barista	e082523913b0cccbd8605184cc0be99c	7ac946487706bc9ebf9c41d16197e6de
zho_for_eng:pod-1	7	4	41	Cafe Customer 1	1110a9d0baf7ba46a4113ec555483a6f	56d632d7eac284ed7db82ac6573a506e
zho_for_eng:pod-1	7	5	42	Cafe Barista	a12cc7c0fcb5a6afe06f2589f72d14a7	45787a9f76a00ef648b4e54a736ed6b5
zho_for_eng:pod-1	7	6	43	Cafe Customer 1	eac0354fae30802bd1d628182c240a61	c43ecbf12526a32e59d7eda3876fb7d4
zho_for_eng:pod-1	7	7	44	Cafe Customer 2	c4a04ba1d6579258f18dd47d049715d3	ce4240fcb8bb7b3e0431cc6ea45df5d2
zho_for_eng:pod-1	7	8	45	Cafe Barista	fe6f21f35501f0575acad80f6a0a4afc	92b16311b9402c95a838d93fb1501a31
zho_for_eng:pod-1	7	9	46	Cafe Customer 2	688eaf0b9bbb4f0b9b5e4bbfe777fc7b	0ad80a8eecd77a5db88121c57e75b9bf
zho_for_eng:pod-1	7	10	47	Cafe Barista	233ce8c10f6153c9c57dbbdfdce388df	2de61305988afb0d32d84b087e36cd48
zho_for_eng:pod-1	7	11	48	Cafe Customer 2	8d6de0e6ce9c73b0894282bf446843aa	83f6d2006a0205d1f04f37ad2cdb4223
zho_for_eng:pod-1	7	12	49	Cafe Barista	ec0bca91e76f7a67ccd00272c2f4f013	f4707ef64079b9bd3120486cd8cd1da6
zho_for_eng:pod-1	7	13	50	Cafe Customer 3	86f9fbc0d0a59ca430219901e52af52b	440747e4c5a705e28463a93bdb2355ba
zho_for_eng:pod-1	7	14	51	Cafe Barista	8066ee9af015884948db4cd65b22981b	e53c40e2fc9be5922a1f67265e084b06
zho_for_eng:pod-1	7	15	52	Narrator	ec9d5097b2bf1b2648f37caaa14a8b25	e2fd9610c4c8e82a1f7efcfc3206ffea
zho_for_eng:pod-1	8	1	53	Bartender	9e4cebb02bf16fb61273da1fa39a81d5	95e5cc8503c5b06fc599d942c1b95aba
zho_for_eng:pod-1	8	2	54	Bar Customer 1	2e04b6e612fc3fe7c4216adc34e431e2	59d9c371c00f5aa6e9263c08a30a42b2
zho_for_eng:pod-1	8	3	55	Bartender	2cdde5711f81953d38648e673ffb0235	4930a264ba1351fc1f2be2eeb0503e43
zho_for_eng:pod-1	8	4	56	Bar Customer 1	daf8e7216cdf4fd072def1b6c00c962d	1fb2b2c11bb3d11e65e41029d3da1abd
zho_for_eng:pod-1	8	5	57	Bar Customer 2	86609f1497ffc184b41ea1e46802ddc3	64e908148bb806be4c5b82b6cd67f3cc
zho_for_eng:pod-1	8	6	58	Bar Customer 3	22304bb0d8fac5d9a0e82d7b45e8001a	5705209f2f526bf4a4e906fdff5e8666
zho_for_eng:pod-1	8	7	59	Bartender	60ed6e26e6b1404a2f7cd4623bf91b42	463cfc4e55bd3de5f4c5f6998798c8ff
zho_for_eng:pod-1	8	8	60	Bar Customer 3	649ccb259e49e5cdaac3e622e1460509	1caace2cdd8542fe8ae296efab852317
zho_for_eng:pod-1	8	9	61	Bar Customer 1	3985915c348ed8a598b9652e597766b4	52bff53cb70f6415f72fa87fdc38b652
zho_for_eng:pod-1	8	10	62	Bar Customer 2	adf14f463715b487eaea45747e05e24d	913165018eb8739a5a0f0613c937fc94
zho_for_eng:pod-1	8	11	63	Bartender	6cea59ca6a9ca8fc6e08b59421e7f902	cb7282d0097a8ca0c2d2839f0095852d
zho_for_eng:pod-1	8	12	64	Bar Customer 1	3d85963760204de4c89b553961e49bb1	54cb51c8fb37ecd2e04ce14848f2444d
zho_for_eng:pod-1	8	13	65	Bartender	f00c9e467f0ffdce9cfe01fb867faa8b	3feeb7bb1aa528b75366afe8ec9bfa2e
zho_for_eng:pod-1	8	14	66	Bar Customer 1	87eda0f95ee580cad6916bb1a1b887b5	db93cc48e1c5ade124d2f44fe0a847be
zho_for_eng:pod-1	8	15	67	Bar Customer 2	6a8f89e3a8fc5334c0f4ec19a41d01fa	423abcaa566f0bf44715381b375bf04e
zho_for_eng:pod-1	8	16	68	Narrator	14ff617c732d34d18daa157c5f322aaa	9c0bcc5415e835cbe990d35954130c8b
zho_for_eng:pod-1	9	1	69	Diner 1	cce0ce4268f9aa30d0280ebd65559857	f47c0ccfc3f79c83d8dbb18e994935a5
zho_for_eng:pod-1	9	2	70	Waiter	4e8d1952d931400298e8a714ff74bf3d	718e6f797347b8fd4b3f45a6622a4446
zho_for_eng:pod-1	9	3	71	Waiter	20f51b5a2b11ae3757f820101f95f20b	aecedd04a4e5cf7a1cd5b5239e80ae9c
zho_for_eng:pod-1	9	4	72	Diner 2	3e0f5d58c7330a49249f5d3326a70798	91ae74f00f07601e9babaa242c7a5d36
zho_for_eng:pod-1	9	5	73	Diner 1	55e4c89877ca693a903a32887087f36d	ea78ed82157a414c5169aef49b3b477e
zho_for_eng:pod-1	9	6	74	Waiter	169c2fd1d24453d108990a74a166d3ab	a86c30a79c6077cce89f3534133f9c30
zho_for_eng:pod-1	9	7	75	Diner 1	5c0f609bf16131c2051e023228bf8249	08f808be58b2d99c383869f4bd2b9e5f
zho_for_eng:pod-1	9	8	76	Waiter	106857eab7eae2ca9a172c2c637e5ba0	63b23d49d9cc4cbfcd2e579d529fafa9
zho_for_eng:pod-1	9	9	77	Diner 1	e815aac3cc40d3fd3e348ff146bd8539	06214f9b4ac4ad391f2d5ea78b71cde7
zho_for_eng:pod-1	9	10	78	Diner 2	8017a0970a37c6278ff2819514f47974	9581444710a2c46fbe4893e417a9fa3d
zho_for_eng:pod-1	9	11	79	Waiter	6585cd82f71e5117068c1871b66646c0	60358de534ece5a38b06fd63bc1f3b38
zho_for_eng:pod-1	9	12	80	Diner 1	ce6ce70f291dce2f621cfeeaea59a82b	98f46984f350be53caf0d8042b08fb4d
zho_for_eng:pod-1	9	13	81	Diner 2	e4b1406123007877cc9bdb58d662bfbe	4e89e1708e54fa14e52a5316232da8c5
zho_for_eng:pod-1	9	14	82	Waiter	c67f9949d218834ff8ee50e197d32921	4d3da2ee5e65d6f8789ba8a5e3aa642c
zho_for_eng:pod-1	9	15	83	Waiter	da69c9bcc4e7bfcb827cf298a453e034	de28fcf5d0a220f3654a7d2910a5b135
zho_for_eng:pod-1	9	16	84	Diner 1	6f4b7f5398e7992f412036f91bafda3c	40123960824b4440b27f97076b2993df
zho_for_eng:pod-1	9	17	85	Diner 2	55aa72ecda34d6da9167dec9af254e49	1b6b76e0bdc8953ab878905b8cc52df9
zho_for_eng:pod-1	9	18	86	Narrator	b4ac5fe4d1066aad6dcdf024c88b1b57	418fc34f8a619847c1ec0523c838a8a7
zho_for_eng:pod-1	10	1	87	Customer	3888291bd90a9f373197c8aa27047b0a	136151eba56ff0f31b5d130954df5f15
zho_for_eng:pod-1	10	2	88	Assistant	cb6c82969ff2a8f33a6204b4fbfdfe8d	e4cbe079c0dcc535e9cd8aaef51c9797
zho_for_eng:pod-1	10	3	89	Customer	a62a0e6ca98bf1d15752eb4c7d827098	93693bd14a65a0bf93904aa6a6980234
zho_for_eng:pod-1	10	4	90	Assistant	9d6d7669e4944a636786207565538f80	d0f2cb73e1e5371d15cfeb2681bae7c5
zho_for_eng:pod-1	10	5	91	Customer	3ead5554453e05c557abc89f83a07d30	f1aa603fd2b80fab9a0764ddba8ba5da
zho_for_eng:pod-1	10	6	92	Assistant	d83ff667758d0b82fe73da288949727c	27b11b3461c2c22a832ac7a15cc39f15
zho_for_eng:pod-1	10	7	93	Customer	297141f2f0ed8dd5b7e7894f1a4ba4d8	1d40abee6285888e49c74dfb5bcf9927
zho_for_eng:pod-1	10	8	94	Assistant	2ec5c382974e745cbba64a7aee9ebe2b	81f663ffd51ad3d2ba38dc0928497bd4
zho_for_eng:pod-1	10	9	95	Customer	ced878444e7505df006fd0e0af1f0732	361e37b11961d91bee0fa6220797214e
zho_for_eng:pod-1	10	10	96	Narrator	c0f9f67463d6767d9dc90a0871f2df7b	88c1ab6fdafe008af86fe0b06f4c841b
zho_for_eng:pod-1	11	1	97	Guest	88d3977fef4857bf3fc63ff1dfc0a4ce	cc55707d7078fc7aa2cb496d4ff3f91e
zho_for_eng:pod-1	11	2	98	Receptionist	4ff2747ca48d13576f034a2cffdd04d5	f686f5ac142a24984957aaa44464e88f
zho_for_eng:pod-1	11	3	99	Guest	50706b5cf8259859ee78e917837e0c1e	ec7626acc5bc14df9335862c416ea34f
zho_for_eng:pod-1	11	4	100	Receptionist	c157ca2379b13efcda517a1d5a28047b	552df0d976f1a2d84d4af72d95e5b59a
zho_for_eng:pod-1	11	5	101	Guest	315aa89615eba370ccf0d18526d7c3fb	7b0407dc87cc2c4961a945606a5eadc4
zho_for_eng:pod-1	11	6	102	Receptionist	0d1accc4f822794e5731f07e9d35fa45	bb3123fdb334f284bcb1af62f7f238e7
zho_for_eng:pod-1	11	7	103	Guest	f760bf0ac04899fa892a5d31d89c4036	225256efd81262ffe2b947381a8cf080
zho_for_eng:pod-1	11	8	104	Receptionist	e87ce70d28c89531cdf34cf265c5ed99	7361204e12235a4165e525c8993dc914
zho_for_eng:pod-1	11	9	105	Guest	4cbb243e412c5415b38dbf5cad6f1654	4c3bd72192248f3b689ac3bdb789ac2c
zho_for_eng:pod-1	11	10	106	Receptionist	a917ee0845f9867ed8a02eee7c1c9981	0598c0d2d13ded214ea462b251a0d013
zho_for_eng:pod-1	11	11	107	Guest	0d0fde704a0a94e9d096bc10650983e5	77bb11ec8afd06d6b134f6f69df41802
zho_for_eng:pod-1	11	12	108	Receptionist	56ece76a5ec79a3b38b9a6ae94c9c3b9	84e3ae341108982767642713c846233a
zho_for_eng:pod-1	11	13	109	Narrator	88849541554153519bc83fb1c30d421e	a039db0b2a75b9ef42c456afbf08acb2
zho_for_eng:pod-1	12	1	110	Customer	7dedea50928c1ea99f3c3f3c884236bc	2e0c0d4948556b0a6de58e3ddc21395d
zho_for_eng:pod-1	12	2	111	Pharmacist	81aca3ff1ac3610b9da5f619cf3de72a	64b835aa122947a9ec0e4602f081f977
zho_for_eng:pod-1	12	3	112	Customer	0cc269e523aece4d5d90b9747c7dfd4a	ffc7160bc08caa75a27c0e47e6829382
zho_for_eng:pod-1	12	4	113	Pharmacist	847ae8645f00d6e7e29a1e99677e30b4	48bcf2e67a7019da71d9e7c0f7c92a44
zho_for_eng:pod-1	12	5	114	Customer	7193bdec6e7b8e696d1a6d2a4212869c	599ac705b6e160bfafeca6ee3ff9c0b7
zho_for_eng:pod-1	12	6	115	Pharmacist	f630e5d61c17d7a2b9cee8aac88c05c7	e592ec2ece61a026f44312af940f04ab
zho_for_eng:pod-1	12	7	116	Customer	e564a2336bd4be76bdbcbf407d36753c	ac82c32fe908849dd80acbc6a9b1fe4e
zho_for_eng:pod-1	12	8	117	Pharmacist	c86ca4487291728c7c037e5c78cfc676	f0be03f62fc608c755238e341759c65c
zho_for_eng:pod-1	12	9	118	Customer	21ffe27df9f79feaa2a70a891e126b7c	e42037889344d661179702232365b051
zho_for_eng:pod-1	12	10	119	Narrator	5ff40d3f17df028cf1a45585f0679fb1	7356639b43b69fb452e712e88ca612ea
zho_for_eng:pod-1	13	1	120	Tourist	7ae1995db15c0ea022430e0afaa2bc13	daca79f72d2e3ffc8ed3cf8c833b5595
zho_for_eng:pod-1	13	2	121	Local	8635b16658f3f68a4a33c8b95d44fd16	7c12a65de20b42e05db3777842ff80cb
zho_for_eng:pod-1	13	3	122	Tourist	678991cdaf8e4ec11f82e20c7e8605ca	444f9aa0aa56ed882191729a3c3fe78e
zho_for_eng:pod-1	13	4	123	Local	f7b68c2bbd9a0c9023ae347442358740	7528fc391ebf65dd55f321c7dbb62608
zho_for_eng:pod-1	13	5	124	Local	60285e1825721c8df8b1ed87b21d4488	ed54becb0e49e16df83cc60466efa8d2
zho_for_eng:pod-1	13	6	125	Tourist	267de6c51a957456e5b7ab675dd43fd2	225eb9e5c0f9d0b57652f113e937f8e5
zho_for_eng:pod-1	13	7	126	Local	4f3b3c8f04e47482d1a179a615acf5a6	7195a8c13810d9b9853c3c211f616a9e
zho_for_eng:pod-1	13	8	127	Tourist	41841f4de7946cdbd9440c05dc8a7ca0	9c909612cff0b9fb58decf8506cb50db
zho_for_eng:pod-1	13	9	128	Local	e369a6b17c03c00088d74dd96d89df46	759bd7d3204fa55d3e3b463340506aa2
zho_for_eng:pod-1	13	10	129	Tourist	08c54d28939d92aedb8dbb31cdacef61	d84dc29ab18369e040cfb3b3899f2394
zho_for_eng:pod-1	13	11	130	Narrator	820a5885d0a0658b20a2012eb9f2963d	4ff53b91110304c96b46805771c7f4aa
zho_for_eng:pod-1	14	1	131	Passenger	15c9730668195540c6e0623434092d97	c58ec5f5bbb7c695c418f6b4ea356da1
zho_for_eng:pod-1	14	2	132	Driver	9d399821e264346799b90a85b781ba47	27652fc6bc26f1807c076c5dc3969133
zho_for_eng:pod-1	14	3	133	Passenger	15a6e049ae33dafcd6b2ff076de516ef	a4e86846455e65cdebe8cc6e028ec556
zho_for_eng:pod-1	14	4	134	Driver	b3adc23f961e12d525de1f940a1e322c	39d0ed883ef886cb909f83a13c8b51bf
zho_for_eng:pod-1	14	5	135	Passenger	5b40205a27b023332c3b946bd528de8e	f33af4b471e77de0eee25686f789cab5
zho_for_eng:pod-1	14	6	136	Driver	6818e3ab007e27e33850b0d3d52a53d9	dcad5fc92e5bfad25efde3fd1acf1dee
zho_for_eng:pod-1	14	7	137	Driver	fdf29f1e7a68030be71e3a0366ac141c	50f60b36ab55c687d9418741fdbef5b1
zho_for_eng:pod-1	14	8	138	Passenger	fa1b97c5eac993344c6858bcd739edc6	bd0f8de5afca3e57a99b1f58619dc6c9
zho_for_eng:pod-1	14	9	139	Driver	b19d52ec4973490bd12d99f6283318d1	9bbc74c3fab1a78c5d2faffeef46810f
zho_for_eng:pod-1	14	10	140	Narrator	79aa68cca1448d78460e2d8ceb4282d3	55c9f6473f40cdb17d4d7ab4409a232b
zho_for_eng:pod-1	15	1	141	Learner	86e125fcb26e35bffa94690689a1bccc	913bb5faa544c775b1fd10a63c47dbc3
zho_for_eng:pod-1	15	2	142	Learner	07b83c396914f77d74647ae3484e4787	a09180b6842fda593edc9e60043a5a0a
zho_for_eng:pod-1	15	3	143	Learner	0ff4faa7a14e815b95c8568fe8eff787	af1da60e13065be4a6990b5e69892926
zho_for_eng:pod-1	15	4	144	Learner	3ca4774ba845c0da4b15970e9df912ac	47f8bf53caeeded147506c90240992b5
zho_for_eng:pod-1	15	5	145	Learner	2b3ade8c98deb61f37abb104b01d7324	a8eea28a3fa662b1ea97dfb76e81a785
zho_for_eng:pod-1	15	6	146	Learner	0e14d0587da276172845945fafe7d997	e35e0984619771f391c8df3d2f8dad1c
zho_for_eng:pod-1	15	7	147	Learner	2e18231a4ea814cd9c21d89f5d31e0ef	376104b5c665287b33a4b3df71fb361b
zho_for_eng:pod-1	15	8	148	Learner	3ac05f82e64df6d8f4b6c25ab44b97fa	0b3bff8c3cbd4993240fec74a9511cef
zho_for_eng:pod-1	15	9	149	Learner	cf826bb011c4eafdc953e6df936e01c1	f56a6fa0342d93687c324258b7196cd5
zho_for_eng:pod-1	15	10	150	Learner	73e6ec2283c8768aa21f80a917b4146b	9a86f7902fbd2894a9f4603da2f7ec9f
zho_for_eng:pod-1	15	11	151	Narrator	1c8787ff64e7426e8d820ccc51b054d2	eba1245daf0d65cc1d6160ccf05bcab7
zho_for_eng:pod-1	16	1	152	Learner	b51386667b60e26b60113324e9c693a6	9eafb4da0eef364b90375b55537d25bb
zho_for_eng:pod-1	16	2	153	Learner	16791af887ce89a7d90aabf78389dd4a	b3b90f8f5c48e9ab512dc566324ed037
zho_for_eng:pod-1	16	3	154	Learner	1f2cb3c2bf1d1266aade486f8d17ff47	63d80cfa06344b7d9f4045b7fba0cb9f
zho_for_eng:pod-1	16	4	155	Learner	4014607c1e163521f143af9402992ed7	1077817e87520a09a8a2abc0190c9997
zho_for_eng:pod-1	16	5	156	Learner	9cc0600840f43f9a136b5ddcea0441e0	875936a84ce3549b311ad51323c3ac94
zho_for_eng:pod-1	16	6	157	Learner	18db9e68b713552a1e96c64b1f49c5a9	2eacc883d508a1f175c2f2d0f3d324e4
zho_for_eng:pod-1	16	7	158	Learner	ff10baf9f46cd8602d6c821ba735ffef	aa2623f2438db26bfc289ac08d18c9a8
zho_for_eng:pod-1	16	8	159	Learner	ba2a15f449347f7c97df83ada376ffce	65a2bf309c72a368908ff228b43e5c12
zho_for_eng:pod-1	16	9	160	Staff	ce4669c91fde9479e4a83620145a1444	9650460a658b8f5dd8a906f1782c3f5c
zho_for_eng:pod-1	16	10	161	Learner	5f3c571f5cbfc36de6f6beb2e676ad98	6f81b411447233cc4554546d3485e6e5
zho_for_eng:pod-1	16	11	162	Narrator	930dc5b3c6f9dc1fc1a9ab893ad68668	91f7b0696c7c0fc707420471e844af02
zho_for_eng:pod-1	17	1	163	Learner	3fdcf7651c2bc8f83ce65ac43dd43ea0	3f918556b4706fc38a4f66b38ee11e93
zho_for_eng:pod-1	17	2	164	Staff	26ed5c094a03a04a3d3d9a8419114399	b89bf636041965ef6e44581a0e66405b
zho_for_eng:pod-1	17	3	165	Learner	447bd4bccac154456072bf8e246b3001	b2e9e73da95ff8e534a2c05be54469f1
zho_for_eng:pod-1	17	4	166	Staff	26ed5c094a03a04a3d3d9a8419114399	ee1a2848e1d6e5a016074ba8e5f9df67
zho_for_eng:pod-1	17	5	167	Staff	2347a0e833a26d355defaaf019b2cea5	a2ac474dcab961749b90674a53304753
zho_for_eng:pod-1	17	6	168	Learner	4fb4582422391111d70f4e619bdb005a	218566fe0117cad5e42b24674ac59854
zho_for_eng:pod-1	17	7	169	Learner	b45c8d9c320769c7b8e012624ff6d8b4	6f23d3e4fbf9fb84eadce090d6e21e0b
zho_for_eng:pod-1	17	8	170	Learner	20709ab646690cc9f952df09ecc70fbc	89d84b38c76d0c63271993c96159335c
zho_for_eng:pod-1	17	9	171	Interlocutor	e64923d9d5593a5457b337781d6ffa8b	60f59d8aa7095fbf4d63419a67291235
zho_for_eng:pod-1	17	10	172	Learner	4c419b9dae954ab1791ae4c10fb33462	cb2b984f6c5a6652552f5a52433e9043
zho_for_eng:pod-1	17	11	173	Narrator	f86825000634d33c3490ecfa7e118e06	e9b4223aa4445b27cd280248acac1ce9
zho_for_eng:pod-1	18	1	174	Learner	f9fe5d10362005b1fff747a742a48fcb	200c3546a879a0ce8458e37ec1dea3f3
zho_for_eng:pod-1	18	2	175	Learner	2d2f22952e10185f92fcc20182318607	29a9cbbfaa50d8b1fba17c8ddf1af426
zho_for_eng:pod-1	18	3	176	Learner	71daf23987388af5b83553b59044751d	a15f9ace48459a3c4e3c4d737c41f653
zho_for_eng:pod-1	18	4	177	Learner	b4247ed4901e2d6cd4027185ffcc77b6	1f1e50ef6f5759e0685d415825edfff4
zho_for_eng:pod-1	18	5	178	Learner	fabd993666eb9745d075603c3ce5e458	bf2a03f0a7f78a5b14c9039a057ea050
zho_for_eng:pod-1	18	6	179	Learner	4cfe6ac71019f2bc1436380b5aabd9f5	ead58d7143eb35c36f5b78aa7009c68b
zho_for_eng:pod-1	18	7	180	Learner	7989a782c670a847db2eace0fd4b5a93	d1d15242deb8a3a7bf0fae7c42c0a47a
zho_for_eng:pod-1	18	8	181	Learner	7c914f16a2f4c40b946eba1d3aba5d3b	deec3ef222041f80b3b966f9b6c515c1
zho_for_eng:pod-1	18	9	182	Learner	34ce725248073f0025e6771f7336a387	5c40a0c454e9a7788820e3cce62aeda2
zho_for_eng:pod-1	18	10	183	Learner	cc6cc562bbb7f49d9be34ea243436d80	ea174e84d89f9dce1d8ddc975990cf28
zho_for_eng:pod-1	18	11	184	Narrator	6938a0b10f82ba683ed1745022399ba4	4ae156b07d9bd5fae88713471a19e018
zho_for_eng:pod-1	19	1	185	Learner	6b240d173a3c83634bdc058f66e1bd34	7c15f463d5f03199782a2b1f30c3c846
zho_for_eng:pod-1	19	2	186	Learner	cccbc1699fc3c23e46edf9c001fab164	c8f053172ea3fa290e676bc9cde75458
zho_for_eng:pod-1	19	3	187	Learner	68e0e01988ba44ecaac961cb3e225ba3	4140109bcdedb65463d59334e5e425f0
zho_for_eng:pod-1	19	4	188	Learner	aa53891c0ddff94fa1984cdd00ca2814	9e29640615f6f87aeff81f4e6c5b53bf
zho_for_eng:pod-1	19	5	189	Learner	40dae430365c147a32a7bd9ad47ab27f	84fc461be123eda48d5bf41b0d1a0f73
zho_for_eng:pod-1	19	6	190	Learner	1299fa4ed51737817cb2a7ea4bc536d6	5263aa615a62dd65c071d15ead5cfb6f
zho_for_eng:pod-1	19	7	191	Learner	06c2ac22de3557a7603618f489d26869	ac3e999e4f5bae18ce949597989cf25d
zho_for_eng:pod-1	19	8	192	Learner	b89b670d6a787b60c67a9262b480f261	db14e1d9c46d468ce0c2a1942c9e5547
zho_for_eng:pod-1	19	9	193	Learner	62fb7dd24a95b4f1fcd8e160f11322bb	b4d53d399c40313615294a5dbc3ad920
zho_for_eng:pod-1	19	10	194	Learner	6eb7078cfa0101272e78bd060d941491	380dc3308d4281d833de8337be86c632
zho_for_eng:pod-1	19	11	195	Narrator	36fd5567e20334dac49a6f2fc8accce3	e1d859ceca82f3a29e9f5d6896683d70
zho_for_eng:pod-1	20	1	196	Learner	edddc68e3310b8694cfa848d9cac7d3e	a53e1713be20c3a621f4e8a3f6579843
zho_for_eng:pod-1	20	2	197	Learner	7026ad13b65a64725f8cc74b69aab21a	60ad360bce4d369112c2efa49f353165
zho_for_eng:pod-1	20	3	198	Learner	517c1eacb24476bb5b635a51e6de4536	c26678bd3218eaa94031c1fcfdc92338
zho_for_eng:pod-1	20	4	199	Learner	637261d99a63a4e5d8fd404b5af7f9d6	9f47f8766713f4c48173ed805c447f66
zho_for_eng:pod-1	20	5	200	Learner	f0acef6876712669a4cbaf42c259390c	2b6b87c53a652020c2650090c91f7040
zho_for_eng:pod-1	20	6	201	Learner	44a544233a8d43e3e5756c75f92a5d3d	c9596a3f82692ecbe36422e38d488d64
zho_for_eng:pod-1	20	7	202	Learner	211370b0a907b5d76ac18ed93206e244	c61460556c733cd480ba0b2038b17bce
zho_for_eng:pod-1	20	8	203	Learner	d0252c34f1268f70795d79b8c3dbfb0b	251c226f2b72c6638554a1826535bdf3
zho_for_eng:pod-1	20	9	204	Learner	787c36255af757fbf9fbed0ed66f15ea	2badaa9753a0c2d89b8f7fc048141886
zho_for_eng:pod-1	20	10	205	Learner	a19698191a1cf256295ca7a1c367d622	39a4a36539151c49ff0aea2901d6e46c
zho_for_eng:pod-1	20	11	206	Narrator	899b6e30624510072d57d90077c69b55	b00aa4bbb11b7c5b8a41297fedf164e4
zho_for_eng:pod-1	21	1	207	Learner	ef6e3298cac5f12116b9e582c86af714	31883c238e38aa97c19879601c538da8
zho_for_eng:pod-1	21	2	208	Learner	7b4650689f237bd2d15297987c0c6d10	9c9b76e67042fad2983f6f9bb337bc11
zho_for_eng:pod-1	21	3	209	Learner	27399c44249bbb87c935e5dc5eafa7c0	fc2e6722bb0d2092c14338f4bc961cbc
zho_for_eng:pod-1	21	4	210	Learner	a95581f989fda9c2d5298bdd2315b38e	6a301630a41e5723851c6251001c9cc4
zho_for_eng:pod-1	21	5	211	Interlocutor	636b4ea2207c86e18b4876d6ff8da912	69c80eebef962f3c3eeed4411205993d
zho_for_eng:pod-1	21	6	212	Interlocutor	6ed9feea25e153cf9eb0cd25dfae014f	e687907c0087a79ee8305dd114fa50ea
zho_for_eng:pod-1	21	7	213	Learner	745b8ed84bd786f046af0488c89bfcd0	8e4d431911a139dc828de7241d404d22
zho_for_eng:pod-1	21	8	214	Interlocutor	40fa9e713706cecea62b5da0b2b81ebb	11ea5656b70267c62d122e06d3f25ef2
zho_for_eng:pod-1	21	9	215	Learner	20a780e2de48084743c3d355d2efcd45	f7a808574ea1968957fdacd409e5e52e
zho_for_eng:pod-1	21	10	216	Learner	641dc8064260f8954c868f4f10ecc667	8f5bd996aacf8dd34f3367288430eebf
zho_for_eng:pod-1	21	11	217	Interlocutor	3589a1194fe4e8b3e011e6ce6e1ea370	02cff8540cce3fccea77fea5e2829615
zho_for_eng:pod-1	21	12	218	Interlocutor	0ca014c7ff4e6f3b60a299ddb936dc06	a0065434b80f7195e6738e99841ac35a
zho_for_eng:pod-1	21	13	219	Interlocutor	643d2424f8228b6f123b78ddd774f29f	834c571189557c45f8dc2513b23484f5
zho_for_eng:pod-1	21	14	220	Narrator	91228e7edda36d52601c14d9d531946c	c8ed10c9fc68227d7fe17887b558a9c4
zho_for_eng:pod-1	22	1	221	Learner	fc658d52e2781bfa3d0d976b56d2d81e	f34712e7987fcd59f74befcd55893f68
zho_for_eng:pod-1	22	2	222	Friend	7f31a9a2aed740ac229a79a8fbb27673	a8040b0a3d95ef89e87cf43deb00c5ca
zho_for_eng:pod-1	22	3	223	Learner	5ba04c2dbc3f375a389147a861cab0db	b4e60a590a50dc74baf7ed4bf5bc4be6
zho_for_eng:pod-1	22	4	224	Friend	0893bf8d5f6d367b124486db90ce9632	15d6200415181b8eb1c842a1a53a0917
zho_for_eng:pod-1	22	5	225	Learner	f7632382d6aa1dacfae720559be45ef1	beb0394ce89cd9183e5d903dcf4183a8
zho_for_eng:pod-1	22	6	226	Friend	aa617d51deec737d65072ef1b51bf26f	f35d327a4a44372c283b3a3584e6cca3
zho_for_eng:pod-1	22	7	227	Learner	a339bda707392addb6225b656c3d5037	a1c3d02f7c119f1dbfde1c0e56a04a97
zho_for_eng:pod-1	22	8	228	Friend	d85c445a4fabb02ec1092d5f4e6c9bdd	4f58f4573664f9efa73634407ac75947
zho_for_eng:pod-1	22	9	229	Learner	879dc613911cbc99db14971b4e46b40d	95d5aca2db8946dea751606ddb0377ab
zho_for_eng:pod-1	22	10	230	Friend	7c9f2d91b3de4f41ea886330b73f6ef8	29827b2e81eb3bb465dad6e9ef61e523
zho_for_eng:pod-1	22	11	231	Learner	87caf34a89734ae13e566c5f4f31f3df	e5731ee5d0709cc7bd90f62bc4d1d9b0
